order_id,user_id,order_at,total_order_amount,master_item_count,subledger_item_count,order_reconciliation,order_item_count_recon,order_status_recon
18314,14584,2019-08-14 20:02:03.000000,2.95,1,1,RECONCILIATION SUCCESSFUL,INTEGRITY VERIFIED,INTEGRITY VERIFIED
71999,57579,2024-06-07 12:57:33.000000,42.68,2,2,RECONCILIATION SUCCESSFUL,INTEGRITY VERIFIED,INTEGRITY VERIFIED
80599,64457,2026-06-12 18:35:08.000000,207.6,4,4,RECONCILIATION SUCCESSFUL,INTEGRITY VERIFIED,INTEGRITY VERIFIED
63451,50704,2025-11-13 09:06:24.000000,5.0,1,1,RECONCILIATION SUCCESSFUL,INTEGRITY VERIFIED,INTEGRITY VERIFIED
35520,28355,2023-07-27 00:35:17.000000,242.45,4,4,RECONCILIATION SUCCESSFUL,INTEGRITY VERIFIED,INTEGRITY VERIFIED
26099,20853,2025-04-19 13:49:12.000000,75.94,2,2,RECONCILIATION SUCCESSFUL,INTEGRITY VERIFIED,INTEGRITY VERIFIED
60167,48046,2024-05-31 18:11:52.000000,5.99,1,1,RECONCILIATION SUCCESSFUL,INTEGRITY VERIFIED,INTEGRITY VERIFIED
47475,37927,2023-12-27 11:42:47.000000,38.9,2,2,RECONCILIATION SUCCESSFUL,INTEGRITY VERIFIED,INTEGRITY VERIFIED
69922,55927,2025-07-16 02:10:13.000000,42.0,3,3,RECONCILIATION SUCCESSFUL,INTEGRITY VERIFIED,INTEGRITY VERIFIED
71375,57091,2026-06-14 21:43:34.661598,6.25,1,1,RECONCILIATION SUCCESSFUL,INTEGRITY VERIFIED,INTEGRITY VERIFIED
31802,25407,2025-10-18 15:26:09.000000,48.55,2,2,RECONCILIATION SUCCESSFUL,INTEGRITY VERIFIED,INTEGRITY VERIFIED
35149,28071,2024-10-11 09:04:36.000000,65.34,3,3,RECONCILIATION SUCCESSFUL,INTEGRITY VERIFIED,INTEGRITY VERIFIED
52837,42166,2024-04-16 05:15:39.000000,50.39,2,2,RECONCILIATION SUCCESSFUL,INTEGRITY VERIFIED,INTEGRITY VERIFIED
24387,19480,2024-05-25 05:48:14.000000,490.43,4,4,RECONCILIATION SUCCESSFUL,INTEGRITY VERIFIED,INTEGRITY VERIFIED
8375,6690,2024-04-03 21:21:07.000000,116.93,4,4,RECONCILIATION SUCCESSFUL,INTEGRITY VERIFIED,INTEGRITY VERIFIED
106708,85518,2025-09-26 23:29:53.000000,6.99,1,1,RECONCILIATION SUCCESSFUL,INTEGRITY VERIFIED,INTEGRITY VERIFIED
95064,76193,2024-01-19 21:30:20.000000,6.99,1,1,RECONCILIATION SUCCESSFUL,INTEGRITY VERIFIED,INTEGRITY VERIFIED
34740,27750,2026-01-13 05:17:13.000000,183.49,4,4,RECONCILIATION SUCCESSFUL,INTEGRITY VERIFIED,INTEGRITY VERIFIED
109829,87990,2024-10-08 12:02:38.000000,140.95,4,4,RECONCILIATION SUCCESSFUL,INTEGRITY VERIFIED,INTEGRITY VERIFIED
837,674,2026-06-11 14:00:58.000000,40.46,3,3,RECONCILIATION SUCCESSFUL,INTEGRITY VERIFIED,INTEGRITY VERIFIED
62833,50205,2023-06-13 09:05:47.000000,7.0,1,1,RECONCILIATION SUCCESSFUL,INTEGRITY VERIFIED,INTEGRITY VERIFIED
20120,16075,2025-08-22 16:06:31.000000,227.11,3,3,RECONCILIATION SUCCESSFUL,INTEGRITY VERIFIED,INTEGRITY VERIFIED
105428,84508,2026-06-04 09:35:35.000000,7.9,1,1,RECONCILIATION SUCCESSFUL,INTEGRITY VERIFIED,INTEGRITY VERIFIED
117695,94251,2025-04-03 17:40:10.000000,125.98,4,4,RECONCILIATION SUCCESSFUL,INTEGRITY VERIFIED,INTEGRITY VERIFIED
29202,23340,2025-05-09 04:23:27.000000,7.99,1,1,RECONCILIATION SUCCESSFUL,INTEGRITY VERIFIED,INTEGRITY VERIFIED
25605,20441,2024-12-16 23:13:28.000000,68.0,2,2,RECONCILIATION SUCCESSFUL,INTEGRITY VERIFIED,INTEGRITY VERIFIED
78958,63107,2023-08-08 08:28:18.000000,146.85,2,2,RECONCILIATION SUCCESSFUL,INTEGRITY VERIFIED,INTEGRITY VERIFIED
26158,20895,2026-04-23 17:20:14.000000,122.34,4,4,RECONCILIATION SUCCESSFUL,INTEGRITY VERIFIED,INTEGRITY VERIFIED
35569,28392,2025-06-17 05:03:04.000000,8.99,1,1,RECONCILIATION SUCCESSFUL,INTEGRITY VERIFIED,INTEGRITY VERIFIED
76911,61497,2023-07-21 07:45:31.000000,524.03,4,4,RECONCILIATION SUCCESSFUL,INTEGRITY VERIFIED,INTEGRITY VERIFIED
54696,43689,2026-06-16 07:32:21.000000,228.49,4,4,RECONCILIATION SUCCESSFUL,INTEGRITY VERIFIED,INTEGRITY VERIFIED
67675,54142,2025-12-04 09:09:57.000000,138.28,4,4,RECONCILIATION SUCCESSFUL,INTEGRITY VERIFIED,INTEGRITY VERIFIED
22494,17957,2026-06-01 19:50:53.000000,98.69,4,4,RECONCILIATION SUCCESSFUL,INTEGRITY VERIFIED,INTEGRITY VERIFIED
62664,50068,2025-08-23 21:11:34.000000,9.95,1,1,RECONCILIATION SUCCESSFUL,INTEGRITY VERIFIED,INTEGRITY VERIFIED
105981,84932,2026-05-21 13:15:07.000000,189.43,4,4,RECONCILIATION SUCCESSFUL,INTEGRITY VERIFIED,INTEGRITY VERIFIED
118562,94916,2023-08-14 03:51:32.000000,59.94,2,2,RECONCILIATION SUCCESSFUL,INTEGRITY VERIFIED,INTEGRITY VERIFIED
73235,58582,2026-02-12 08:42:17.000000,9.99,1,1,RECONCILIATION SUCCESSFUL,INTEGRITY VERIFIED,INTEGRITY VERIFIED
37456,29908,2022-04-22 11:01:07.000000,9.99,1,1,RECONCILIATION SUCCESSFUL,INTEGRITY VERIFIED,INTEGRITY VERIFIED
100507,80595,2024-12-09 07:17:06.000000,128.95,4,4,RECONCILIATION SUCCESSFUL,INTEGRITY VERIFIED,INTEGRITY VERIFIED
69986,55978,2024-12-31 00:50:44.000000,10.0,1,1,RECONCILIATION SUCCESSFUL,INTEGRITY VERIFIED,INTEGRITY VERIFIED
95157,76269,2024-06-02 04:29:25.000000,176.85,4,4,RECONCILIATION SUCCESSFUL,INTEGRITY VERIFIED,INTEGRITY VERIFIED
14751,11767,2024-04-23 22:30:30.000000,35.69,2,2,RECONCILIATION SUCCESSFUL,INTEGRITY VERIFIED,INTEGRITY VERIFIED
35842,28595,2026-04-22 04:26:11.000000,10.69,1,1,RECONCILIATION SUCCESSFUL,INTEGRITY VERIFIED,INTEGRITY VERIFIED
38304,30574,2024-11-26 16:54:14.000000,10.97,1,1,RECONCILIATION SUCCESSFUL,INTEGRITY VERIFIED,INTEGRITY VERIFIED
6442,5109,2022-01-01 02:41:36.000000,106.09,4,4,RECONCILIATION SUCCESSFUL,INTEGRITY VERIFIED,INTEGRITY VERIFIED
68631,54913,2023-05-12 03:21:27.000000,286.22,3,3,RECONCILIATION SUCCESSFUL,INTEGRITY VERIFIED,INTEGRITY VERIFIED
12854,10206,2025-01-04 22:29:03.000000,11.25,1,1,RECONCILIATION SUCCESSFUL,INTEGRITY VERIFIED,INTEGRITY VERIFIED
36775,29356,2025-03-26 01:43:08.000000,11.86,1,1,RECONCILIATION SUCCESSFUL,INTEGRITY VERIFIED,INTEGRITY VERIFIED
111574,89365,2024-07-07 00:43:22.000000,11.95,1,1,RECONCILIATION SUCCESSFUL,INTEGRITY VERIFIED,INTEGRITY VERIFIED
90423,72362,2022-12-07 21:03:31.000000,39.94,2,2,RECONCILIATION SUCCESSFUL,INTEGRITY VERIFIED,INTEGRITY VERIFIED
96725,77553,2026-04-17 09:15:32.000000,80.99,3,3,RECONCILIATION SUCCESSFUL,INTEGRITY VERIFIED,INTEGRITY VERIFIED
51213,40910,2026-06-07 22:54:27.000000,93.98,4,4,RECONCILIATION SUCCESSFUL,INTEGRITY VERIFIED,INTEGRITY VERIFIED
70497,56380,2020-06-11 06:28:20.000000,46.99,2,2,RECONCILIATION SUCCESSFUL,INTEGRITY VERIFIED,INTEGRITY VERIFIED
96477,77354,2024-05-09 00:37:46.000000,11.99,1,1,RECONCILIATION SUCCESSFUL,INTEGRITY VERIFIED,INTEGRITY VERIFIED
106430,85315,2023-07-08 01:09:12.000000,61.96,4,4,RECONCILIATION SUCCESSFUL,INTEGRITY VERIFIED,INTEGRITY VERIFIED
23645,18892,2025-03-22 20:54:26.000000,230.0,2,2,RECONCILIATION SUCCESSFUL,INTEGRITY VERIFIED,INTEGRITY VERIFIED
44199,35258,2023-06-26 10:58:22.000000,361.98,3,3,RECONCILIATION SUCCESSFUL,INTEGRITY VERIFIED,INTEGRITY VERIFIED
38078,30403,2023-12-16 17:57:45.000000,160.94,2,2,RECONCILIATION SUCCESSFUL,INTEGRITY VERIFIED,INTEGRITY VERIFIED
96975,77729,2021-03-11 13:25:39.000000,57.13,2,2,RECONCILIATION SUCCESSFUL,INTEGRITY VERIFIED,INTEGRITY VERIFIED
40468,32314,2021-10-11 07:16:21.000000,32.19,2,2,RECONCILIATION SUCCESSFUL,INTEGRITY VERIFIED,INTEGRITY VERIFIED
12728,10111,2025-12-07 00:03:44.000000,12.9,1,1,RECONCILIATION SUCCESSFUL,INTEGRITY VERIFIED,INTEGRITY VERIFIED
69668,55712,2024-02-18 15:12:26.000000,37.99,2,2,RECONCILIATION SUCCESSFUL,INTEGRITY VERIFIED,INTEGRITY VERIFIED
66286,52990,2026-06-12 03:48:45.000000,13.01,1,1,RECONCILIATION SUCCESSFUL,INTEGRITY VERIFIED,INTEGRITY VERIFIED
99244,79576,2024-09-15 16:55:57.000000,33.74,2,2,RECONCILIATION SUCCESSFUL,INTEGRITY VERIFIED,INTEGRITY VERIFIED
73494,58781,2020-10-19 02:16:16.000000,13.75,1,1,RECONCILIATION SUCCESSFUL,INTEGRITY VERIFIED,INTEGRITY VERIFIED
69432,55535,2026-06-11 23:03:53.000000,173.11,4,4,RECONCILIATION SUCCESSFUL,INTEGRITY VERIFIED,INTEGRITY VERIFIED
42845,34186,2026-02-08 08:12:25.000000,342.87,4,4,RECONCILIATION SUCCESSFUL,INTEGRITY VERIFIED,INTEGRITY VERIFIED
56249,44940,2026-03-30 08:38:41.000000,71.91,3,3,RECONCILIATION SUCCESSFUL,INTEGRITY VERIFIED,INTEGRITY VERIFIED
68584,54880,2026-05-14 21:28:38.000000,324.93,4,4,RECONCILIATION SUCCESSFUL,INTEGRITY VERIFIED,INTEGRITY VERIFIED
99468,79776,2024-11-18 13:15:40.000000,248.98,4,4,RECONCILIATION SUCCESSFUL,INTEGRITY VERIFIED,INTEGRITY VERIFIED
3851,3051,2025-12-31 15:08:45.000000,123.18,3,3,RECONCILIATION SUCCESSFUL,INTEGRITY VERIFIED,INTEGRITY VERIFIED
100642,80693,2026-04-08 07:35:16.000000,156.19,3,3,RECONCILIATION SUCCESSFUL,INTEGRITY VERIFIED,INTEGRITY VERIFIED
115537,92495,2026-06-03 22:34:04.000000,54.39,2,2,RECONCILIATION SUCCESSFUL,INTEGRITY VERIFIED,INTEGRITY VERIFIED
48221,38522,2025-09-27 19:57:25.000000,263.24,4,4,RECONCILIATION SUCCESSFUL,INTEGRITY VERIFIED,INTEGRITY VERIFIED
90727,72608,2025-08-25 23:20:53.000000,14.67,1,1,RECONCILIATION SUCCESSFUL,INTEGRITY VERIFIED,INTEGRITY VERIFIED
18682,14885,2020-12-05 06:14:10.000000,145.83,3,3,RECONCILIATION SUCCESSFUL,INTEGRITY VERIFIED,INTEGRITY VERIFIED
16802,13382,2025-07-07 21:27:28.000000,46.95,2,2,RECONCILIATION SUCCESSFUL,INTEGRITY VERIFIED,INTEGRITY VERIFIED
50288,40189,2026-05-12 20:04:01.000000,42.14,2,2,RECONCILIATION SUCCESSFUL,INTEGRITY VERIFIED,INTEGRITY VERIFIED
74218,59355,2025-07-01 21:33:36.000000,112.96,4,4,RECONCILIATION SUCCESSFUL,INTEGRITY VERIFIED,INTEGRITY VERIFIED
12959,10294,2020-08-23 19:42:00.000000,14.99,1,1,RECONCILIATION SUCCESSFUL,INTEGRITY VERIFIED,INTEGRITY VERIFIED
87922,70352,2021-11-14 17:42:22.000000,134.47,4,4,RECONCILIATION SUCCESSFUL,INTEGRITY VERIFIED,INTEGRITY VERIFIED
109050,87368,2026-06-01 07:32:16.000000,152.99,3,3,RECONCILIATION SUCCESSFUL,INTEGRITY VERIFIED,INTEGRITY VERIFIED
27836,22252,2026-01-20 10:02:20.000000,112.26,3,3,RECONCILIATION SUCCESSFUL,INTEGRITY VERIFIED,INTEGRITY VERIFIED
6527,5175,2025-05-02 07:33:49.000000,119.33,4,4,RECONCILIATION SUCCESSFUL,INTEGRITY VERIFIED,INTEGRITY VERIFIED
96165,77086,2025-02-24 06:55:07.000000,14.99,1,1,RECONCILIATION SUCCESSFUL,INTEGRITY VERIFIED,INTEGRITY VERIFIED
37010,29548,2025-05-29 13:14:58.000000,15.0,1,1,RECONCILIATION SUCCESSFUL,INTEGRITY VERIFIED,INTEGRITY VERIFIED
76508,61174,2025-12-30 20:20:57.000000,69.68,2,2,RECONCILIATION SUCCESSFUL,INTEGRITY VERIFIED,INTEGRITY VERIFIED
111380,89204,2025-03-29 16:41:33.000000,142.75,4,4,RECONCILIATION SUCCESSFUL,INTEGRITY VERIFIED,INTEGRITY VERIFIED
1547,1214,2026-06-14 13:26:45.000000,15.9,1,1,RECONCILIATION SUCCESSFUL,INTEGRITY VERIFIED,INTEGRITY VERIFIED
110832,88763,2026-04-04 09:48:34.000000,15.9,1,1,RECONCILIATION SUCCESSFUL,INTEGRITY VERIFIED,INTEGRITY VERIFIED
95949,76916,2023-04-28 10:35:56.000000,15.95,1,1,RECONCILIATION SUCCESSFUL,INTEGRITY VERIFIED,INTEGRITY VERIFIED
97283,77970,2024-11-20 03:21:48.000000,125.99,2,2,RECONCILIATION SUCCESSFUL,INTEGRITY VERIFIED,INTEGRITY VERIFIED
22587,18033,2021-05-26 11:53:07.000000,45.94,2,2,RECONCILIATION SUCCESSFUL,INTEGRITY VERIFIED,INTEGRITY VERIFIED
93677,75067,2026-05-13 04:17:10.000000,140.55,4,4,RECONCILIATION SUCCESSFUL,INTEGRITY VERIFIED,INTEGRITY VERIFIED
16688,13281,2026-05-28 04:12:49.000000,269.59,4,4,RECONCILIATION SUCCESSFUL,INTEGRITY VERIFIED,INTEGRITY VERIFIED
68143,54534,2025-02-06 02:11:41.000000,15.99,1,1,RECONCILIATION SUCCESSFUL,INTEGRITY VERIFIED,INTEGRITY VERIFIED
25150,20091,2025-01-11 06:51:58.000000,16.0,1,1,RECONCILIATION SUCCESSFUL,INTEGRITY VERIFIED,INTEGRITY VERIFIED
97348,78029,2026-05-07 13:18:48.000000,178.74,4,4,RECONCILIATION SUCCESSFUL,INTEGRITY VERIFIED,INTEGRITY VERIFIED
63815,50998,2026-04-09 21:57:25.000000,16.95,1,1,RECONCILIATION SUCCESSFUL,INTEGRITY VERIFIED,INTEGRITY VERIFIED
15826,12624,2022-08-02 03:50:16.000000,51.94,2,2,RECONCILIATION SUCCESSFUL,INTEGRITY VERIFIED,INTEGRITY VERIFIED
121616,97361,2024-09-24 18:31:21.000000,43.5,2,2,RECONCILIATION SUCCESSFUL,INTEGRITY VERIFIED,INTEGRITY VERIFIED
103049,82631,2023-04-13 12:37:39.000000,274.31,4,4,RECONCILIATION SUCCESSFUL,INTEGRITY VERIFIED,INTEGRITY VERIFIED
53004,42315,2021-10-20 04:13:54.000000,17.56,1,1,RECONCILIATION SUCCESSFUL,INTEGRITY VERIFIED,INTEGRITY VERIFIED
91560,73300,2026-04-05 23:21:01.000000,17.9,1,1,RECONCILIATION SUCCESSFUL,INTEGRITY VERIFIED,INTEGRITY VERIFIED
62865,50230,2022-09-24 23:44:55.000000,269.93,3,3,RECONCILIATION SUCCESSFUL,INTEGRITY VERIFIED,INTEGRITY VERIFIED
35557,28382,2025-10-23 18:06:09.000000,266.98,4,4,RECONCILIATION SUCCESSFUL,INTEGRITY VERIFIED,INTEGRITY VERIFIED
59750,47727,2024-04-04 01:38:55.000000,188.99,2,2,RECONCILIATION SUCCESSFUL,INTEGRITY VERIFIED,INTEGRITY VERIFIED
118685,95009,2025-01-26 01:07:57.000000,51.97,2,2,RECONCILIATION SUCCESSFUL,INTEGRITY VERIFIED,INTEGRITY VERIFIED
51110,40828,2025-10-18 23:37:59.000000,46.0,2,2,RECONCILIATION SUCCESSFUL,INTEGRITY VERIFIED,INTEGRITY VERIFIED
73165,58517,2023-02-03 17:57:03.000000,18.0,1,1,RECONCILIATION SUCCESSFUL,INTEGRITY VERIFIED,INTEGRITY VERIFIED
80764,64604,2024-10-16 20:57:09.000000,293.53,4,4,RECONCILIATION SUCCESSFUL,INTEGRITY VERIFIED,INTEGRITY VERIFIED
56067,44805,2026-05-16 09:36:15.000000,183.76,4,4,RECONCILIATION SUCCESSFUL,INTEGRITY VERIFIED,INTEGRITY VERIFIED
28912,23104,2026-06-15 00:01:26.869511,232.05,4,4,RECONCILIATION SUCCESSFUL,INTEGRITY VERIFIED,INTEGRITY VERIFIED
112158,89809,2025-05-05 03:45:45.000000,273.4,4,4,RECONCILIATION SUCCESSFUL,INTEGRITY VERIFIED,INTEGRITY VERIFIED
38809,31004,2026-06-14 09:37:15.000000,18.99,1,1,RECONCILIATION SUCCESSFUL,INTEGRITY VERIFIED,INTEGRITY VERIFIED
38358,30611,2024-01-10 21:26:50.000000,19.0,1,1,RECONCILIATION SUCCESSFUL,INTEGRITY VERIFIED,INTEGRITY VERIFIED
43004,34311,2025-03-09 21:59:11.000000,78.95,3,3,RECONCILIATION SUCCESSFUL,INTEGRITY VERIFIED,INTEGRITY VERIFIED
82514,66015,2024-08-09 00:57:25.000000,194.0,3,3,RECONCILIATION SUCCESSFUL,INTEGRITY VERIFIED,INTEGRITY VERIFIED
14313,11409,2024-11-28 16:24:11.000000,120.49,4,4,RECONCILIATION SUCCESSFUL,INTEGRITY VERIFIED,INTEGRITY VERIFIED
73436,58737,2022-10-12 16:29:26.000000,167.95,2,2,RECONCILIATION SUCCESSFUL,INTEGRITY VERIFIED,INTEGRITY VERIFIED
82730,66195,2025-12-16 14:44:32.000000,19.97,1,1,RECONCILIATION SUCCESSFUL,INTEGRITY VERIFIED,INTEGRITY VERIFIED
99783,80040,2022-04-09 05:14:18.000000,305.47,4,4,RECONCILIATION SUCCESSFUL,INTEGRITY VERIFIED,INTEGRITY VERIFIED
1939,1552,2020-04-25 11:51:21.000000,128.97,3,3,RECONCILIATION SUCCESSFUL,INTEGRITY VERIFIED,INTEGRITY VERIFIED
35834,28590,2024-04-03 08:45:06.000000,386.47,4,4,RECONCILIATION SUCCESSFUL,INTEGRITY VERIFIED,INTEGRITY VERIFIED
87520,70041,2026-03-02 15:24:28.000000,68.0,2,2,RECONCILIATION SUCCESSFUL,INTEGRITY VERIFIED,INTEGRITY VERIFIED
66752,53373,2026-06-09 00:43:02.000000,475.92,4,4,RECONCILIATION SUCCESSFUL,INTEGRITY VERIFIED,INTEGRITY VERIFIED
40151,32059,2025-12-28 15:08:43.000000,20.8,1,1,RECONCILIATION SUCCESSFUL,INTEGRITY VERIFIED,INTEGRITY VERIFIED
30838,24617,2025-05-16 07:09:45.000000,65.88,2,2,RECONCILIATION SUCCESSFUL,INTEGRITY VERIFIED,INTEGRITY VERIFIED
123243,98688,2024-03-25 21:08:18.000000,20.99,1,1,RECONCILIATION SUCCESSFUL,INTEGRITY VERIFIED,INTEGRITY VERIFIED
123460,98861,2026-03-08 05:52:47.000000,109.79,2,2,RECONCILIATION SUCCESSFUL,INTEGRITY VERIFIED,INTEGRITY VERIFIED
80618,64472,2025-04-07 20:28:27.000000,21.9,1,1,RECONCILIATION SUCCESSFUL,INTEGRITY VERIFIED,INTEGRITY VERIFIED
94784,75985,2024-11-08 22:30:57.000000,106.79,3,3,RECONCILIATION SUCCESSFUL,INTEGRITY VERIFIED,INTEGRITY VERIFIED
68678,54949,2023-01-20 02:48:55.000000,22.0,1,1,RECONCILIATION SUCCESSFUL,INTEGRITY VERIFIED,INTEGRITY VERIFIED
52921,42235,2024-03-02 21:39:08.000000,22.0,1,1,RECONCILIATION SUCCESSFUL,INTEGRITY VERIFIED,INTEGRITY VERIFIED
36822,29394,2023-09-04 23:48:52.000000,264.66,4,4,RECONCILIATION SUCCESSFUL,INTEGRITY VERIFIED,INTEGRITY VERIFIED
82296,65863,2024-04-08 10:28:33.000000,234.71,4,4,RECONCILIATION SUCCESSFUL,INTEGRITY VERIFIED,INTEGRITY VERIFIED
22764,18185,2026-03-09 09:25:58.000000,56.99,2,2,RECONCILIATION SUCCESSFUL,INTEGRITY VERIFIED,INTEGRITY VERIFIED
52609,41981,2022-09-23 17:14:51.000000,22.45,1,1,RECONCILIATION SUCCESSFUL,INTEGRITY VERIFIED,INTEGRITY VERIFIED
60036,47956,2023-05-03 09:34:28.000000,47.95,2,2,RECONCILIATION SUCCESSFUL,INTEGRITY VERIFIED,INTEGRITY VERIFIED
66391,53082,2025-10-01 05:07:57.000000,22.97,1,1,RECONCILIATION SUCCESSFUL,INTEGRITY VERIFIED,INTEGRITY VERIFIED
56653,45264,2021-03-08 09:53:44.000000,47.98,2,2,RECONCILIATION SUCCESSFUL,INTEGRITY VERIFIED,INTEGRITY VERIFIED
16418,13079,2023-04-20 06:02:24.000000,129.47,4,4,RECONCILIATION SUCCESSFUL,INTEGRITY VERIFIED,INTEGRITY VERIFIED
75458,60347,2022-04-08 14:13:40.000000,50.9,2,2,RECONCILIATION SUCCESSFUL,INTEGRITY VERIFIED,INTEGRITY VERIFIED
87881,70326,2025-02-15 07:36:25.000000,72.99,2,2,RECONCILIATION SUCCESSFUL,INTEGRITY VERIFIED,INTEGRITY VERIFIED
88639,70918,2026-03-25 06:55:27.000000,23.0,1,1,RECONCILIATION SUCCESSFUL,INTEGRITY VERIFIED,INTEGRITY VERIFIED
115904,92793,2023-12-10 10:54:56.000000,23.7,1,1,RECONCILIATION SUCCESSFUL,INTEGRITY VERIFIED,INTEGRITY VERIFIED
62497,49930,2025-12-03 15:01:56.000000,111.98,2,2,RECONCILIATION SUCCESSFUL,INTEGRITY VERIFIED,INTEGRITY VERIFIED
2547,2034,2020-06-28 16:42:49.000000,111.44,4,4,RECONCILIATION SUCCESSFUL,INTEGRITY VERIFIED,INTEGRITY VERIFIED
14109,11230,2026-01-02 01:15:58.000000,521.47,4,4,RECONCILIATION SUCCESSFUL,INTEGRITY VERIFIED,INTEGRITY VERIFIED
100544,80619,2025-12-15 09:34:49.000000,24.0,1,1,RECONCILIATION SUCCESSFUL,INTEGRITY VERIFIED,INTEGRITY VERIFIED
17267,13732,2022-10-21 04:18:05.000000,125.74,4,4,RECONCILIATION SUCCESSFUL,INTEGRITY VERIFIED,INTEGRITY VERIFIED
42473,33892,2024-12-03 23:53:06.000000,65.41,2,2,RECONCILIATION SUCCESSFUL,INTEGRITY VERIFIED,INTEGRITY VERIFIED
58112,46442,2023-11-16 04:25:20.000000,106.33,2,2,RECONCILIATION SUCCESSFUL,INTEGRITY VERIFIED,INTEGRITY VERIFIED
90395,72337,2022-09-07 11:01:26.000000,24.95,1,1,RECONCILIATION SUCCESSFUL,INTEGRITY VERIFIED,INTEGRITY VERIFIED
26549,21215,2023-02-23 08:07:25.000000,24.98,1,1,RECONCILIATION SUCCESSFUL,INTEGRITY VERIFIED,INTEGRITY VERIFIED
75484,60371,2022-04-06 23:26:04.000000,200.23,4,4,RECONCILIATION SUCCESSFUL,INTEGRITY VERIFIED,INTEGRITY VERIFIED
103597,83063,2026-02-21 20:17:13.000000,24.99,1,1,RECONCILIATION SUCCESSFUL,INTEGRITY VERIFIED,INTEGRITY VERIFIED
109882,88026,2024-03-14 18:24:45.000000,181.15,4,4,RECONCILIATION SUCCESSFUL,INTEGRITY VERIFIED,INTEGRITY VERIFIED
52278,41733,2020-06-19 10:53:00.000000,25.0,1,1,RECONCILIATION SUCCESSFUL,INTEGRITY VERIFIED,INTEGRITY VERIFIED
65594,52390,2025-03-04 12:25:38.000000,25.0,1,1,RECONCILIATION SUCCESSFUL,INTEGRITY VERIFIED,INTEGRITY VERIFIED
91526,73276,2022-10-29 22:01:16.000000,25.0,1,1,RECONCILIATION SUCCESSFUL,INTEGRITY VERIFIED,INTEGRITY VERIFIED
906,728,2020-03-27 17:20:33.000000,132.5,3,3,RECONCILIATION SUCCESSFUL,INTEGRITY VERIFIED,INTEGRITY VERIFIED
11047,8807,2020-06-14 15:31:19.000000,25.0,1,1,RECONCILIATION SUCCESSFUL,INTEGRITY VERIFIED,INTEGRITY VERIFIED
27140,21701,2020-09-11 00:01:25.000000,25.0,1,1,RECONCILIATION SUCCESSFUL,INTEGRITY VERIFIED,INTEGRITY VERIFIED
33156,26457,2021-06-11 03:30:19.000000,223.57,4,4,RECONCILIATION SUCCESSFUL,INTEGRITY VERIFIED,INTEGRITY VERIFIED
99398,79712,2026-06-01 16:23:54.000000,212.0,4,4,RECONCILIATION SUCCESSFUL,INTEGRITY VERIFIED,INTEGRITY VERIFIED
113240,90659,2024-01-15 19:22:40.000000,25.0,1,1,RECONCILIATION SUCCESSFUL,INTEGRITY VERIFIED,INTEGRITY VERIFIED
117445,94049,2024-12-20 00:22:16.000000,193.26,3,3,RECONCILIATION SUCCESSFUL,INTEGRITY VERIFIED,INTEGRITY VERIFIED
23996,19171,2023-03-15 17:30:41.000000,25.0,1,1,RECONCILIATION SUCCESSFUL,INTEGRITY VERIFIED,INTEGRITY VERIFIED
63180,50485,2024-11-28 13:11:01.000000,25.0,1,1,RECONCILIATION SUCCESSFUL,INTEGRITY VERIFIED,INTEGRITY VERIFIED
95465,76512,2025-08-15 02:20:35.000000,144.23,4,4,RECONCILIATION SUCCESSFUL,INTEGRITY VERIFIED,INTEGRITY VERIFIED
107765,86351,2023-02-27 14:22:12.000000,304.99,2,2,RECONCILIATION SUCCESSFUL,INTEGRITY VERIFIED,INTEGRITY VERIFIED
98563,79031,2024-11-15 17:11:13.000000,74.5,2,2,RECONCILIATION SUCCESSFUL,INTEGRITY VERIFIED,INTEGRITY VERIFIED
20428,16332,2025-09-07 11:52:31.000000,340.47,4,4,RECONCILIATION SUCCESSFUL,INTEGRITY VERIFIED,INTEGRITY VERIFIED
81437,65155,2026-01-29 17:56:46.000000,25.0,1,1,RECONCILIATION SUCCESSFUL,INTEGRITY VERIFIED,INTEGRITY VERIFIED
85982,68842,2025-01-28 15:53:24.000000,212.4,3,3,RECONCILIATION SUCCESSFUL,INTEGRITY VERIFIED,INTEGRITY VERIFIED
87128,69736,2026-06-01 05:28:02.000000,25.0,1,1,RECONCILIATION SUCCESSFUL,INTEGRITY VERIFIED,INTEGRITY VERIFIED
116007,92875,2024-05-12 18:49:53.000000,107.99,3,3,RECONCILIATION SUCCESSFUL,INTEGRITY VERIFIED,INTEGRITY VERIFIED
109515,87739,2026-05-18 20:45:27.000000,105.25,2,2,RECONCILIATION SUCCESSFUL,INTEGRITY VERIFIED,INTEGRITY VERIFIED
16653,13260,2026-03-04 08:13:47.000000,89.67,2,2,RECONCILIATION SUCCESSFUL,INTEGRITY VERIFIED,INTEGRITY VERIFIED
64026,51164,2025-08-28 13:27:17.000000,25.5,1,1,RECONCILIATION SUCCESSFUL,INTEGRITY VERIFIED,INTEGRITY VERIFIED
109923,88062,2026-02-02 16:10:32.000000,194.55,4,4,RECONCILIATION SUCCESSFUL,INTEGRITY VERIFIED,INTEGRITY VERIFIED
113062,90515,2021-10-05 10:21:12.000000,58.98,2,2,RECONCILIATION SUCCESSFUL,INTEGRITY VERIFIED,INTEGRITY VERIFIED
5584,4415,2025-11-21 08:29:03.000000,26.0,1,1,RECONCILIATION SUCCESSFUL,INTEGRITY VERIFIED,INTEGRITY VERIFIED
23823,19032,2026-03-17 08:47:59.000000,26.0,1,1,RECONCILIATION SUCCESSFUL,INTEGRITY VERIFIED,INTEGRITY VERIFIED
42357,33796,2026-05-11 19:37:29.000000,400.65,2,2,RECONCILIATION SUCCESSFUL,INTEGRITY VERIFIED,INTEGRITY VERIFIED
47685,38081,2026-03-04 09:16:40.000000,27.0,1,1,RECONCILIATION SUCCESSFUL,INTEGRITY VERIFIED,INTEGRITY VERIFIED
12419,9897,2026-04-09 05:25:57.000000,82.95,2,2,RECONCILIATION SUCCESSFUL,INTEGRITY VERIFIED,INTEGRITY VERIFIED
69792,55812,2026-01-31 21:42:27.000000,375.0,4,4,RECONCILIATION SUCCESSFUL,INTEGRITY VERIFIED,INTEGRITY VERIFIED
56235,44932,2025-07-07 20:53:20.000000,27.7,1,1,RECONCILIATION SUCCESSFUL,INTEGRITY VERIFIED,INTEGRITY VERIFIED
23529,18785,2025-05-11 20:13:09.000000,127.98,2,2,RECONCILIATION SUCCESSFUL,INTEGRITY VERIFIED,INTEGRITY VERIFIED
13246,10513,2024-05-27 19:37:29.000000,28.82,1,1,RECONCILIATION SUCCESSFUL,INTEGRITY VERIFIED,INTEGRITY VERIFIED
69537,55616,2026-03-18 10:32:56.000000,64.95,2,2,RECONCILIATION SUCCESSFUL,INTEGRITY VERIFIED,INTEGRITY VERIFIED
59283,47377,2025-06-17 20:54:25.000000,218.95,4,4,RECONCILIATION SUCCESSFUL,INTEGRITY VERIFIED,INTEGRITY VERIFIED
122337,97953,2021-07-07 01:55:13.000000,156.51,2,2,RECONCILIATION SUCCESSFUL,INTEGRITY VERIFIED,INTEGRITY VERIFIED
51748,41331,2026-04-18 10:58:24.000000,182.41,4,4,RECONCILIATION SUCCESSFUL,INTEGRITY VERIFIED,INTEGRITY VERIFIED
60832,48574,2026-04-26 18:16:19.000000,29.41,1,1,RECONCILIATION SUCCESSFUL,INTEGRITY VERIFIED,INTEGRITY VERIFIED
61097,48790,2024-02-17 01:20:18.000000,127.95,2,2,RECONCILIATION SUCCESSFUL,INTEGRITY VERIFIED,INTEGRITY VERIFIED
22467,17933,2023-07-28 09:15:51.000000,168.94,3,3,RECONCILIATION SUCCESSFUL,INTEGRITY VERIFIED,INTEGRITY VERIFIED
95925,76899,2024-11-30 05:49:43.000000,142.94,3,3,RECONCILIATION SUCCESSFUL,INTEGRITY VERIFIED,INTEGRITY VERIFIED
87692,70173,2023-07-16 13:50:04.000000,71.98,2,2,RECONCILIATION SUCCESSFUL,INTEGRITY VERIFIED,INTEGRITY VERIFIED
25603,20439,2023-02-22 16:07:41.000000,29.99,1,1,RECONCILIATION SUCCESSFUL,INTEGRITY VERIFIED,INTEGRITY VERIFIED
53672,42861,2023-10-05 11:47:51.000000,63.99,2,2,RECONCILIATION SUCCESSFUL,INTEGRITY VERIFIED,INTEGRITY VERIFIED
10584,8428,2022-04-12 17:17:07.000000,70.0,2,2,RECONCILIATION SUCCESSFUL,INTEGRITY VERIFIED,INTEGRITY VERIFIED
28534,22808,2023-05-14 11:44:08.000000,30.2,1,1,RECONCILIATION SUCCESSFUL,INTEGRITY VERIFIED,INTEGRITY VERIFIED
21007,16795,2025-06-15 05:47:20.000000,100.4,2,2,RECONCILIATION SUCCESSFUL,INTEGRITY VERIFIED,INTEGRITY VERIFIED
97912,78497,2025-04-26 08:13:45.000000,31.95,1,1,RECONCILIATION SUCCESSFUL,INTEGRITY VERIFIED,INTEGRITY VERIFIED
78522,62761,2020-06-17 20:44:34.000000,31.99,1,1,RECONCILIATION SUCCESSFUL,INTEGRITY VERIFIED,INTEGRITY VERIFIED
68393,54738,2026-04-05 18:13:40.000000,122.98,2,2,RECONCILIATION SUCCESSFUL,INTEGRITY VERIFIED,INTEGRITY VERIFIED
103636,83095,2025-01-23 13:03:18.000000,206.07,3,3,RECONCILIATION SUCCESSFUL,INTEGRITY VERIFIED,INTEGRITY VERIFIED
5165,4093,2024-01-14 12:54:49.000000,86.99,2,2,RECONCILIATION SUCCESSFUL,INTEGRITY VERIFIED,INTEGRITY VERIFIED
61013,48722,2022-01-29 10:19:55.000000,164.81,4,4,RECONCILIATION SUCCESSFUL,INTEGRITY VERIFIED,INTEGRITY VERIFIED
55304,44180,2025-03-05 05:10:04.000000,33.6,1,1,RECONCILIATION SUCCESSFUL,INTEGRITY VERIFIED,INTEGRITY VERIFIED
63907,51068,2026-05-04 14:05:23.000000,70.94,2,2,RECONCILIATION SUCCESSFUL,INTEGRITY VERIFIED,INTEGRITY VERIFIED
120657,96578,2024-01-31 22:56:36.000000,74.31,2,2,RECONCILIATION SUCCESSFUL,INTEGRITY VERIFIED,INTEGRITY VERIFIED
104834,84029,2022-04-01 20:41:54.000000,34.95,1,1,RECONCILIATION SUCCESSFUL,INTEGRITY VERIFIED,INTEGRITY VERIFIED
107089,85820,2022-08-02 16:54:37.000000,34.95,1,1,RECONCILIATION SUCCESSFUL,INTEGRITY VERIFIED,INTEGRITY VERIFIED
21181,16941,2023-05-04 10:20:02.000000,34.95,1,1,RECONCILIATION SUCCESSFUL,INTEGRITY VERIFIED,INTEGRITY VERIFIED
41211,32884,2025-08-28 09:13:22.000000,34.95,1,1,RECONCILIATION SUCCESSFUL,INTEGRITY VERIFIED,INTEGRITY VERIFIED
71622,57278,2025-08-16 01:10:12.000000,287.97,3,3,RECONCILIATION SUCCESSFUL,INTEGRITY VERIFIED,INTEGRITY VERIFIED
83586,66896,2020-10-16 17:01:34.000000,35.0,1,1,RECONCILIATION SUCCESSFUL,INTEGRITY VERIFIED,INTEGRITY VERIFIED
103042,82624,2022-08-06 22:30:09.000000,80.0,2,2,RECONCILIATION SUCCESSFUL,INTEGRITY VERIFIED,INTEGRITY VERIFIED
113633,90967,2024-09-30 15:56:22.000000,173.0,3,3,RECONCILIATION SUCCESSFUL,INTEGRITY VERIFIED,INTEGRITY VERIFIED
1838,1476,2024-05-15 20:32:12.000000,36.0,1,1,RECONCILIATION SUCCESSFUL,INTEGRITY VERIFIED,INTEGRITY VERIFIED
46405,37070,2024-08-04 16:42:22.000000,36.99,1,1,RECONCILIATION SUCCESSFUL,INTEGRITY VERIFIED,INTEGRITY VERIFIED
2082,1661,2024-11-01 09:28:09.000000,143.46,2,2,RECONCILIATION SUCCESSFUL,INTEGRITY VERIFIED,INTEGRITY VERIFIED
122469,98063,2020-12-14 23:11:15.000000,382.73,2,2,RECONCILIATION SUCCESSFUL,INTEGRITY VERIFIED,INTEGRITY VERIFIED
60169,48047,2025-03-22 08:54:36.000000,75.99,2,2,RECONCILIATION SUCCESSFUL,INTEGRITY VERIFIED,INTEGRITY VERIFIED
69671,55717,2022-06-02 05:04:53.000000,38.0,1,1,RECONCILIATION SUCCESSFUL,INTEGRITY VERIFIED,INTEGRITY VERIFIED
97997,78568,2025-07-21 17:19:48.000000,282.49,3,3,RECONCILIATION SUCCESSFUL,INTEGRITY VERIFIED,INTEGRITY VERIFIED
103340,82868,2024-02-15 11:02:37.000000,38.19,1,1,RECONCILIATION SUCCESSFUL,INTEGRITY VERIFIED,INTEGRITY VERIFIED
13584,10798,2026-04-29 17:01:24.000000,80.42,2,2,RECONCILIATION SUCCESSFUL,INTEGRITY VERIFIED,INTEGRITY VERIFIED
110355,88391,2022-04-01 03:07:25.000000,116.63,2,2,RECONCILIATION SUCCESSFUL,INTEGRITY VERIFIED,INTEGRITY VERIFIED
108202,86673,2026-05-21 22:14:33.000000,213.97,4,4,RECONCILIATION SUCCESSFUL,INTEGRITY VERIFIED,INTEGRITY VERIFIED
5294,4182,2026-03-14 07:02:41.000000,98.95,2,2,RECONCILIATION SUCCESSFUL,INTEGRITY VERIFIED,INTEGRITY VERIFIED
53369,42613,2024-06-14 22:39:58.000000,122.8,2,2,RECONCILIATION SUCCESSFUL,INTEGRITY VERIFIED,INTEGRITY VERIFIED
39013,31173,2025-01-12 19:40:20.000000,39.5,1,1,RECONCILIATION SUCCESSFUL,INTEGRITY VERIFIED,INTEGRITY VERIFIED
74179,59319,2022-12-13 01:34:25.000000,39.88,1,1,RECONCILIATION SUCCESSFUL,INTEGRITY VERIFIED,INTEGRITY VERIFIED
46068,36799,2022-09-05 02:15:28.000000,39.88,1,1,RECONCILIATION SUCCESSFUL,INTEGRITY VERIFIED,INTEGRITY VERIFIED
109845,87999,2024-11-23 07:16:59.000000,39.88,1,1,RECONCILIATION SUCCESSFUL,INTEGRITY VERIFIED,INTEGRITY VERIFIED
61645,49240,2024-09-08 11:49:05.000000,39.95,1,1,RECONCILIATION SUCCESSFUL,INTEGRITY VERIFIED,INTEGRITY VERIFIED
76884,61479,2022-03-22 02:19:35.000000,39.99,1,1,RECONCILIATION SUCCESSFUL,INTEGRITY VERIFIED,INTEGRITY VERIFIED
88273,70619,2026-01-29 23:23:55.000000,39.99,1,1,RECONCILIATION SUCCESSFUL,INTEGRITY VERIFIED,INTEGRITY VERIFIED
22256,17756,2025-11-30 21:14:01.000000,39.99,1,1,RECONCILIATION SUCCESSFUL,INTEGRITY VERIFIED,INTEGRITY VERIFIED
39200,31313,2025-03-12 08:03:45.000000,39.99,1,1,RECONCILIATION SUCCESSFUL,INTEGRITY VERIFIED,INTEGRITY VERIFIED
58464,46717,2022-09-11 12:34:32.000000,39.99,1,1,RECONCILIATION SUCCESSFUL,INTEGRITY VERIFIED,INTEGRITY VERIFIED
87780,70254,2026-04-26 21:09:58.000000,39.99,1,1,RECONCILIATION SUCCESSFUL,INTEGRITY VERIFIED,INTEGRITY VERIFIED
123996,99288,2026-01-13 13:22:28.000000,39.99,1,1,RECONCILIATION SUCCESSFUL,INTEGRITY VERIFIED,INTEGRITY VERIFIED
16210,12924,2025-12-29 17:35:35.000000,39.99,1,1,RECONCILIATION SUCCESSFUL,INTEGRITY VERIFIED,INTEGRITY VERIFIED
17412,13866,2020-03-19 15:20:13.000000,81.99,2,2,RECONCILIATION SUCCESSFUL,INTEGRITY VERIFIED,INTEGRITY VERIFIED
116554,93303,2024-10-17 02:51:34.000000,40.28,1,1,RECONCILIATION SUCCESSFUL,INTEGRITY VERIFIED,INTEGRITY VERIFIED
83558,66879,2023-10-14 19:21:43.000000,40.49,1,1,RECONCILIATION SUCCESSFUL,INTEGRITY VERIFIED,INTEGRITY VERIFIED
45572,36382,2024-03-08 23:36:01.000000,149.9,2,2,RECONCILIATION SUCCESSFUL,INTEGRITY VERIFIED,INTEGRITY VERIFIED
70533,56406,2026-04-02 06:41:02.000000,332.43,3,3,RECONCILIATION SUCCESSFUL,INTEGRITY VERIFIED,INTEGRITY VERIFIED
45210,36079,2023-09-15 09:56:26.000000,42.0,1,1,RECONCILIATION SUCCESSFUL,INTEGRITY VERIFIED,INTEGRITY VERIFIED
40705,32490,2023-12-27 12:49:17.000000,42.99,1,1,RECONCILIATION SUCCESSFUL,INTEGRITY VERIFIED,INTEGRITY VERIFIED
101967,81745,2021-05-18 16:59:09.000000,42.99,1,1,RECONCILIATION SUCCESSFUL,INTEGRITY VERIFIED,INTEGRITY VERIFIED
11374,9042,2024-06-28 01:02:54.000000,263.99,2,2,RECONCILIATION SUCCESSFUL,INTEGRITY VERIFIED,INTEGRITY VERIFIED
73693,58942,2024-06-28 19:24:29.000000,44.0,1,1,RECONCILIATION SUCCESSFUL,INTEGRITY VERIFIED,INTEGRITY VERIFIED
42324,33768,2020-01-04 22:19:15.000000,44.51,1,1,RECONCILIATION SUCCESSFUL,INTEGRITY VERIFIED,INTEGRITY VERIFIED
79888,63850,2022-08-31 19:16:24.000000,44.99,1,1,RECONCILIATION SUCCESSFUL,INTEGRITY VERIFIED,INTEGRITY VERIFIED
106313,85214,2025-10-02 23:18:31.000000,45.08,1,1,RECONCILIATION SUCCESSFUL,INTEGRITY VERIFIED,INTEGRITY VERIFIED
98345,78853,2021-11-30 03:44:20.000000,45.99,1,1,RECONCILIATION SUCCESSFUL,INTEGRITY VERIFIED,INTEGRITY VERIFIED
63259,50556,2024-04-17 15:38:51.000000,46.0,1,1,RECONCILIATION SUCCESSFUL,INTEGRITY VERIFIED,INTEGRITY VERIFIED
43059,34359,2026-06-04 15:21:25.000000,46.5,1,1,RECONCILIATION SUCCESSFUL,INTEGRITY VERIFIED,INTEGRITY VERIFIED
76173,60910,2025-05-13 00:26:04.000000,46.88,1,1,RECONCILIATION SUCCESSFUL,INTEGRITY VERIFIED,INTEGRITY VERIFIED
54228,43311,2023-01-04 08:34:36.000000,47.99,1,1,RECONCILIATION SUCCESSFUL,INTEGRITY VERIFIED,INTEGRITY VERIFIED
50109,40024,2024-09-02 12:00:07.000000,48.0,1,1,RECONCILIATION SUCCESSFUL,INTEGRITY VERIFIED,INTEGRITY VERIFIED
113857,91149,2026-06-16 02:25:39.203007,258.0,3,3,RECONCILIATION SUCCESSFUL,INTEGRITY VERIFIED,INTEGRITY VERIFIED
68904,55119,2023-07-28 18:44:07.000000,149.49,2,2,RECONCILIATION SUCCESSFUL,INTEGRITY VERIFIED,INTEGRITY VERIFIED
81318,65054,2025-06-10 18:26:29.000000,49.5,1,1,RECONCILIATION SUCCESSFUL,INTEGRITY VERIFIED,INTEGRITY VERIFIED
67547,54035,2026-04-16 00:42:14.000000,49.5,1,1,RECONCILIATION SUCCESSFUL,INTEGRITY VERIFIED,INTEGRITY VERIFIED
36516,29141,2024-10-09 06:17:04.000000,49.5,1,1,RECONCILIATION SUCCESSFUL,INTEGRITY VERIFIED,INTEGRITY VERIFIED
52297,41756,2023-06-01 11:44:12.000000,49.5,1,1,RECONCILIATION SUCCESSFUL,INTEGRITY VERIFIED,INTEGRITY VERIFIED
85540,68456,2025-10-12 22:21:59.000000,263.95,4,4,RECONCILIATION SUCCESSFUL,INTEGRITY VERIFIED,INTEGRITY VERIFIED
25088,20038,2024-04-07 23:28:42.000000,103.95,2,2,RECONCILIATION SUCCESSFUL,INTEGRITY VERIFIED,INTEGRITY VERIFIED
27825,22243,2026-06-13 13:32:30.000000,49.95,1,1,RECONCILIATION SUCCESSFUL,INTEGRITY VERIFIED,INTEGRITY VERIFIED
15324,12222,2025-09-23 01:36:11.000000,144.93,2,2,RECONCILIATION SUCCESSFUL,INTEGRITY VERIFIED,INTEGRITY VERIFIED
80245,64149,2024-06-05 21:26:24.000000,49.99,1,1,RECONCILIATION SUCCESSFUL,INTEGRITY VERIFIED,INTEGRITY VERIFIED
92730,74284,2025-08-25 22:26:15.000000,49.99,1,1,RECONCILIATION SUCCESSFUL,INTEGRITY VERIFIED,INTEGRITY VERIFIED
26305,21013,2025-01-19 09:48:33.000000,308.99,2,2,RECONCILIATION SUCCESSFUL,INTEGRITY VERIFIED,INTEGRITY VERIFIED
63548,50789,2025-04-11 21:17:25.000000,49.99,1,1,RECONCILIATION SUCCESSFUL,INTEGRITY VERIFIED,INTEGRITY VERIFIED
24239,19367,2025-03-10 02:44:35.000000,50.0,1,1,RECONCILIATION SUCCESSFUL,INTEGRITY VERIFIED,INTEGRITY VERIFIED
91796,73503,2024-05-29 09:40:14.000000,252.0,3,3,RECONCILIATION SUCCESSFUL,INTEGRITY VERIFIED,INTEGRITY VERIFIED
74938,59914,2024-08-15 00:24:09.000000,50.0,1,1,RECONCILIATION SUCCESSFUL,INTEGRITY VERIFIED,INTEGRITY VERIFIED
73106,58474,2026-05-07 12:07:42.000000,53.02,1,1,RECONCILIATION SUCCESSFUL,INTEGRITY VERIFIED,INTEGRITY VERIFIED
54777,43756,2024-12-29 17:53:12.000000,108.72,2,2,RECONCILIATION SUCCESSFUL,INTEGRITY VERIFIED,INTEGRITY VERIFIED
120552,96496,2022-08-12 06:29:26.000000,53.95,1,1,RECONCILIATION SUCCESSFUL,INTEGRITY VERIFIED,INTEGRITY VERIFIED
47271,37771,2025-10-19 06:47:10.000000,54.0,1,1,RECONCILIATION SUCCESSFUL,INTEGRITY VERIFIED,INTEGRITY VERIFIED
12078,9615,2024-03-01 18:40:58.000000,253.0,2,2,RECONCILIATION SUCCESSFUL,INTEGRITY VERIFIED,INTEGRITY VERIFIED
78768,62951,2024-01-08 23:45:05.000000,54.0,1,1,RECONCILIATION SUCCESSFUL,INTEGRITY VERIFIED,INTEGRITY VERIFIED
85933,68800,2025-07-20 04:37:39.000000,143.0,2,2,RECONCILIATION SUCCESSFUL,INTEGRITY VERIFIED,INTEGRITY VERIFIED
95492,76539,2022-03-03 15:47:24.000000,54.0,1,1,RECONCILIATION SUCCESSFUL,INTEGRITY VERIFIED,INTEGRITY VERIFIED
109992,88104,2025-06-10 16:09:35.000000,54.0,1,1,RECONCILIATION SUCCESSFUL,INTEGRITY VERIFIED,INTEGRITY VERIFIED
120178,96204,2025-07-29 08:14:36.000000,54.0,1,1,RECONCILIATION SUCCESSFUL,INTEGRITY VERIFIED,INTEGRITY VERIFIED
102112,81856,2023-10-04 06:04:50.000000,128.92,2,2,RECONCILIATION SUCCESSFUL,INTEGRITY VERIFIED,INTEGRITY VERIFIED
15845,12635,2021-02-20 21:01:28.000000,55.0,1,1,RECONCILIATION SUCCESSFUL,INTEGRITY VERIFIED,INTEGRITY VERIFIED
56589,45207,2026-01-20 04:07:02.000000,401.5,2,2,RECONCILIATION SUCCESSFUL,INTEGRITY VERIFIED,INTEGRITY VERIFIED
103037,82620,2021-05-01 05:41:48.000000,110.0,2,2,RECONCILIATION SUCCESSFUL,INTEGRITY VERIFIED,INTEGRITY VERIFIED
109367,87625,2025-05-04 02:45:36.000000,55.0,1,1,RECONCILIATION SUCCESSFUL,INTEGRITY VERIFIED,INTEGRITY VERIFIED
31095,24839,2024-09-06 03:39:12.000000,57.5,1,1,RECONCILIATION SUCCESSFUL,INTEGRITY VERIFIED,INTEGRITY VERIFIED
2827,2243,2025-04-18 10:08:33.000000,57.95,1,1,RECONCILIATION SUCCESSFUL,INTEGRITY VERIFIED,INTEGRITY VERIFIED
123967,99268,2026-02-09 11:45:08.000000,57.99,1,1,RECONCILIATION SUCCESSFUL,INTEGRITY VERIFIED,INTEGRITY VERIFIED
110206,88276,2023-04-09 11:02:51.000000,58.0,1,1,RECONCILIATION SUCCESSFUL,INTEGRITY VERIFIED,INTEGRITY VERIFIED
70373,56281,2022-08-26 22:53:25.000000,147.99,2,2,RECONCILIATION SUCCESSFUL,INTEGRITY VERIFIED,INTEGRITY VERIFIED
68991,55196,2021-11-26 14:28:58.000000,59.5,1,1,RECONCILIATION SUCCESSFUL,INTEGRITY VERIFIED,INTEGRITY VERIFIED
84799,67842,2023-01-23 20:26:22.000000,59.5,1,1,RECONCILIATION SUCCESSFUL,INTEGRITY VERIFIED,INTEGRITY VERIFIED
34573,27597,2024-11-14 21:22:15.000000,120.99,2,2,RECONCILIATION SUCCESSFUL,INTEGRITY VERIFIED,INTEGRITY VERIFIED
115086,92145,2026-04-24 00:47:09.000000,140.84,2,2,RECONCILIATION SUCCESSFUL,INTEGRITY VERIFIED,INTEGRITY VERIFIED
38631,30845,2025-07-15 17:49:41.000000,62.0,1,1,RECONCILIATION SUCCESSFUL,INTEGRITY VERIFIED,INTEGRITY VERIFIED
99381,79688,2026-02-06 07:57:08.000000,133.94,2,2,RECONCILIATION SUCCESSFUL,INTEGRITY VERIFIED,INTEGRITY VERIFIED
120071,96117,2019-09-20 10:26:29.000000,63.99,1,1,RECONCILIATION SUCCESSFUL,INTEGRITY VERIFIED,INTEGRITY VERIFIED
112419,90012,2026-05-31 10:56:51.000000,64.95,1,1,RECONCILIATION SUCCESSFUL,INTEGRITY VERIFIED,INTEGRITY VERIFIED
83465,66800,2021-03-25 17:28:31.000000,65.0,1,1,RECONCILIATION SUCCESSFUL,INTEGRITY VERIFIED,INTEGRITY VERIFIED
35344,28218,2025-05-29 03:40:05.000000,66.0,1,1,RECONCILIATION SUCCESSFUL,INTEGRITY VERIFIED,INTEGRITY VERIFIED
13470,10704,2026-06-15 19:16:59.000000,68.0,1,1,RECONCILIATION SUCCESSFUL,INTEGRITY VERIFIED,INTEGRITY VERIFIED
8711,6956,2022-05-16 08:15:18.000000,68.0,1,1,RECONCILIATION SUCCESSFUL,INTEGRITY VERIFIED,INTEGRITY VERIFIED
100610,80673,2026-03-13 04:59:51.000000,69.5,1,1,RECONCILIATION SUCCESSFUL,INTEGRITY VERIFIED,INTEGRITY VERIFIED
108814,87153,2026-04-25 01:26:26.000000,69.5,1,1,RECONCILIATION SUCCESSFUL,INTEGRITY VERIFIED,INTEGRITY VERIFIED
3309,2630,2025-12-06 22:08:24.000000,69.99,1,1,RECONCILIATION SUCCESSFUL,INTEGRITY VERIFIED,INTEGRITY VERIFIED
7375,5898,2025-12-14 16:34:36.000000,69.99,1,1,RECONCILIATION SUCCESSFUL,INTEGRITY VERIFIED,INTEGRITY VERIFIED
20265,16205,2025-10-28 06:45:21.000000,75.0,1,1,RECONCILIATION SUCCESSFUL,INTEGRITY VERIFIED,INTEGRITY VERIFIED
111502,89311,2025-03-21 03:13:10.000000,78.0,1,1,RECONCILIATION SUCCESSFUL,INTEGRITY VERIFIED,INTEGRITY VERIFIED
68060,54467,2022-08-10 17:37:30.000000,337.99,3,3,RECONCILIATION SUCCESSFUL,INTEGRITY VERIFIED,INTEGRITY VERIFIED
65130,52030,2025-04-28 08:59:16.000000,199.81,2,2,RECONCILIATION SUCCESSFUL,INTEGRITY VERIFIED,INTEGRITY VERIFIED
58741,46934,2025-08-18 23:08:36.000000,79.99,1,1,RECONCILIATION SUCCESSFUL,INTEGRITY VERIFIED,INTEGRITY VERIFIED
62757,50149,2025-07-26 21:37:52.000000,81.38,1,1,RECONCILIATION SUCCESSFUL,INTEGRITY VERIFIED,INTEGRITY VERIFIED
57833,46226,2021-08-26 16:03:23.000000,88.0,1,1,RECONCILIATION SUCCESSFUL,INTEGRITY VERIFIED,INTEGRITY VERIFIED
80739,64590,2024-04-16 14:48:07.000000,89.0,1,1,RECONCILIATION SUCCESSFUL,INTEGRITY VERIFIED,INTEGRITY VERIFIED
66895,53493,2025-09-29 01:28:51.000000,89.5,1,1,RECONCILIATION SUCCESSFUL,INTEGRITY VERIFIED,INTEGRITY VERIFIED
115623,92560,2024-02-02 22:07:16.000000,89.5,1,1,RECONCILIATION SUCCESSFUL,INTEGRITY VERIFIED,INTEGRITY VERIFIED
85989,68848,2023-12-18 04:43:19.000000,89.5,1,1,RECONCILIATION SUCCESSFUL,INTEGRITY VERIFIED,INTEGRITY VERIFIED
14380,11475,2023-08-31 23:24:57.000000,89.99,1,1,RECONCILIATION SUCCESSFUL,INTEGRITY VERIFIED,INTEGRITY VERIFIED
52822,42153,2024-07-21 05:03:51.000000,90.0,1,1,RECONCILIATION SUCCESSFUL,INTEGRITY VERIFIED,INTEGRITY VERIFIED
32230,25731,2022-08-22 02:14:02.000000,90.68,1,1,RECONCILIATION SUCCESSFUL,INTEGRITY VERIFIED,INTEGRITY VERIFIED
35130,28055,2026-04-05 02:37:21.000000,92.0,1,1,RECONCILIATION SUCCESSFUL,INTEGRITY VERIFIED,INTEGRITY VERIFIED
58156,46473,2023-05-19 17:33:53.000000,97.0,1,1,RECONCILIATION SUCCESSFUL,INTEGRITY VERIFIED,INTEGRITY VERIFIED
26340,21046,2025-12-06 14:03:38.000000,97.95,1,1,RECONCILIATION SUCCESSFUL,INTEGRITY VERIFIED,INTEGRITY VERIFIED
83116,66513,2026-06-13 05:33:22.059506,98.0,1,1,RECONCILIATION SUCCESSFUL,INTEGRITY VERIFIED,INTEGRITY VERIFIED
78916,63064,2025-03-13 17:24:29.000000,98.0,1,1,RECONCILIATION SUCCESSFUL,INTEGRITY VERIFIED,INTEGRITY VERIFIED
67136,53695,2023-07-04 19:22:29.000000,98.0,1,1,RECONCILIATION SUCCESSFUL,INTEGRITY VERIFIED,INTEGRITY VERIFIED
84654,67728,2023-02-19 12:16:56.000000,98.0,1,1,RECONCILIATION SUCCESSFUL,INTEGRITY VERIFIED,INTEGRITY VERIFIED
7192,5746,2024-03-26 06:34:37.000000,296.02,2,2,RECONCILIATION SUCCESSFUL,INTEGRITY VERIFIED,INTEGRITY VERIFIED
77832,62227,2024-07-03 03:51:58.000000,98.85,1,1,RECONCILIATION SUCCESSFUL,INTEGRITY VERIFIED,INTEGRITY VERIFIED
49242,39285,2025-08-03 09:55:33.000000,98.95,1,1,RECONCILIATION SUCCESSFUL,INTEGRITY VERIFIED,INTEGRITY VERIFIED
117564,94137,2026-05-31 21:00:26.000000,99.0,1,1,RECONCILIATION SUCCESSFUL,INTEGRITY VERIFIED,INTEGRITY VERIFIED
79343,63420,2023-11-25 10:55:09.000000,105.56,1,1,RECONCILIATION SUCCESSFUL,INTEGRITY VERIFIED,INTEGRITY VERIFIED
88939,71177,2024-08-06 23:51:52.000000,108.99,1,1,RECONCILIATION SUCCESSFUL,INTEGRITY VERIFIED,INTEGRITY VERIFIED
74709,59741,2025-09-15 06:50:24.000000,109.0,1,1,RECONCILIATION SUCCESSFUL,INTEGRITY VERIFIED,INTEGRITY VERIFIED
34178,27271,2024-02-18 01:05:48.000000,115.0,1,1,RECONCILIATION SUCCESSFUL,INTEGRITY VERIFIED,INTEGRITY VERIFIED
23557,18808,2020-03-16 05:23:31.000000,299.95,2,2,RECONCILIATION SUCCESSFUL,INTEGRITY VERIFIED,INTEGRITY VERIFIED
62602,50025,2022-04-07 16:12:25.000000,119.95,1,1,RECONCILIATION SUCCESSFUL,INTEGRITY VERIFIED,INTEGRITY VERIFIED
52577,41955,2024-08-28 13:58:45.000000,124.99,1,1,RECONCILIATION SUCCESSFUL,INTEGRITY VERIFIED,INTEGRITY VERIFIED
79684,63679,2025-09-08 02:58:39.000000,126.63,1,1,RECONCILIATION SUCCESSFUL,INTEGRITY VERIFIED,INTEGRITY VERIFIED
69604,55661,2022-06-23 20:10:03.000000,132.0,1,1,RECONCILIATION SUCCESSFUL,INTEGRITY VERIFIED,INTEGRITY VERIFIED
38861,31050,2026-05-26 23:53:57.000000,140.0,1,1,RECONCILIATION SUCCESSFUL,INTEGRITY VERIFIED,INTEGRITY VERIFIED
100537,80616,2026-06-16 07:30:12.749990,140.0,1,1,RECONCILIATION SUCCESSFUL,INTEGRITY VERIFIED,INTEGRITY VERIFIED
116924,93619,2025-11-11 03:14:01.000000,148.0,1,1,RECONCILIATION SUCCESSFUL,INTEGRITY VERIFIED,INTEGRITY VERIFIED
104464,83715,2026-04-12 05:42:19.000000,297.5,2,2,RECONCILIATION SUCCESSFUL,INTEGRITY VERIFIED,INTEGRITY VERIFIED
2601,2076,2026-06-12 21:13:48.000000,169.0,1,1,RECONCILIATION SUCCESSFUL,INTEGRITY VERIFIED,INTEGRITY VERIFIED
567,471,2021-12-04 08:35:14.000000,170.98,1,1,RECONCILIATION SUCCESSFUL,INTEGRITY VERIFIED,INTEGRITY VERIFIED
36768,29349,2024-04-13 06:24:51.000000,171.0,1,1,RECONCILIATION SUCCESSFUL,INTEGRITY VERIFIED,INTEGRITY VERIFIED
118665,94994,2025-12-27 01:59:35.000000,176.0,1,1,RECONCILIATION SUCCESSFUL,INTEGRITY VERIFIED,INTEGRITY VERIFIED
40379,32236,2026-05-15 17:08:08.000000,209.0,1,1,RECONCILIATION SUCCESSFUL,INTEGRITY VERIFIED,INTEGRITY VERIFIED
82077,65679,2026-05-26 23:28:18.000000,652.99,2,2,RECONCILIATION SUCCESSFUL,INTEGRITY VERIFIED,INTEGRITY VERIFIED
9970,7953,2024-04-10 16:30:24.000000,264.0,1,1,RECONCILIATION SUCCESSFUL,INTEGRITY VERIFIED,INTEGRITY VERIFIED
47236,37742,2025-08-19 21:25:39.000000,299.0,1,1,RECONCILIATION SUCCESSFUL,INTEGRITY VERIFIED,INTEGRITY VERIFIED
49257,39298,2020-09-12 02:12:24.000000,300.0,1,1,RECONCILIATION SUCCESSFUL,INTEGRITY VERIFIED,INTEGRITY VERIFIED
49645,39629,2024-11-10 14:41:02.000000,300.0,1,1,RECONCILIATION SUCCESSFUL,INTEGRITY VERIFIED,INTEGRITY VERIFIED
13867,11036,2024-08-04 06:31:14.000000,339.0,1,1,RECONCILIATION SUCCESSFUL,INTEGRITY VERIFIED,INTEGRITY VERIFIED
23254,18579,2026-01-14 20:10:11.000000,399.0,1,1,RECONCILIATION SUCCESSFUL,INTEGRITY VERIFIED,INTEGRITY VERIFIED
-93,40502,2026-06-16 17:01:00.000000,300.0,2,2,RECONCILIATION SUCCESSFUL,INTEGRITY VERIFIED,VARIANCE DETECTED
-111,1616,2026-06-16 14:26:00.000000,126.0,3,3,RECONCILIATION SUCCESSFUL,INTEGRITY VERIFIED,INTEGRITY VERIFIED
-130,31938,2026-06-16 13:04:00.000000,183.0,1,1,RECONCILIATION SUCCESSFUL,INTEGRITY VERIFIED,INTEGRITY VERIFIED
-149,87561,2026-06-16 11:24:00.000000,369.0,3,3,RECONCILIATION SUCCESSFUL,INTEGRITY VERIFIED,VARIANCE DETECTED
-177,39607,2026-06-16 17:10:00.000000,422.0,3,3,RECONCILIATION SUCCESSFUL,INTEGRITY VERIFIED,INTEGRITY VERIFIED
-204,87641,2026-06-16 17:49:00.000000,249.0,3,3,RECONCILIATION SUCCESSFUL,INTEGRITY VERIFIED,VARIANCE DETECTED
-218,99841,2026-06-16 13:24:00.000000,269.0,3,3,RECONCILIATION SUCCESSFUL,INTEGRITY VERIFIED,VARIANCE DETECTED
-231,29908,2026-06-16 14:25:00.000000,194.0,1,1,RECONCILIATION SUCCESSFUL,INTEGRITY VERIFIED,INTEGRITY VERIFIED
-259,58816,2026-06-16 12:15:00.000000,392.0,3,3,RECONCILIATION SUCCESSFUL,INTEGRITY VERIFIED,INTEGRITY VERIFIED
-274,57987,2026-06-16 13:40:00.000000,76.0,1,1,RECONCILIATION SUCCESSFUL,INTEGRITY VERIFIED,INTEGRITY VERIFIED
-286,82757,2026-06-16 14:53:00.000000,265.0,2,2,RECONCILIATION SUCCESSFUL,INTEGRITY VERIFIED,INTEGRITY VERIFIED
-288,25565,2026-06-16 16:57:00.000000,355.0,3,3,RECONCILIATION SUCCESSFUL,INTEGRITY VERIFIED,INTEGRITY VERIFIED
-289,33098,2026-06-16 09:56:00.000000,184.0,2,2,RECONCILIATION SUCCESSFUL,INTEGRITY VERIFIED,VARIANCE DETECTED
49331,39360,2026-05-19 09:24:03.000000,209.48,2,2,RECONCILIATION SUCCESSFUL,INTEGRITY VERIFIED,INTEGRITY VERIFIED
92204,73830,2024-09-02 08:52:39.000000,4.13,1,1,RECONCILIATION SUCCESSFUL,INTEGRITY VERIFIED,INTEGRITY VERIFIED
56047,44792,2026-04-10 12:44:50.000000,4.13,1,1,RECONCILIATION SUCCESSFUL,INTEGRITY VERIFIED,INTEGRITY VERIFIED
107938,86481,2025-01-04 14:33:59.000000,219.7,4,4,RECONCILIATION SUCCESSFUL,INTEGRITY VERIFIED,INTEGRITY VERIFIED
16488,13133,2025-11-01 07:46:40.000000,46.99,2,2,RECONCILIATION SUCCESSFUL,INTEGRITY VERIFIED,INTEGRITY VERIFIED
41820,33354,2026-02-20 01:16:00.000000,261.33,4,4,RECONCILIATION SUCCESSFUL,INTEGRITY VERIFIED,INTEGRITY VERIFIED
91851,73547,2024-03-14 12:09:43.000000,6.83,1,1,RECONCILIATION SUCCESSFUL,INTEGRITY VERIFIED,INTEGRITY VERIFIED
27484,21977,2025-12-10 02:02:17.000000,42.99,2,2,RECONCILIATION SUCCESSFUL,INTEGRITY VERIFIED,INTEGRITY VERIFIED
83032,66440,2026-05-03 08:49:52.000000,7.0,1,1,RECONCILIATION SUCCESSFUL,INTEGRITY VERIFIED,INTEGRITY VERIFIED
56908,45487,2026-01-10 13:01:08.000000,27.55,2,2,RECONCILIATION SUCCESSFUL,INTEGRITY VERIFIED,INTEGRITY VERIFIED
124431,99630,2024-05-18 23:49:40.000000,7.99,1,1,RECONCILIATION SUCCESSFUL,INTEGRITY VERIFIED,INTEGRITY VERIFIED
114289,91522,2026-03-01 13:07:33.000000,185.48,4,4,RECONCILIATION SUCCESSFUL,INTEGRITY VERIFIED,INTEGRITY VERIFIED
47273,37772,2025-04-17 23:28:18.000000,131.67,4,4,RECONCILIATION SUCCESSFUL,INTEGRITY VERIFIED,INTEGRITY VERIFIED
90810,72672,2026-01-31 16:23:06.000000,51.44,3,3,RECONCILIATION SUCCESSFUL,INTEGRITY VERIFIED,INTEGRITY VERIFIED
86097,68933,2026-06-13 14:52:19.000000,8.75,1,1,RECONCILIATION SUCCESSFUL,INTEGRITY VERIFIED,INTEGRITY VERIFIED
98704,79133,2025-12-15 13:58:25.000000,162.74,4,4,RECONCILIATION SUCCESSFUL,INTEGRITY VERIFIED,INTEGRITY VERIFIED
68985,55186,2022-09-02 08:05:09.000000,8.75,1,1,RECONCILIATION SUCCESSFUL,INTEGRITY VERIFIED,INTEGRITY VERIFIED
1275,1014,2025-12-07 04:03:22.000000,99.4,3,3,RECONCILIATION SUCCESSFUL,INTEGRITY VERIFIED,INTEGRITY VERIFIED
15738,12561,2020-12-03 16:32:38.000000,101.98,3,3,RECONCILIATION SUCCESSFUL,INTEGRITY VERIFIED,INTEGRITY VERIFIED
63396,50670,2025-10-04 19:40:06.000000,217.99,4,4,RECONCILIATION SUCCESSFUL,INTEGRITY VERIFIED,INTEGRITY VERIFIED
13352,10603,2024-12-31 12:59:16.000000,8.99,1,1,RECONCILIATION SUCCESSFUL,INTEGRITY VERIFIED,INTEGRITY VERIFIED
21117,16891,2022-12-26 01:49:16.000000,28.98,2,2,RECONCILIATION SUCCESSFUL,INTEGRITY VERIFIED,INTEGRITY VERIFIED
64609,51612,2026-04-13 15:19:25.000000,215.71,4,4,RECONCILIATION SUCCESSFUL,INTEGRITY VERIFIED,INTEGRITY VERIFIED
5563,4393,2026-06-14 06:09:42.000000,148.98,2,2,RECONCILIATION SUCCESSFUL,INTEGRITY VERIFIED,INTEGRITY VERIFIED
77061,61612,2025-07-20 15:05:53.000000,9.12,1,1,RECONCILIATION SUCCESSFUL,INTEGRITY VERIFIED,INTEGRITY VERIFIED
16836,13407,2025-10-28 19:10:01.000000,96.88,4,4,RECONCILIATION SUCCESSFUL,INTEGRITY VERIFIED,INTEGRITY VERIFIED
107365,86034,2023-09-05 11:07:46.000000,25.14,2,2,RECONCILIATION SUCCESSFUL,INTEGRITY VERIFIED,INTEGRITY VERIFIED
93069,74553,2025-02-01 23:12:33.000000,139.28,4,4,RECONCILIATION SUCCESSFUL,INTEGRITY VERIFIED,INTEGRITY VERIFIED
55174,44077,2023-10-10 19:00:37.000000,9.99,1,1,RECONCILIATION SUCCESSFUL,INTEGRITY VERIFIED,INTEGRITY VERIFIED
105622,84668,2022-03-26 17:14:51.000000,10.0,1,1,RECONCILIATION SUCCESSFUL,INTEGRITY VERIFIED,INTEGRITY VERIFIED
96217,77129,2026-06-12 23:23:29.041748,104.78,2,2,RECONCILIATION SUCCESSFUL,INTEGRITY VERIFIED,INTEGRITY VERIFIED
19196,15335,2026-06-13 23:21:11.000000,10.87,1,1,RECONCILIATION SUCCESSFUL,INTEGRITY VERIFIED,INTEGRITY VERIFIED
23542,18796,2023-01-04 18:07:31.000000,10.97,1,1,RECONCILIATION SUCCESSFUL,INTEGRITY VERIFIED,INTEGRITY VERIFIED
30242,24156,2025-07-15 00:53:53.000000,161.97,4,4,RECONCILIATION SUCCESSFUL,INTEGRITY VERIFIED,INTEGRITY VERIFIED
55520,44350,2023-01-08 09:41:24.000000,82.98,2,2,RECONCILIATION SUCCESSFUL,INTEGRITY VERIFIED,INTEGRITY VERIFIED
6858,5467,2025-12-26 10:12:03.000000,11.41,1,1,RECONCILIATION SUCCESSFUL,INTEGRITY VERIFIED,INTEGRITY VERIFIED
116750,93467,2026-01-23 00:16:37.000000,45.44,2,2,RECONCILIATION SUCCESSFUL,INTEGRITY VERIFIED,INTEGRITY VERIFIED
74004,59193,2026-06-14 20:40:37.172526,11.67,1,1,RECONCILIATION SUCCESSFUL,INTEGRITY VERIFIED,INTEGRITY VERIFIED
64372,51435,2024-04-09 12:29:25.000000,11.95,1,1,RECONCILIATION SUCCESSFUL,INTEGRITY VERIFIED,INTEGRITY VERIFIED
62486,49920,2022-02-13 04:32:43.000000,87.59,2,2,RECONCILIATION SUCCESSFUL,INTEGRITY VERIFIED,INTEGRITY VERIFIED
63764,50954,2025-04-09 16:26:20.000000,274.54,4,4,RECONCILIATION SUCCESSFUL,INTEGRITY VERIFIED,INTEGRITY VERIFIED
123926,99242,2022-01-23 22:15:04.000000,26.99,2,2,RECONCILIATION SUCCESSFUL,INTEGRITY VERIFIED,INTEGRITY VERIFIED
8207,6559,2024-09-29 09:41:11.000000,12.5,1,1,RECONCILIATION SUCCESSFUL,INTEGRITY VERIFIED,INTEGRITY VERIFIED
24765,19776,2026-01-20 15:53:32.000000,12.5,1,1,RECONCILIATION SUCCESSFUL,INTEGRITY VERIFIED,INTEGRITY VERIFIED
62282,49742,2026-04-20 14:47:31.000000,12.51,1,1,RECONCILIATION SUCCESSFUL,INTEGRITY VERIFIED,INTEGRITY VERIFIED
69558,55630,2024-10-02 15:22:55.000000,37.95,2,2,RECONCILIATION SUCCESSFUL,INTEGRITY VERIFIED,INTEGRITY VERIFIED
48328,38608,2023-12-15 12:41:22.000000,228.98,4,4,RECONCILIATION SUCCESSFUL,INTEGRITY VERIFIED,INTEGRITY VERIFIED
44228,35282,2026-01-28 19:04:21.000000,12.99,1,1,RECONCILIATION SUCCESSFUL,INTEGRITY VERIFIED,INTEGRITY VERIFIED
55314,44186,2023-11-21 02:22:15.000000,248.37,4,4,RECONCILIATION SUCCESSFUL,INTEGRITY VERIFIED,INTEGRITY VERIFIED
30714,24523,2024-04-12 14:33:10.000000,167.19,4,4,RECONCILIATION SUCCESSFUL,INTEGRITY VERIFIED,INTEGRITY VERIFIED
57422,45915,2024-11-19 07:29:48.000000,113.95,4,4,RECONCILIATION SUCCESSFUL,INTEGRITY VERIFIED,INTEGRITY VERIFIED
42728,34099,2025-08-14 12:49:02.000000,97.44,3,3,RECONCILIATION SUCCESSFUL,INTEGRITY VERIFIED,INTEGRITY VERIFIED
8200,6549,2025-06-04 10:21:37.000000,162.0,2,2,RECONCILIATION SUCCESSFUL,INTEGRITY VERIFIED,INTEGRITY VERIFIED
26290,21000,2023-10-11 02:47:26.000000,377.94,4,4,RECONCILIATION SUCCESSFUL,INTEGRITY VERIFIED,INTEGRITY VERIFIED
98205,78734,2025-10-13 02:05:46.000000,120.97,3,3,RECONCILIATION SUCCESSFUL,INTEGRITY VERIFIED,INTEGRITY VERIFIED
23976,19157,2024-10-28 05:13:42.000000,14.95,1,1,RECONCILIATION SUCCESSFUL,INTEGRITY VERIFIED,INTEGRITY VERIFIED
98292,78807,2022-02-23 12:11:14.000000,14.99,1,1,RECONCILIATION SUCCESSFUL,INTEGRITY VERIFIED,INTEGRITY VERIFIED
38780,30978,2026-02-17 14:22:13.000000,14.99,1,1,RECONCILIATION SUCCESSFUL,INTEGRITY VERIFIED,INTEGRITY VERIFIED
22210,17719,2026-06-11 19:09:41.000000,41.0,2,2,RECONCILIATION SUCCESSFUL,INTEGRITY VERIFIED,INTEGRITY VERIFIED
16389,13059,2026-04-23 11:59:26.000000,15.0,1,1,RECONCILIATION SUCCESSFUL,INTEGRITY VERIFIED,INTEGRITY VERIFIED
14357,11444,2025-09-14 22:54:58.000000,15.52,1,1,RECONCILIATION SUCCESSFUL,INTEGRITY VERIFIED,INTEGRITY VERIFIED
83014,66423,2024-12-09 20:33:48.000000,97.52,4,4,RECONCILIATION SUCCESSFUL,INTEGRITY VERIFIED,INTEGRITY VERIFIED
12109,9641,2025-02-15 15:21:55.000000,229.54,4,4,RECONCILIATION SUCCESSFUL,INTEGRITY VERIFIED,INTEGRITY VERIFIED
22990,18364,2021-08-24 20:16:26.000000,84.3,3,3,RECONCILIATION SUCCESSFUL,INTEGRITY VERIFIED,INTEGRITY VERIFIED
102650,82302,2023-12-05 07:53:25.000000,141.45,3,3,RECONCILIATION SUCCESSFUL,INTEGRITY VERIFIED,INTEGRITY VERIFIED
36533,29160,2024-09-18 11:38:11.000000,39.89,2,2,RECONCILIATION SUCCESSFUL,INTEGRITY VERIFIED,INTEGRITY VERIFIED
61626,49227,2026-05-06 16:43:30.000000,217.52,4,4,RECONCILIATION SUCCESSFUL,INTEGRITY VERIFIED,INTEGRITY VERIFIED
7215,5764,2026-04-04 05:18:22.000000,35.94,2,2,RECONCILIATION SUCCESSFUL,INTEGRITY VERIFIED,INTEGRITY VERIFIED
15033,11993,2024-06-18 22:32:17.000000,295.94,2,2,RECONCILIATION SUCCESSFUL,INTEGRITY VERIFIED,INTEGRITY VERIFIED
49630,39620,2024-06-30 10:26:46.000000,132.97,4,4,RECONCILIATION SUCCESSFUL,INTEGRITY VERIFIED,INTEGRITY VERIFIED
54287,43351,2026-05-25 08:52:09.000000,15.99,1,1,RECONCILIATION SUCCESSFUL,INTEGRITY VERIFIED,INTEGRITY VERIFIED
3087,2472,2026-05-13 04:38:30.000000,145.98,2,2,RECONCILIATION SUCCESSFUL,INTEGRITY VERIFIED,INTEGRITY VERIFIED
83242,66605,2024-05-22 00:25:57.000000,127.49,3,3,RECONCILIATION SUCCESSFUL,INTEGRITY VERIFIED,INTEGRITY VERIFIED
35484,28325,2025-04-21 01:31:42.000000,41.0,2,2,RECONCILIATION SUCCESSFUL,INTEGRITY VERIFIED,INTEGRITY VERIFIED
116955,93647,2023-11-01 12:30:38.000000,108.48,4,4,RECONCILIATION SUCCESSFUL,INTEGRITY VERIFIED,INTEGRITY VERIFIED
77226,61744,2026-01-10 07:32:02.000000,16.95,1,1,RECONCILIATION SUCCESSFUL,INTEGRITY VERIFIED,INTEGRITY VERIFIED
67460,53956,2022-11-24 10:16:12.000000,16.99,1,1,RECONCILIATION SUCCESSFUL,INTEGRITY VERIFIED,INTEGRITY VERIFIED
51918,41441,2026-02-10 19:28:41.000000,17.95,1,1,RECONCILIATION SUCCESSFUL,INTEGRITY VERIFIED,INTEGRITY VERIFIED
110874,88796,2020-10-15 01:15:13.000000,17.95,1,1,RECONCILIATION SUCCESSFUL,INTEGRITY VERIFIED,INTEGRITY VERIFIED
103711,83142,2025-06-09 05:03:29.000000,67.49,2,2,RECONCILIATION SUCCESSFUL,INTEGRITY VERIFIED,INTEGRITY VERIFIED
4594,3630,2026-01-05 10:33:31.000000,131.95,3,3,RECONCILIATION SUCCESSFUL,INTEGRITY VERIFIED,INTEGRITY VERIFIED
72872,58291,2023-03-01 14:46:03.000000,117.0,2,2,RECONCILIATION SUCCESSFUL,INTEGRITY VERIFIED,INTEGRITY VERIFIED
60052,47963,2023-04-07 20:49:08.000000,210.54,4,4,RECONCILIATION SUCCESSFUL,INTEGRITY VERIFIED,INTEGRITY VERIFIED
98380,78880,2026-05-16 23:17:48.000000,314.68,4,4,RECONCILIATION SUCCESSFUL,INTEGRITY VERIFIED,INTEGRITY VERIFIED
2569,2049,2026-01-30 18:21:45.000000,18.97,1,1,RECONCILIATION SUCCESSFUL,INTEGRITY VERIFIED,INTEGRITY VERIFIED
62066,49589,2023-07-13 19:13:25.000000,18.99,1,1,RECONCILIATION SUCCESSFUL,INTEGRITY VERIFIED,INTEGRITY VERIFIED
68423,54752,2026-06-07 08:54:37.000000,189.98,3,3,RECONCILIATION SUCCESSFUL,INTEGRITY VERIFIED,INTEGRITY VERIFIED
84889,67918,2026-01-08 11:44:04.000000,334.23,4,4,RECONCILIATION SUCCESSFUL,INTEGRITY VERIFIED,INTEGRITY VERIFIED
29307,23419,2025-07-09 07:20:18.000000,79.3,2,2,RECONCILIATION SUCCESSFUL,INTEGRITY VERIFIED,INTEGRITY VERIFIED
73585,58855,2023-09-12 00:24:11.000000,19.5,1,1,RECONCILIATION SUCCESSFUL,INTEGRITY VERIFIED,INTEGRITY VERIFIED
75490,60376,2022-10-05 09:38:12.000000,188.87,4,4,RECONCILIATION SUCCESSFUL,INTEGRITY VERIFIED,INTEGRITY VERIFIED
20182,16123,2021-05-02 21:42:38.000000,45.94,2,2,RECONCILIATION SUCCESSFUL,INTEGRITY VERIFIED,INTEGRITY VERIFIED
36509,29132,2025-05-22 03:34:44.000000,132.99,3,3,RECONCILIATION SUCCESSFUL,INTEGRITY VERIFIED,INTEGRITY VERIFIED
10070,8036,2024-12-27 20:38:16.000000,19.99,1,1,RECONCILIATION SUCCESSFUL,INTEGRITY VERIFIED,INTEGRITY VERIFIED
51695,41280,2026-06-16 06:03:50.825819,19.99,1,1,RECONCILIATION SUCCESSFUL,INTEGRITY VERIFIED,INTEGRITY VERIFIED
52238,41695,2025-12-29 06:03:49.000000,19.99,1,1,RECONCILIATION SUCCESSFUL,INTEGRITY VERIFIED,INTEGRITY VERIFIED
24168,19314,2023-02-21 12:52:46.000000,84.99,2,2,RECONCILIATION SUCCESSFUL,INTEGRITY VERIFIED,INTEGRITY VERIFIED
122057,97718,2024-07-18 01:48:26.000000,19.99,1,1,RECONCILIATION SUCCESSFUL,INTEGRITY VERIFIED,INTEGRITY VERIFIED
10497,8352,2026-05-14 13:57:16.000000,128.16,4,4,RECONCILIATION SUCCESSFUL,INTEGRITY VERIFIED,INTEGRITY VERIFIED
3989,3176,2025-09-08 21:12:10.000000,143.61,2,2,RECONCILIATION SUCCESSFUL,INTEGRITY VERIFIED,INTEGRITY VERIFIED
30196,24118,2025-08-23 05:29:04.000000,20.0,1,1,RECONCILIATION SUCCESSFUL,INTEGRITY VERIFIED,INTEGRITY VERIFIED
109391,87641,2025-01-11 10:48:25.000000,154.93,4,4,RECONCILIATION SUCCESSFUL,INTEGRITY VERIFIED,INTEGRITY VERIFIED
26580,21244,2026-04-23 08:20:44.000000,46.98,2,2,RECONCILIATION SUCCESSFUL,INTEGRITY VERIFIED,INTEGRITY VERIFIED
35188,28098,2025-10-18 18:23:48.000000,73.99,3,3,RECONCILIATION SUCCESSFUL,INTEGRITY VERIFIED,INTEGRITY VERIFIED
119987,96044,2025-10-31 07:16:35.000000,60.7,2,2,RECONCILIATION SUCCESSFUL,INTEGRITY VERIFIED,INTEGRITY VERIFIED
115093,92153,2022-07-11 23:08:02.000000,20.99,1,1,RECONCILIATION SUCCESSFUL,INTEGRITY VERIFIED,INTEGRITY VERIFIED
41449,33068,2020-10-29 01:24:39.000000,21.34,1,1,RECONCILIATION SUCCESSFUL,INTEGRITY VERIFIED,INTEGRITY VERIFIED
103016,82605,2023-08-28 10:21:29.000000,243.84,3,3,RECONCILIATION SUCCESSFUL,INTEGRITY VERIFIED,INTEGRITY VERIFIED
99890,80127,2026-06-07 05:44:32.000000,21.9,1,1,RECONCILIATION SUCCESSFUL,INTEGRITY VERIFIED,INTEGRITY VERIFIED
30839,24617,2026-02-22 14:50:52.000000,21.95,1,1,RECONCILIATION SUCCESSFUL,INTEGRITY VERIFIED,INTEGRITY VERIFIED
50777,40570,2026-03-01 06:56:44.000000,184.98,4,4,RECONCILIATION SUCCESSFUL,INTEGRITY VERIFIED,INTEGRITY VERIFIED
70362,56272,2024-05-12 19:28:43.000000,125.93,3,3,RECONCILIATION SUCCESSFUL,INTEGRITY VERIFIED,INTEGRITY VERIFIED
3737,2964,2026-02-15 07:46:10.000000,22.0,1,1,RECONCILIATION SUCCESSFUL,INTEGRITY VERIFIED,INTEGRITY VERIFIED
101659,81507,2026-01-08 12:30:39.000000,197.29,4,4,RECONCILIATION SUCCESSFUL,INTEGRITY VERIFIED,INTEGRITY VERIFIED
92959,74467,2021-09-03 00:51:07.000000,22.0,1,1,RECONCILIATION SUCCESSFUL,INTEGRITY VERIFIED,INTEGRITY VERIFIED
112180,89829,2023-04-14 00:06:58.000000,218.1,4,4,RECONCILIATION SUCCESSFUL,INTEGRITY VERIFIED,INTEGRITY VERIFIED
44874,35787,2022-09-17 15:06:13.000000,22.97,1,1,RECONCILIATION SUCCESSFUL,INTEGRITY VERIFIED,INTEGRITY VERIFIED
66709,53337,2024-05-06 12:06:26.000000,118.88,4,4,RECONCILIATION SUCCESSFUL,INTEGRITY VERIFIED,INTEGRITY VERIFIED
102962,82554,2025-04-26 17:51:32.000000,23.0,1,1,RECONCILIATION SUCCESSFUL,INTEGRITY VERIFIED,INTEGRITY VERIFIED
18965,15141,2024-06-04 15:09:02.000000,127.42,4,4,RECONCILIATION SUCCESSFUL,INTEGRITY VERIFIED,INTEGRITY VERIFIED
3158,2518,2023-09-05 22:26:32.000000,23.5,1,1,RECONCILIATION SUCCESSFUL,INTEGRITY VERIFIED,INTEGRITY VERIFIED
116185,93019,2021-10-03 02:23:55.000000,23.7,1,1,RECONCILIATION SUCCESSFUL,INTEGRITY VERIFIED,INTEGRITY VERIFIED
44888,35800,2023-10-21 03:01:14.000000,23.97,1,1,RECONCILIATION SUCCESSFUL,INTEGRITY VERIFIED,INTEGRITY VERIFIED
65964,52725,2023-07-23 15:42:21.000000,349.89,4,4,RECONCILIATION SUCCESSFUL,INTEGRITY VERIFIED,INTEGRITY VERIFIED
98982,79361,2025-03-04 12:32:26.000000,93.98,2,2,RECONCILIATION SUCCESSFUL,INTEGRITY VERIFIED,INTEGRITY VERIFIED
123719,99074,2025-06-02 21:55:09.000000,65.8,2,2,RECONCILIATION SUCCESSFUL,INTEGRITY VERIFIED,INTEGRITY VERIFIED
3520,2800,2023-10-02 04:45:43.000000,24.0,1,1,RECONCILIATION SUCCESSFUL,INTEGRITY VERIFIED,INTEGRITY VERIFIED
13579,10794,2026-05-10 12:15:22.000000,24.0,1,1,RECONCILIATION SUCCESSFUL,INTEGRITY VERIFIED,INTEGRITY VERIFIED
115081,92143,2024-12-21 05:16:02.000000,103.66,3,3,RECONCILIATION SUCCESSFUL,INTEGRITY VERIFIED,INTEGRITY VERIFIED
40679,32476,2019-09-28 09:52:16.000000,24.95,1,1,RECONCILIATION SUCCESSFUL,INTEGRITY VERIFIED,INTEGRITY VERIFIED
76585,61232,2024-09-10 12:21:56.000000,24.99,1,1,RECONCILIATION SUCCESSFUL,INTEGRITY VERIFIED,INTEGRITY VERIFIED
79426,63488,2020-06-10 01:33:24.000000,24.99,1,1,RECONCILIATION SUCCESSFUL,INTEGRITY VERIFIED,INTEGRITY VERIFIED
114901,92010,2024-12-01 20:01:46.000000,82.99,2,2,RECONCILIATION SUCCESSFUL,INTEGRITY VERIFIED,INTEGRITY VERIFIED
46390,37055,2020-06-16 01:20:47.000000,353.32,3,3,RECONCILIATION SUCCESSFUL,INTEGRITY VERIFIED,INTEGRITY VERIFIED
98901,79298,2026-06-16 04:09:54.299712,24.99,1,1,RECONCILIATION SUCCESSFUL,INTEGRITY VERIFIED,INTEGRITY VERIFIED
19028,15187,2025-11-01 13:00:37.000000,76.99,2,2,RECONCILIATION SUCCESSFUL,INTEGRITY VERIFIED,INTEGRITY VERIFIED
43909,35036,2022-12-26 12:49:42.000000,68.13,2,2,RECONCILIATION SUCCESSFUL,INTEGRITY VERIFIED,INTEGRITY VERIFIED
88613,70900,2026-02-17 19:25:17.000000,24.99,1,1,RECONCILIATION SUCCESSFUL,INTEGRITY VERIFIED,INTEGRITY VERIFIED
12887,10231,2026-05-22 01:37:10.000000,184.5,3,3,RECONCILIATION SUCCESSFUL,INTEGRITY VERIFIED,INTEGRITY VERIFIED
83518,66844,2026-04-27 12:35:24.000000,50.0,2,2,RECONCILIATION SUCCESSFUL,INTEGRITY VERIFIED,INTEGRITY VERIFIED
8592,6870,2024-01-11 02:07:55.000000,25.0,1,1,RECONCILIATION SUCCESSFUL,INTEGRITY VERIFIED,INTEGRITY VERIFIED
12926,10261,2022-02-28 02:26:42.000000,25.0,1,1,RECONCILIATION SUCCESSFUL,INTEGRITY VERIFIED,INTEGRITY VERIFIED
56668,45278,2021-01-26 13:22:01.000000,95.0,2,2,RECONCILIATION SUCCESSFUL,INTEGRITY VERIFIED,INTEGRITY VERIFIED
57486,45963,2024-02-09 00:27:24.000000,25.0,1,1,RECONCILIATION SUCCESSFUL,INTEGRITY VERIFIED,INTEGRITY VERIFIED
73001,58401,2024-12-07 08:33:27.000000,94.99,2,2,RECONCILIATION SUCCESSFUL,INTEGRITY VERIFIED,INTEGRITY VERIFIED
102698,82350,2023-04-17 09:56:17.000000,167.45,4,4,RECONCILIATION SUCCESSFUL,INTEGRITY VERIFIED,INTEGRITY VERIFIED
48875,39011,2026-01-01 21:08:30.000000,25.0,1,1,RECONCILIATION SUCCESSFUL,INTEGRITY VERIFIED,INTEGRITY VERIFIED
65370,52203,2021-11-30 04:05:19.000000,25.0,1,1,RECONCILIATION SUCCESSFUL,INTEGRITY VERIFIED,INTEGRITY VERIFIED
86521,69279,2025-08-24 07:06:53.000000,371.0,4,4,RECONCILIATION SUCCESSFUL,INTEGRITY VERIFIED,INTEGRITY VERIFIED
114815,91945,2024-05-06 14:44:19.000000,25.0,1,1,RECONCILIATION SUCCESSFUL,INTEGRITY VERIFIED,INTEGRITY VERIFIED
50176,40074,2025-10-08 11:11:52.000000,63.95,2,2,RECONCILIATION SUCCESSFUL,INTEGRITY VERIFIED,INTEGRITY VERIFIED
50207,40104,2026-05-21 23:46:39.000000,67.0,2,2,RECONCILIATION SUCCESSFUL,INTEGRITY VERIFIED,INTEGRITY VERIFIED
61526,49146,2025-12-01 07:28:23.000000,25.2,1,1,RECONCILIATION SUCCESSFUL,INTEGRITY VERIFIED,INTEGRITY VERIFIED
91716,73431,2023-05-08 16:16:11.000000,25.5,1,1,RECONCILIATION SUCCESSFUL,INTEGRITY VERIFIED,INTEGRITY VERIFIED
66985,53575,2020-01-27 22:02:00.000000,327.99,4,4,RECONCILIATION SUCCESSFUL,INTEGRITY VERIFIED,INTEGRITY VERIFIED
46874,37455,2024-10-27 18:13:49.000000,26.0,1,1,RECONCILIATION SUCCESSFUL,INTEGRITY VERIFIED,INTEGRITY VERIFIED
100879,80878,2021-02-28 05:04:24.000000,81.95,2,2,RECONCILIATION SUCCESSFUL,INTEGRITY VERIFIED,INTEGRITY VERIFIED
94661,75880,2024-08-28 19:08:15.000000,150.99,2,2,RECONCILIATION SUCCESSFUL,INTEGRITY VERIFIED,INTEGRITY VERIFIED
9041,7219,2025-07-25 07:19:40.000000,284.99,4,4,RECONCILIATION SUCCESSFUL,INTEGRITY VERIFIED,INTEGRITY VERIFIED
9647,7699,2022-08-02 07:35:24.000000,26.23,1,1,RECONCILIATION SUCCESSFUL,INTEGRITY VERIFIED,INTEGRITY VERIFIED
4003,3191,2024-09-28 17:45:12.000000,26.47,1,1,RECONCILIATION SUCCESSFUL,INTEGRITY VERIFIED,INTEGRITY VERIFIED
61759,49331,2023-10-30 14:28:22.000000,26.9,1,1,RECONCILIATION SUCCESSFUL,INTEGRITY VERIFIED,INTEGRITY VERIFIED
31867,25450,2024-10-30 09:24:26.000000,116.49,2,2,RECONCILIATION SUCCESSFUL,INTEGRITY VERIFIED,INTEGRITY VERIFIED
33925,27066,2023-10-18 04:16:53.000000,215.99,2,2,RECONCILIATION SUCCESSFUL,INTEGRITY VERIFIED,INTEGRITY VERIFIED
95324,76402,2026-05-12 11:00:05.000000,105.71,3,3,RECONCILIATION SUCCESSFUL,INTEGRITY VERIFIED,INTEGRITY VERIFIED
28668,22921,2026-03-08 12:02:16.000000,70.95,2,2,RECONCILIATION SUCCESSFUL,INTEGRITY VERIFIED,INTEGRITY VERIFIED
102300,82014,2024-09-02 04:44:58.000000,27.7,1,1,RECONCILIATION SUCCESSFUL,INTEGRITY VERIFIED,INTEGRITY VERIFIED
124060,99358,2024-06-06 14:06:34.000000,114.79,2,2,RECONCILIATION SUCCESSFUL,INTEGRITY VERIFIED,INTEGRITY VERIFIED
93185,74662,2025-06-11 08:25:54.000000,94.68,2,2,RECONCILIATION SUCCESSFUL,INTEGRITY VERIFIED,INTEGRITY VERIFIED
66833,53440,2024-09-03 18:40:02.000000,28.0,1,1,RECONCILIATION SUCCESSFUL,INTEGRITY VERIFIED,INTEGRITY VERIFIED
40961,32687,2025-03-09 15:48:32.000000,192.45,4,4,RECONCILIATION SUCCESSFUL,INTEGRITY VERIFIED,INTEGRITY VERIFIED
95470,76514,2021-06-07 23:59:25.000000,28.0,1,1,RECONCILIATION SUCCESSFUL,INTEGRITY VERIFIED,INTEGRITY VERIFIED
28710,22948,2023-05-16 15:47:00.000000,775.99,3,3,RECONCILIATION SUCCESSFUL,INTEGRITY VERIFIED,INTEGRITY VERIFIED
43325,34578,2022-03-04 07:55:38.000000,197.98,3,3,RECONCILIATION SUCCESSFUL,INTEGRITY VERIFIED,INTEGRITY VERIFIED
49189,39240,2025-01-30 04:00:05.000000,126.95,2,2,RECONCILIATION SUCCESSFUL,INTEGRITY VERIFIED,INTEGRITY VERIFIED
116032,92894,2025-04-06 18:20:33.000000,28.0,1,1,RECONCILIATION SUCCESSFUL,INTEGRITY VERIFIED,INTEGRITY VERIFIED
113294,90704,2026-06-15 22:26:14.004908,28.95,1,1,RECONCILIATION SUCCESSFUL,INTEGRITY VERIFIED,INTEGRITY VERIFIED
21014,16802,2023-06-06 13:05:04.000000,112.98,3,3,RECONCILIATION SUCCESSFUL,INTEGRITY VERIFIED,INTEGRITY VERIFIED
12191,9709,2023-02-26 18:54:18.000000,29.18,1,1,RECONCILIATION SUCCESSFUL,INTEGRITY VERIFIED,INTEGRITY VERIFIED
87059,69685,2026-04-15 04:01:46.000000,84.41,2,2,RECONCILIATION SUCCESSFUL,INTEGRITY VERIFIED,INTEGRITY VERIFIED
95795,76797,2022-05-16 08:56:22.000000,29.9,1,1,RECONCILIATION SUCCESSFUL,INTEGRITY VERIFIED,INTEGRITY VERIFIED
75348,60260,2025-11-03 19:05:35.000000,60.99,2,2,RECONCILIATION SUCCESSFUL,INTEGRITY VERIFIED,INTEGRITY VERIFIED
15873,12656,2022-11-18 00:27:06.000000,69.94,2,2,RECONCILIATION SUCCESSFUL,INTEGRITY VERIFIED,INTEGRITY VERIFIED
117685,94244,2023-03-10 12:26:38.000000,121.44,3,3,RECONCILIATION SUCCESSFUL,INTEGRITY VERIFIED,INTEGRITY VERIFIED
20228,16168,2026-05-21 21:09:53.000000,325.59,4,4,RECONCILIATION SUCCESSFUL,INTEGRITY VERIFIED,INTEGRITY VERIFIED
122399,98002,2026-03-06 12:23:58.000000,71.8,2,2,RECONCILIATION SUCCESSFUL,INTEGRITY VERIFIED,INTEGRITY VERIFIED
60198,48073,2022-03-07 11:02:47.000000,30.2,1,1,RECONCILIATION SUCCESSFUL,INTEGRITY VERIFIED,INTEGRITY VERIFIED
31233,24958,2026-05-12 00:38:17.000000,30.4,1,1,RECONCILIATION SUCCESSFUL,INTEGRITY VERIFIED,INTEGRITY VERIFIED
81488,65201,2024-07-12 14:15:47.000000,80.5,2,2,RECONCILIATION SUCCESSFUL,INTEGRITY VERIFIED,INTEGRITY VERIFIED
30475,24330,2025-03-07 01:42:38.000000,270.99,4,4,RECONCILIATION SUCCESSFUL,INTEGRITY VERIFIED,INTEGRITY VERIFIED
75826,60647,2022-11-02 03:35:02.000000,31.98,1,1,RECONCILIATION SUCCESSFUL,INTEGRITY VERIFIED,INTEGRITY VERIFIED
88810,71063,2026-05-13 20:48:15.000000,31.98,1,1,RECONCILIATION SUCCESSFUL,INTEGRITY VERIFIED,INTEGRITY VERIFIED
83791,67051,2023-08-24 05:12:20.000000,31.99,1,1,RECONCILIATION SUCCESSFUL,INTEGRITY VERIFIED,INTEGRITY VERIFIED
106424,85311,2023-08-14 04:39:06.000000,188.98,4,4,RECONCILIATION SUCCESSFUL,INTEGRITY VERIFIED,INTEGRITY VERIFIED
117440,94047,2023-01-16 16:42:48.000000,485.89,4,4,RECONCILIATION SUCCESSFUL,INTEGRITY VERIFIED,INTEGRITY VERIFIED
97781,78380,2026-03-13 08:43:24.000000,32.99,1,1,RECONCILIATION SUCCESSFUL,INTEGRITY VERIFIED,INTEGRITY VERIFIED
110414,88431,2026-04-03 09:20:26.000000,32.99,1,1,RECONCILIATION SUCCESSFUL,INTEGRITY VERIFIED,INTEGRITY VERIFIED
49183,39238,2023-12-29 07:54:16.000000,32.99,1,1,RECONCILIATION SUCCESSFUL,INTEGRITY VERIFIED,INTEGRITY VERIFIED
106857,85628,2024-09-22 23:10:51.000000,32.99,1,1,RECONCILIATION SUCCESSFUL,INTEGRITY VERIFIED,INTEGRITY VERIFIED
95962,76926,2022-11-21 22:25:07.000000,33.0,1,1,RECONCILIATION SUCCESSFUL,INTEGRITY VERIFIED,INTEGRITY VERIFIED
65542,52346,2023-10-28 16:44:33.000000,33.0,1,1,RECONCILIATION SUCCESSFUL,INTEGRITY VERIFIED,INTEGRITY VERIFIED
58727,46924,2026-03-04 07:42:20.000000,188.62,3,3,RECONCILIATION SUCCESSFUL,INTEGRITY VERIFIED,INTEGRITY VERIFIED
91680,73400,2026-06-14 07:20:03.063788,34.0,1,1,RECONCILIATION SUCCESSFUL,INTEGRITY VERIFIED,INTEGRITY VERIFIED
94651,75869,2023-03-11 08:55:29.000000,88.0,2,2,RECONCILIATION SUCCESSFUL,INTEGRITY VERIFIED,INTEGRITY VERIFIED
103910,83299,2026-05-22 22:27:27.000000,34.0,1,1,RECONCILIATION SUCCESSFUL,INTEGRITY VERIFIED,INTEGRITY VERIFIED
16791,13371,2024-06-04 14:04:48.000000,131.23,2,2,RECONCILIATION SUCCESSFUL,INTEGRITY VERIFIED,INTEGRITY VERIFIED
115399,92387,2025-12-02 14:37:47.000000,120.18,2,2,RECONCILIATION SUCCESSFUL,INTEGRITY VERIFIED,INTEGRITY VERIFIED
121483,97257,2024-10-21 01:45:18.000000,34.95,1,1,RECONCILIATION SUCCESSFUL,INTEGRITY VERIFIED,INTEGRITY VERIFIED
79786,63761,2026-02-03 01:52:54.000000,163.97,3,3,RECONCILIATION SUCCESSFUL,INTEGRITY VERIFIED,INTEGRITY VERIFIED
42670,34041,2024-02-26 03:52:51.000000,79.99,2,2,RECONCILIATION SUCCESSFUL,INTEGRITY VERIFIED,INTEGRITY VERIFIED
75646,60496,2022-12-21 08:38:50.000000,34.99,1,1,RECONCILIATION SUCCESSFUL,INTEGRITY VERIFIED,INTEGRITY VERIFIED
53758,42922,2023-06-30 10:28:47.000000,150.8,2,2,RECONCILIATION SUCCESSFUL,INTEGRITY VERIFIED,INTEGRITY VERIFIED
39962,31910,2021-09-18 08:39:52.000000,134.08,2,2,RECONCILIATION SUCCESSFUL,INTEGRITY VERIFIED,INTEGRITY VERIFIED
69851,55859,2026-04-27 17:20:43.000000,214.09,2,2,RECONCILIATION SUCCESSFUL,INTEGRITY VERIFIED,INTEGRITY VERIFIED
10071,8038,2021-07-10 21:34:11.000000,108.95,2,2,RECONCILIATION SUCCESSFUL,INTEGRITY VERIFIED,INTEGRITY VERIFIED
123886,99203,2025-08-15 21:09:12.000000,1217.94,4,4,RECONCILIATION SUCCESSFUL,INTEGRITY VERIFIED,INTEGRITY VERIFIED
61241,48919,2025-11-04 13:14:09.000000,37.99,1,1,RECONCILIATION SUCCESSFUL,INTEGRITY VERIFIED,INTEGRITY VERIFIED
9753,7779,2025-01-18 11:11:58.000000,38.0,1,1,RECONCILIATION SUCCESSFUL,INTEGRITY VERIFIED,INTEGRITY VERIFIED
12449,9915,2019-12-26 04:24:44.000000,90.98,2,2,RECONCILIATION SUCCESSFUL,INTEGRITY VERIFIED,INTEGRITY VERIFIED
14679,11715,2020-08-10 04:04:26.000000,275.03,2,2,RECONCILIATION SUCCESSFUL,INTEGRITY VERIFIED,INTEGRITY VERIFIED
118508,94876,2025-05-17 07:43:20.000000,38.19,1,1,RECONCILIATION SUCCESSFUL,INTEGRITY VERIFIED,INTEGRITY VERIFIED
108115,86615,2021-08-22 16:09:05.000000,38.84,1,1,RECONCILIATION SUCCESSFUL,INTEGRITY VERIFIED,INTEGRITY VERIFIED
58006,46359,2025-06-24 03:46:57.000000,39.45,1,1,RECONCILIATION SUCCESSFUL,INTEGRITY VERIFIED,INTEGRITY VERIFIED
32151,25665,2024-05-07 02:22:41.000000,139.83,3,3,RECONCILIATION SUCCESSFUL,INTEGRITY VERIFIED,INTEGRITY VERIFIED
61040,48743,2023-05-11 08:21:59.000000,39.95,1,1,RECONCILIATION SUCCESSFUL,INTEGRITY VERIFIED,INTEGRITY VERIFIED
122540,98121,2026-06-02 14:17:16.000000,307.95,2,2,RECONCILIATION SUCCESSFUL,INTEGRITY VERIFIED,INTEGRITY VERIFIED
37849,30215,2024-07-18 17:46:12.000000,39.98,1,1,RECONCILIATION SUCCESSFUL,INTEGRITY VERIFIED,INTEGRITY VERIFIED
2527,2024,2026-05-12 07:31:20.000000,84.89,2,2,RECONCILIATION SUCCESSFUL,INTEGRITY VERIFIED,INTEGRITY VERIFIED
8460,6760,2025-11-28 06:49:31.000000,86.49,2,2,RECONCILIATION SUCCESSFUL,INTEGRITY VERIFIED,INTEGRITY VERIFIED
44276,35322,2025-01-07 12:57:41.000000,39.99,1,1,RECONCILIATION SUCCESSFUL,INTEGRITY VERIFIED,INTEGRITY VERIFIED
101543,81411,2025-11-23 06:11:22.000000,39.99,1,1,RECONCILIATION SUCCESSFUL,INTEGRITY VERIFIED,INTEGRITY VERIFIED
85248,68209,2020-02-01 20:56:54.000000,144.94,2,2,RECONCILIATION SUCCESSFUL,INTEGRITY VERIFIED,INTEGRITY VERIFIED
24803,19811,2026-01-30 04:11:13.000000,41.45,1,1,RECONCILIATION SUCCESSFUL,INTEGRITY VERIFIED,INTEGRITY VERIFIED
53727,42896,2026-01-29 04:41:15.000000,41.45,1,1,RECONCILIATION SUCCESSFUL,INTEGRITY VERIFIED,INTEGRITY VERIFIED
122742,98282,2025-06-16 21:24:00.000000,96.8,2,2,RECONCILIATION SUCCESSFUL,INTEGRITY VERIFIED,INTEGRITY VERIFIED
21791,17390,2026-02-16 06:11:41.000000,41.99,1,1,RECONCILIATION SUCCESSFUL,INTEGRITY VERIFIED,INTEGRITY VERIFIED
80039,63978,2025-03-21 21:43:58.000000,41.99,1,1,RECONCILIATION SUCCESSFUL,INTEGRITY VERIFIED,INTEGRITY VERIFIED
121085,96934,2025-01-14 06:32:37.000000,592.0,3,3,RECONCILIATION SUCCESSFUL,INTEGRITY VERIFIED,INTEGRITY VERIFIED
17873,14233,2026-05-17 21:24:19.000000,172.42,2,2,RECONCILIATION SUCCESSFUL,INTEGRITY VERIFIED,INTEGRITY VERIFIED
114898,92009,2024-09-18 05:39:13.000000,44.93,1,1,RECONCILIATION SUCCESSFUL,INTEGRITY VERIFIED,INTEGRITY VERIFIED
93954,75310,2025-11-23 23:42:12.000000,330.99,2,2,RECONCILIATION SUCCESSFUL,INTEGRITY VERIFIED,INTEGRITY VERIFIED
83661,66949,2025-01-23 11:42:42.000000,44.99,1,1,RECONCILIATION SUCCESSFUL,INTEGRITY VERIFIED,INTEGRITY VERIFIED
13760,10948,2026-03-17 10:27:32.000000,150.55,2,2,RECONCILIATION SUCCESSFUL,INTEGRITY VERIFIED,INTEGRITY VERIFIED
55446,44286,2021-01-04 00:02:34.000000,45.0,1,1,RECONCILIATION SUCCESSFUL,INTEGRITY VERIFIED,INTEGRITY VERIFIED
54469,43494,2025-10-22 10:27:13.000000,46.0,1,1,RECONCILIATION SUCCESSFUL,INTEGRITY VERIFIED,INTEGRITY VERIFIED
110175,88252,2026-04-29 11:17:01.000000,46.0,1,1,RECONCILIATION SUCCESSFUL,INTEGRITY VERIFIED,INTEGRITY VERIFIED
28268,22597,2025-12-16 11:47:09.000000,46.99,1,1,RECONCILIATION SUCCESSFUL,INTEGRITY VERIFIED,INTEGRITY VERIFIED
26502,21178,2024-06-26 05:48:46.000000,141.94,2,2,RECONCILIATION SUCCESSFUL,INTEGRITY VERIFIED,INTEGRITY VERIFIED
121834,97546,2025-12-02 06:03:50.000000,48.98,1,1,RECONCILIATION SUCCESSFUL,INTEGRITY VERIFIED,INTEGRITY VERIFIED
117919,94411,2024-09-05 10:38:30.000000,48.99,1,1,RECONCILIATION SUCCESSFUL,INTEGRITY VERIFIED,INTEGRITY VERIFIED
90362,72315,2026-03-28 18:36:52.000000,49.0,1,1,RECONCILIATION SUCCESSFUL,INTEGRITY VERIFIED,INTEGRITY VERIFIED
110386,88412,2025-06-08 01:49:06.000000,49.45,1,1,RECONCILIATION SUCCESSFUL,INTEGRITY VERIFIED,INTEGRITY VERIFIED
104638,83866,2023-10-02 20:53:07.000000,181.44,2,2,RECONCILIATION SUCCESSFUL,INTEGRITY VERIFIED,INTEGRITY VERIFIED
3049,2435,2024-11-20 19:31:56.000000,49.5,1,1,RECONCILIATION SUCCESSFUL,INTEGRITY VERIFIED,INTEGRITY VERIFIED
12634,10052,2025-10-27 09:49:26.000000,953.27,3,3,RECONCILIATION SUCCESSFUL,INTEGRITY VERIFIED,INTEGRITY VERIFIED
100744,80777,2026-01-04 00:16:44.000000,179.38,2,2,RECONCILIATION SUCCESSFUL,INTEGRITY VERIFIED,INTEGRITY VERIFIED
57582,46029,2022-10-17 18:05:32.000000,764.8,4,4,RECONCILIATION SUCCESSFUL,INTEGRITY VERIFIED,INTEGRITY VERIFIED
117979,94452,2021-05-05 19:36:00.000000,416.12,4,4,RECONCILIATION SUCCESSFUL,INTEGRITY VERIFIED,INTEGRITY VERIFIED
120389,96367,2025-07-11 15:42:36.000000,49.99,1,1,RECONCILIATION SUCCESSFUL,INTEGRITY VERIFIED,INTEGRITY VERIFIED
39693,31698,2023-06-09 09:32:45.000000,104.98,2,2,RECONCILIATION SUCCESSFUL,INTEGRITY VERIFIED,INTEGRITY VERIFIED
104553,83781,2022-07-06 00:44:04.000000,49.99,1,1,RECONCILIATION SUCCESSFUL,INTEGRITY VERIFIED,INTEGRITY VERIFIED
103803,83221,2021-11-06 01:59:49.000000,109.99,2,2,RECONCILIATION SUCCESSFUL,INTEGRITY VERIFIED,INTEGRITY VERIFIED
31146,24877,2021-08-28 12:49:25.000000,49.99,1,1,RECONCILIATION SUCCESSFUL,INTEGRITY VERIFIED,INTEGRITY VERIFIED
77734,62149,2025-02-12 20:01:29.000000,50.99,1,1,RECONCILIATION SUCCESSFUL,INTEGRITY VERIFIED,INTEGRITY VERIFIED
58019,46369,2026-06-12 06:36:21.072899,52.0,1,1,RECONCILIATION SUCCESSFUL,INTEGRITY VERIFIED,INTEGRITY VERIFIED
13456,10688,2026-05-24 22:29:07.000000,52.0,1,1,RECONCILIATION SUCCESSFUL,INTEGRITY VERIFIED,INTEGRITY VERIFIED
89723,71791,2025-07-19 05:26:12.000000,52.0,1,1,RECONCILIATION SUCCESSFUL,INTEGRITY VERIFIED,INTEGRITY VERIFIED
112282,89912,2026-03-15 12:58:02.000000,122.0,2,2,RECONCILIATION SUCCESSFUL,INTEGRITY VERIFIED,INTEGRITY VERIFIED
116642,93378,2025-10-11 06:54:02.000000,108.08,2,2,RECONCILIATION SUCCESSFUL,INTEGRITY VERIFIED,INTEGRITY VERIFIED
80436,64326,2023-01-30 19:43:10.000000,52.5,1,1,RECONCILIATION SUCCESSFUL,INTEGRITY VERIFIED,INTEGRITY VERIFIED
111230,89083,2022-09-25 08:11:25.000000,53.0,1,1,RECONCILIATION SUCCESSFUL,INTEGRITY VERIFIED,INTEGRITY VERIFIED
11520,9155,2024-11-28 15:37:10.000000,53.0,1,1,RECONCILIATION SUCCESSFUL,INTEGRITY VERIFIED,INTEGRITY VERIFIED
69004,55206,2022-06-06 08:02:17.000000,53.02,1,1,RECONCILIATION SUCCESSFUL,INTEGRITY VERIFIED,INTEGRITY VERIFIED
95544,76587,2025-08-31 07:21:17.000000,53.95,1,1,RECONCILIATION SUCCESSFUL,INTEGRITY VERIFIED,INTEGRITY VERIFIED
38657,30868,2021-07-14 05:44:19.000000,194.0,2,2,RECONCILIATION SUCCESSFUL,INTEGRITY VERIFIED,INTEGRITY VERIFIED
93842,75205,2026-02-10 18:59:41.000000,108.99,2,2,RECONCILIATION SUCCESSFUL,INTEGRITY VERIFIED,INTEGRITY VERIFIED
102704,82353,2020-02-23 01:37:03.000000,232.0,2,2,RECONCILIATION SUCCESSFUL,INTEGRITY VERIFIED,INTEGRITY VERIFIED
43841,34979,2020-12-28 07:13:32.000000,54.98,1,1,RECONCILIATION SUCCESSFUL,INTEGRITY VERIFIED,INTEGRITY VERIFIED
22028,17577,2023-06-26 05:02:06.000000,252.99,2,2,RECONCILIATION SUCCESSFUL,INTEGRITY VERIFIED,INTEGRITY VERIFIED
57141,45689,2024-11-15 02:50:23.000000,55.0,1,1,RECONCILIATION SUCCESSFUL,INTEGRITY VERIFIED,INTEGRITY VERIFIED
84020,67242,2026-06-12 05:15:31.101026,117.36,2,2,RECONCILIATION SUCCESSFUL,INTEGRITY VERIFIED,INTEGRITY VERIFIED
86529,69285,2025-08-26 13:11:10.000000,289.85,4,4,RECONCILIATION SUCCESSFUL,INTEGRITY VERIFIED,INTEGRITY VERIFIED
61456,49097,2025-09-03 04:00:07.000000,57.19,1,1,RECONCILIATION SUCCESSFUL,INTEGRITY VERIFIED,INTEGRITY VERIFIED
58978,47117,2026-06-15 05:00:53.268676,57.5,1,1,RECONCILIATION SUCCESSFUL,INTEGRITY VERIFIED,INTEGRITY VERIFIED
43127,34420,2025-02-23 08:24:48.000000,192.95,2,2,RECONCILIATION SUCCESSFUL,INTEGRITY VERIFIED,INTEGRITY VERIFIED
112840,90337,2024-06-17 01:59:16.000000,57.99,1,1,RECONCILIATION SUCCESSFUL,INTEGRITY VERIFIED,INTEGRITY VERIFIED
18490,14724,2022-05-13 11:37:13.000000,58.0,1,1,RECONCILIATION SUCCESSFUL,INTEGRITY VERIFIED,INTEGRITY VERIFIED
66900,53498,2026-01-05 22:10:13.000000,58.5,1,1,RECONCILIATION SUCCESSFUL,INTEGRITY VERIFIED,INTEGRITY VERIFIED
76706,61333,2025-03-26 21:10:28.000000,58.5,1,1,RECONCILIATION SUCCESSFUL,INTEGRITY VERIFIED,INTEGRITY VERIFIED
4986,3937,2020-03-09 14:23:34.000000,58.97,1,1,RECONCILIATION SUCCESSFUL,INTEGRITY VERIFIED,INTEGRITY VERIFIED
75965,60747,2023-05-07 19:43:41.000000,59.0,1,1,RECONCILIATION SUCCESSFUL,INTEGRITY VERIFIED,INTEGRITY VERIFIED
10262,8180,2025-09-05 06:18:58.000000,59.5,1,1,RECONCILIATION SUCCESSFUL,INTEGRITY VERIFIED,INTEGRITY VERIFIED
62599,50022,2025-01-06 05:54:15.000000,60.0,1,1,RECONCILIATION SUCCESSFUL,INTEGRITY VERIFIED,INTEGRITY VERIFIED
114405,91628,2025-05-28 06:03:54.000000,63.95,1,1,RECONCILIATION SUCCESSFUL,INTEGRITY VERIFIED,INTEGRITY VERIFIED
57115,45665,2026-06-12 01:57:46.000000,1000.5,3,3,RECONCILIATION SUCCESSFUL,INTEGRITY VERIFIED,INTEGRITY VERIFIED
28234,22574,2026-06-06 06:12:13.000000,64.95,1,1,RECONCILIATION SUCCESSFUL,INTEGRITY VERIFIED,INTEGRITY VERIFIED
82339,65890,2022-11-05 11:26:02.000000,65.0,1,1,RECONCILIATION SUCCESSFUL,INTEGRITY VERIFIED,INTEGRITY VERIFIED
96280,77189,2023-05-06 19:04:31.000000,155.45,2,2,RECONCILIATION SUCCESSFUL,INTEGRITY VERIFIED,INTEGRITY VERIFIED
12835,10189,2025-01-19 14:59:13.000000,65.0,1,1,RECONCILIATION SUCCESSFUL,INTEGRITY VERIFIED,INTEGRITY VERIFIED
11138,8867,2025-04-01 00:00:23.000000,148.95,2,2,RECONCILIATION SUCCESSFUL,INTEGRITY VERIFIED,INTEGRITY VERIFIED
94670,75885,2023-09-13 19:50:00.000000,135.2,2,2,RECONCILIATION SUCCESSFUL,INTEGRITY VERIFIED,INTEGRITY VERIFIED
24109,19269,2025-12-16 12:14:13.000000,152.97,2,2,RECONCILIATION SUCCESSFUL,INTEGRITY VERIFIED,INTEGRITY VERIFIED
123461,98861,2022-11-12 14:12:24.000000,69.5,1,1,RECONCILIATION SUCCESSFUL,INTEGRITY VERIFIED,INTEGRITY VERIFIED
107689,86293,2026-06-15 14:14:45.000000,69.5,1,1,RECONCILIATION SUCCESSFUL,INTEGRITY VERIFIED,INTEGRITY VERIFIED
39684,31693,2021-11-14 00:30:59.000000,69.99,1,1,RECONCILIATION SUCCESSFUL,INTEGRITY VERIFIED,INTEGRITY VERIFIED
60854,48591,2021-08-17 04:14:28.000000,69.99,1,1,RECONCILIATION SUCCESSFUL,INTEGRITY VERIFIED,INTEGRITY VERIFIED
61141,48824,2024-05-30 02:09:18.000000,72.0,1,1,RECONCILIATION SUCCESSFUL,INTEGRITY VERIFIED,INTEGRITY VERIFIED
119170,95362,2026-05-25 23:09:08.000000,72.0,1,1,RECONCILIATION SUCCESSFUL,INTEGRITY VERIFIED,INTEGRITY VERIFIED
113279,90687,2022-07-02 03:06:57.000000,74.0,1,1,RECONCILIATION SUCCESSFUL,INTEGRITY VERIFIED,INTEGRITY VERIFIED
24741,19756,2024-10-15 11:24:24.000000,74.0,1,1,RECONCILIATION SUCCESSFUL,INTEGRITY VERIFIED,INTEGRITY VERIFIED
34018,27146,2023-09-11 15:09:20.000000,78.0,1,1,RECONCILIATION SUCCESSFUL,INTEGRITY VERIFIED,INTEGRITY VERIFIED
86110,68940,2024-05-15 10:34:18.000000,189.48,2,2,RECONCILIATION SUCCESSFUL,INTEGRITY VERIFIED,INTEGRITY VERIFIED
10665,8487,2023-12-23 23:11:11.000000,79.99,1,1,RECONCILIATION SUCCESSFUL,INTEGRITY VERIFIED,INTEGRITY VERIFIED
67321,53838,2025-10-30 13:14:43.000000,367.0,3,3,RECONCILIATION SUCCESSFUL,INTEGRITY VERIFIED,INTEGRITY VERIFIED
88177,70538,2025-03-05 02:42:42.000000,80.99,1,1,RECONCILIATION SUCCESSFUL,INTEGRITY VERIFIED,INTEGRITY VERIFIED
107210,85926,2024-11-24 07:10:25.000000,83.3,1,1,RECONCILIATION SUCCESSFUL,INTEGRITY VERIFIED,INTEGRITY VERIFIED
12066,9607,2024-09-11 02:45:34.000000,85.0,1,1,RECONCILIATION SUCCESSFUL,INTEGRITY VERIFIED,INTEGRITY VERIFIED
111807,89531,2023-06-05 16:39:50.000000,85.9,1,1,RECONCILIATION SUCCESSFUL,INTEGRITY VERIFIED,INTEGRITY VERIFIED
863,697,2024-10-03 06:06:33.000000,233.5,2,2,RECONCILIATION SUCCESSFUL,INTEGRITY VERIFIED,INTEGRITY VERIFIED
40754,32524,2025-11-09 22:25:44.000000,86.25,1,1,RECONCILIATION SUCCESSFUL,INTEGRITY VERIFIED,INTEGRITY VERIFIED
112936,90416,2026-03-17 23:07:30.000000,89.0,1,1,RECONCILIATION SUCCESSFUL,INTEGRITY VERIFIED,INTEGRITY VERIFIED
3775,2997,2024-09-08 18:53:43.000000,89.5,1,1,RECONCILIATION SUCCESSFUL,INTEGRITY VERIFIED,INTEGRITY VERIFIED
96633,77485,2025-07-20 10:25:58.000000,518.94,3,3,RECONCILIATION SUCCESSFUL,INTEGRITY VERIFIED,INTEGRITY VERIFIED
5752,4552,2023-08-03 23:42:14.000000,91.77,1,1,RECONCILIATION SUCCESSFUL,INTEGRITY VERIFIED,INTEGRITY VERIFIED
25886,20677,2026-01-01 12:17:02.000000,94.95,1,1,RECONCILIATION SUCCESSFUL,INTEGRITY VERIFIED,INTEGRITY VERIFIED
112092,89761,2025-02-05 00:56:38.000000,99.99,1,1,RECONCILIATION SUCCESSFUL,INTEGRITY VERIFIED,INTEGRITY VERIFIED
23698,18936,2025-06-20 05:57:46.000000,100.99,1,1,RECONCILIATION SUCCESSFUL,INTEGRITY VERIFIED,INTEGRITY VERIFIED
2986,2372,2022-07-19 03:29:33.000000,101.0,1,1,RECONCILIATION SUCCESSFUL,INTEGRITY VERIFIED,INTEGRITY VERIFIED
114003,91285,2024-06-04 10:33:04.000000,105.26,1,1,RECONCILIATION SUCCESSFUL,INTEGRITY VERIFIED,INTEGRITY VERIFIED
55015,43948,2026-03-21 03:10:00.000000,105.56,1,1,RECONCILIATION SUCCESSFUL,INTEGRITY VERIFIED,INTEGRITY VERIFIED
16697,13292,2026-03-12 07:15:04.000000,275.99,2,2,RECONCILIATION SUCCESSFUL,INTEGRITY VERIFIED,INTEGRITY VERIFIED
113502,90864,2026-06-10 07:02:19.000000,110.0,1,1,RECONCILIATION SUCCESSFUL,INTEGRITY VERIFIED,INTEGRITY VERIFIED
18184,14494,2026-06-09 06:28:38.000000,129.88,1,1,RECONCILIATION SUCCESSFUL,INTEGRITY VERIFIED,INTEGRITY VERIFIED
62746,50141,2026-05-25 11:49:56.000000,129.99,1,1,RECONCILIATION SUCCESSFUL,INTEGRITY VERIFIED,INTEGRITY VERIFIED
56501,45137,2026-04-05 05:43:40.000000,338.0,2,2,RECONCILIATION SUCCESSFUL,INTEGRITY VERIFIED,INTEGRITY VERIFIED
110141,88220,2026-05-07 20:02:04.000000,142.78,1,1,RECONCILIATION SUCCESSFUL,INTEGRITY VERIFIED,INTEGRITY VERIFIED
2911,2306,2026-06-13 10:11:22.259014,149.99,1,1,RECONCILIATION SUCCESSFUL,INTEGRITY VERIFIED,INTEGRITY VERIFIED
120614,96543,2025-09-26 16:10:09.000000,156.87,1,1,RECONCILIATION SUCCESSFUL,INTEGRITY VERIFIED,INTEGRITY VERIFIED
79145,63263,2025-11-23 02:57:00.000000,158.33,1,1,RECONCILIATION SUCCESSFUL,INTEGRITY VERIFIED,INTEGRITY VERIFIED
4391,3479,2025-09-07 01:47:14.000000,160.0,1,1,RECONCILIATION SUCCESSFUL,INTEGRITY VERIFIED,INTEGRITY VERIFIED
60221,48091,2026-03-17 14:42:30.000000,160.0,1,1,RECONCILIATION SUCCESSFUL,INTEGRITY VERIFIED,INTEGRITY VERIFIED
33189,26483,2021-03-22 14:40:16.000000,162.0,1,1,RECONCILIATION SUCCESSFUL,INTEGRITY VERIFIED,INTEGRITY VERIFIED
28018,22399,2022-08-09 08:56:22.000000,169.0,1,1,RECONCILIATION SUCCESSFUL,INTEGRITY VERIFIED,INTEGRITY VERIFIED
52915,42232,2025-09-09 02:44:21.000000,169.0,1,1,RECONCILIATION SUCCESSFUL,INTEGRITY VERIFIED,INTEGRITY VERIFIED
38478,30714,2026-05-13 02:44:18.000000,169.99,1,1,RECONCILIATION SUCCESSFUL,INTEGRITY VERIFIED,INTEGRITY VERIFIED
75657,60505,2024-04-22 22:20:11.000000,169.99,1,1,RECONCILIATION SUCCESSFUL,INTEGRITY VERIFIED,INTEGRITY VERIFIED
105059,84207,2021-04-01 14:17:32.000000,170.0,1,1,RECONCILIATION SUCCESSFUL,INTEGRITY VERIFIED,INTEGRITY VERIFIED
89200,71369,2022-08-03 13:19:09.000000,178.0,1,1,RECONCILIATION SUCCESSFUL,INTEGRITY VERIFIED,INTEGRITY VERIFIED
2899,2297,2024-02-24 05:03:41.000000,189.5,1,1,RECONCILIATION SUCCESSFUL,INTEGRITY VERIFIED,INTEGRITY VERIFIED
122267,97896,2022-04-28 10:28:49.000000,194.0,1,1,RECONCILIATION SUCCESSFUL,INTEGRITY VERIFIED,INTEGRITY VERIFIED
42788,34147,2025-07-07 19:58:14.000000,218.0,1,1,RECONCILIATION SUCCESSFUL,INTEGRITY VERIFIED,INTEGRITY VERIFIED
40872,32613,2025-08-21 23:10:54.000000,220.0,1,1,RECONCILIATION SUCCESSFUL,INTEGRITY VERIFIED,INTEGRITY VERIFIED
11212,8917,2025-02-25 12:21:53.000000,220.0,1,1,RECONCILIATION SUCCESSFUL,INTEGRITY VERIFIED,INTEGRITY VERIFIED
120214,96231,2026-01-23 13:56:56.000000,239.99,1,1,RECONCILIATION SUCCESSFUL,INTEGRITY VERIFIED,INTEGRITY VERIFIED
52749,42092,2025-09-19 12:25:11.000000,264.0,1,1,RECONCILIATION SUCCESSFUL,INTEGRITY VERIFIED,INTEGRITY VERIFIED
90484,72410,2025-08-09 15:46:59.000000,279.99,1,1,RECONCILIATION SUCCESSFUL,INTEGRITY VERIFIED,INTEGRITY VERIFIED
77480,61940,2025-08-13 07:56:24.000000,399.0,1,1,RECONCILIATION SUCCESSFUL,INTEGRITY VERIFIED,INTEGRITY VERIFIED
-8,54388,2026-06-16 13:38:00.000000,230.0,2,2,RECONCILIATION SUCCESSFUL,INTEGRITY VERIFIED,INTEGRITY VERIFIED
-21,71139,2026-06-16 14:23:00.000000,268.0,2,2,RECONCILIATION SUCCESSFUL,INTEGRITY VERIFIED,VARIANCE DETECTED
-44,82236,2026-06-16 14:18:00.000000,209.0,2,2,RECONCILIATION SUCCESSFUL,INTEGRITY VERIFIED,VARIANCE DETECTED
-50,90775,2026-06-16 14:42:00.000000,130.0,1,1,RECONCILIATION SUCCESSFUL,INTEGRITY VERIFIED,INTEGRITY VERIFIED
-78,95654,2026-06-16 12:18:00.000000,330.0,2,2,RECONCILIATION SUCCESSFUL,INTEGRITY VERIFIED,INTEGRITY VERIFIED
-85,41374,2026-06-16 17:34:00.000000,263.0,2,2,RECONCILIATION SUCCESSFUL,INTEGRITY VERIFIED,INTEGRITY VERIFIED
-91,11189,2026-06-16 15:35:00.000000,167.0,1,1,RECONCILIATION SUCCESSFUL,INTEGRITY VERIFIED,INTEGRITY VERIFIED
-115,29132,2026-06-16 10:12:00.000000,315.0,2,2,RECONCILIATION SUCCESSFUL,INTEGRITY VERIFIED,VARIANCE DETECTED
-125,79311,2026-06-16 16:57:00.000000,323.0,2,2,RECONCILIATION SUCCESSFUL,INTEGRITY VERIFIED,VARIANCE DETECTED
-131,67842,2026-06-16 15:01:00.000000,154.0,2,2,RECONCILIATION SUCCESSFUL,INTEGRITY VERIFIED,INTEGRITY VERIFIED
-137,23546,2026-06-16 15:10:00.000000,345.0,3,3,RECONCILIATION SUCCESSFUL,INTEGRITY VERIFIED,INTEGRITY VERIFIED
-174,28409,2026-06-16 09:29:00.000000,322.0,3,3,RECONCILIATION SUCCESSFUL,INTEGRITY VERIFIED,INTEGRITY VERIFIED
-179,74466,2026-06-16 17:10:00.000000,224.0,2,2,RECONCILIATION SUCCESSFUL,INTEGRITY VERIFIED,INTEGRITY VERIFIED
-198,58842,2026-06-16 12:54:00.000000,115.0,2,2,RECONCILIATION SUCCESSFUL,INTEGRITY VERIFIED,VARIANCE DETECTED
-206,45207,2026-06-16 15:08:00.000000,129.0,1,1,RECONCILIATION SUCCESSFUL,INTEGRITY VERIFIED,INTEGRITY VERIFIED
-216,65201,2026-06-16 15:15:00.000000,508.0,3,3,RECONCILIATION SUCCESSFUL,INTEGRITY VERIFIED,INTEGRITY VERIFIED
-230,33190,2026-06-16 17:03:00.000000,359.0,2,2,RECONCILIATION SUCCESSFUL,INTEGRITY VERIFIED,INTEGRITY VERIFIED
-247,77157,2026-06-16 11:12:00.000000,459.0,3,3,RECONCILIATION SUCCESSFUL,INTEGRITY VERIFIED,INTEGRITY VERIFIED
-248,59502,2026-06-16 12:22:00.000000,272.0,2,2,RECONCILIATION SUCCESSFUL,INTEGRITY VERIFIED,VARIANCE DETECTED
-283,85826,2026-06-16 15:34:00.000000,196.0,3,3,RECONCILIATION SUCCESSFUL,INTEGRITY VERIFIED,INTEGRITY VERIFIED
-287,54440,2026-06-16 12:37:00.000000,257.0,3,3,RECONCILIATION SUCCESSFUL,INTEGRITY VERIFIED,INTEGRITY VERIFIED
41881,33401,2020-04-08 18:37:20.000000,45.62,2,2,RECONCILIATION SUCCESSFUL,INTEGRITY VERIFIED,INTEGRITY VERIFIED
28572,22837,2026-06-12 22:38:24.797747,116.23,3,3,RECONCILIATION SUCCESSFUL,INTEGRITY VERIFIED,INTEGRITY VERIFIED
56423,45085,2025-02-13 10:06:50.000000,96.95,2,2,RECONCILIATION SUCCESSFUL,INTEGRITY VERIFIED,INTEGRITY VERIFIED
123379,98794,2026-01-15 08:04:21.000000,165.9,4,4,RECONCILIATION SUCCESSFUL,INTEGRITY VERIFIED,INTEGRITY VERIFIED
325,264,2025-09-20 23:34:06.000000,4.04,1,1,RECONCILIATION SUCCESSFUL,INTEGRITY VERIFIED,INTEGRITY VERIFIED
53513,42728,2024-04-10 02:06:38.000000,84.08,2,2,RECONCILIATION SUCCESSFUL,INTEGRITY VERIFIED,INTEGRITY VERIFIED
61842,49382,2022-02-13 16:06:16.000000,182.89,4,4,RECONCILIATION SUCCESSFUL,INTEGRITY VERIFIED,INTEGRITY VERIFIED
68537,54839,2024-01-16 21:29:26.000000,71.97,3,3,RECONCILIATION SUCCESSFUL,INTEGRITY VERIFIED,INTEGRITY VERIFIED
15638,12487,2025-05-19 00:51:38.000000,155.97,2,2,RECONCILIATION SUCCESSFUL,INTEGRITY VERIFIED,INTEGRITY VERIFIED
54234,43318,2025-01-24 03:21:36.000000,70.94,2,2,RECONCILIATION SUCCESSFUL,INTEGRITY VERIFIED,INTEGRITY VERIFIED
18543,14771,2025-08-17 13:39:29.000000,36.98,2,2,RECONCILIATION SUCCESSFUL,INTEGRITY VERIFIED,INTEGRITY VERIFIED
79527,63566,2025-01-05 19:28:23.000000,40.2,3,3,RECONCILIATION SUCCESSFUL,INTEGRITY VERIFIED,INTEGRITY VERIFIED
78678,62887,2026-06-16 02:53:16.758020,69.77,3,3,RECONCILIATION SUCCESSFUL,INTEGRITY VERIFIED,INTEGRITY VERIFIED
8005,6402,2022-06-10 14:37:38.000000,59.94,2,2,RECONCILIATION SUCCESSFUL,INTEGRITY VERIFIED,INTEGRITY VERIFIED
19257,15373,2022-11-06 19:57:25.000000,135.98,2,2,RECONCILIATION SUCCESSFUL,INTEGRITY VERIFIED,INTEGRITY VERIFIED
56937,45510,2026-03-06 11:19:40.000000,71.92,4,4,RECONCILIATION SUCCESSFUL,INTEGRITY VERIFIED,INTEGRITY VERIFIED
63417,50687,2024-10-27 20:46:05.000000,171.29,4,4,RECONCILIATION SUCCESSFUL,INTEGRITY VERIFIED,INTEGRITY VERIFIED
81084,64858,2024-08-02 19:13:07.000000,7.9,1,1,RECONCILIATION SUCCESSFUL,INTEGRITY VERIFIED,INTEGRITY VERIFIED
1030,822,2026-03-22 10:11:09.000000,156.57,2,2,RECONCILIATION SUCCESSFUL,INTEGRITY VERIFIED,INTEGRITY VERIFIED
34377,27438,2025-10-21 00:26:51.000000,91.99,2,2,RECONCILIATION SUCCESSFUL,INTEGRITY VERIFIED,INTEGRITY VERIFIED
66192,52918,2025-10-11 02:48:16.000000,8.0,1,1,RECONCILIATION SUCCESSFUL,INTEGRITY VERIFIED,INTEGRITY VERIFIED
53409,42642,2025-05-02 07:06:13.000000,158.98,2,2,RECONCILIATION SUCCESSFUL,INTEGRITY VERIFIED,INTEGRITY VERIFIED
13871,11039,2022-09-17 22:23:52.000000,20.33,2,2,RECONCILIATION SUCCESSFUL,INTEGRITY VERIFIED,INTEGRITY VERIFIED
72946,58351,2024-08-15 10:54:48.000000,146.36,3,3,RECONCILIATION SUCCESSFUL,INTEGRITY VERIFIED,INTEGRITY VERIFIED
45203,36072,2024-05-26 06:07:45.000000,18.98,2,2,RECONCILIATION SUCCESSFUL,INTEGRITY VERIFIED,INTEGRITY VERIFIED
97419,78093,2024-03-18 07:19:15.000000,70.98,3,3,RECONCILIATION SUCCESSFUL,INTEGRITY VERIFIED,INTEGRITY VERIFIED
114401,91625,2026-04-06 01:34:20.000000,9.0,1,1,RECONCILIATION SUCCESSFUL,INTEGRITY VERIFIED,INTEGRITY VERIFIED
100,81,2026-03-09 21:57:44.000000,283.79,4,4,RECONCILIATION SUCCESSFUL,INTEGRITY VERIFIED,INTEGRITY VERIFIED
105332,84430,2026-05-21 05:37:04.000000,104.78,4,4,RECONCILIATION SUCCESSFUL,INTEGRITY VERIFIED,INTEGRITY VERIFIED
101215,81144,2025-07-06 10:44:58.000000,9.03,1,1,RECONCILIATION SUCCESSFUL,INTEGRITY VERIFIED,INTEGRITY VERIFIED
35586,28405,2026-05-16 21:20:08.000000,87.1,4,4,RECONCILIATION SUCCESSFUL,INTEGRITY VERIFIED,INTEGRITY VERIFIED
44475,35476,2023-09-11 01:31:12.000000,50.35,2,2,RECONCILIATION SUCCESSFUL,INTEGRITY VERIFIED,INTEGRITY VERIFIED
77464,61926,2026-05-30 05:06:35.000000,87.09,3,3,RECONCILIATION SUCCESSFUL,INTEGRITY VERIFIED,INTEGRITY VERIFIED
66523,53200,2023-05-29 00:35:29.000000,9.9,1,1,RECONCILIATION SUCCESSFUL,INTEGRITY VERIFIED,INTEGRITY VERIFIED
48477,38716,2022-12-03 05:59:57.000000,9.99,1,1,RECONCILIATION SUCCESSFUL,INTEGRITY VERIFIED,INTEGRITY VERIFIED
83673,66956,2025-03-07 18:01:53.000000,127.99,2,2,RECONCILIATION SUCCESSFUL,INTEGRITY VERIFIED,INTEGRITY VERIFIED
17606,14009,2020-09-19 13:15:52.000000,40.89,2,2,RECONCILIATION SUCCESSFUL,INTEGRITY VERIFIED,INTEGRITY VERIFIED
47572,38008,2025-12-18 07:27:59.000000,59.98,2,2,RECONCILIATION SUCCESSFUL,INTEGRITY VERIFIED,INTEGRITY VERIFIED
14509,11574,2025-07-15 18:56:04.000000,9.99,1,1,RECONCILIATION SUCCESSFUL,INTEGRITY VERIFIED,INTEGRITY VERIFIED
104769,83981,2024-01-25 02:04:07.000000,75.56,4,4,RECONCILIATION SUCCESSFUL,INTEGRITY VERIFIED,INTEGRITY VERIFIED
94642,75859,2024-03-10 15:19:19.000000,156.92,4,4,RECONCILIATION SUCCESSFUL,INTEGRITY VERIFIED,INTEGRITY VERIFIED
34777,27781,2023-02-11 04:42:43.000000,40.98,2,2,RECONCILIATION SUCCESSFUL,INTEGRITY VERIFIED,INTEGRITY VERIFIED
8239,6579,2025-11-27 03:19:53.000000,10.99,1,1,RECONCILIATION SUCCESSFUL,INTEGRITY VERIFIED,INTEGRITY VERIFIED
8199,6549,2024-06-14 12:25:53.000000,11.99,1,1,RECONCILIATION SUCCESSFUL,INTEGRITY VERIFIED,INTEGRITY VERIFIED
93229,74694,2023-04-02 22:35:30.000000,384.99,4,4,RECONCILIATION SUCCESSFUL,INTEGRITY VERIFIED,INTEGRITY VERIFIED
67639,54114,2024-02-24 22:37:55.000000,355.98,4,4,RECONCILIATION SUCCESSFUL,INTEGRITY VERIFIED,INTEGRITY VERIFIED
6204,4920,2019-10-31 12:52:23.000000,11.99,1,1,RECONCILIATION SUCCESSFUL,INTEGRITY VERIFIED,INTEGRITY VERIFIED
6856,5466,2024-09-24 13:10:44.000000,140.44,4,4,RECONCILIATION SUCCESSFUL,INTEGRITY VERIFIED,INTEGRITY VERIFIED
75429,60327,2026-05-10 17:07:31.000000,11.99,1,1,RECONCILIATION SUCCESSFUL,INTEGRITY VERIFIED,INTEGRITY VERIFIED
88604,70890,2026-06-08 22:57:29.000000,11.99,1,1,RECONCILIATION SUCCESSFUL,INTEGRITY VERIFIED,INTEGRITY VERIFIED
86581,69328,2021-10-22 18:04:37.000000,12.0,1,1,RECONCILIATION SUCCESSFUL,INTEGRITY VERIFIED,INTEGRITY VERIFIED
62400,49840,2025-12-25 20:51:34.000000,12.0,1,1,RECONCILIATION SUCCESSFUL,INTEGRITY VERIFIED,INTEGRITY VERIFIED
22330,17815,2024-12-17 20:26:57.000000,129.92,4,4,RECONCILIATION SUCCESSFUL,INTEGRITY VERIFIED,INTEGRITY VERIFIED
68227,54598,2026-04-12 10:50:40.000000,61.48,2,2,RECONCILIATION SUCCESSFUL,INTEGRITY VERIFIED,INTEGRITY VERIFIED
67308,53827,2025-10-09 20:56:48.000000,12.64,1,1,RECONCILIATION SUCCESSFUL,INTEGRITY VERIFIED,INTEGRITY VERIFIED
9089,7253,2024-01-30 15:46:04.000000,12.99,1,1,RECONCILIATION SUCCESSFUL,INTEGRITY VERIFIED,INTEGRITY VERIFIED
76892,61483,2024-01-21 15:37:30.000000,12.99,1,1,RECONCILIATION SUCCESSFUL,INTEGRITY VERIFIED,INTEGRITY VERIFIED
56735,45340,2024-12-24 01:05:48.000000,99.98,3,3,RECONCILIATION SUCCESSFUL,INTEGRITY VERIFIED,INTEGRITY VERIFIED
46266,36967,2024-12-12 13:01:39.000000,149.19,4,4,RECONCILIATION SUCCESSFUL,INTEGRITY VERIFIED,INTEGRITY VERIFIED
87382,69932,2025-12-19 13:34:35.000000,13.0,1,1,RECONCILIATION SUCCESSFUL,INTEGRITY VERIFIED,INTEGRITY VERIFIED
57598,46042,2025-05-29 14:33:40.000000,13.01,1,1,RECONCILIATION SUCCESSFUL,INTEGRITY VERIFIED,INTEGRITY VERIFIED
19700,15729,2020-06-04 21:30:08.000000,13.31,1,1,RECONCILIATION SUCCESSFUL,INTEGRITY VERIFIED,INTEGRITY VERIFIED
63901,51066,2021-11-08 06:08:37.000000,42.3,2,2,RECONCILIATION SUCCESSFUL,INTEGRITY VERIFIED,INTEGRITY VERIFIED
41080,32769,2026-06-13 23:00:27.431640,43.95,2,2,RECONCILIATION SUCCESSFUL,INTEGRITY VERIFIED,INTEGRITY VERIFIED
20038,16001,2025-11-23 14:24:06.000000,13.5,1,1,RECONCILIATION SUCCESSFUL,INTEGRITY VERIFIED,INTEGRITY VERIFIED
30400,24273,2022-01-31 19:32:29.000000,72.5,2,2,RECONCILIATION SUCCESSFUL,INTEGRITY VERIFIED,INTEGRITY VERIFIED
85110,68101,2026-06-04 10:11:51.000000,139.19,4,4,RECONCILIATION SUCCESSFUL,INTEGRITY VERIFIED,INTEGRITY VERIFIED
95226,76326,2026-05-25 01:41:54.000000,30.74,2,2,RECONCILIATION SUCCESSFUL,INTEGRITY VERIFIED,INTEGRITY VERIFIED
40678,32476,2023-05-07 11:59:51.000000,101.37,2,2,RECONCILIATION SUCCESSFUL,INTEGRITY VERIFIED,INTEGRITY VERIFIED
101036,80999,2022-11-26 06:57:03.000000,104.99,3,3,RECONCILIATION SUCCESSFUL,INTEGRITY VERIFIED,INTEGRITY VERIFIED
9773,7798,2025-10-19 22:44:50.000000,620.75,4,4,RECONCILIATION SUCCESSFUL,INTEGRITY VERIFIED,INTEGRITY VERIFIED
22360,17842,2026-06-13 17:07:30.000000,186.0,2,2,RECONCILIATION SUCCESSFUL,INTEGRITY VERIFIED,INTEGRITY VERIFIED
75304,60226,2024-04-08 03:38:18.000000,38.25,2,2,RECONCILIATION SUCCESSFUL,INTEGRITY VERIFIED,INTEGRITY VERIFIED
77408,61874,2023-03-26 00:05:30.000000,146.4,2,2,RECONCILIATION SUCCESSFUL,INTEGRITY VERIFIED,INTEGRITY VERIFIED
69641,55693,2020-10-01 05:03:45.000000,38.86,2,2,RECONCILIATION SUCCESSFUL,INTEGRITY VERIFIED,INTEGRITY VERIFIED
87540,70061,2025-11-30 15:48:08.000000,14.99,1,1,RECONCILIATION SUCCESSFUL,INTEGRITY VERIFIED,INTEGRITY VERIFIED
9272,7391,2026-02-04 07:31:57.000000,14.99,1,1,RECONCILIATION SUCCESSFUL,INTEGRITY VERIFIED,INTEGRITY VERIFIED
67868,54313,2025-02-09 02:18:44.000000,201.94,4,4,RECONCILIATION SUCCESSFUL,INTEGRITY VERIFIED,INTEGRITY VERIFIED
117016,93700,2021-01-27 01:34:12.000000,44.97,2,2,RECONCILIATION SUCCESSFUL,INTEGRITY VERIFIED,INTEGRITY VERIFIED
10411,8287,2020-03-07 23:20:33.000000,15.0,1,1,RECONCILIATION SUCCESSFUL,INTEGRITY VERIFIED,INTEGRITY VERIFIED
65678,52457,2022-12-11 20:38:00.000000,406.47,4,4,RECONCILIATION SUCCESSFUL,INTEGRITY VERIFIED,INTEGRITY VERIFIED
12213,9730,2020-09-14 18:26:23.000000,43.0,2,2,RECONCILIATION SUCCESSFUL,INTEGRITY VERIFIED,INTEGRITY VERIFIED
118000,94470,2023-10-09 11:14:46.000000,15.0,1,1,RECONCILIATION SUCCESSFUL,INTEGRITY VERIFIED,INTEGRITY VERIFIED
52211,41676,2022-11-04 03:33:41.000000,525.76,4,4,RECONCILIATION SUCCESSFUL,INTEGRITY VERIFIED,INTEGRITY VERIFIED
3856,3055,2024-05-07 06:58:16.000000,50.27,2,2,RECONCILIATION SUCCESSFUL,INTEGRITY VERIFIED,INTEGRITY VERIFIED
124477,99664,2023-05-29 13:50:22.000000,15.52,1,1,RECONCILIATION SUCCESSFUL,INTEGRITY VERIFIED,INTEGRITY VERIFIED
90565,72473,2024-07-31 04:23:09.000000,15.9,1,1,RECONCILIATION SUCCESSFUL,INTEGRITY VERIFIED,INTEGRITY VERIFIED
98991,79372,2023-01-10 23:05:38.000000,194.87,4,4,RECONCILIATION SUCCESSFUL,INTEGRITY VERIFIED,INTEGRITY VERIFIED
57802,46198,2025-05-31 08:20:51.000000,70.99,2,2,RECONCILIATION SUCCESSFUL,INTEGRITY VERIFIED,INTEGRITY VERIFIED
29436,23522,2022-02-02 20:11:52.000000,130.99,4,4,RECONCILIATION SUCCESSFUL,INTEGRITY VERIFIED,INTEGRITY VERIFIED
83259,66623,2026-05-30 18:26:21.000000,43.0,2,2,RECONCILIATION SUCCESSFUL,INTEGRITY VERIFIED,INTEGRITY VERIFIED
124025,99318,2024-10-06 19:07:07.000000,16.0,1,1,RECONCILIATION SUCCESSFUL,INTEGRITY VERIFIED,INTEGRITY VERIFIED
89251,71416,2024-11-08 20:00:17.000000,139.74,4,4,RECONCILIATION SUCCESSFUL,INTEGRITY VERIFIED,INTEGRITY VERIFIED
39994,31938,2026-05-13 10:14:24.000000,136.44,2,2,RECONCILIATION SUCCESSFUL,INTEGRITY VERIFIED,INTEGRITY VERIFIED
79182,63287,2025-10-26 22:03:25.000000,152.74,4,4,RECONCILIATION SUCCESSFUL,INTEGRITY VERIFIED,INTEGRITY VERIFIED
116429,93213,2026-04-23 01:55:45.000000,131.94,3,3,RECONCILIATION SUCCESSFUL,INTEGRITY VERIFIED,INTEGRITY VERIFIED
73471,58764,2023-12-26 05:14:36.000000,16.99,1,1,RECONCILIATION SUCCESSFUL,INTEGRITY VERIFIED,INTEGRITY VERIFIED
24121,19276,2022-06-26 00:14:50.000000,16.99,1,1,RECONCILIATION SUCCESSFUL,INTEGRITY VERIFIED,INTEGRITY VERIFIED
2459,1976,2026-05-03 06:20:54.000000,38.99,2,2,RECONCILIATION SUCCESSFUL,INTEGRITY VERIFIED,INTEGRITY VERIFIED
96788,77596,2024-08-04 22:14:19.000000,52.9,2,2,RECONCILIATION SUCCESSFUL,INTEGRITY VERIFIED,INTEGRITY VERIFIED
107582,86214,2026-06-05 15:46:55.000000,54.89,2,2,RECONCILIATION SUCCESSFUL,INTEGRITY VERIFIED,INTEGRITY VERIFIED
123857,99180,2024-03-12 01:09:10.000000,81.6,2,2,RECONCILIATION SUCCESSFUL,INTEGRITY VERIFIED,INTEGRITY VERIFIED
7042,5616,2022-10-30 14:11:19.000000,73.0,2,2,RECONCILIATION SUCCESSFUL,INTEGRITY VERIFIED,INTEGRITY VERIFIED
68274,54642,2026-05-26 05:23:24.000000,157.99,4,4,RECONCILIATION SUCCESSFUL,INTEGRITY VERIFIED,INTEGRITY VERIFIED
62214,49699,2025-08-09 18:59:15.000000,18.0,1,1,RECONCILIATION SUCCESSFUL,INTEGRITY VERIFIED,INTEGRITY VERIFIED
76401,61092,2019-09-20 18:46:39.000000,52.99,2,2,RECONCILIATION SUCCESSFUL,INTEGRITY VERIFIED,INTEGRITY VERIFIED
120645,96569,2026-06-02 14:42:13.000000,127.7,4,4,RECONCILIATION SUCCESSFUL,INTEGRITY VERIFIED,INTEGRITY VERIFIED
84620,67705,2023-01-12 14:18:32.000000,158.55,4,4,RECONCILIATION SUCCESSFUL,INTEGRITY VERIFIED,INTEGRITY VERIFIED
88899,71139,2023-12-21 10:00:57.000000,210.88,4,4,RECONCILIATION SUCCESSFUL,INTEGRITY VERIFIED,INTEGRITY VERIFIED
40876,32616,2022-08-27 07:08:41.000000,18.95,1,1,RECONCILIATION SUCCESSFUL,INTEGRITY VERIFIED,INTEGRITY VERIFIED
43517,34730,2025-05-08 23:59:28.000000,108.99,2,2,RECONCILIATION SUCCESSFUL,INTEGRITY VERIFIED,INTEGRITY VERIFIED
99155,79517,2026-05-08 12:38:59.000000,18.99,1,1,RECONCILIATION SUCCESSFUL,INTEGRITY VERIFIED,INTEGRITY VERIFIED
28249,22584,2024-03-19 15:51:36.000000,260.96,3,3,RECONCILIATION SUCCESSFUL,INTEGRITY VERIFIED,INTEGRITY VERIFIED
67744,54210,2026-01-11 22:34:35.000000,453.78,4,4,RECONCILIATION SUCCESSFUL,INTEGRITY VERIFIED,INTEGRITY VERIFIED
55020,43950,2022-10-21 11:22:13.000000,19.95,1,1,RECONCILIATION SUCCESSFUL,INTEGRITY VERIFIED,INTEGRITY VERIFIED
74729,59752,2025-12-18 15:53:16.000000,88.97,2,2,RECONCILIATION SUCCESSFUL,INTEGRITY VERIFIED,INTEGRITY VERIFIED
36080,28787,2025-08-07 07:12:22.000000,283.99,2,2,RECONCILIATION SUCCESSFUL,INTEGRITY VERIFIED,INTEGRITY VERIFIED
84431,67554,2025-10-16 03:15:53.000000,19.99,1,1,RECONCILIATION SUCCESSFUL,INTEGRITY VERIFIED,INTEGRITY VERIFIED
86984,69628,2026-05-18 03:45:36.000000,113.88,4,4,RECONCILIATION SUCCESSFUL,INTEGRITY VERIFIED,INTEGRITY VERIFIED
15117,12061,2023-07-07 00:53:04.000000,56.94,2,2,RECONCILIATION SUCCESSFUL,INTEGRITY VERIFIED,INTEGRITY VERIFIED
47195,37711,2026-03-23 00:05:21.000000,19.99,1,1,RECONCILIATION SUCCESSFUL,INTEGRITY VERIFIED,INTEGRITY VERIFIED
50618,40454,2026-06-15 17:14:58.480433,104.99,2,2,RECONCILIATION SUCCESSFUL,INTEGRITY VERIFIED,INTEGRITY VERIFIED
73658,58914,2026-02-25 19:01:00.000000,112.99,3,3,RECONCILIATION SUCCESSFUL,INTEGRITY VERIFIED,INTEGRITY VERIFIED
65264,52124,2023-07-10 06:21:15.000000,119.46,4,4,RECONCILIATION SUCCESSFUL,INTEGRITY VERIFIED,INTEGRITY VERIFIED
81220,64974,2025-12-02 23:14:23.000000,236.17,4,4,RECONCILIATION SUCCESSFUL,INTEGRITY VERIFIED,INTEGRITY VERIFIED
114786,91925,2024-04-30 10:58:57.000000,167.97,4,4,RECONCILIATION SUCCESSFUL,INTEGRITY VERIFIED,INTEGRITY VERIFIED
97712,78331,2023-02-27 08:38:18.000000,56.0,2,2,RECONCILIATION SUCCESSFUL,INTEGRITY VERIFIED,INTEGRITY VERIFIED
106001,84947,2026-05-04 06:48:51.000000,85.52,3,3,RECONCILIATION SUCCESSFUL,INTEGRITY VERIFIED,INTEGRITY VERIFIED
86050,68897,2025-08-24 00:52:28.000000,113.07,2,2,RECONCILIATION SUCCESSFUL,INTEGRITY VERIFIED,INTEGRITY VERIFIED
82227,65805,2023-01-19 23:18:38.000000,146.34,2,2,RECONCILIATION SUCCESSFUL,INTEGRITY VERIFIED,INTEGRITY VERIFIED
102982,82572,2025-12-27 00:13:52.000000,237.06,4,4,RECONCILIATION SUCCESSFUL,INTEGRITY VERIFIED,INTEGRITY VERIFIED
33867,27018,2021-10-02 06:00:56.000000,21.87,1,1,RECONCILIATION SUCCESSFUL,INTEGRITY VERIFIED,INTEGRITY VERIFIED
36330,28982,2023-01-13 04:18:00.000000,21.95,1,1,RECONCILIATION SUCCESSFUL,INTEGRITY VERIFIED,INTEGRITY VERIFIED
85325,68275,2025-12-14 14:17:52.000000,94.98,3,3,RECONCILIATION SUCCESSFUL,INTEGRITY VERIFIED,INTEGRITY VERIFIED
60279,48141,2024-09-27 02:13:23.000000,21.99,1,1,RECONCILIATION SUCCESSFUL,INTEGRITY VERIFIED,INTEGRITY VERIFIED
122754,98294,2025-12-01 02:35:25.000000,187.66,4,4,RECONCILIATION SUCCESSFUL,INTEGRITY VERIFIED,INTEGRITY VERIFIED
25883,20676,2026-06-16 08:01:31.000000,22.45,1,1,RECONCILIATION SUCCESSFUL,INTEGRITY VERIFIED,INTEGRITY VERIFIED
70762,56581,2023-08-06 06:46:08.000000,22.5,1,1,RECONCILIATION SUCCESSFUL,INTEGRITY VERIFIED,INTEGRITY VERIFIED
92957,74466,2021-06-14 01:48:44.000000,326.23,4,4,RECONCILIATION SUCCESSFUL,INTEGRITY VERIFIED,INTEGRITY VERIFIED
57120,45668,2023-12-25 17:42:35.000000,57.95,2,2,RECONCILIATION SUCCESSFUL,INTEGRITY VERIFIED,INTEGRITY VERIFIED
118977,95231,2021-10-15 14:28:45.000000,67.55,2,2,RECONCILIATION SUCCESSFUL,INTEGRITY VERIFIED,INTEGRITY VERIFIED
89504,71624,2024-10-24 04:07:02.000000,57.94,2,2,RECONCILIATION SUCCESSFUL,INTEGRITY VERIFIED,INTEGRITY VERIFIED
59657,47655,2025-06-19 07:25:15.000000,24.0,1,1,RECONCILIATION SUCCESSFUL,INTEGRITY VERIFIED,INTEGRITY VERIFIED
89357,71517,2026-04-05 08:03:56.000000,24.0,1,1,RECONCILIATION SUCCESSFUL,INTEGRITY VERIFIED,INTEGRITY VERIFIED
54453,43486,2024-10-31 22:04:54.000000,172.23,4,4,RECONCILIATION SUCCESSFUL,INTEGRITY VERIFIED,INTEGRITY VERIFIED
47990,38340,2023-10-08 06:56:37.000000,68.12,2,2,RECONCILIATION SUCCESSFUL,INTEGRITY VERIFIED,INTEGRITY VERIFIED
94675,75890,2026-05-17 11:36:06.000000,24.99,1,1,RECONCILIATION SUCCESSFUL,INTEGRITY VERIFIED,INTEGRITY VERIFIED
104657,83875,2025-12-21 23:25:16.000000,24.99,1,1,RECONCILIATION SUCCESSFUL,INTEGRITY VERIFIED,INTEGRITY VERIFIED
82723,66191,2025-06-05 12:38:33.000000,24.99,1,1,RECONCILIATION SUCCESSFUL,INTEGRITY VERIFIED,INTEGRITY VERIFIED
82844,66282,2022-08-10 12:53:35.000000,202.98,4,4,RECONCILIATION SUCCESSFUL,INTEGRITY VERIFIED,INTEGRITY VERIFIED
100383,80504,2025-12-12 18:26:05.000000,287.98,4,4,RECONCILIATION SUCCESSFUL,INTEGRITY VERIFIED,INTEGRITY VERIFIED
11942,9498,2024-06-25 19:51:58.000000,177.09,4,4,RECONCILIATION SUCCESSFUL,INTEGRITY VERIFIED,INTEGRITY VERIFIED
46488,37140,2025-07-07 13:29:41.000000,138.84,3,3,RECONCILIATION SUCCESSFUL,INTEGRITY VERIFIED,INTEGRITY VERIFIED
54431,43470,2026-01-09 08:30:03.000000,148.98,3,3,RECONCILIATION SUCCESSFUL,INTEGRITY VERIFIED,INTEGRITY VERIFIED
104988,84141,2024-11-18 02:05:28.000000,363.24,4,4,RECONCILIATION SUCCESSFUL,INTEGRITY VERIFIED,INTEGRITY VERIFIED
106588,85428,2022-12-31 02:44:27.000000,79.0,2,2,RECONCILIATION SUCCESSFUL,INTEGRITY VERIFIED,INTEGRITY VERIFIED
70656,56497,2024-03-10 07:17:45.000000,173.0,2,2,RECONCILIATION SUCCESSFUL,INTEGRITY VERIFIED,INTEGRITY VERIFIED
92786,74332,2022-06-28 17:46:30.000000,25.0,1,1,RECONCILIATION SUCCESSFUL,INTEGRITY VERIFIED,INTEGRITY VERIFIED
94526,75762,2024-10-11 22:33:14.000000,25.0,1,1,RECONCILIATION SUCCESSFUL,INTEGRITY VERIFIED,INTEGRITY VERIFIED
17357,13807,2025-06-19 09:46:07.000000,112.0,3,3,RECONCILIATION SUCCESSFUL,INTEGRITY VERIFIED,INTEGRITY VERIFIED
20368,16288,2021-05-19 13:07:13.000000,79.98,2,2,RECONCILIATION SUCCESSFUL,INTEGRITY VERIFIED,INTEGRITY VERIFIED
60420,48257,2024-02-28 00:13:11.000000,25.0,1,1,RECONCILIATION SUCCESSFUL,INTEGRITY VERIFIED,INTEGRITY VERIFIED
80759,64602,2023-04-12 07:22:58.000000,110.0,2,2,RECONCILIATION SUCCESSFUL,INTEGRITY VERIFIED,INTEGRITY VERIFIED
119491,95624,2025-11-04 18:42:47.000000,70.95,2,2,RECONCILIATION SUCCESSFUL,INTEGRITY VERIFIED,INTEGRITY VERIFIED
2303,1831,2023-10-24 16:04:29.000000,55.0,2,2,RECONCILIATION SUCCESSFUL,INTEGRITY VERIFIED,INTEGRITY VERIFIED
62666,50070,2026-06-15 04:59:05.000000,333.65,4,4,RECONCILIATION SUCCESSFUL,INTEGRITY VERIFIED,INTEGRITY VERIFIED
108367,86803,2026-06-13 17:54:18.000000,82.95,2,2,RECONCILIATION SUCCESSFUL,INTEGRITY VERIFIED,INTEGRITY VERIFIED
24344,19453,2024-03-24 00:52:13.000000,25.0,1,1,RECONCILIATION SUCCESSFUL,INTEGRITY VERIFIED,INTEGRITY VERIFIED
30784,24575,2022-08-18 14:18:22.000000,194.98,2,2,RECONCILIATION SUCCESSFUL,INTEGRITY VERIFIED,INTEGRITY VERIFIED
48273,38567,2023-05-17 23:55:59.000000,25.0,1,1,RECONCILIATION SUCCESSFUL,INTEGRITY VERIFIED,INTEGRITY VERIFIED
48722,38894,2026-06-13 11:48:13.000000,115.64,3,3,RECONCILIATION SUCCESSFUL,INTEGRITY VERIFIED,INTEGRITY VERIFIED
50865,40624,2022-03-24 11:04:58.000000,25.0,1,1,RECONCILIATION SUCCESSFUL,INTEGRITY VERIFIED,INTEGRITY VERIFIED
117325,93960,2022-07-04 14:12:43.000000,283.95,3,3,RECONCILIATION SUCCESSFUL,INTEGRITY VERIFIED,INTEGRITY VERIFIED
92510,74079,2024-09-14 03:48:01.000000,25.2,1,1,RECONCILIATION SUCCESSFUL,INTEGRITY VERIFIED,INTEGRITY VERIFIED
72061,57627,2026-03-11 19:33:53.000000,99.03,3,3,RECONCILIATION SUCCESSFUL,INTEGRITY VERIFIED,INTEGRITY VERIFIED
79168,63276,2026-06-10 00:03:46.000000,75.0,2,2,RECONCILIATION SUCCESSFUL,INTEGRITY VERIFIED,INTEGRITY VERIFIED
16577,13197,2019-09-06 03:05:35.000000,26.0,1,1,RECONCILIATION SUCCESSFUL,INTEGRITY VERIFIED,INTEGRITY VERIFIED
57752,46158,2024-12-28 11:58:43.000000,26.0,1,1,RECONCILIATION SUCCESSFUL,INTEGRITY VERIFIED,INTEGRITY VERIFIED
95892,76876,2025-12-08 05:26:30.000000,124.85,2,2,RECONCILIATION SUCCESSFUL,INTEGRITY VERIFIED,INTEGRITY VERIFIED
69857,55868,2024-12-07 19:11:42.000000,26.47,1,1,RECONCILIATION SUCCESSFUL,INTEGRITY VERIFIED,INTEGRITY VERIFIED
56202,44907,2024-11-26 03:40:01.000000,96.59,2,2,RECONCILIATION SUCCESSFUL,INTEGRITY VERIFIED,INTEGRITY VERIFIED
86919,69584,2024-05-24 14:31:11.000000,324.95,4,4,RECONCILIATION SUCCESSFUL,INTEGRITY VERIFIED,INTEGRITY VERIFIED
41093,32781,2021-06-29 09:02:08.000000,26.95,1,1,RECONCILIATION SUCCESSFUL,INTEGRITY VERIFIED,INTEGRITY VERIFIED
121790,97510,2024-03-27 10:19:03.000000,58.33,2,2,RECONCILIATION SUCCESSFUL,INTEGRITY VERIFIED,INTEGRITY VERIFIED
14735,11760,2022-10-26 14:41:02.000000,27.8,1,1,RECONCILIATION SUCCESSFUL,INTEGRITY VERIFIED,INTEGRITY VERIFIED
112438,90024,2026-01-03 17:23:58.000000,27.8,1,1,RECONCILIATION SUCCESSFUL,INTEGRITY VERIFIED,INTEGRITY VERIFIED
12358,9843,2025-03-17 17:57:27.000000,67.99,2,2,RECONCILIATION SUCCESSFUL,INTEGRITY VERIFIED,INTEGRITY VERIFIED
37315,29800,2026-06-14 00:14:02.000000,28.82,1,1,RECONCILIATION SUCCESSFUL,INTEGRITY VERIFIED,INTEGRITY VERIFIED
61253,48931,2022-06-13 12:46:35.000000,78.94,2,2,RECONCILIATION SUCCESSFUL,INTEGRITY VERIFIED,INTEGRITY VERIFIED
2012,1616,2024-07-23 18:40:21.000000,93.95,2,2,RECONCILIATION SUCCESSFUL,INTEGRITY VERIFIED,INTEGRITY VERIFIED
95572,76614,2025-04-05 09:37:17.000000,29.18,1,1,RECONCILIATION SUCCESSFUL,INTEGRITY VERIFIED,INTEGRITY VERIFIED
71039,56815,2026-05-13 18:46:09.000000,67.6,2,2,RECONCILIATION SUCCESSFUL,INTEGRITY VERIFIED,INTEGRITY VERIFIED
34707,27720,2025-02-02 03:23:09.000000,74.92,2,2,RECONCILIATION SUCCESSFUL,INTEGRITY VERIFIED,INTEGRITY VERIFIED
50850,40619,2025-11-23 09:52:30.000000,75.5,2,2,RECONCILIATION SUCCESSFUL,INTEGRITY VERIFIED,INTEGRITY VERIFIED
95275,76358,2025-10-09 16:33:01.000000,29.9,1,1,RECONCILIATION SUCCESSFUL,INTEGRITY VERIFIED,INTEGRITY VERIFIED
22662,18093,2025-04-24 05:24:03.000000,254.98,3,3,RECONCILIATION SUCCESSFUL,INTEGRITY VERIFIED,INTEGRITY VERIFIED
11530,9161,2026-06-14 08:27:55.912824,29.99,1,1,RECONCILIATION SUCCESSFUL,INTEGRITY VERIFIED,INTEGRITY VERIFIED
103812,83227,2019-11-30 09:30:39.000000,99.49,2,2,RECONCILIATION SUCCESSFUL,INTEGRITY VERIFIED,INTEGRITY VERIFIED
114867,91986,2023-03-23 17:37:10.000000,87.98,2,2,RECONCILIATION SUCCESSFUL,INTEGRITY VERIFIED,INTEGRITY VERIFIED
4850,3829,2026-06-13 23:59:17.000000,99.98,2,2,RECONCILIATION SUCCESSFUL,INTEGRITY VERIFIED,INTEGRITY VERIFIED
75184,60124,2026-05-05 04:01:00.000000,29.99,1,1,RECONCILIATION SUCCESSFUL,INTEGRITY VERIFIED,INTEGRITY VERIFIED
18478,14716,2022-10-27 03:19:27.000000,158.17,3,3,RECONCILIATION SUCCESSFUL,INTEGRITY VERIFIED,INTEGRITY VERIFIED
95756,76767,2019-10-24 17:24:40.000000,29.99,1,1,RECONCILIATION SUCCESSFUL,INTEGRITY VERIFIED,INTEGRITY VERIFIED
98685,79115,2024-07-17 22:17:54.000000,448.98,3,3,RECONCILIATION SUCCESSFUL,INTEGRITY VERIFIED,INTEGRITY VERIFIED
111237,89089,2024-08-05 13:51:01.000000,156.63,2,2,RECONCILIATION SUCCESSFUL,INTEGRITY VERIFIED,INTEGRITY VERIFIED
12286,9794,2021-10-22 20:28:15.000000,309.99,2,2,RECONCILIATION SUCCESSFUL,INTEGRITY VERIFIED,INTEGRITY VERIFIED
19968,15944,2025-07-30 11:26:00.000000,274.0,3,3,RECONCILIATION SUCCESSFUL,INTEGRITY VERIFIED,INTEGRITY VERIFIED
54486,43510,2025-04-24 13:58:08.000000,30.4,1,1,RECONCILIATION SUCCESSFUL,INTEGRITY VERIFIED,INTEGRITY VERIFIED
62980,50328,2026-05-28 04:50:50.000000,30.9,1,1,RECONCILIATION SUCCESSFUL,INTEGRITY VERIFIED,INTEGRITY VERIFIED
40019,31957,2024-12-28 12:02:53.000000,725.9,2,2,RECONCILIATION SUCCESSFUL,INTEGRITY VERIFIED,INTEGRITY VERIFIED
120945,96821,2026-02-03 02:23:40.000000,73.68,2,2,RECONCILIATION SUCCESSFUL,INTEGRITY VERIFIED,INTEGRITY VERIFIED
25903,20696,2026-06-08 22:41:00.000000,407.95,4,4,RECONCILIATION SUCCESSFUL,INTEGRITY VERIFIED,INTEGRITY VERIFIED
22466,17932,2026-06-16 01:13:31.657868,107.55,2,2,RECONCILIATION SUCCESSFUL,INTEGRITY VERIFIED,INTEGRITY VERIFIED
87789,70262,2026-04-24 16:17:39.000000,120.98,3,3,RECONCILIATION SUCCESSFUL,INTEGRITY VERIFIED,INTEGRITY VERIFIED
8348,6671,2025-08-16 03:44:01.000000,31.99,1,1,RECONCILIATION SUCCESSFUL,INTEGRITY VERIFIED,INTEGRITY VERIFIED
121153,96982,2026-04-13 18:37:43.000000,91.99,2,2,RECONCILIATION SUCCESSFUL,INTEGRITY VERIFIED,INTEGRITY VERIFIED
90537,72450,2021-01-14 20:36:00.000000,32.0,1,1,RECONCILIATION SUCCESSFUL,INTEGRITY VERIFIED,INTEGRITY VERIFIED
16486,13133,2021-12-30 14:22:47.000000,32.0,1,1,RECONCILIATION SUCCESSFUL,INTEGRITY VERIFIED,INTEGRITY VERIFIED
42253,33708,2022-07-31 13:33:48.000000,32.0,1,1,RECONCILIATION SUCCESSFUL,INTEGRITY VERIFIED,INTEGRITY VERIFIED
44724,35662,2026-05-30 13:29:45.000000,76.99,2,2,RECONCILIATION SUCCESSFUL,INTEGRITY VERIFIED,INTEGRITY VERIFIED
112201,89847,2023-09-24 22:27:56.000000,150.95,3,3,RECONCILIATION SUCCESSFUL,INTEGRITY VERIFIED,INTEGRITY VERIFIED
108993,87316,2026-01-03 17:58:54.000000,32.5,1,1,RECONCILIATION SUCCESSFUL,INTEGRITY VERIFIED,INTEGRITY VERIFIED
12653,10066,2026-05-23 01:31:44.000000,102.9,2,2,RECONCILIATION SUCCESSFUL,INTEGRITY VERIFIED,INTEGRITY VERIFIED
82614,66097,2026-05-10 16:32:49.000000,96.99,2,2,RECONCILIATION SUCCESSFUL,INTEGRITY VERIFIED,INTEGRITY VERIFIED
46056,36790,2025-02-18 06:31:06.000000,104.06,3,3,RECONCILIATION SUCCESSFUL,INTEGRITY VERIFIED,INTEGRITY VERIFIED
74760,59776,2026-04-15 14:33:00.000000,33.0,1,1,RECONCILIATION SUCCESSFUL,INTEGRITY VERIFIED,INTEGRITY VERIFIED
81719,65402,2019-10-19 04:59:13.000000,33.68,1,1,RECONCILIATION SUCCESSFUL,INTEGRITY VERIFIED,INTEGRITY VERIFIED
95245,76337,2025-11-20 10:44:10.000000,33.97,1,1,RECONCILIATION SUCCESSFUL,INTEGRITY VERIFIED,INTEGRITY VERIFIED
79929,63887,2025-11-12 07:00:28.000000,33.97,1,1,RECONCILIATION SUCCESSFUL,INTEGRITY VERIFIED,INTEGRITY VERIFIED
100160,80347,2023-02-22 05:58:39.000000,34.0,1,1,RECONCILIATION SUCCESSFUL,INTEGRITY VERIFIED,INTEGRITY VERIFIED
33613,26824,2024-07-27 21:18:34.000000,100.17,2,2,RECONCILIATION SUCCESSFUL,INTEGRITY VERIFIED,INTEGRITY VERIFIED
48978,39082,2024-06-23 05:51:21.000000,628.99,4,4,RECONCILIATION SUCCESSFUL,INTEGRITY VERIFIED,INTEGRITY VERIFIED
24789,19797,2024-12-22 02:12:06.000000,34.0,1,1,RECONCILIATION SUCCESSFUL,INTEGRITY VERIFIED,INTEGRITY VERIFIED
98207,78736,2022-01-08 01:52:13.000000,902.7,4,4,RECONCILIATION SUCCESSFUL,INTEGRITY VERIFIED,INTEGRITY VERIFIED
6580,5224,2026-01-04 07:40:15.000000,69.83,2,2,RECONCILIATION SUCCESSFUL,INTEGRITY VERIFIED,INTEGRITY VERIFIED
73116,58478,2024-04-07 23:26:13.000000,263.95,2,2,RECONCILIATION SUCCESSFUL,INTEGRITY VERIFIED,INTEGRITY VERIFIED
3275,2610,2026-06-12 12:31:33.000000,195.33,2,2,RECONCILIATION SUCCESSFUL,INTEGRITY VERIFIED,INTEGRITY VERIFIED
10770,8588,2026-06-06 00:19:10.000000,154.41,3,3,RECONCILIATION SUCCESSFUL,INTEGRITY VERIFIED,INTEGRITY VERIFIED
124440,99636,2023-01-04 06:51:52.000000,228.94,2,2,RECONCILIATION SUCCESSFUL,INTEGRITY VERIFIED,INTEGRITY VERIFIED
80999,64787,2022-12-18 05:56:00.000000,364.99,3,3,RECONCILIATION SUCCESSFUL,INTEGRITY VERIFIED,INTEGRITY VERIFIED
71114,56874,2025-01-30 01:56:16.000000,35.0,1,1,RECONCILIATION SUCCESSFUL,INTEGRITY VERIFIED,INTEGRITY VERIFIED
39219,31327,2022-07-10 19:16:13.000000,35.67,1,1,RECONCILIATION SUCCESSFUL,INTEGRITY VERIFIED,INTEGRITY VERIFIED
62073,49595,2025-04-27 21:58:13.000000,35.73,1,1,RECONCILIATION SUCCESSFUL,INTEGRITY VERIFIED,INTEGRITY VERIFIED
100822,80841,2021-08-30 18:27:34.000000,35.73,1,1,RECONCILIATION SUCCESSFUL,INTEGRITY VERIFIED,INTEGRITY VERIFIED
20417,16325,2025-04-27 05:50:01.000000,220.9,2,2,RECONCILIATION SUCCESSFUL,INTEGRITY VERIFIED,INTEGRITY VERIFIED
53972,43118,2026-03-10 12:29:28.000000,939.0,2,2,RECONCILIATION SUCCESSFUL,INTEGRITY VERIFIED,INTEGRITY VERIFIED
65269,52130,2024-01-06 09:25:59.000000,194.33,2,2,RECONCILIATION SUCCESSFUL,INTEGRITY VERIFIED,INTEGRITY VERIFIED
57974,46330,2024-12-26 21:29:34.000000,196.0,2,2,RECONCILIATION SUCCESSFUL,INTEGRITY VERIFIED,INTEGRITY VERIFIED
61765,49334,2025-12-06 11:08:02.000000,36.98,1,1,RECONCILIATION SUCCESSFUL,INTEGRITY VERIFIED,INTEGRITY VERIFIED
26525,21194,2024-05-18 03:40:46.000000,314.99,3,3,RECONCILIATION SUCCESSFUL,INTEGRITY VERIFIED,INTEGRITY VERIFIED
96218,77132,2026-03-13 01:01:55.000000,91.96,2,2,RECONCILIATION SUCCESSFUL,INTEGRITY VERIFIED,INTEGRITY VERIFIED
93037,74531,2022-03-03 03:05:31.000000,37.99,1,1,RECONCILIATION SUCCESSFUL,INTEGRITY VERIFIED,INTEGRITY VERIFIED
115280,92294,2023-02-09 05:19:07.000000,97.98,2,2,RECONCILIATION SUCCESSFUL,INTEGRITY VERIFIED,INTEGRITY VERIFIED
22068,17601,2026-06-12 18:37:25.000000,38.0,1,1,RECONCILIATION SUCCESSFUL,INTEGRITY VERIFIED,INTEGRITY VERIFIED
64790,51759,2026-02-22 21:38:20.000000,38.0,1,1,RECONCILIATION SUCCESSFUL,INTEGRITY VERIFIED,INTEGRITY VERIFIED
70584,56445,2024-01-09 05:41:37.000000,81.15,2,2,RECONCILIATION SUCCESSFUL,INTEGRITY VERIFIED,INTEGRITY VERIFIED
52180,41649,2025-05-13 10:42:52.000000,38.0,1,1,RECONCILIATION SUCCESSFUL,INTEGRITY VERIFIED,INTEGRITY VERIFIED
93709,75088,2025-03-12 00:33:19.000000,251.0,3,3,RECONCILIATION SUCCESSFUL,INTEGRITY VERIFIED,INTEGRITY VERIFIED
115961,92846,2021-04-20 19:41:26.000000,38.0,1,1,RECONCILIATION SUCCESSFUL,INTEGRITY VERIFIED,INTEGRITY VERIFIED
6196,4915,2023-11-07 00:55:05.000000,38.0,1,1,RECONCILIATION SUCCESSFUL,INTEGRITY VERIFIED,INTEGRITY VERIFIED
68239,54608,2020-03-20 04:19:52.000000,77.98,2,2,RECONCILIATION SUCCESSFUL,INTEGRITY VERIFIED,INTEGRITY VERIFIED
26084,20844,2022-07-02 12:31:20.000000,38.19,1,1,RECONCILIATION SUCCESSFUL,INTEGRITY VERIFIED,INTEGRITY VERIFIED
100233,80405,2022-12-03 09:22:33.000000,165.0,3,3,RECONCILIATION SUCCESSFUL,INTEGRITY VERIFIED,INTEGRITY VERIFIED
121997,97678,2026-01-16 10:49:14.000000,39.45,1,1,RECONCILIATION SUCCESSFUL,INTEGRITY VERIFIED,INTEGRITY VERIFIED
97448,78114,2026-01-14 23:59:15.000000,39.5,1,1,RECONCILIATION SUCCESSFUL,INTEGRITY VERIFIED,INTEGRITY VERIFIED
56690,45300,2025-12-26 09:49:24.000000,89.45,2,2,RECONCILIATION SUCCESSFUL,INTEGRITY VERIFIED,INTEGRITY VERIFIED
62436,49869,2026-04-21 05:56:48.000000,39.6,1,1,RECONCILIATION SUCCESSFUL,INTEGRITY VERIFIED,INTEGRITY VERIFIED
50583,40423,2026-01-08 16:03:44.000000,130.58,2,2,RECONCILIATION SUCCESSFUL,INTEGRITY VERIFIED,INTEGRITY VERIFIED
85434,68373,2025-10-19 17:08:32.000000,39.9,1,1,RECONCILIATION SUCCESSFUL,INTEGRITY VERIFIED,INTEGRITY VERIFIED
52208,41673,2026-06-12 18:47:19.000000,87.98,2,2,RECONCILIATION SUCCESSFUL,INTEGRITY VERIFIED,INTEGRITY VERIFIED
65545,52347,2025-10-16 15:33:09.000000,379.12,4,4,RECONCILIATION SUCCESSFUL,INTEGRITY VERIFIED,INTEGRITY VERIFIED
70782,56599,2025-06-08 07:29:12.000000,129.49,2,2,RECONCILIATION SUCCESSFUL,INTEGRITY VERIFIED,INTEGRITY VERIFIED
118097,94556,2021-11-23 13:30:19.000000,39.99,1,1,RECONCILIATION SUCCESSFUL,INTEGRITY VERIFIED,INTEGRITY VERIFIED
43402,34637,2026-03-19 18:27:06.000000,90.28,2,2,RECONCILIATION SUCCESSFUL,INTEGRITY VERIFIED,INTEGRITY VERIFIED
103502,82988,2025-07-04 06:20:54.000000,251.99,3,3,RECONCILIATION SUCCESSFUL,INTEGRITY VERIFIED,INTEGRITY VERIFIED
47215,37728,2025-11-16 21:53:06.000000,221.99,3,3,RECONCILIATION SUCCESSFUL,INTEGRITY VERIFIED,INTEGRITY VERIFIED
45387,36231,2024-04-13 16:54:21.000000,42.0,1,1,RECONCILIATION SUCCESSFUL,INTEGRITY VERIFIED,INTEGRITY VERIFIED
92291,73887,2026-03-29 05:13:58.000000,42.0,1,1,RECONCILIATION SUCCESSFUL,INTEGRITY VERIFIED,INTEGRITY VERIFIED
60493,48310,2025-11-19 04:17:58.000000,279.69,4,4,RECONCILIATION SUCCESSFUL,INTEGRITY VERIFIED,INTEGRITY VERIFIED
101482,81367,2025-03-22 14:05:01.000000,91.6,2,2,RECONCILIATION SUCCESSFUL,INTEGRITY VERIFIED,INTEGRITY VERIFIED
2064,1651,2024-02-15 07:16:12.000000,42.5,1,1,RECONCILIATION SUCCESSFUL,INTEGRITY VERIFIED,INTEGRITY VERIFIED
105737,84753,2020-11-02 22:22:33.000000,42.99,1,1,RECONCILIATION SUCCESSFUL,INTEGRITY VERIFIED,INTEGRITY VERIFIED
25743,20557,2023-04-01 19:42:50.000000,589.99,3,3,RECONCILIATION SUCCESSFUL,INTEGRITY VERIFIED,INTEGRITY VERIFIED
28817,23031,2024-07-21 03:18:06.000000,88.99,2,2,RECONCILIATION SUCCESSFUL,INTEGRITY VERIFIED,INTEGRITY VERIFIED
101891,81686,2024-10-24 04:41:07.000000,44.0,1,1,RECONCILIATION SUCCESSFUL,INTEGRITY VERIFIED,INTEGRITY VERIFIED
18444,14682,2025-04-21 01:17:54.000000,44.42,1,1,RECONCILIATION SUCCESSFUL,INTEGRITY VERIFIED,INTEGRITY VERIFIED
67378,53888,2025-10-24 16:45:31.000000,44.5,1,1,RECONCILIATION SUCCESSFUL,INTEGRITY VERIFIED,INTEGRITY VERIFIED
49737,39712,2024-09-16 14:11:17.000000,220.98,3,3,RECONCILIATION SUCCESSFUL,INTEGRITY VERIFIED,INTEGRITY VERIFIED
79441,63498,2025-06-29 04:19:37.000000,44.99,1,1,RECONCILIATION SUCCESSFUL,INTEGRITY VERIFIED,INTEGRITY VERIFIED
32146,25661,2023-03-01 09:09:27.000000,91.0,2,2,RECONCILIATION SUCCESSFUL,INTEGRITY VERIFIED,INTEGRITY VERIFIED
10652,8477,2026-05-31 14:43:29.000000,46.0,1,1,RECONCILIATION SUCCESSFUL,INTEGRITY VERIFIED,INTEGRITY VERIFIED
17992,14332,2022-10-28 08:14:08.000000,290.61,4,4,RECONCILIATION SUCCESSFUL,INTEGRITY VERIFIED,INTEGRITY VERIFIED
726,586,2023-05-20 22:25:26.000000,47.0,1,1,RECONCILIATION SUCCESSFUL,INTEGRITY VERIFIED,INTEGRITY VERIFIED
106139,85061,2023-06-18 04:12:29.000000,112.98,2,2,RECONCILIATION SUCCESSFUL,INTEGRITY VERIFIED,INTEGRITY VERIFIED
101065,81022,2025-03-05 17:36:33.000000,133.0,2,2,RECONCILIATION SUCCESSFUL,INTEGRITY VERIFIED,INTEGRITY VERIFIED
63939,51088,2025-10-18 17:01:38.000000,127.99,2,2,RECONCILIATION SUCCESSFUL,INTEGRITY VERIFIED,INTEGRITY VERIFIED
110227,88294,2026-06-13 16:39:47.000000,48.0,1,1,RECONCILIATION SUCCESSFUL,INTEGRITY VERIFIED,INTEGRITY VERIFIED
373,301,2024-12-21 15:30:08.000000,48.95,1,1,RECONCILIATION SUCCESSFUL,INTEGRITY VERIFIED,INTEGRITY VERIFIED
16960,13504,2026-02-19 22:48:38.000000,473.96,2,2,RECONCILIATION SUCCESSFUL,INTEGRITY VERIFIED,INTEGRITY VERIFIED
51712,41301,2025-04-27 10:14:29.000000,114.44,2,2,RECONCILIATION SUCCESSFUL,INTEGRITY VERIFIED,INTEGRITY VERIFIED
112908,90392,2025-04-10 21:37:28.000000,48.98,1,1,RECONCILIATION SUCCESSFUL,INTEGRITY VERIFIED,INTEGRITY VERIFIED
40769,32541,2024-04-11 00:18:45.000000,49.0,1,1,RECONCILIATION SUCCESSFUL,INTEGRITY VERIFIED,INTEGRITY VERIFIED
43519,34732,2026-04-25 06:54:53.000000,170.0,2,2,RECONCILIATION SUCCESSFUL,INTEGRITY VERIFIED,INTEGRITY VERIFIED
33367,26610,2025-09-12 19:15:35.000000,104.5,2,2,RECONCILIATION SUCCESSFUL,INTEGRITY VERIFIED,INTEGRITY VERIFIED
113378,90764,2026-04-18 11:17:54.000000,109.49,2,2,RECONCILIATION SUCCESSFUL,INTEGRITY VERIFIED,INTEGRITY VERIFIED
2617,2087,2024-11-04 10:31:57.000000,49.5,1,1,RECONCILIATION SUCCESSFUL,INTEGRITY VERIFIED,INTEGRITY VERIFIED
113713,91038,2026-06-15 17:48:06.396630,49.5,1,1,RECONCILIATION SUCCESSFUL,INTEGRITY VERIFIED,INTEGRITY VERIFIED
107868,86426,2024-06-11 04:52:13.000000,227.44,3,3,RECONCILIATION SUCCESSFUL,INTEGRITY VERIFIED,INTEGRITY VERIFIED
113836,91134,2023-03-16 04:32:09.000000,49.95,1,1,RECONCILIATION SUCCESSFUL,INTEGRITY VERIFIED,INTEGRITY VERIFIED
66944,53536,2023-05-24 21:36:59.000000,49.99,1,1,RECONCILIATION SUCCESSFUL,INTEGRITY VERIFIED,INTEGRITY VERIFIED
77600,62047,2025-01-08 20:53:43.000000,49.99,1,1,RECONCILIATION SUCCESSFUL,INTEGRITY VERIFIED,INTEGRITY VERIFIED
66091,52824,2021-10-25 00:21:25.000000,49.99,1,1,RECONCILIATION SUCCESSFUL,INTEGRITY VERIFIED,INTEGRITY VERIFIED
59254,47353,2025-07-29 15:48:22.000000,49.99,1,1,RECONCILIATION SUCCESSFUL,INTEGRITY VERIFIED,INTEGRITY VERIFIED
74250,59381,2022-06-03 17:33:54.000000,49.99,1,1,RECONCILIATION SUCCESSFUL,INTEGRITY VERIFIED,INTEGRITY VERIFIED
62493,49926,2021-05-07 15:21:24.000000,49.99,1,1,RECONCILIATION SUCCESSFUL,INTEGRITY VERIFIED,INTEGRITY VERIFIED
120488,96445,2019-12-24 05:13:50.000000,49.99,1,1,RECONCILIATION SUCCESSFUL,INTEGRITY VERIFIED,INTEGRITY VERIFIED
45582,36390,2025-04-09 11:44:50.000000,175.0,2,2,RECONCILIATION SUCCESSFUL,INTEGRITY VERIFIED,INTEGRITY VERIFIED
118682,95006,2025-05-29 14:50:23.000000,175.0,2,2,RECONCILIATION SUCCESSFUL,INTEGRITY VERIFIED,INTEGRITY VERIFIED
98668,79105,2023-05-25 16:16:04.000000,52.0,1,1,RECONCILIATION SUCCESSFUL,INTEGRITY VERIFIED,INTEGRITY VERIFIED
27303,21829,2023-09-20 13:38:29.000000,116.5,2,2,RECONCILIATION SUCCESSFUL,INTEGRITY VERIFIED,INTEGRITY VERIFIED
12702,10096,2023-12-24 21:41:34.000000,53.0,1,1,RECONCILIATION SUCCESSFUL,INTEGRITY VERIFIED,INTEGRITY VERIFIED
14055,11187,2026-03-23 10:07:20.000000,53.0,1,1,RECONCILIATION SUCCESSFUL,INTEGRITY VERIFIED,INTEGRITY VERIFIED
20953,16745,2022-07-21 19:39:03.000000,53.0,1,1,RECONCILIATION SUCCESSFUL,INTEGRITY VERIFIED,INTEGRITY VERIFIED
55825,44612,2023-01-04 20:01:12.000000,183.0,2,2,RECONCILIATION SUCCESSFUL,INTEGRITY VERIFIED,INTEGRITY VERIFIED
109124,87424,2026-06-16 04:04:15.163126,55.0,1,1,RECONCILIATION SUCCESSFUL,INTEGRITY VERIFIED,INTEGRITY VERIFIED
97643,78275,2026-03-17 04:45:05.000000,206.06,3,3,RECONCILIATION SUCCESSFUL,INTEGRITY VERIFIED,INTEGRITY VERIFIED
49572,39563,2024-10-27 15:47:30.000000,55.0,1,1,RECONCILIATION SUCCESSFUL,INTEGRITY VERIFIED,INTEGRITY VERIFIED
108711,87075,2024-08-27 21:00:54.000000,55.0,1,1,RECONCILIATION SUCCESSFUL,INTEGRITY VERIFIED,INTEGRITY VERIFIED
54386,43433,2023-11-03 07:34:19.000000,581.79,4,4,RECONCILIATION SUCCESSFUL,INTEGRITY VERIFIED,INTEGRITY VERIFIED
24494,19556,2026-05-10 01:07:54.000000,57.99,1,1,RECONCILIATION SUCCESSFUL,INTEGRITY VERIFIED,INTEGRITY VERIFIED
96771,77583,2025-10-26 12:36:54.000000,57.99,1,1,RECONCILIATION SUCCESSFUL,INTEGRITY VERIFIED,INTEGRITY VERIFIED
8479,6779,2026-01-14 05:13:34.000000,58.0,1,1,RECONCILIATION SUCCESSFUL,INTEGRITY VERIFIED,INTEGRITY VERIFIED
46262,36966,2026-04-04 08:50:15.000000,58.0,1,1,RECONCILIATION SUCCESSFUL,INTEGRITY VERIFIED,INTEGRITY VERIFIED
8788,7027,2026-02-23 05:39:54.000000,159.49,2,2,RECONCILIATION SUCCESSFUL,INTEGRITY VERIFIED,INTEGRITY VERIFIED
82756,66218,2022-05-12 10:20:20.000000,59.5,1,1,RECONCILIATION SUCCESSFUL,INTEGRITY VERIFIED,INTEGRITY VERIFIED
101182,81116,2022-04-13 08:19:09.000000,59.99,1,1,RECONCILIATION SUCCESSFUL,INTEGRITY VERIFIED,INTEGRITY VERIFIED
36919,29463,2023-01-11 03:54:13.000000,60.0,1,1,RECONCILIATION SUCCESSFUL,INTEGRITY VERIFIED,INTEGRITY VERIFIED
46956,37517,2025-04-20 19:17:31.000000,61.0,1,1,RECONCILIATION SUCCESSFUL,INTEGRITY VERIFIED,INTEGRITY VERIFIED
46616,37243,2020-10-19 17:01:43.000000,63.95,1,1,RECONCILIATION SUCCESSFUL,INTEGRITY VERIFIED,INTEGRITY VERIFIED
112125,89793,2026-02-28 06:04:44.000000,63.95,1,1,RECONCILIATION SUCCESSFUL,INTEGRITY VERIFIED,INTEGRITY VERIFIED
60326,48183,2026-02-16 08:56:37.000000,64.5,1,1,RECONCILIATION SUCCESSFUL,INTEGRITY VERIFIED,INTEGRITY VERIFIED
66813,53427,2025-07-25 20:11:14.000000,64.95,1,1,RECONCILIATION SUCCESSFUL,INTEGRITY VERIFIED,INTEGRITY VERIFIED
119253,95448,2024-02-27 03:21:31.000000,344.95,3,3,RECONCILIATION SUCCESSFUL,INTEGRITY VERIFIED,INTEGRITY VERIFIED
116230,93058,2022-06-30 22:31:54.000000,65.0,1,1,RECONCILIATION SUCCESSFUL,INTEGRITY VERIFIED,INTEGRITY VERIFIED
62773,50162,2026-04-28 16:45:09.000000,65.17,1,1,RECONCILIATION SUCCESSFUL,INTEGRITY VERIFIED,INTEGRITY VERIFIED
48437,38688,2021-06-05 13:21:34.000000,66.96,1,1,RECONCILIATION SUCCESSFUL,INTEGRITY VERIFIED,INTEGRITY VERIFIED
57886,46261,2024-05-25 15:41:31.000000,68.0,1,1,RECONCILIATION SUCCESSFUL,INTEGRITY VERIFIED,INTEGRITY VERIFIED
110523,88515,2025-05-11 17:56:26.000000,203.69,2,2,RECONCILIATION SUCCESSFUL,INTEGRITY VERIFIED,INTEGRITY VERIFIED
44759,35697,2023-04-11 02:50:03.000000,69.0,1,1,RECONCILIATION SUCCESSFUL,INTEGRITY VERIFIED,INTEGRITY VERIFIED
91159,72974,2022-01-12 11:53:42.000000,69.99,1,1,RECONCILIATION SUCCESSFUL,INTEGRITY VERIFIED,INTEGRITY VERIFIED
76629,61266,2025-05-31 06:51:16.000000,489.48,4,4,RECONCILIATION SUCCESSFUL,INTEGRITY VERIFIED,INTEGRITY VERIFIED
4558,3598,2022-06-19 22:21:01.000000,72.0,1,1,RECONCILIATION SUCCESSFUL,INTEGRITY VERIFIED,INTEGRITY VERIFIED
73969,59166,2026-02-08 05:26:30.000000,78.0,1,1,RECONCILIATION SUCCESSFUL,INTEGRITY VERIFIED,INTEGRITY VERIFIED
30176,24105,2025-11-29 08:44:44.000000,78.0,1,1,RECONCILIATION SUCCESSFUL,INTEGRITY VERIFIED,INTEGRITY VERIFIED
4767,3778,2022-08-28 05:40:54.000000,79.5,1,1,RECONCILIATION SUCCESSFUL,INTEGRITY VERIFIED,INTEGRITY VERIFIED
106800,85585,2019-04-29 23:32:21.000000,79.5,1,1,RECONCILIATION SUCCESSFUL,INTEGRITY VERIFIED,INTEGRITY VERIFIED
54602,43606,2023-09-28 03:49:05.000000,79.99,1,1,RECONCILIATION SUCCESSFUL,INTEGRITY VERIFIED,INTEGRITY VERIFIED
115188,92225,2026-04-24 11:23:38.000000,80.0,1,1,RECONCILIATION SUCCESSFUL,INTEGRITY VERIFIED,INTEGRITY VERIFIED
10920,8706,2024-07-06 01:03:54.000000,83.84,1,1,RECONCILIATION SUCCESSFUL,INTEGRITY VERIFIED,INTEGRITY VERIFIED
99255,79583,2022-05-25 16:14:48.000000,84.12,1,1,RECONCILIATION SUCCESSFUL,INTEGRITY VERIFIED,INTEGRITY VERIFIED
102408,82097,2025-03-27 05:47:38.000000,85.0,1,1,RECONCILIATION SUCCESSFUL,INTEGRITY VERIFIED,INTEGRITY VERIFIED
116701,93422,2025-12-04 10:30:07.000000,85.0,1,1,RECONCILIATION SUCCESSFUL,INTEGRITY VERIFIED,INTEGRITY VERIFIED
22107,17632,2026-06-06 08:05:24.000000,86.11,1,1,RECONCILIATION SUCCESSFUL,INTEGRITY VERIFIED,INTEGRITY VERIFIED
118673,95000,2023-02-21 22:07:45.000000,88.0,1,1,RECONCILIATION SUCCESSFUL,INTEGRITY VERIFIED,INTEGRITY VERIFIED
53420,42652,2019-10-06 02:51:06.000000,88.0,1,1,RECONCILIATION SUCCESSFUL,INTEGRITY VERIFIED,INTEGRITY VERIFIED
112516,90089,2020-10-22 03:39:55.000000,88.0,1,1,RECONCILIATION SUCCESSFUL,INTEGRITY VERIFIED,INTEGRITY VERIFIED
20088,16044,2025-01-07 20:00:06.000000,198.0,2,2,RECONCILIATION SUCCESSFUL,INTEGRITY VERIFIED,INTEGRITY VERIFIED
102153,81893,2026-04-15 20:59:14.000000,89.95,1,1,RECONCILIATION SUCCESSFUL,INTEGRITY VERIFIED,INTEGRITY VERIFIED
122863,98380,2025-06-06 06:03:53.000000,89.99,1,1,RECONCILIATION SUCCESSFUL,INTEGRITY VERIFIED,INTEGRITY VERIFIED
80902,64715,2025-07-01 00:28:37.000000,353.99,3,3,RECONCILIATION SUCCESSFUL,INTEGRITY VERIFIED,INTEGRITY VERIFIED
118963,95215,2025-08-06 12:24:33.000000,996.82,2,2,RECONCILIATION SUCCESSFUL,INTEGRITY VERIFIED,INTEGRITY VERIFIED
101187,81121,2023-01-21 16:40:32.000000,98.0,1,1,RECONCILIATION SUCCESSFUL,INTEGRITY VERIFIED,INTEGRITY VERIFIED
113219,90642,2025-10-15 06:00:27.000000,98.0,1,1,RECONCILIATION SUCCESSFUL,INTEGRITY VERIFIED,INTEGRITY VERIFIED
61221,48902,2023-05-23 14:48:01.000000,1002.99,2,2,RECONCILIATION SUCCESSFUL,INTEGRITY VERIFIED,INTEGRITY VERIFIED
59923,47860,2024-08-06 18:19:23.000000,100.99,1,1,RECONCILIATION SUCCESSFUL,INTEGRITY VERIFIED,INTEGRITY VERIFIED
10592,8435,2025-06-18 03:05:06.000000,109.0,1,1,RECONCILIATION SUCCESSFUL,INTEGRITY VERIFIED,INTEGRITY VERIFIED
17476,13917,2023-10-12 11:00:36.000000,109.0,1,1,RECONCILIATION SUCCESSFUL,INTEGRITY VERIFIED,INTEGRITY VERIFIED
18988,15155,2026-01-25 05:39:01.000000,109.0,1,1,RECONCILIATION SUCCESSFUL,INTEGRITY VERIFIED,INTEGRITY VERIFIED
55920,44687,2026-06-13 20:52:58.254864,109.91,1,1,RECONCILIATION SUCCESSFUL,INTEGRITY VERIFIED,INTEGRITY VERIFIED
117157,93820,2025-04-12 12:41:11.000000,110.0,1,1,RECONCILIATION SUCCESSFUL,INTEGRITY VERIFIED,INTEGRITY VERIFIED
6952,5546,2023-09-22 21:17:09.000000,118.0,1,1,RECONCILIATION SUCCESSFUL,INTEGRITY VERIFIED,INTEGRITY VERIFIED
22056,17594,2024-06-04 11:46:49.000000,119.0,1,1,RECONCILIATION SUCCESSFUL,INTEGRITY VERIFIED,INTEGRITY VERIFIED
8340,6665,2024-12-24 01:09:49.000000,119.95,1,1,RECONCILIATION SUCCESSFUL,INTEGRITY VERIFIED,INTEGRITY VERIFIED
23280,18595,2024-11-25 16:39:15.000000,119.95,1,1,RECONCILIATION SUCCESSFUL,INTEGRITY VERIFIED,INTEGRITY VERIFIED
113426,90801,2021-12-26 00:13:02.000000,121.0,1,1,RECONCILIATION SUCCESSFUL,INTEGRITY VERIFIED,INTEGRITY VERIFIED
62135,49637,2025-05-15 11:07:48.000000,126.0,1,1,RECONCILIATION SUCCESSFUL,INTEGRITY VERIFIED,INTEGRITY VERIFIED
96385,77280,2026-01-01 00:26:55.000000,126.63,1,1,RECONCILIATION SUCCESSFUL,INTEGRITY VERIFIED,INTEGRITY VERIFIED
124778,99896,2023-03-03 17:20:04.000000,129.88,1,1,RECONCILIATION SUCCESSFUL,INTEGRITY VERIFIED,INTEGRITY VERIFIED
4263,3383,2026-02-14 06:04:24.000000,129.99,1,1,RECONCILIATION SUCCESSFUL,INTEGRITY VERIFIED,INTEGRITY VERIFIED
16456,13115,2024-08-10 08:15:16.000000,133.0,1,1,RECONCILIATION SUCCESSFUL,INTEGRITY VERIFIED,INTEGRITY VERIFIED
10254,8176,2022-11-20 07:51:21.000000,405.49,2,2,RECONCILIATION SUCCESSFUL,INTEGRITY VERIFIED,INTEGRITY VERIFIED
4822,3812,2025-12-06 08:05:31.000000,142.8,1,1,RECONCILIATION SUCCESSFUL,INTEGRITY VERIFIED,INTEGRITY VERIFIED
111658,89428,2023-10-30 13:43:37.000000,147.5,1,1,RECONCILIATION SUCCESSFUL,INTEGRITY VERIFIED,INTEGRITY VERIFIED
25190,20118,2026-04-21 23:23:59.000000,147.5,1,1,RECONCILIATION SUCCESSFUL,INTEGRITY VERIFIED,INTEGRITY VERIFIED
63736,50934,2020-02-12 13:06:26.000000,149.99,1,1,RECONCILIATION SUCCESSFUL,INTEGRITY VERIFIED,INTEGRITY VERIFIED
12307,9807,2025-11-10 12:15:18.000000,150.0,1,1,RECONCILIATION SUCCESSFUL,INTEGRITY VERIFIED,INTEGRITY VERIFIED
2922,2312,2022-11-13 14:45:28.000000,160.0,1,1,RECONCILIATION SUCCESSFUL,INTEGRITY VERIFIED,INTEGRITY VERIFIED
1639,1290,2024-08-18 06:09:45.000000,161.0,1,1,RECONCILIATION SUCCESSFUL,INTEGRITY VERIFIED,INTEGRITY VERIFIED
2956,2346,2025-09-14 22:27:51.000000,169.0,1,1,RECONCILIATION SUCCESSFUL,INTEGRITY VERIFIED,INTEGRITY VERIFIED
60377,48218,2025-05-25 08:56:21.000000,178.0,1,1,RECONCILIATION SUCCESSFUL,INTEGRITY VERIFIED,INTEGRITY VERIFIED
98624,79073,2023-10-24 23:27:58.000000,179.0,1,1,RECONCILIATION SUCCESSFUL,INTEGRITY VERIFIED,INTEGRITY VERIFIED
80346,64242,2024-06-07 08:15:26.000000,483.0,2,2,RECONCILIATION SUCCESSFUL,INTEGRITY VERIFIED,INTEGRITY VERIFIED
118893,95170,2025-02-05 20:20:07.000000,189.5,1,1,RECONCILIATION SUCCESSFUL,INTEGRITY VERIFIED,INTEGRITY VERIFIED
58121,46450,2023-08-14 12:46:22.000000,193.95,1,1,RECONCILIATION SUCCESSFUL,INTEGRITY VERIFIED,INTEGRITY VERIFIED
70703,56534,2024-05-02 01:27:26.000000,218.0,1,1,RECONCILIATION SUCCESSFUL,INTEGRITY VERIFIED,INTEGRITY VERIFIED
114086,91352,2024-09-23 13:24:08.000000,220.0,1,1,RECONCILIATION SUCCESSFUL,INTEGRITY VERIFIED,INTEGRITY VERIFIED
1370,1088,2023-11-28 19:30:49.000000,229.0,1,1,RECONCILIATION SUCCESSFUL,INTEGRITY VERIFIED,INTEGRITY VERIFIED
104033,83386,2023-03-23 09:39:15.000000,280.0,1,1,RECONCILIATION SUCCESSFUL,INTEGRITY VERIFIED,INTEGRITY VERIFIED
5673,4488,2024-09-06 18:27:14.000000,903.0,1,1,RECONCILIATION SUCCESSFUL,INTEGRITY VERIFIED,INTEGRITY VERIFIED
-24,44000,2026-06-16 11:08:00.000000,203.0,2,2,RECONCILIATION SUCCESSFUL,INTEGRITY VERIFIED,VARIANCE DETECTED
-28,4415,2026-06-16 12:18:00.000000,86.0,1,1,RECONCILIATION SUCCESSFUL,INTEGRITY VERIFIED,INTEGRITY VERIFIED
-55,66792,2026-06-16 18:00:00.000000,79.0,1,1,RECONCILIATION SUCCESSFUL,INTEGRITY VERIFIED,INTEGRITY VERIFIED
-59,79437,2026-06-16 10:47:00.000000,127.0,2,2,RECONCILIATION SUCCESSFUL,INTEGRITY VERIFIED,VARIANCE DETECTED
-64,82302,2026-06-16 10:22:00.000000,34.0,1,1,RECONCILIATION SUCCESSFUL,INTEGRITY VERIFIED,INTEGRITY VERIFIED
-77,42828,2026-06-16 15:26:00.000000,234.0,3,3,RECONCILIATION SUCCESSFUL,INTEGRITY VERIFIED,VARIANCE DETECTED
-95,34732,2026-06-16 17:07:00.000000,284.0,2,2,RECONCILIATION SUCCESSFUL,INTEGRITY VERIFIED,INTEGRITY VERIFIED
-96,25205,2026-06-16 17:49:00.000000,275.0,3,3,RECONCILIATION SUCCESSFUL,INTEGRITY VERIFIED,VARIANCE DETECTED
-104,13672,2026-06-16 14:59:00.000000,23.0,1,1,RECONCILIATION SUCCESSFUL,INTEGRITY VERIFIED,INTEGRITY VERIFIED
-119,3812,2026-06-16 11:30:00.000000,388.0,3,3,RECONCILIATION SUCCESSFUL,INTEGRITY VERIFIED,VARIANCE DETECTED
-142,82273,2026-06-16 09:09:00.000000,402.0,3,3,RECONCILIATION SUCCESSFUL,INTEGRITY VERIFIED,INTEGRITY VERIFIED
-178,26697,2026-06-16 10:15:00.000000,304.0,3,3,RECONCILIATION SUCCESSFUL,INTEGRITY VERIFIED,INTEGRITY VERIFIED
-181,99678,2026-06-16 16:04:00.000000,335.0,3,3,RECONCILIATION SUCCESSFUL,INTEGRITY VERIFIED,INTEGRITY VERIFIED
-199,53719,2026-06-16 11:19:00.000000,197.0,2,2,RECONCILIATION SUCCESSFUL,INTEGRITY VERIFIED,INTEGRITY VERIFIED
-212,63221,2026-06-16 15:19:00.000000,65.0,2,2,RECONCILIATION SUCCESSFUL,INTEGRITY VERIFIED,VARIANCE DETECTED
-256,22977,2026-06-16 12:07:00.000000,290.0,3,3,RECONCILIATION SUCCESSFUL,INTEGRITY VERIFIED,VARIANCE DETECTED
-261,15547,2026-06-16 16:14:00.000000,144.0,1,1,RECONCILIATION SUCCESSFUL,INTEGRITY VERIFIED,INTEGRITY VERIFIED
-299,61831,2026-06-16 14:28:00.000000,132.0,2,2,RECONCILIATION SUCCESSFUL,INTEGRITY VERIFIED,VARIANCE DETECTED
50497,40363,2026-03-05 09:28:56.000000,83.75,2,2,RECONCILIATION SUCCESSFUL,INTEGRITY VERIFIED,INTEGRITY VERIFIED
4725,3745,2022-08-22 13:22:50.000000,43.9,2,2,RECONCILIATION SUCCESSFUL,INTEGRITY VERIFIED,INTEGRITY VERIFIED
76509,61174,2026-06-15 19:51:39.000000,142.88,3,3,RECONCILIATION SUCCESSFUL,INTEGRITY VERIFIED,INTEGRITY VERIFIED
13740,10924,2024-06-08 22:55:20.000000,30.76,2,2,RECONCILIATION SUCCESSFUL,INTEGRITY VERIFIED,INTEGRITY VERIFIED
91651,73379,2024-07-03 05:42:10.000000,183.38,3,3,RECONCILIATION SUCCESSFUL,INTEGRITY VERIFIED,INTEGRITY VERIFIED
2383,1902,2020-01-23 13:57:46.000000,83.94,3,3,RECONCILIATION SUCCESSFUL,INTEGRITY VERIFIED,INTEGRITY VERIFIED
7297,5829,2023-04-21 17:04:12.000000,44.99,2,2,RECONCILIATION SUCCESSFUL,INTEGRITY VERIFIED,INTEGRITY VERIFIED
98022,78590,2023-03-05 06:52:53.000000,70.32,2,2,RECONCILIATION SUCCESSFUL,INTEGRITY VERIFIED,INTEGRITY VERIFIED
43155,34436,2024-04-06 07:12:48.000000,116.97,3,3,RECONCILIATION SUCCESSFUL,INTEGRITY VERIFIED,INTEGRITY VERIFIED
68496,54810,2024-10-23 02:31:55.000000,130.89,3,3,RECONCILIATION SUCCESSFUL,INTEGRITY VERIFIED,INTEGRITY VERIFIED
121404,97187,2024-03-31 01:29:01.000000,8.0,1,1,RECONCILIATION SUCCESSFUL,INTEGRITY VERIFIED,INTEGRITY VERIFIED
34342,27403,2021-04-18 15:49:21.000000,8.0,1,1,RECONCILIATION SUCCESSFUL,INTEGRITY VERIFIED,INTEGRITY VERIFIED
85559,68473,2026-02-02 11:00:18.000000,33.48,2,2,RECONCILIATION SUCCESSFUL,INTEGRITY VERIFIED,INTEGRITY VERIFIED
56107,44837,2025-07-15 14:24:40.000000,329.38,3,3,RECONCILIATION SUCCESSFUL,INTEGRITY VERIFIED,INTEGRITY VERIFIED
10917,8704,2023-10-27 17:57:57.000000,273.48,4,4,RECONCILIATION SUCCESSFUL,INTEGRITY VERIFIED,INTEGRITY VERIFIED
109491,87721,2025-09-03 23:14:28.000000,8.99,1,1,RECONCILIATION SUCCESSFUL,INTEGRITY VERIFIED,INTEGRITY VERIFIED
53161,42437,2025-07-31 13:04:07.000000,8.99,1,1,RECONCILIATION SUCCESSFUL,INTEGRITY VERIFIED,INTEGRITY VERIFIED
110726,88672,2026-01-24 02:01:22.000000,9.0,1,1,RECONCILIATION SUCCESSFUL,INTEGRITY VERIFIED,INTEGRITY VERIFIED
107851,86413,2021-01-27 14:38:01.000000,32.95,2,2,RECONCILIATION SUCCESSFUL,INTEGRITY VERIFIED,INTEGRITY VERIFIED
31613,25261,2024-07-15 06:45:14.000000,35.5,2,2,RECONCILIATION SUCCESSFUL,INTEGRITY VERIFIED,INTEGRITY VERIFIED
97163,77880,2021-03-16 11:25:03.000000,111.01,3,3,RECONCILIATION SUCCESSFUL,INTEGRITY VERIFIED,INTEGRITY VERIFIED
71701,57348,2025-01-25 01:16:06.000000,9.99,1,1,RECONCILIATION SUCCESSFUL,INTEGRITY VERIFIED,INTEGRITY VERIFIED
110061,88153,2023-11-15 17:25:43.000000,9.99,1,1,RECONCILIATION SUCCESSFUL,INTEGRITY VERIFIED,INTEGRITY VERIFIED
124849,99955,2026-06-02 17:54:27.000000,9.99,1,1,RECONCILIATION SUCCESSFUL,INTEGRITY VERIFIED,INTEGRITY VERIFIED
120231,96243,2026-05-08 04:05:52.000000,20.0,2,2,RECONCILIATION SUCCESSFUL,INTEGRITY VERIFIED,INTEGRITY VERIFIED
18285,14564,2026-01-17 03:13:25.000000,54.36,2,2,RECONCILIATION SUCCESSFUL,INTEGRITY VERIFIED,INTEGRITY VERIFIED
22051,17592,2020-08-12 17:42:02.000000,224.43,4,4,RECONCILIATION SUCCESSFUL,INTEGRITY VERIFIED,INTEGRITY VERIFIED
113814,91113,2025-09-10 13:14:41.000000,35.51,2,2,RECONCILIATION SUCCESSFUL,INTEGRITY VERIFIED,INTEGRITY VERIFIED
50502,40368,2026-02-26 03:18:59.000000,10.69,1,1,RECONCILIATION SUCCESSFUL,INTEGRITY VERIFIED,INTEGRITY VERIFIED
95871,76862,2024-08-06 09:43:53.000000,10.99,1,1,RECONCILIATION SUCCESSFUL,INTEGRITY VERIFIED,INTEGRITY VERIFIED
36913,29458,2022-03-12 07:37:55.000000,89.97,4,4,RECONCILIATION SUCCESSFUL,INTEGRITY VERIFIED,INTEGRITY VERIFIED
108274,86724,2023-01-08 02:23:01.000000,80.24,2,2,RECONCILIATION SUCCESSFUL,INTEGRITY VERIFIED,INTEGRITY VERIFIED
26057,20822,2026-06-11 23:24:52.000000,192.66,4,4,RECONCILIATION SUCCESSFUL,INTEGRITY VERIFIED,INTEGRITY VERIFIED
93530,74953,2022-11-16 02:26:32.000000,193.84,4,4,RECONCILIATION SUCCESSFUL,INTEGRITY VERIFIED,INTEGRITY VERIFIED
84366,67511,2025-08-01 12:00:09.000000,11.86,1,1,RECONCILIATION SUCCESSFUL,INTEGRITY VERIFIED,INTEGRITY VERIFIED
76413,61097,2026-03-20 14:22:31.000000,52.18,2,2,RECONCILIATION SUCCESSFUL,INTEGRITY VERIFIED,INTEGRITY VERIFIED
22838,18244,2025-02-12 05:08:25.000000,170.89,4,4,RECONCILIATION SUCCESSFUL,INTEGRITY VERIFIED,INTEGRITY VERIFIED
66371,53068,2024-09-09 19:00:58.000000,11.95,1,1,RECONCILIATION SUCCESSFUL,INTEGRITY VERIFIED,INTEGRITY VERIFIED
55458,44296,2025-11-05 21:30:56.000000,11.99,1,1,RECONCILIATION SUCCESSFUL,INTEGRITY VERIFIED,INTEGRITY VERIFIED
39478,31536,2025-09-10 04:12:53.000000,11.99,1,1,RECONCILIATION SUCCESSFUL,INTEGRITY VERIFIED,INTEGRITY VERIFIED
30382,24261,2024-11-28 11:21:09.000000,359.45,4,4,RECONCILIATION SUCCESSFUL,INTEGRITY VERIFIED,INTEGRITY VERIFIED
124533,99704,2025-12-22 03:02:08.000000,26.99,2,2,RECONCILIATION SUCCESSFUL,INTEGRITY VERIFIED,INTEGRITY VERIFIED
26756,21383,2021-09-21 08:24:15.000000,12.0,1,1,RECONCILIATION SUCCESSFUL,INTEGRITY VERIFIED,INTEGRITY VERIFIED
109350,87612,2024-07-08 04:05:43.000000,12.0,1,1,RECONCILIATION SUCCESSFUL,INTEGRITY VERIFIED,INTEGRITY VERIFIED
115866,92764,2025-07-04 04:48:41.000000,545.0,4,4,RECONCILIATION SUCCESSFUL,INTEGRITY VERIFIED,INTEGRITY VERIFIED
51937,41453,2025-05-23 03:11:19.000000,12.0,1,1,RECONCILIATION SUCCESSFUL,INTEGRITY VERIFIED,INTEGRITY VERIFIED
51131,40840,2025-08-04 20:26:32.000000,29.91,2,2,RECONCILIATION SUCCESSFUL,INTEGRITY VERIFIED,INTEGRITY VERIFIED
39054,31202,2022-04-02 05:14:45.000000,12.5,1,1,RECONCILIATION SUCCESSFUL,INTEGRITY VERIFIED,INTEGRITY VERIFIED
37971,30307,2023-10-01 15:44:40.000000,30.9,2,2,RECONCILIATION SUCCESSFUL,INTEGRITY VERIFIED,INTEGRITY VERIFIED
594,491,2021-05-14 02:18:11.000000,171.91,4,4,RECONCILIATION SUCCESSFUL,INTEGRITY VERIFIED,INTEGRITY VERIFIED
22827,18235,2022-03-22 18:14:21.000000,272.97,4,4,RECONCILIATION SUCCESSFUL,INTEGRITY VERIFIED,INTEGRITY VERIFIED
24994,19966,2023-05-04 22:11:24.000000,32.97,2,2,RECONCILIATION SUCCESSFUL,INTEGRITY VERIFIED,INTEGRITY VERIFIED
35570,28392,2025-12-01 00:11:59.000000,242.98,4,4,RECONCILIATION SUCCESSFUL,INTEGRITY VERIFIED,INTEGRITY VERIFIED
78319,62614,2026-05-06 23:55:46.000000,636.39,4,4,RECONCILIATION SUCCESSFUL,INTEGRITY VERIFIED,INTEGRITY VERIFIED
46329,37009,2024-08-12 02:51:37.000000,131.99,2,2,RECONCILIATION SUCCESSFUL,INTEGRITY VERIFIED,INTEGRITY VERIFIED
32742,26156,2023-06-15 08:14:49.000000,190.99,2,2,RECONCILIATION SUCCESSFUL,INTEGRITY VERIFIED,INTEGRITY VERIFIED
74895,59883,2025-06-15 05:11:24.000000,29.04,2,2,RECONCILIATION SUCCESSFUL,INTEGRITY VERIFIED,INTEGRITY VERIFIED
79400,63465,2021-09-26 03:26:05.000000,362.44,4,4,RECONCILIATION SUCCESSFUL,INTEGRITY VERIFIED,INTEGRITY VERIFIED
83049,66461,2026-06-12 12:02:35.337086,185.5,2,2,RECONCILIATION SUCCESSFUL,INTEGRITY VERIFIED,INTEGRITY VERIFIED
9875,7877,2024-03-03 04:02:40.000000,133.71,2,2,RECONCILIATION SUCCESSFUL,INTEGRITY VERIFIED,INTEGRITY VERIFIED
106566,85411,2024-07-24 05:17:36.000000,107.25,4,4,RECONCILIATION SUCCESSFUL,INTEGRITY VERIFIED,INTEGRITY VERIFIED
51928,41446,2023-08-04 13:27:38.000000,121.68,3,3,RECONCILIATION SUCCESSFUL,INTEGRITY VERIFIED,INTEGRITY VERIFIED
1274,1013,2021-04-12 13:19:24.000000,13.95,1,1,RECONCILIATION SUCCESSFUL,INTEGRITY VERIFIED,INTEGRITY VERIFIED
61993,49518,2026-06-14 19:25:36.851163,14.0,1,1,RECONCILIATION SUCCESSFUL,INTEGRITY VERIFIED,INTEGRITY VERIFIED
108888,87226,2026-03-18 21:44:21.000000,382.39,4,4,RECONCILIATION SUCCESSFUL,INTEGRITY VERIFIED,INTEGRITY VERIFIED
16548,13169,2022-09-14 18:20:13.000000,69.94,2,2,RECONCILIATION SUCCESSFUL,INTEGRITY VERIFIED,INTEGRITY VERIFIED
45564,36373,2026-04-21 19:56:31.000000,59.5,2,2,RECONCILIATION SUCCESSFUL,INTEGRITY VERIFIED,INTEGRITY VERIFIED
79491,63538,2022-12-03 18:12:44.000000,38.94,2,2,RECONCILIATION SUCCESSFUL,INTEGRITY VERIFIED,INTEGRITY VERIFIED
52682,42040,2026-04-04 17:24:49.000000,464.49,3,3,RECONCILIATION SUCCESSFUL,INTEGRITY VERIFIED,INTEGRITY VERIFIED
84237,67414,2025-11-12 23:27:25.000000,14.99,1,1,RECONCILIATION SUCCESSFUL,INTEGRITY VERIFIED,INTEGRITY VERIFIED
102473,82149,2025-03-28 04:01:07.000000,249.53,4,4,RECONCILIATION SUCCESSFUL,INTEGRITY VERIFIED,INTEGRITY VERIFIED
76929,61507,2021-12-26 12:51:52.000000,61.99,3,3,RECONCILIATION SUCCESSFUL,INTEGRITY VERIFIED,INTEGRITY VERIFIED
54441,43477,2025-08-06 11:36:15.000000,118.15,4,4,RECONCILIATION SUCCESSFUL,INTEGRITY VERIFIED,INTEGRITY VERIFIED
26701,21336,2026-04-27 12:34:16.000000,15.0,1,1,RECONCILIATION SUCCESSFUL,INTEGRITY VERIFIED,INTEGRITY VERIFIED
24825,19832,2025-05-12 16:50:48.000000,35.55,2,2,RECONCILIATION SUCCESSFUL,INTEGRITY VERIFIED,INTEGRITY VERIFIED
33086,26394,2023-04-22 03:27:10.000000,50.94,2,2,RECONCILIATION SUCCESSFUL,INTEGRITY VERIFIED,INTEGRITY VERIFIED
78979,63125,2026-04-07 20:26:23.000000,72.96,3,3,RECONCILIATION SUCCESSFUL,INTEGRITY VERIFIED,INTEGRITY VERIFIED
121597,97343,2022-07-06 02:19:56.000000,83.98,4,4,RECONCILIATION SUCCESSFUL,INTEGRITY VERIFIED,INTEGRITY VERIFIED
5612,4436,2026-02-23 04:13:35.000000,165.99,2,2,RECONCILIATION SUCCESSFUL,INTEGRITY VERIFIED,INTEGRITY VERIFIED
72660,58107,2026-03-26 06:33:28.000000,38.49,2,2,RECONCILIATION SUCCESSFUL,INTEGRITY VERIFIED,INTEGRITY VERIFIED
98337,78848,2026-05-25 00:51:20.000000,64.99,2,2,RECONCILIATION SUCCESSFUL,INTEGRITY VERIFIED,INTEGRITY VERIFIED
93388,74836,2025-04-05 20:33:26.000000,62.97,2,2,RECONCILIATION SUCCESSFUL,INTEGRITY VERIFIED,INTEGRITY VERIFIED
77170,61690,2023-02-26 14:54:13.000000,142.34,4,4,RECONCILIATION SUCCESSFUL,INTEGRITY VERIFIED,INTEGRITY VERIFIED
63964,51108,2026-05-04 06:24:54.000000,16.99,1,1,RECONCILIATION SUCCESSFUL,INTEGRITY VERIFIED,INTEGRITY VERIFIED
62276,49739,2024-07-26 01:13:23.000000,117.99,2,2,RECONCILIATION SUCCESSFUL,INTEGRITY VERIFIED,INTEGRITY VERIFIED
71165,56922,2023-08-04 08:18:27.000000,16.99,1,1,RECONCILIATION SUCCESSFUL,INTEGRITY VERIFIED,INTEGRITY VERIFIED
45810,36571,2025-10-09 19:25:52.000000,199.99,3,3,RECONCILIATION SUCCESSFUL,INTEGRITY VERIFIED,INTEGRITY VERIFIED
100742,80775,2025-10-09 07:55:35.000000,17.05,1,1,RECONCILIATION SUCCESSFUL,INTEGRITY VERIFIED,INTEGRITY VERIFIED
102873,82478,2024-10-21 05:46:18.000000,274.14,4,4,RECONCILIATION SUCCESSFUL,INTEGRITY VERIFIED,INTEGRITY VERIFIED
106675,85492,2025-10-18 07:59:01.000000,17.95,1,1,RECONCILIATION SUCCESSFUL,INTEGRITY VERIFIED,INTEGRITY VERIFIED
52088,41576,2026-06-03 03:48:34.000000,85.95,2,2,RECONCILIATION SUCCESSFUL,INTEGRITY VERIFIED,INTEGRITY VERIFIED
97321,78004,2023-07-06 17:03:58.000000,47.98,2,2,RECONCILIATION SUCCESSFUL,INTEGRITY VERIFIED,INTEGRITY VERIFIED
60013,47939,2024-11-12 10:19:53.000000,43.97,2,2,RECONCILIATION SUCCESSFUL,INTEGRITY VERIFIED,INTEGRITY VERIFIED
124305,99545,2026-05-11 16:43:59.000000,120.09,4,4,RECONCILIATION SUCCESSFUL,INTEGRITY VERIFIED,INTEGRITY VERIFIED
110308,88358,2025-07-22 16:23:22.000000,18.0,1,1,RECONCILIATION SUCCESSFUL,INTEGRITY VERIFIED,INTEGRITY VERIFIED
70555,56422,2023-09-12 11:04:26.000000,193.67,3,3,RECONCILIATION SUCCESSFUL,INTEGRITY VERIFIED,INTEGRITY VERIFIED
15266,12170,2026-05-16 05:20:01.000000,18.99,1,1,RECONCILIATION SUCCESSFUL,INTEGRITY VERIFIED,INTEGRITY VERIFIED
45771,36545,2026-03-29 08:39:51.000000,19.0,1,1,RECONCILIATION SUCCESSFUL,INTEGRITY VERIFIED,INTEGRITY VERIFIED
92367,73950,2024-10-12 12:41:43.000000,84.23,2,2,RECONCILIATION SUCCESSFUL,INTEGRITY VERIFIED,INTEGRITY VERIFIED
118708,95024,2026-01-24 05:46:51.000000,19.49,1,1,RECONCILIATION SUCCESSFUL,INTEGRITY VERIFIED,INTEGRITY VERIFIED
33375,26614,2025-03-15 17:24:34.000000,83.82,2,2,RECONCILIATION SUCCESSFUL,INTEGRITY VERIFIED,INTEGRITY VERIFIED
67903,54347,2024-07-10 23:03:54.000000,425.95,4,4,RECONCILIATION SUCCESSFUL,INTEGRITY VERIFIED,INTEGRITY VERIFIED
82519,66019,2025-12-27 04:47:13.000000,52.94,2,2,RECONCILIATION SUCCESSFUL,INTEGRITY VERIFIED,INTEGRITY VERIFIED
772,614,2026-04-26 11:08:14.000000,19.95,1,1,RECONCILIATION SUCCESSFUL,INTEGRITY VERIFIED,INTEGRITY VERIFIED
22050,17592,2025-01-01 15:28:35.000000,19.99,1,1,RECONCILIATION SUCCESSFUL,INTEGRITY VERIFIED,INTEGRITY VERIFIED
118109,94565,2024-10-15 08:52:18.000000,201.42,4,4,RECONCILIATION SUCCESSFUL,INTEGRITY VERIFIED,INTEGRITY VERIFIED
47480,37929,2025-04-08 18:09:40.000000,503.98,3,3,RECONCILIATION SUCCESSFUL,INTEGRITY VERIFIED,INTEGRITY VERIFIED
51040,40776,2023-08-01 17:50:26.000000,212.98,4,4,RECONCILIATION SUCCESSFUL,INTEGRITY VERIFIED,INTEGRITY VERIFIED
64321,51395,2024-10-12 01:34:01.000000,19.99,1,1,RECONCILIATION SUCCESSFUL,INTEGRITY VERIFIED,INTEGRITY VERIFIED
85503,68425,2025-08-12 10:20:30.000000,19.99,1,1,RECONCILIATION SUCCESSFUL,INTEGRITY VERIFIED,INTEGRITY VERIFIED
96759,77577,2024-09-12 15:54:23.000000,58.0,2,2,RECONCILIATION SUCCESSFUL,INTEGRITY VERIFIED,INTEGRITY VERIFIED
82095,65695,2025-02-01 05:23:48.000000,20.0,1,1,RECONCILIATION SUCCESSFUL,INTEGRITY VERIFIED,INTEGRITY VERIFIED
3194,2553,2024-01-03 06:06:35.000000,60.49,2,2,RECONCILIATION SUCCESSFUL,INTEGRITY VERIFIED,INTEGRITY VERIFIED
105380,84463,2023-05-17 11:19:16.000000,169.99,2,2,RECONCILIATION SUCCESSFUL,INTEGRITY VERIFIED,INTEGRITY VERIFIED
57469,45953,2024-06-15 22:38:10.000000,104.08,3,3,RECONCILIATION SUCCESSFUL,INTEGRITY VERIFIED,INTEGRITY VERIFIED
1784,1427,2023-05-02 22:45:12.000000,100.93,3,3,RECONCILIATION SUCCESSFUL,INTEGRITY VERIFIED,INTEGRITY VERIFIED
25801,20610,2025-06-18 01:22:25.000000,21.9,1,1,RECONCILIATION SUCCESSFUL,INTEGRITY VERIFIED,INTEGRITY VERIFIED
80026,63970,2026-02-07 08:21:49.000000,21.95,1,1,RECONCILIATION SUCCESSFUL,INTEGRITY VERIFIED,INTEGRITY VERIFIED
71372,57089,2025-11-21 15:57:49.000000,21.99,1,1,RECONCILIATION SUCCESSFUL,INTEGRITY VERIFIED,INTEGRITY VERIFIED
116060,92920,2025-11-27 15:31:14.000000,91.49,2,2,RECONCILIATION SUCCESSFUL,INTEGRITY VERIFIED,INTEGRITY VERIFIED
118829,95123,2026-05-03 17:25:22.000000,85.98,2,2,RECONCILIATION SUCCESSFUL,INTEGRITY VERIFIED,INTEGRITY VERIFIED
94146,75482,2026-05-27 02:00:15.000000,79.98,3,3,RECONCILIATION SUCCESSFUL,INTEGRITY VERIFIED,INTEGRITY VERIFIED
13308,10562,2026-05-05 20:16:39.000000,211.18,4,4,RECONCILIATION SUCCESSFUL,INTEGRITY VERIFIED,INTEGRITY VERIFIED
32660,26081,2024-12-27 00:44:35.000000,191.0,2,2,RECONCILIATION SUCCESSFUL,INTEGRITY VERIFIED,INTEGRITY VERIFIED
97247,77942,2019-12-31 19:14:55.000000,22.1,1,1,RECONCILIATION SUCCESSFUL,INTEGRITY VERIFIED,INTEGRITY VERIFIED
118146,94589,2024-04-01 12:29:41.000000,87.59,3,3,RECONCILIATION SUCCESSFUL,INTEGRITY VERIFIED,INTEGRITY VERIFIED
47191,37709,2019-05-31 03:04:20.000000,176.45,2,2,RECONCILIATION SUCCESSFUL,INTEGRITY VERIFIED,INTEGRITY VERIFIED
69017,55217,2025-05-08 04:40:24.000000,67.98,2,2,RECONCILIATION SUCCESSFUL,INTEGRITY VERIFIED,INTEGRITY VERIFIED
31830,25425,2022-07-06 09:13:44.000000,69.98,2,2,RECONCILIATION SUCCESSFUL,INTEGRITY VERIFIED,INTEGRITY VERIFIED
124038,99334,2021-05-16 18:03:55.000000,72.94,2,2,RECONCILIATION SUCCESSFUL,INTEGRITY VERIFIED,INTEGRITY VERIFIED
117533,94115,2026-05-30 21:54:46.000000,23.56,1,1,RECONCILIATION SUCCESSFUL,INTEGRITY VERIFIED,INTEGRITY VERIFIED
107114,85841,2023-06-28 22:54:18.000000,49.65,2,2,RECONCILIATION SUCCESSFUL,INTEGRITY VERIFIED,INTEGRITY VERIFIED
85739,68618,2026-06-14 19:49:40.956383,23.99,1,1,RECONCILIATION SUCCESSFUL,INTEGRITY VERIFIED,INTEGRITY VERIFIED
34691,27704,2023-09-13 05:34:53.000000,245.63,4,4,RECONCILIATION SUCCESSFUL,INTEGRITY VERIFIED,INTEGRITY VERIFIED
51778,41352,2024-07-15 21:29:50.000000,24.0,1,1,RECONCILIATION SUCCESSFUL,INTEGRITY VERIFIED,INTEGRITY VERIFIED
99122,79484,2026-06-14 08:15:11.117051,48.95,2,2,RECONCILIATION SUCCESSFUL,INTEGRITY VERIFIED,INTEGRITY VERIFIED
63474,50725,2021-04-05 16:22:09.000000,239.81,4,4,RECONCILIATION SUCCESSFUL,INTEGRITY VERIFIED,INTEGRITY VERIFIED
75831,60653,2022-01-26 19:22:26.000000,83.9,3,3,RECONCILIATION SUCCESSFUL,INTEGRITY VERIFIED,INTEGRITY VERIFIED
43655,34835,2026-03-02 14:24:06.000000,198.44,3,3,RECONCILIATION SUCCESSFUL,INTEGRITY VERIFIED,INTEGRITY VERIFIED
5681,4495,2026-02-19 16:36:35.000000,24.99,1,1,RECONCILIATION SUCCESSFUL,INTEGRITY VERIFIED,INTEGRITY VERIFIED
59519,47568,2024-06-05 03:12:58.000000,67.99,2,2,RECONCILIATION SUCCESSFUL,INTEGRITY VERIFIED,INTEGRITY VERIFIED
114136,91393,2025-06-10 09:22:15.000000,25.0,1,1,RECONCILIATION SUCCESSFUL,INTEGRITY VERIFIED,INTEGRITY VERIFIED
117584,94162,2025-08-21 12:15:24.000000,218.85,4,4,RECONCILIATION SUCCESSFUL,INTEGRITY VERIFIED,INTEGRITY VERIFIED
124107,99386,2024-12-07 16:11:42.000000,193.57,4,4,RECONCILIATION SUCCESSFUL,INTEGRITY VERIFIED,INTEGRITY VERIFIED
43643,34826,2026-05-15 21:11:41.000000,25.0,1,1,RECONCILIATION SUCCESSFUL,INTEGRITY VERIFIED,INTEGRITY VERIFIED
89824,71867,2024-09-19 12:58:21.000000,25.0,1,1,RECONCILIATION SUCCESSFUL,INTEGRITY VERIFIED,INTEGRITY VERIFIED
118202,94633,2025-08-27 10:17:48.000000,186.0,2,2,RECONCILIATION SUCCESSFUL,INTEGRITY VERIFIED,INTEGRITY VERIFIED
22377,17860,2022-04-24 04:12:56.000000,25.0,1,1,RECONCILIATION SUCCESSFUL,INTEGRITY VERIFIED,INTEGRITY VERIFIED
44065,35164,2023-11-28 09:27:09.000000,324.99,3,3,RECONCILIATION SUCCESSFUL,INTEGRITY VERIFIED,INTEGRITY VERIFIED
91257,73056,2023-10-02 15:35:56.000000,25.0,1,1,RECONCILIATION SUCCESSFUL,INTEGRITY VERIFIED,INTEGRITY VERIFIED
122665,98223,2024-10-12 01:48:16.000000,218.45,4,4,RECONCILIATION SUCCESSFUL,INTEGRITY VERIFIED,INTEGRITY VERIFIED
34643,27667,2023-09-25 11:50:08.000000,118.98,3,3,RECONCILIATION SUCCESSFUL,INTEGRITY VERIFIED,INTEGRITY VERIFIED
64992,51914,2026-02-13 06:45:00.000000,191.91,3,3,RECONCILIATION SUCCESSFUL,INTEGRITY VERIFIED,INTEGRITY VERIFIED
8947,7143,2023-10-10 18:35:45.000000,263.95,4,4,RECONCILIATION SUCCESSFUL,INTEGRITY VERIFIED,INTEGRITY VERIFIED
20121,16075,2022-02-15 02:25:34.000000,25.0,1,1,RECONCILIATION SUCCESSFUL,INTEGRITY VERIFIED,INTEGRITY VERIFIED
44433,35443,2025-11-14 02:20:45.000000,121.67,3,3,RECONCILIATION SUCCESSFUL,INTEGRITY VERIFIED,INTEGRITY VERIFIED
53192,42463,2025-09-04 06:29:57.000000,25.0,1,1,RECONCILIATION SUCCESSFUL,INTEGRITY VERIFIED,INTEGRITY VERIFIED
57036,45592,2025-08-14 07:30:53.000000,61.99,2,2,RECONCILIATION SUCCESSFUL,INTEGRITY VERIFIED,INTEGRITY VERIFIED
41478,33083,2025-10-11 01:34:09.000000,251.06,4,4,RECONCILIATION SUCCESSFUL,INTEGRITY VERIFIED,INTEGRITY VERIFIED
104895,84071,2023-03-06 07:39:59.000000,203.48,2,2,RECONCILIATION SUCCESSFUL,INTEGRITY VERIFIED,INTEGRITY VERIFIED
94054,75401,2025-04-23 09:37:33.000000,65.98,2,2,RECONCILIATION SUCCESSFUL,INTEGRITY VERIFIED,INTEGRITY VERIFIED
62665,50069,2024-07-26 22:06:42.000000,257.39,4,4,RECONCILIATION SUCCESSFUL,INTEGRITY VERIFIED,INTEGRITY VERIFIED
38728,30938,2023-01-25 00:26:05.000000,26.0,1,1,RECONCILIATION SUCCESSFUL,INTEGRITY VERIFIED,INTEGRITY VERIFIED
49897,39855,2023-09-13 07:17:42.000000,154.0,2,2,RECONCILIATION SUCCESSFUL,INTEGRITY VERIFIED,INTEGRITY VERIFIED
78544,62775,2019-07-04 16:37:23.000000,220.43,4,4,RECONCILIATION SUCCESSFUL,INTEGRITY VERIFIED,INTEGRITY VERIFIED
104052,83404,2024-05-28 11:37:13.000000,26.9,1,1,RECONCILIATION SUCCESSFUL,INTEGRITY VERIFIED,INTEGRITY VERIFIED
119516,95641,2026-05-15 16:35:52.000000,26.95,1,1,RECONCILIATION SUCCESSFUL,INTEGRITY VERIFIED,INTEGRITY VERIFIED
40003,31945,2025-05-23 06:38:15.000000,138.57,4,4,RECONCILIATION SUCCESSFUL,INTEGRITY VERIFIED,INTEGRITY VERIFIED
32542,25992,2026-02-12 23:09:39.000000,26.99,1,1,RECONCILIATION SUCCESSFUL,INTEGRITY VERIFIED,INTEGRITY VERIFIED
5935,4704,2022-09-23 14:48:22.000000,325.59,4,4,RECONCILIATION SUCCESSFUL,INTEGRITY VERIFIED,INTEGRITY VERIFIED
9095,7255,2024-04-12 08:56:05.000000,27.16,1,1,RECONCILIATION SUCCESSFUL,INTEGRITY VERIFIED,INTEGRITY VERIFIED
115511,92475,2026-04-27 21:21:20.000000,27.7,1,1,RECONCILIATION SUCCESSFUL,INTEGRITY VERIFIED,INTEGRITY VERIFIED
388,314,2021-08-03 15:38:13.000000,62.69,2,2,RECONCILIATION SUCCESSFUL,INTEGRITY VERIFIED,INTEGRITY VERIFIED
124717,99844,2021-11-30 07:59:27.000000,27.9,1,1,RECONCILIATION SUCCESSFUL,INTEGRITY VERIFIED,INTEGRITY VERIFIED
100834,80848,2024-03-24 22:25:06.000000,356.46,4,4,RECONCILIATION SUCCESSFUL,INTEGRITY VERIFIED,INTEGRITY VERIFIED
118747,95057,2024-08-22 07:53:01.000000,323.73,4,4,RECONCILIATION SUCCESSFUL,INTEGRITY VERIFIED,INTEGRITY VERIFIED
41256,32913,2020-09-03 07:53:29.000000,513.7,4,4,RECONCILIATION SUCCESSFUL,INTEGRITY VERIFIED,INTEGRITY VERIFIED
42000,33488,2026-05-06 02:45:52.000000,29.0,1,1,RECONCILIATION SUCCESSFUL,INTEGRITY VERIFIED,INTEGRITY VERIFIED
9418,7509,2025-04-19 16:59:49.000000,29.45,1,1,RECONCILIATION SUCCESSFUL,INTEGRITY VERIFIED,INTEGRITY VERIFIED
54969,43910,2021-02-27 11:30:12.000000,158.9,2,2,RECONCILIATION SUCCESSFUL,INTEGRITY VERIFIED,INTEGRITY VERIFIED
33260,26538,2025-12-01 20:48:23.000000,29.9,1,1,RECONCILIATION SUCCESSFUL,INTEGRITY VERIFIED,INTEGRITY VERIFIED
88690,70965,2022-09-19 23:42:24.000000,230.39,4,4,RECONCILIATION SUCCESSFUL,INTEGRITY VERIFIED,INTEGRITY VERIFIED
5128,4064,2026-06-01 22:44:10.000000,98.98,2,2,RECONCILIATION SUCCESSFUL,INTEGRITY VERIFIED,INTEGRITY VERIFIED
26284,20996,2025-11-28 12:05:32.000000,66.98,2,2,RECONCILIATION SUCCESSFUL,INTEGRITY VERIFIED,INTEGRITY VERIFIED
26370,21074,2026-06-15 23:08:44.556363,79.98,2,2,RECONCILIATION SUCCESSFUL,INTEGRITY VERIFIED,INTEGRITY VERIFIED
122010,97689,2026-01-04 06:55:44.000000,29.99,1,1,RECONCILIATION SUCCESSFUL,INTEGRITY VERIFIED,INTEGRITY VERIFIED
50015,39947,2026-01-01 01:59:23.000000,30.2,1,1,RECONCILIATION SUCCESSFUL,INTEGRITY VERIFIED,INTEGRITY VERIFIED
111601,89384,2025-06-26 15:34:37.000000,31.07,1,1,RECONCILIATION SUCCESSFUL,INTEGRITY VERIFIED,INTEGRITY VERIFIED
70333,56247,2024-08-24 07:12:52.000000,31.68,1,1,RECONCILIATION SUCCESSFUL,INTEGRITY VERIFIED,INTEGRITY VERIFIED
33092,26400,2024-07-18 21:03:59.000000,31.95,1,1,RECONCILIATION SUCCESSFUL,INTEGRITY VERIFIED,INTEGRITY VERIFIED
106091,85015,2026-03-06 19:22:00.000000,31.95,1,1,RECONCILIATION SUCCESSFUL,INTEGRITY VERIFIED,INTEGRITY VERIFIED
88044,70438,2022-12-13 07:50:44.000000,161.31,3,3,RECONCILIATION SUCCESSFUL,INTEGRITY VERIFIED,INTEGRITY VERIFIED
104871,84054,2026-06-14 04:00:24.475134,32.51,1,1,RECONCILIATION SUCCESSFUL,INTEGRITY VERIFIED,INTEGRITY VERIFIED
97557,78197,2026-03-18 12:29:35.000000,110.65,2,2,RECONCILIATION SUCCESSFUL,INTEGRITY VERIFIED,INTEGRITY VERIFIED
72538,57995,2025-11-24 18:11:17.000000,32.99,1,1,RECONCILIATION SUCCESSFUL,INTEGRITY VERIFIED,INTEGRITY VERIFIED
89710,71779,2023-09-22 20:15:32.000000,137.59,3,3,RECONCILIATION SUCCESSFUL,INTEGRITY VERIFIED,INTEGRITY VERIFIED
64674,51670,2022-04-17 17:50:00.000000,32.99,1,1,RECONCILIATION SUCCESSFUL,INTEGRITY VERIFIED,INTEGRITY VERIFIED
4234,3356,2026-03-14 18:17:29.000000,33.0,1,1,RECONCILIATION SUCCESSFUL,INTEGRITY VERIFIED,INTEGRITY VERIFIED
11710,9301,2023-10-15 21:49:40.000000,124.45,3,3,RECONCILIATION SUCCESSFUL,INTEGRITY VERIFIED,INTEGRITY VERIFIED
110543,88531,2026-06-06 17:37:53.000000,33.6,1,1,RECONCILIATION SUCCESSFUL,INTEGRITY VERIFIED,INTEGRITY VERIFIED
30624,24445,2025-12-03 22:18:08.000000,81.75,2,2,RECONCILIATION SUCCESSFUL,INTEGRITY VERIFIED,INTEGRITY VERIFIED
67081,53652,2026-02-12 16:12:22.000000,33.97,1,1,RECONCILIATION SUCCESSFUL,INTEGRITY VERIFIED,INTEGRITY VERIFIED
480,388,2025-09-07 01:37:32.000000,90.0,2,2,RECONCILIATION SUCCESSFUL,INTEGRITY VERIFIED,INTEGRITY VERIFIED
37926,30273,2025-12-09 20:46:01.000000,34.0,1,1,RECONCILIATION SUCCESSFUL,INTEGRITY VERIFIED,INTEGRITY VERIFIED
59008,47142,2025-06-19 22:18:50.000000,133.95,2,2,RECONCILIATION SUCCESSFUL,INTEGRITY VERIFIED,INTEGRITY VERIFIED
41669,33236,2019-10-12 19:18:31.000000,34.5,1,1,RECONCILIATION SUCCESSFUL,INTEGRITY VERIFIED,INTEGRITY VERIFIED
7873,6301,2022-11-26 07:59:34.000000,183.95,2,2,RECONCILIATION SUCCESSFUL,INTEGRITY VERIFIED,INTEGRITY VERIFIED
31765,25370,2026-03-05 10:54:29.000000,34.95,1,1,RECONCILIATION SUCCESSFUL,INTEGRITY VERIFIED,INTEGRITY VERIFIED
117972,94450,2025-12-20 01:30:53.000000,402.68,4,4,RECONCILIATION SUCCESSFUL,INTEGRITY VERIFIED,INTEGRITY VERIFIED
81687,65366,2021-10-13 00:33:47.000000,84.98,2,2,RECONCILIATION SUCCESSFUL,INTEGRITY VERIFIED,INTEGRITY VERIFIED
50710,40523,2025-11-15 06:59:51.000000,84.56,2,2,RECONCILIATION SUCCESSFUL,INTEGRITY VERIFIED,INTEGRITY VERIFIED
7400,5916,2023-09-30 22:48:42.000000,35.0,1,1,RECONCILIATION SUCCESSFUL,INTEGRITY VERIFIED,INTEGRITY VERIFIED
89134,71327,2024-04-30 20:13:56.000000,35.73,1,1,RECONCILIATION SUCCESSFUL,INTEGRITY VERIFIED,INTEGRITY VERIFIED
56334,45011,2022-05-08 22:14:51.000000,447.65,4,4,RECONCILIATION SUCCESSFUL,INTEGRITY VERIFIED,INTEGRITY VERIFIED
112087,89759,2023-11-08 04:34:06.000000,277.32,3,3,RECONCILIATION SUCCESSFUL,INTEGRITY VERIFIED,INTEGRITY VERIFIED
1610,1271,2022-08-01 13:11:31.000000,95.95,2,2,RECONCILIATION SUCCESSFUL,INTEGRITY VERIFIED,INTEGRITY VERIFIED
53994,43134,2025-01-14 14:28:05.000000,36.0,1,1,RECONCILIATION SUCCESSFUL,INTEGRITY VERIFIED,INTEGRITY VERIFIED
122703,98252,2026-06-13 19:48:46.296549,36.0,1,1,RECONCILIATION SUCCESSFUL,INTEGRITY VERIFIED,INTEGRITY VERIFIED
65380,52211,2022-10-15 16:13:05.000000,106.93,2,2,RECONCILIATION SUCCESSFUL,INTEGRITY VERIFIED,INTEGRITY VERIFIED
13709,10898,2024-12-24 05:18:56.000000,37.84,1,1,RECONCILIATION SUCCESSFUL,INTEGRITY VERIFIED,INTEGRITY VERIFIED
113374,90759,2025-07-18 17:28:49.000000,37.99,1,1,RECONCILIATION SUCCESSFUL,INTEGRITY VERIFIED,INTEGRITY VERIFIED
38199,30484,2024-03-23 20:14:28.000000,37.99,1,1,RECONCILIATION SUCCESSFUL,INTEGRITY VERIFIED,INTEGRITY VERIFIED
53091,42382,2022-04-29 20:48:47.000000,38.0,1,1,RECONCILIATION SUCCESSFUL,INTEGRITY VERIFIED,INTEGRITY VERIFIED
12817,10178,2024-03-16 18:51:33.000000,138.0,2,2,RECONCILIATION SUCCESSFUL,INTEGRITY VERIFIED,INTEGRITY VERIFIED
84129,67339,2026-04-17 23:12:53.000000,209.0,3,3,RECONCILIATION SUCCESSFUL,INTEGRITY VERIFIED,INTEGRITY VERIFIED
109884,88028,2025-12-20 06:32:33.000000,90.5,2,2,RECONCILIATION SUCCESSFUL,INTEGRITY VERIFIED,INTEGRITY VERIFIED
70612,56469,2026-01-03 22:50:52.000000,39.6,1,1,RECONCILIATION SUCCESSFUL,INTEGRITY VERIFIED,INTEGRITY VERIFIED
22224,17729,2026-04-03 14:54:03.000000,39.95,1,1,RECONCILIATION SUCCESSFUL,INTEGRITY VERIFIED,INTEGRITY VERIFIED
4235,3357,2026-03-14 11:48:33.000000,39.98,1,1,RECONCILIATION SUCCESSFUL,INTEGRITY VERIFIED,INTEGRITY VERIFIED
42984,34295,2026-06-13 15:56:59.000000,39.99,1,1,RECONCILIATION SUCCESSFUL,INTEGRITY VERIFIED,INTEGRITY VERIFIED
11354,9027,2024-06-16 00:17:43.000000,39.99,1,1,RECONCILIATION SUCCESSFUL,INTEGRITY VERIFIED,INTEGRITY VERIFIED
30250,24158,2025-02-06 06:58:22.000000,219.49,2,2,RECONCILIATION SUCCESSFUL,INTEGRITY VERIFIED,INTEGRITY VERIFIED
63015,50351,2025-09-07 20:47:28.000000,39.99,1,1,RECONCILIATION SUCCESSFUL,INTEGRITY VERIFIED,INTEGRITY VERIFIED
86789,69484,2025-05-31 11:13:39.000000,117.99,2,2,RECONCILIATION SUCCESSFUL,INTEGRITY VERIFIED,INTEGRITY VERIFIED
90255,72230,2022-01-25 00:07:49.000000,139.98,2,2,RECONCILIATION SUCCESSFUL,INTEGRITY VERIFIED,INTEGRITY VERIFIED
96260,77167,2021-03-23 20:10:16.000000,108.99,2,2,RECONCILIATION SUCCESSFUL,INTEGRITY VERIFIED,INTEGRITY VERIFIED
101531,81402,2020-01-08 08:10:19.000000,144.49,3,3,RECONCILIATION SUCCESSFUL,INTEGRITY VERIFIED,INTEGRITY VERIFIED
17990,14329,2025-06-19 17:35:11.000000,40.49,1,1,RECONCILIATION SUCCESSFUL,INTEGRITY VERIFIED,INTEGRITY VERIFIED
50662,40489,2024-04-02 06:31:40.000000,187.38,3,3,RECONCILIATION SUCCESSFUL,INTEGRITY VERIFIED,INTEGRITY VERIFIED
80697,64552,2025-02-09 01:02:07.000000,311.74,4,4,RECONCILIATION SUCCESSFUL,INTEGRITY VERIFIED,INTEGRITY VERIFIED
54872,43830,2026-03-27 20:16:14.000000,42.99,1,1,RECONCILIATION SUCCESSFUL,INTEGRITY VERIFIED,INTEGRITY VERIFIED
55502,44338,2026-04-04 03:45:13.000000,136.99,3,3,RECONCILIATION SUCCESSFUL,INTEGRITY VERIFIED,INTEGRITY VERIFIED
108244,86708,2024-01-10 04:00:38.000000,43.14,1,1,RECONCILIATION SUCCESSFUL,INTEGRITY VERIFIED,INTEGRITY VERIFIED
97589,78217,2026-02-25 02:58:50.000000,44.0,1,1,RECONCILIATION SUCCESSFUL,INTEGRITY VERIFIED,INTEGRITY VERIFIED
121386,97169,2023-06-20 11:53:55.000000,286.0,2,2,RECONCILIATION SUCCESSFUL,INTEGRITY VERIFIED,INTEGRITY VERIFIED
72886,58300,2023-09-11 22:51:19.000000,44.0,1,1,RECONCILIATION SUCCESSFUL,INTEGRITY VERIFIED,INTEGRITY VERIFIED
10655,8478,2025-01-18 05:39:41.000000,44.0,1,1,RECONCILIATION SUCCESSFUL,INTEGRITY VERIFIED,INTEGRITY VERIFIED
10904,8693,2024-05-16 00:32:08.000000,92.95,2,2,RECONCILIATION SUCCESSFUL,INTEGRITY VERIFIED,INTEGRITY VERIFIED
111303,89136,2025-11-21 06:31:07.000000,99.95,2,2,RECONCILIATION SUCCESSFUL,INTEGRITY VERIFIED,INTEGRITY VERIFIED
82162,65752,2026-05-03 02:41:44.000000,44.99,1,1,RECONCILIATION SUCCESSFUL,INTEGRITY VERIFIED,INTEGRITY VERIFIED
27697,22151,2026-03-25 12:33:30.000000,102.49,2,2,RECONCILIATION SUCCESSFUL,INTEGRITY VERIFIED,INTEGRITY VERIFIED
81590,65301,2026-06-10 04:09:50.000000,44.99,1,1,RECONCILIATION SUCCESSFUL,INTEGRITY VERIFIED,INTEGRITY VERIFIED
116770,93486,2023-08-30 01:14:53.000000,111.49,2,2,RECONCILIATION SUCCESSFUL,INTEGRITY VERIFIED,INTEGRITY VERIFIED
61194,48882,2021-08-21 21:04:44.000000,45.0,1,1,RECONCILIATION SUCCESSFUL,INTEGRITY VERIFIED,INTEGRITY VERIFIED
112075,89750,2024-01-23 11:32:59.000000,45.08,1,1,RECONCILIATION SUCCESSFUL,INTEGRITY VERIFIED,INTEGRITY VERIFIED
47347,37826,2024-11-29 02:44:40.000000,100.33,2,2,RECONCILIATION SUCCESSFUL,INTEGRITY VERIFIED,INTEGRITY VERIFIED
110169,88248,2022-01-24 23:15:59.000000,45.95,1,1,RECONCILIATION SUCCESSFUL,INTEGRITY VERIFIED,INTEGRITY VERIFIED
72188,57723,2023-12-30 17:51:10.000000,46.0,1,1,RECONCILIATION SUCCESSFUL,INTEGRITY VERIFIED,INTEGRITY VERIFIED
104304,83593,2025-10-28 18:49:42.000000,46.5,1,1,RECONCILIATION SUCCESSFUL,INTEGRITY VERIFIED,INTEGRITY VERIFIED
36115,28817,2026-01-24 17:46:16.000000,499.99,3,3,RECONCILIATION SUCCESSFUL,INTEGRITY VERIFIED,INTEGRITY VERIFIED
113172,90604,2025-12-14 11:01:37.000000,599.43,4,4,RECONCILIATION SUCCESSFUL,INTEGRITY VERIFIED,INTEGRITY VERIFIED
52925,42239,2023-04-22 21:03:07.000000,48.95,1,1,RECONCILIATION SUCCESSFUL,INTEGRITY VERIFIED,INTEGRITY VERIFIED
123856,99180,2024-09-04 19:48:31.000000,146.95,2,2,RECONCILIATION SUCCESSFUL,INTEGRITY VERIFIED,INTEGRITY VERIFIED
84646,67723,2026-04-14 07:14:59.000000,49.0,1,1,RECONCILIATION SUCCESSFUL,INTEGRITY VERIFIED,INTEGRITY VERIFIED
74768,59781,2025-04-24 21:15:14.000000,178.95,2,2,RECONCILIATION SUCCESSFUL,INTEGRITY VERIFIED,INTEGRITY VERIFIED
8767,7006,2026-05-31 22:02:11.000000,49.5,1,1,RECONCILIATION SUCCESSFUL,INTEGRITY VERIFIED,INTEGRITY VERIFIED
31839,25431,2024-09-15 02:45:59.000000,141.9,2,2,RECONCILIATION SUCCESSFUL,INTEGRITY VERIFIED,INTEGRITY VERIFIED
119242,95440,2024-02-13 08:24:40.000000,200.45,3,3,RECONCILIATION SUCCESSFUL,INTEGRITY VERIFIED,INTEGRITY VERIFIED
96006,76960,2025-05-28 04:30:31.000000,134.56,2,2,RECONCILIATION SUCCESSFUL,INTEGRITY VERIFIED,INTEGRITY VERIFIED
97432,78102,2023-01-29 21:07:05.000000,49.95,1,1,RECONCILIATION SUCCESSFUL,INTEGRITY VERIFIED,INTEGRITY VERIFIED
21552,17219,2023-09-30 23:48:47.000000,49.95,1,1,RECONCILIATION SUCCESSFUL,INTEGRITY VERIFIED,INTEGRITY VERIFIED
83413,66751,2025-07-09 02:06:34.000000,135.97,2,2,RECONCILIATION SUCCESSFUL,INTEGRITY VERIFIED,INTEGRITY VERIFIED
18166,14477,2025-11-02 04:06:49.000000,111.99,2,2,RECONCILIATION SUCCESSFUL,INTEGRITY VERIFIED,INTEGRITY VERIFIED
25977,20755,2025-01-23 11:57:26.000000,326.98,4,4,RECONCILIATION SUCCESSFUL,INTEGRITY VERIFIED,INTEGRITY VERIFIED
55996,44749,2024-09-08 12:25:42.000000,52.0,1,1,RECONCILIATION SUCCESSFUL,INTEGRITY VERIFIED,INTEGRITY VERIFIED
118539,94896,2025-04-17 16:02:57.000000,53.0,1,1,RECONCILIATION SUCCESSFUL,INTEGRITY VERIFIED,INTEGRITY VERIFIED
75599,60461,2026-02-20 16:54:01.000000,173.64,2,2,RECONCILIATION SUCCESSFUL,INTEGRITY VERIFIED,INTEGRITY VERIFIED
91183,72995,2021-10-25 08:43:16.000000,53.97,1,1,RECONCILIATION SUCCESSFUL,INTEGRITY VERIFIED,INTEGRITY VERIFIED
60363,48209,2025-12-04 06:51:01.000000,54.0,1,1,RECONCILIATION SUCCESSFUL,INTEGRITY VERIFIED,INTEGRITY VERIFIED
85307,68261,2026-03-28 19:39:16.000000,54.0,1,1,RECONCILIATION SUCCESSFUL,INTEGRITY VERIFIED,INTEGRITY VERIFIED
95580,76619,2026-05-13 01:02:58.000000,54.0,1,1,RECONCILIATION SUCCESSFUL,INTEGRITY VERIFIED,INTEGRITY VERIFIED
47981,38334,2026-05-14 18:54:04.000000,54.5,1,1,RECONCILIATION SUCCESSFUL,INTEGRITY VERIFIED,INTEGRITY VERIFIED
24761,19772,2026-03-03 20:09:54.000000,55.0,1,1,RECONCILIATION SUCCESSFUL,INTEGRITY VERIFIED,INTEGRITY VERIFIED
65850,52620,2026-06-11 13:23:12.975293,389.99,4,4,RECONCILIATION SUCCESSFUL,INTEGRITY VERIFIED,INTEGRITY VERIFIED
20530,16409,2022-09-03 20:05:18.000000,233.0,2,2,RECONCILIATION SUCCESSFUL,INTEGRITY VERIFIED,INTEGRITY VERIFIED
113573,90917,2025-08-31 16:42:51.000000,282.88,3,3,RECONCILIATION SUCCESSFUL,INTEGRITY VERIFIED,INTEGRITY VERIFIED
5937,4704,2023-12-15 02:38:19.000000,55.65,1,1,RECONCILIATION SUCCESSFUL,INTEGRITY VERIFIED,INTEGRITY VERIFIED
67532,54022,2024-11-08 15:24:14.000000,57.99,1,1,RECONCILIATION SUCCESSFUL,INTEGRITY VERIFIED,INTEGRITY VERIFIED
77898,62282,2022-03-23 21:49:51.000000,59.5,1,1,RECONCILIATION SUCCESSFUL,INTEGRITY VERIFIED,INTEGRITY VERIFIED
21661,17292,2023-01-21 17:33:26.000000,59.95,1,1,RECONCILIATION SUCCESSFUL,INTEGRITY VERIFIED,INTEGRITY VERIFIED
87784,70257,2024-11-03 21:01:32.000000,59.99,1,1,RECONCILIATION SUCCESSFUL,INTEGRITY VERIFIED,INTEGRITY VERIFIED
104125,83450,2023-12-10 21:01:48.000000,288.18,4,4,RECONCILIATION SUCCESSFUL,INTEGRITY VERIFIED,INTEGRITY VERIFIED
7543,6029,2020-03-24 12:08:14.000000,60.0,1,1,RECONCILIATION SUCCESSFUL,INTEGRITY VERIFIED,INTEGRITY VERIFIED
124257,99517,2023-04-15 14:44:01.000000,60.27,1,1,RECONCILIATION SUCCESSFUL,INTEGRITY VERIFIED,INTEGRITY VERIFIED
105722,84740,2024-04-27 20:19:02.000000,215.27,2,2,RECONCILIATION SUCCESSFUL,INTEGRITY VERIFIED,INTEGRITY VERIFIED
10324,8224,2025-10-08 04:32:55.000000,64.0,1,1,RECONCILIATION SUCCESSFUL,INTEGRITY VERIFIED,INTEGRITY VERIFIED
111000,88905,2026-02-11 15:37:47.000000,161.5,2,2,RECONCILIATION SUCCESSFUL,INTEGRITY VERIFIED,INTEGRITY VERIFIED
27805,22228,2025-12-19 18:23:08.000000,64.17,1,1,RECONCILIATION SUCCESSFUL,INTEGRITY VERIFIED,INTEGRITY VERIFIED
105548,84608,2025-10-20 03:51:38.000000,194.93,2,2,RECONCILIATION SUCCESSFUL,INTEGRITY VERIFIED,INTEGRITY VERIFIED
80081,64014,2025-07-22 08:22:05.000000,66.0,1,1,RECONCILIATION SUCCESSFUL,INTEGRITY VERIFIED,INTEGRITY VERIFIED
94369,75629,2021-12-30 11:54:41.000000,66.0,1,1,RECONCILIATION SUCCESSFUL,INTEGRITY VERIFIED,INTEGRITY VERIFIED
101872,81672,2025-12-30 00:15:07.000000,68.0,1,1,RECONCILIATION SUCCESSFUL,INTEGRITY VERIFIED,INTEGRITY VERIFIED
40032,31966,2021-02-09 23:45:14.000000,69.5,1,1,RECONCILIATION SUCCESSFUL,INTEGRITY VERIFIED,INTEGRITY VERIFIED
45510,36333,2025-11-07 11:10:49.000000,69.5,1,1,RECONCILIATION SUCCESSFUL,INTEGRITY VERIFIED,INTEGRITY VERIFIED
114943,92040,2025-08-11 07:39:21.000000,69.5,1,1,RECONCILIATION SUCCESSFUL,INTEGRITY VERIFIED,INTEGRITY VERIFIED
11196,8907,2026-01-02 18:24:34.000000,209.9,2,2,RECONCILIATION SUCCESSFUL,INTEGRITY VERIFIED,INTEGRITY VERIFIED
64913,51853,2026-03-10 12:02:48.000000,69.99,1,1,RECONCILIATION SUCCESSFUL,INTEGRITY VERIFIED,INTEGRITY VERIFIED
97796,78393,2023-04-26 17:17:07.000000,69.99,1,1,RECONCILIATION SUCCESSFUL,INTEGRITY VERIFIED,INTEGRITY VERIFIED
83771,67034,2026-02-09 18:07:45.000000,70.0,1,1,RECONCILIATION SUCCESSFUL,INTEGRITY VERIFIED,INTEGRITY VERIFIED
40456,32306,2025-07-22 19:03:29.000000,72.0,1,1,RECONCILIATION SUCCESSFUL,INTEGRITY VERIFIED,INTEGRITY VERIFIED
67707,54174,2020-05-26 01:06:02.000000,72.0,1,1,RECONCILIATION SUCCESSFUL,INTEGRITY VERIFIED,INTEGRITY VERIFIED
51021,40755,2023-10-23 20:32:15.000000,157.84,2,2,RECONCILIATION SUCCESSFUL,INTEGRITY VERIFIED,INTEGRITY VERIFIED
122905,98412,2023-01-19 01:28:37.000000,78.0,1,1,RECONCILIATION SUCCESSFUL,INTEGRITY VERIFIED,INTEGRITY VERIFIED
107972,86505,2024-03-04 01:01:31.000000,79.0,1,1,RECONCILIATION SUCCESSFUL,INTEGRITY VERIFIED,INTEGRITY VERIFIED
19078,15231,2025-11-11 20:58:07.000000,79.0,1,1,RECONCILIATION SUCCESSFUL,INTEGRITY VERIFIED,INTEGRITY VERIFIED
27457,21954,2026-06-08 04:27:41.000000,79.99,1,1,RECONCILIATION SUCCESSFUL,INTEGRITY VERIFIED,INTEGRITY VERIFIED
7464,5963,2026-05-02 01:12:46.000000,79.99,1,1,RECONCILIATION SUCCESSFUL,INTEGRITY VERIFIED,INTEGRITY VERIFIED
72302,57814,2020-03-26 00:29:04.000000,81.4,1,1,RECONCILIATION SUCCESSFUL,INTEGRITY VERIFIED,INTEGRITY VERIFIED
111744,89489,2021-12-08 23:12:25.000000,83.62,1,1,RECONCILIATION SUCCESSFUL,INTEGRITY VERIFIED,INTEGRITY VERIFIED
25652,20481,2026-04-24 01:26:08.000000,87.89,1,1,RECONCILIATION SUCCESSFUL,INTEGRITY VERIFIED,INTEGRITY VERIFIED
83975,67206,2025-01-05 16:02:15.000000,89.5,1,1,RECONCILIATION SUCCESSFUL,INTEGRITY VERIFIED,INTEGRITY VERIFIED
7255,5798,2024-09-01 17:45:37.000000,90.0,1,1,RECONCILIATION SUCCESSFUL,INTEGRITY VERIFIED,INTEGRITY VERIFIED
1666,1322,2024-10-24 09:39:13.000000,91.77,1,1,RECONCILIATION SUCCESSFUL,INTEGRITY VERIFIED,INTEGRITY VERIFIED
24417,19500,2023-01-26 22:58:49.000000,96.0,1,1,RECONCILIATION SUCCESSFUL,INTEGRITY VERIFIED,INTEGRITY VERIFIED
70331,56245,2025-08-22 08:28:50.000000,237.99,2,2,RECONCILIATION SUCCESSFUL,INTEGRITY VERIFIED,INTEGRITY VERIFIED
120580,96520,2025-12-11 10:12:27.000000,323.0,2,2,RECONCILIATION SUCCESSFUL,INTEGRITY VERIFIED,INTEGRITY VERIFIED
7047,5620,2021-07-17 10:33:54.000000,98.0,1,1,RECONCILIATION SUCCESSFUL,INTEGRITY VERIFIED,INTEGRITY VERIFIED
97583,78212,2026-06-14 23:22:25.629587,98.0,1,1,RECONCILIATION SUCCESSFUL,INTEGRITY VERIFIED,INTEGRITY VERIFIED
11139,8867,2025-03-10 05:50:51.000000,98.95,1,1,RECONCILIATION SUCCESSFUL,INTEGRITY VERIFIED,INTEGRITY VERIFIED
42849,34192,2026-03-16 19:41:08.000000,99.0,1,1,RECONCILIATION SUCCESSFUL,INTEGRITY VERIFIED,INTEGRITY VERIFIED
53400,42634,2024-07-24 12:11:27.000000,99.99,1,1,RECONCILIATION SUCCESSFUL,INTEGRITY VERIFIED,INTEGRITY VERIFIED
76586,61234,2025-03-03 23:04:14.000000,101.49,1,1,RECONCILIATION SUCCESSFUL,INTEGRITY VERIFIED,INTEGRITY VERIFIED
31610,25261,2022-12-28 13:01:31.000000,106.0,1,1,RECONCILIATION SUCCESSFUL,INTEGRITY VERIFIED,INTEGRITY VERIFIED
49752,39726,2021-11-02 14:18:04.000000,108.0,1,1,RECONCILIATION SUCCESSFUL,INTEGRITY VERIFIED,INTEGRITY VERIFIED
110316,88366,2026-04-11 22:18:48.000000,108.5,1,1,RECONCILIATION SUCCESSFUL,INTEGRITY VERIFIED,INTEGRITY VERIFIED
91980,73657,2026-05-19 07:21:34.000000,109.95,1,1,RECONCILIATION SUCCESSFUL,INTEGRITY VERIFIED,INTEGRITY VERIFIED
72763,58198,2022-11-27 05:10:50.000000,290.0,2,2,RECONCILIATION SUCCESSFUL,INTEGRITY VERIFIED,INTEGRITY VERIFIED
73052,58438,2025-08-26 14:37:43.000000,117.6,1,1,RECONCILIATION SUCCESSFUL,INTEGRITY VERIFIED,INTEGRITY VERIFIED
23749,18973,2020-06-29 02:48:38.000000,118.0,1,1,RECONCILIATION SUCCESSFUL,INTEGRITY VERIFIED,INTEGRITY VERIFIED
118415,94811,2025-08-29 22:27:12.000000,135.0,1,1,RECONCILIATION SUCCESSFUL,INTEGRITY VERIFIED,INTEGRITY VERIFIED
99068,79438,2023-10-17 18:49:26.000000,138.0,1,1,RECONCILIATION SUCCESSFUL,INTEGRITY VERIFIED,INTEGRITY VERIFIED
71218,56969,2022-01-15 19:56:20.000000,154.0,1,1,RECONCILIATION SUCCESSFUL,INTEGRITY VERIFIED,INTEGRITY VERIFIED
112257,89879,2023-07-04 21:11:45.000000,162.0,1,1,RECONCILIATION SUCCESSFUL,INTEGRITY VERIFIED,INTEGRITY VERIFIED
96774,77585,2025-06-26 08:11:13.000000,178.0,1,1,RECONCILIATION SUCCESSFUL,INTEGRITY VERIFIED,INTEGRITY VERIFIED
35636,28444,2026-04-26 21:32:36.000000,198.0,1,1,RECONCILIATION SUCCESSFUL,INTEGRITY VERIFIED,INTEGRITY VERIFIED
68403,54741,2024-11-03 13:07:34.000000,209.99,1,1,RECONCILIATION SUCCESSFUL,INTEGRITY VERIFIED,INTEGRITY VERIFIED
110104,88184,2023-09-15 22:50:12.000000,209.99,1,1,RECONCILIATION SUCCESSFUL,INTEGRITY VERIFIED,INTEGRITY VERIFIED
84042,67264,2024-07-27 08:10:36.000000,265.99,1,1,RECONCILIATION SUCCESSFUL,INTEGRITY VERIFIED,INTEGRITY VERIFIED
64746,51726,2023-04-12 04:58:08.000000,269.0,1,1,RECONCILIATION SUCCESSFUL,INTEGRITY VERIFIED,INTEGRITY VERIFIED
5690,4501,2025-11-03 01:27:15.000000,269.0,1,1,RECONCILIATION SUCCESSFUL,INTEGRITY VERIFIED,INTEGRITY VERIFIED
101481,81367,2025-03-31 13:10:13.000000,269.0,1,1,RECONCILIATION SUCCESSFUL,INTEGRITY VERIFIED,INTEGRITY VERIFIED
80309,64208,2021-12-15 11:47:45.000000,279.99,1,1,RECONCILIATION SUCCESSFUL,INTEGRITY VERIFIED,INTEGRITY VERIFIED
114912,92017,2021-03-04 23:46:01.000000,286.0,1,1,RECONCILIATION SUCCESSFUL,INTEGRITY VERIFIED,INTEGRITY VERIFIED
117247,93898,2026-02-03 21:13:31.000000,286.0,1,1,RECONCILIATION SUCCESSFUL,INTEGRITY VERIFIED,INTEGRITY VERIFIED
81742,65418,2025-06-10 20:38:49.000000,345.0,1,1,RECONCILIATION SUCCESSFUL,INTEGRITY VERIFIED,INTEGRITY VERIFIED
-11,73268,2026-06-16 12:32:00.000000,197.0,2,2,RECONCILIATION SUCCESSFUL,INTEGRITY VERIFIED,VARIANCE DETECTED
-16,39152,2026-06-16 14:20:00.000000,366.0,2,2,RECONCILIATION SUCCESSFUL,INTEGRITY VERIFIED,VARIANCE DETECTED
-25,73379,2026-06-16 09:06:00.000000,194.0,3,3,RECONCILIATION SUCCESSFUL,INTEGRITY VERIFIED,INTEGRITY VERIFIED
-32,63420,2026-06-16 17:26:00.000000,200.0,2,2,RECONCILIATION SUCCESSFUL,INTEGRITY VERIFIED,VARIANCE DETECTED
-36,86223,2026-06-16 15:58:00.000000,100.0,1,1,RECONCILIATION SUCCESSFUL,INTEGRITY VERIFIED,INTEGRITY VERIFIED
-57,87283,2026-06-16 09:57:00.000000,342.0,2,2,RECONCILIATION SUCCESSFUL,INTEGRITY VERIFIED,INTEGRITY VERIFIED
-97,85812,2026-06-16 13:15:00.000000,252.0,3,3,RECONCILIATION SUCCESSFUL,INTEGRITY VERIFIED,VARIANCE DETECTED
-124,88681,2026-06-16 16:28:00.000000,180.0,2,2,RECONCILIATION SUCCESSFUL,INTEGRITY VERIFIED,INTEGRITY VERIFIED
-157,66949,2026-06-16 11:36:00.000000,374.0,3,3,RECONCILIATION SUCCESSFUL,INTEGRITY VERIFIED,INTEGRITY VERIFIED
-168,80138,2026-06-16 16:41:00.000000,420.0,3,3,RECONCILIATION SUCCESSFUL,INTEGRITY VERIFIED,INTEGRITY VERIFIED
-172,66623,2026-06-16 10:34:00.000000,240.0,3,3,RECONCILIATION SUCCESSFUL,INTEGRITY VERIFIED,INTEGRITY VERIFIED
-195,21930,2026-06-16 17:00:00.000000,97.0,2,2,RECONCILIATION SUCCESSFUL,INTEGRITY VERIFIED,INTEGRITY VERIFIED
-200,92633,2026-06-16 11:08:00.000000,111.0,1,1,RECONCILIATION SUCCESSFUL,INTEGRITY VERIFIED,INTEGRITY VERIFIED
-235,81521,2026-06-16 13:15:00.000000,239.0,3,3,RECONCILIATION SUCCESSFUL,INTEGRITY VERIFIED,INTEGRITY VERIFIED
-244,97985,2026-06-16 15:43:00.000000,383.0,3,3,RECONCILIATION SUCCESSFUL,INTEGRITY VERIFIED,INTEGRITY VERIFIED
-250,31536,2026-06-16 09:58:00.000000,369.0,2,2,RECONCILIATION SUCCESSFUL,INTEGRITY VERIFIED,INTEGRITY VERIFIED
-255,25800,2026-06-16 09:08:00.000000,88.0,1,1,RECONCILIATION SUCCESSFUL,INTEGRITY VERIFIED,INTEGRITY VERIFIED
-260,35040,2026-06-16 12:53:00.000000,350.0,3,3,RECONCILIATION SUCCESSFUL,INTEGRITY VERIFIED,VARIANCE DETECTED
-268,78783,2026-06-16 16:45:00.000000,348.0,3,3,RECONCILIATION SUCCESSFUL,INTEGRITY VERIFIED,INTEGRITY VERIFIED
-298,85833,2026-06-16 11:23:00.000000,198.0,3,3,RECONCILIATION SUCCESSFUL,INTEGRITY VERIFIED,VARIANCE DETECTED
88327,70658,2022-04-06 20:55:06.000000,2.95,1,1,RECONCILIATION SUCCESSFUL,INTEGRITY VERIFIED,INTEGRITY VERIFIED
64795,51765,2022-07-06 09:05:51.000000,433.69,4,4,RECONCILIATION SUCCESSFUL,INTEGRITY VERIFIED,INTEGRITY VERIFIED
88688,70964,2023-03-13 18:25:01.000000,83.29,3,3,RECONCILIATION SUCCESSFUL,INTEGRITY VERIFIED,INTEGRITY VERIFIED
119855,95934,2024-01-07 22:08:55.000000,292.67,4,4,RECONCILIATION SUCCESSFUL,INTEGRITY VERIFIED,INTEGRITY VERIFIED
20601,16476,2026-03-08 23:50:45.000000,283.95,4,4,RECONCILIATION SUCCESSFUL,INTEGRITY VERIFIED,INTEGRITY VERIFIED
16446,13104,2026-05-25 16:33:43.000000,107.89,3,3,RECONCILIATION SUCCESSFUL,INTEGRITY VERIFIED,INTEGRITY VERIFIED
98951,79340,2022-10-06 04:12:44.000000,6.99,1,1,RECONCILIATION SUCCESSFUL,INTEGRITY VERIFIED,INTEGRITY VERIFIED
113480,90842,2024-10-08 00:08:04.000000,6.99,1,1,RECONCILIATION SUCCESSFUL,INTEGRITY VERIFIED,INTEGRITY VERIFIED
36589,29208,2026-02-17 20:50:51.000000,147.5,3,3,RECONCILIATION SUCCESSFUL,INTEGRITY VERIFIED,INTEGRITY VERIFIED
72180,57719,2026-06-16 08:32:43.348979,171.66,3,3,RECONCILIATION SUCCESSFUL,INTEGRITY VERIFIED,INTEGRITY VERIFIED
52809,42141,2024-02-23 17:24:16.000000,7.0,1,1,RECONCILIATION SUCCESSFUL,INTEGRITY VERIFIED,INTEGRITY VERIFIED
69415,55518,2025-07-26 08:14:05.000000,23.67,2,2,RECONCILIATION SUCCESSFUL,INTEGRITY VERIFIED,INTEGRITY VERIFIED
115020,92091,2026-05-22 06:31:16.000000,7.9,1,1,RECONCILIATION SUCCESSFUL,INTEGRITY VERIFIED,INTEGRITY VERIFIED
56497,45133,2023-07-16 04:17:21.000000,7.99,1,1,RECONCILIATION SUCCESSFUL,INTEGRITY VERIFIED,INTEGRITY VERIFIED
40659,32461,2023-01-19 15:04:57.000000,22.98,2,2,RECONCILIATION SUCCESSFUL,INTEGRITY VERIFIED,INTEGRITY VERIFIED
26161,20899,2026-03-12 20:34:09.000000,137.99,2,2,RECONCILIATION SUCCESSFUL,INTEGRITY VERIFIED,INTEGRITY VERIFIED
60131,48015,2025-10-11 02:18:06.000000,76.73,4,4,RECONCILIATION SUCCESSFUL,INTEGRITY VERIFIED,INTEGRITY VERIFIED
3887,3081,2021-03-18 15:38:16.000000,41.6,2,2,RECONCILIATION SUCCESSFUL,INTEGRITY VERIFIED,INTEGRITY VERIFIED
56471,45119,2019-10-02 16:46:05.000000,122.59,4,4,RECONCILIATION SUCCESSFUL,INTEGRITY VERIFIED,INTEGRITY VERIFIED
17684,14070,2025-06-15 03:03:38.000000,248.42,4,4,RECONCILIATION SUCCESSFUL,INTEGRITY VERIFIED,INTEGRITY VERIFIED
101016,80984,2020-10-12 07:23:18.000000,59.04,2,2,RECONCILIATION SUCCESSFUL,INTEGRITY VERIFIED,INTEGRITY VERIFIED
104746,83960,2020-04-28 08:30:54.000000,9.12,1,1,RECONCILIATION SUCCESSFUL,INTEGRITY VERIFIED,INTEGRITY VERIFIED
14222,11336,2023-09-02 02:28:25.000000,9.12,1,1,RECONCILIATION SUCCESSFUL,INTEGRITY VERIFIED,INTEGRITY VERIFIED
56441,45098,2024-08-17 18:02:03.000000,171.57,4,4,RECONCILIATION SUCCESSFUL,INTEGRITY VERIFIED,INTEGRITY VERIFIED
81577,65288,2023-03-17 07:09:34.000000,85.39,3,3,RECONCILIATION SUCCESSFUL,INTEGRITY VERIFIED,INTEGRITY VERIFIED
32399,25872,2025-11-03 08:53:38.000000,284.73,4,4,RECONCILIATION SUCCESSFUL,INTEGRITY VERIFIED,INTEGRITY VERIFIED
55076,43998,2025-09-11 03:41:44.000000,162.18,4,4,RECONCILIATION SUCCESSFUL,INTEGRITY VERIFIED,INTEGRITY VERIFIED
81933,65567,2026-04-26 04:34:27.000000,283.97,4,4,RECONCILIATION SUCCESSFUL,INTEGRITY VERIFIED,INTEGRITY VERIFIED
70040,56019,2023-12-27 11:23:08.000000,10.0,1,1,RECONCILIATION SUCCESSFUL,INTEGRITY VERIFIED,INTEGRITY VERIFIED
45975,36714,2022-03-29 07:03:28.000000,80.84,4,4,RECONCILIATION SUCCESSFUL,INTEGRITY VERIFIED,INTEGRITY VERIFIED
119897,95975,2024-01-17 21:00:34.000000,502.94,4,4,RECONCILIATION SUCCESSFUL,INTEGRITY VERIFIED,INTEGRITY VERIFIED
5540,4378,2026-04-27 17:41:08.000000,126.12,4,4,RECONCILIATION SUCCESSFUL,INTEGRITY VERIFIED,INTEGRITY VERIFIED
43446,34667,2025-01-24 23:14:31.000000,200.53,4,4,RECONCILIATION SUCCESSFUL,INTEGRITY VERIFIED,INTEGRITY VERIFIED
24451,19525,2023-10-14 03:26:41.000000,85.66,4,4,RECONCILIATION SUCCESSFUL,INTEGRITY VERIFIED,INTEGRITY VERIFIED
94888,76065,2021-04-05 14:18:12.000000,63.77,4,4,RECONCILIATION SUCCESSFUL,INTEGRITY VERIFIED,INTEGRITY VERIFIED
8183,6535,2023-10-10 20:11:51.000000,166.84,4,4,RECONCILIATION SUCCESSFUL,INTEGRITY VERIFIED,INTEGRITY VERIFIED
50944,40687,2024-09-10 09:12:50.000000,66.01,2,2,RECONCILIATION SUCCESSFUL,INTEGRITY VERIFIED,INTEGRITY VERIFIED
60875,48606,2025-07-27 04:36:34.000000,448.03,4,4,RECONCILIATION SUCCESSFUL,INTEGRITY VERIFIED,INTEGRITY VERIFIED
88137,70512,2023-07-14 00:39:32.000000,375.98,4,4,RECONCILIATION SUCCESSFUL,INTEGRITY VERIFIED,INTEGRITY VERIFIED
117593,94168,2026-02-01 10:29:12.000000,60.28,2,2,RECONCILIATION SUCCESSFUL,INTEGRITY VERIFIED,INTEGRITY VERIFIED
66641,53287,2022-03-03 05:35:15.000000,97.63,4,4,RECONCILIATION SUCCESSFUL,INTEGRITY VERIFIED,INTEGRITY VERIFIED
121319,97107,2025-09-23 04:04:26.000000,23.93,2,2,RECONCILIATION SUCCESSFUL,INTEGRITY VERIFIED,INTEGRITY VERIFIED
48285,38575,2024-01-13 05:06:47.000000,42.95,2,2,RECONCILIATION SUCCESSFUL,INTEGRITY VERIFIED,INTEGRITY VERIFIED
122023,97698,2025-09-24 14:54:29.000000,265.84,3,3,RECONCILIATION SUCCESSFUL,INTEGRITY VERIFIED,INTEGRITY VERIFIED
54152,43258,2022-06-25 23:06:04.000000,11.99,1,1,RECONCILIATION SUCCESSFUL,INTEGRITY VERIFIED,INTEGRITY VERIFIED
79920,63879,2026-05-16 21:06:45.000000,11.99,1,1,RECONCILIATION SUCCESSFUL,INTEGRITY VERIFIED,INTEGRITY VERIFIED
14596,11652,2023-04-19 23:38:48.000000,12.0,1,1,RECONCILIATION SUCCESSFUL,INTEGRITY VERIFIED,INTEGRITY VERIFIED
83458,66792,2024-06-19 11:51:17.000000,12.0,1,1,RECONCILIATION SUCCESSFUL,INTEGRITY VERIFIED,INTEGRITY VERIFIED
58961,47103,2021-09-20 20:03:01.000000,54.0,2,2,RECONCILIATION SUCCESSFUL,INTEGRITY VERIFIED,INTEGRITY VERIFIED
55608,44417,2022-12-05 07:32:41.000000,45.96,3,3,RECONCILIATION SUCCESSFUL,INTEGRITY VERIFIED,INTEGRITY VERIFIED
18743,14937,2021-11-25 04:58:09.000000,89.36,3,3,RECONCILIATION SUCCESSFUL,INTEGRITY VERIFIED,INTEGRITY VERIFIED
61811,49366,2024-05-21 09:19:21.000000,37.99,2,2,RECONCILIATION SUCCESSFUL,INTEGRITY VERIFIED,INTEGRITY VERIFIED
40868,32612,2022-07-30 09:30:30.000000,143.64,3,3,RECONCILIATION SUCCESSFUL,INTEGRITY VERIFIED,INTEGRITY VERIFIED
60176,48056,2025-08-01 01:29:18.000000,71.49,4,4,RECONCILIATION SUCCESSFUL,INTEGRITY VERIFIED,INTEGRITY VERIFIED
91178,72991,2019-11-24 15:43:45.000000,38.39,2,2,RECONCILIATION SUCCESSFUL,INTEGRITY VERIFIED,INTEGRITY VERIFIED
70018,56003,2025-11-29 06:34:00.000000,306.95,4,4,RECONCILIATION SUCCESSFUL,INTEGRITY VERIFIED,INTEGRITY VERIFIED
45808,36570,2026-01-28 07:23:24.000000,258.23,4,4,RECONCILIATION SUCCESSFUL,INTEGRITY VERIFIED,INTEGRITY VERIFIED
72146,57687,2020-02-13 18:39:16.000000,48.92,2,2,RECONCILIATION SUCCESSFUL,INTEGRITY VERIFIED,INTEGRITY VERIFIED
69600,55658,2026-04-26 10:57:59.000000,57.5,2,2,RECONCILIATION SUCCESSFUL,INTEGRITY VERIFIED,INTEGRITY VERIFIED
68287,54652,2021-06-10 09:04:06.000000,13.99,1,1,RECONCILIATION SUCCESSFUL,INTEGRITY VERIFIED,INTEGRITY VERIFIED
33150,26452,2024-08-16 21:54:56.000000,14.0,1,1,RECONCILIATION SUCCESSFUL,INTEGRITY VERIFIED,INTEGRITY VERIFIED
42649,34029,2025-01-05 09:45:04.000000,161.0,3,3,RECONCILIATION SUCCESSFUL,INTEGRITY VERIFIED,INTEGRITY VERIFIED
4862,3841,2026-04-11 04:16:04.000000,112.15,4,4,RECONCILIATION SUCCESSFUL,INTEGRITY VERIFIED,INTEGRITY VERIFIED
60283,48143,2022-12-24 08:16:33.000000,144.38,2,2,RECONCILIATION SUCCESSFUL,INTEGRITY VERIFIED,INTEGRITY VERIFIED
96052,76993,2022-03-16 20:30:07.000000,202.65,4,4,RECONCILIATION SUCCESSFUL,INTEGRITY VERIFIED,INTEGRITY VERIFIED
72012,57592,2025-08-13 13:24:56.000000,14.9,1,1,RECONCILIATION SUCCESSFUL,INTEGRITY VERIFIED,INTEGRITY VERIFIED
102094,81839,2024-11-04 13:06:51.000000,83.99,2,2,RECONCILIATION SUCCESSFUL,INTEGRITY VERIFIED,INTEGRITY VERIFIED
21951,17514,2026-05-24 02:31:54.000000,134.14,4,4,RECONCILIATION SUCCESSFUL,INTEGRITY VERIFIED,INTEGRITY VERIFIED
48764,38923,2026-02-18 09:55:09.000000,14.99,1,1,RECONCILIATION SUCCESSFUL,INTEGRITY VERIFIED,INTEGRITY VERIFIED
44306,35345,2023-07-26 17:39:05.000000,14.99,1,1,RECONCILIATION SUCCESSFUL,INTEGRITY VERIFIED,INTEGRITY VERIFIED
110981,88888,2023-08-02 00:34:20.000000,205.64,4,4,RECONCILIATION SUCCESSFUL,INTEGRITY VERIFIED,INTEGRITY VERIFIED
28414,22711,2024-11-24 16:42:14.000000,131.99,4,4,RECONCILIATION SUCCESSFUL,INTEGRITY VERIFIED,INTEGRITY VERIFIED
68450,54777,2023-07-03 06:24:51.000000,136.0,2,2,RECONCILIATION SUCCESSFUL,INTEGRITY VERIFIED,INTEGRITY VERIFIED
124135,99410,2024-12-08 21:48:03.000000,47.89,2,2,RECONCILIATION SUCCESSFUL,INTEGRITY VERIFIED,INTEGRITY VERIFIED
78442,62708,2025-05-20 05:42:07.000000,57.1,2,2,RECONCILIATION SUCCESSFUL,INTEGRITY VERIFIED,INTEGRITY VERIFIED
104970,84124,2025-01-04 08:45:02.000000,36.9,2,2,RECONCILIATION SUCCESSFUL,INTEGRITY VERIFIED,INTEGRITY VERIFIED
61965,49496,2025-03-18 12:17:40.000000,105.94,4,4,RECONCILIATION SUCCESSFUL,INTEGRITY VERIFIED,INTEGRITY VERIFIED
81161,64925,2024-10-01 09:24:30.000000,279.7,4,4,RECONCILIATION SUCCESSFUL,INTEGRITY VERIFIED,INTEGRITY VERIFIED
30606,24433,2020-08-13 21:27:57.000000,125.44,3,3,RECONCILIATION SUCCESSFUL,INTEGRITY VERIFIED,INTEGRITY VERIFIED
120979,96853,2025-04-29 04:49:53.000000,114.0,2,2,RECONCILIATION SUCCESSFUL,INTEGRITY VERIFIED,INTEGRITY VERIFIED
102392,82088,2023-08-19 09:19:28.000000,252.0,3,3,RECONCILIATION SUCCESSFUL,INTEGRITY VERIFIED,INTEGRITY VERIFIED
6328,5018,2022-12-13 20:21:03.000000,41.0,2,2,RECONCILIATION SUCCESSFUL,INTEGRITY VERIFIED,INTEGRITY VERIFIED
123619,98995,2025-03-10 19:27:45.000000,106.89,4,4,RECONCILIATION SUCCESSFUL,INTEGRITY VERIFIED,INTEGRITY VERIFIED
62508,49938,2025-12-28 20:17:31.000000,100.48,3,3,RECONCILIATION SUCCESSFUL,INTEGRITY VERIFIED,INTEGRITY VERIFIED
15138,12076,2022-08-03 07:05:12.000000,130.72,4,4,RECONCILIATION SUCCESSFUL,INTEGRITY VERIFIED,INTEGRITY VERIFIED
37025,29559,2019-12-01 17:54:25.000000,63.49,3,3,RECONCILIATION SUCCESSFUL,INTEGRITY VERIFIED,INTEGRITY VERIFIED
62379,49824,2025-03-22 04:30:06.000000,16.99,1,1,RECONCILIATION SUCCESSFUL,INTEGRITY VERIFIED,INTEGRITY VERIFIED
1813,1458,2026-05-22 07:47:38.000000,62.04,2,2,RECONCILIATION SUCCESSFUL,INTEGRITY VERIFIED,INTEGRITY VERIFIED
45424,36263,2025-06-12 17:54:19.000000,17.05,1,1,RECONCILIATION SUCCESSFUL,INTEGRITY VERIFIED,INTEGRITY VERIFIED
65068,51977,2025-07-03 11:11:31.000000,40.5,2,2,RECONCILIATION SUCCESSFUL,INTEGRITY VERIFIED,INTEGRITY VERIFIED
30987,24745,2023-06-19 18:58:41.000000,134.5,4,4,RECONCILIATION SUCCESSFUL,INTEGRITY VERIFIED,INTEGRITY VERIFIED
48042,38380,2026-05-15 08:48:04.000000,89.61,4,4,RECONCILIATION SUCCESSFUL,INTEGRITY VERIFIED,INTEGRITY VERIFIED
91039,72874,2025-09-16 08:11:52.000000,171.85,2,2,RECONCILIATION SUCCESSFUL,INTEGRITY VERIFIED,INTEGRITY VERIFIED
23631,18882,2022-06-19 01:35:19.000000,167.85,2,2,RECONCILIATION SUCCESSFUL,INTEGRITY VERIFIED,INTEGRITY VERIFIED
65512,52325,2026-04-19 00:11:18.000000,267.9,2,2,RECONCILIATION SUCCESSFUL,INTEGRITY VERIFIED,INTEGRITY VERIFIED
18165,14476,2026-01-13 22:44:25.000000,100.32,3,3,RECONCILIATION SUCCESSFUL,INTEGRITY VERIFIED,INTEGRITY VERIFIED
38737,30945,2024-01-30 09:27:33.000000,85.99,2,2,RECONCILIATION SUCCESSFUL,INTEGRITY VERIFIED,INTEGRITY VERIFIED
58398,46665,2023-09-12 02:52:04.000000,107.14,3,3,RECONCILIATION SUCCESSFUL,INTEGRITY VERIFIED,INTEGRITY VERIFIED
95558,76600,2025-06-04 00:28:40.000000,83.99,3,3,RECONCILIATION SUCCESSFUL,INTEGRITY VERIFIED,INTEGRITY VERIFIED
68442,54769,2026-03-18 15:42:00.000000,83.0,2,2,RECONCILIATION SUCCESSFUL,INTEGRITY VERIFIED,INTEGRITY VERIFIED
69202,55354,2025-07-03 19:44:35.000000,18.95,1,1,RECONCILIATION SUCCESSFUL,INTEGRITY VERIFIED,INTEGRITY VERIFIED
61643,49240,2025-02-03 16:31:22.000000,109.77,4,4,RECONCILIATION SUCCESSFUL,INTEGRITY VERIFIED,INTEGRITY VERIFIED
89437,71579,2022-03-15 03:24:51.000000,93.5,2,2,RECONCILIATION SUCCESSFUL,INTEGRITY VERIFIED,INTEGRITY VERIFIED
106615,85454,2025-10-26 05:50:29.000000,84.87,3,3,RECONCILIATION SUCCESSFUL,INTEGRITY VERIFIED,INTEGRITY VERIFIED
118006,94475,2025-05-21 05:54:14.000000,173.64,4,4,RECONCILIATION SUCCESSFUL,INTEGRITY VERIFIED,INTEGRITY VERIFIED
5115,4049,2026-05-30 05:48:53.000000,120.94,2,2,RECONCILIATION SUCCESSFUL,INTEGRITY VERIFIED,INTEGRITY VERIFIED
82390,65927,2023-09-18 17:43:12.000000,203.96,3,3,RECONCILIATION SUCCESSFUL,INTEGRITY VERIFIED,INTEGRITY VERIFIED
117869,94377,2025-09-04 06:23:30.000000,546.85,4,4,RECONCILIATION SUCCESSFUL,INTEGRITY VERIFIED,INTEGRITY VERIFIED
98650,79095,2025-12-03 14:41:39.000000,161.17,4,4,RECONCILIATION SUCCESSFUL,INTEGRITY VERIFIED,INTEGRITY VERIFIED
114969,92058,2021-03-15 16:50:09.000000,203.52,4,4,RECONCILIATION SUCCESSFUL,INTEGRITY VERIFIED,INTEGRITY VERIFIED
73530,58817,2026-03-26 09:16:19.000000,51.99,2,2,RECONCILIATION SUCCESSFUL,INTEGRITY VERIFIED,INTEGRITY VERIFIED
89560,71670,2024-11-27 14:54:19.000000,129.17,3,3,RECONCILIATION SUCCESSFUL,INTEGRITY VERIFIED,INTEGRITY VERIFIED
105458,84531,2025-06-13 13:52:35.000000,19.99,1,1,RECONCILIATION SUCCESSFUL,INTEGRITY VERIFIED,INTEGRITY VERIFIED
40759,32532,2024-09-23 05:50:55.000000,86.96,3,3,RECONCILIATION SUCCESSFUL,INTEGRITY VERIFIED,INTEGRITY VERIFIED
81560,65272,2024-05-26 07:49:35.000000,357.99,3,3,RECONCILIATION SUCCESSFUL,INTEGRITY VERIFIED,INTEGRITY VERIFIED
97094,77822,2023-05-25 14:51:13.000000,254.93,4,4,RECONCILIATION SUCCESSFUL,INTEGRITY VERIFIED,INTEGRITY VERIFIED
116333,93145,2026-03-28 08:56:02.000000,54.89,2,2,RECONCILIATION SUCCESSFUL,INTEGRITY VERIFIED,INTEGRITY VERIFIED
47417,37884,2022-11-06 06:48:48.000000,131.98,4,4,RECONCILIATION SUCCESSFUL,INTEGRITY VERIFIED,INTEGRITY VERIFIED
124276,99524,2024-11-18 12:21:53.000000,302.45,4,4,RECONCILIATION SUCCESSFUL,INTEGRITY VERIFIED,INTEGRITY VERIFIED
2728,2170,2024-08-25 09:27:36.000000,45.0,2,2,RECONCILIATION SUCCESSFUL,INTEGRITY VERIFIED,INTEGRITY VERIFIED
36463,29096,2025-11-03 05:36:28.000000,20.0,1,1,RECONCILIATION SUCCESSFUL,INTEGRITY VERIFIED,INTEGRITY VERIFIED
84049,67270,2024-08-03 22:27:41.000000,122.32,3,3,RECONCILIATION SUCCESSFUL,INTEGRITY VERIFIED,INTEGRITY VERIFIED
17674,14064,2023-11-05 12:03:54.000000,45.39,2,2,RECONCILIATION SUCCESSFUL,INTEGRITY VERIFIED,INTEGRITY VERIFIED
39699,31702,2026-02-12 16:02:06.000000,195.33,4,4,RECONCILIATION SUCCESSFUL,INTEGRITY VERIFIED,INTEGRITY VERIFIED
34647,27670,2024-09-16 20:48:45.000000,21.9,1,1,RECONCILIATION SUCCESSFUL,INTEGRITY VERIFIED,INTEGRITY VERIFIED
55542,44367,2021-12-10 00:55:54.000000,21.95,1,1,RECONCILIATION SUCCESSFUL,INTEGRITY VERIFIED,INTEGRITY VERIFIED
98057,78622,2025-09-14 13:30:09.000000,161.39,4,4,RECONCILIATION SUCCESSFUL,INTEGRITY VERIFIED,INTEGRITY VERIFIED
81977,65599,2023-09-02 03:45:39.000000,96.98,3,3,RECONCILIATION SUCCESSFUL,INTEGRITY VERIFIED,INTEGRITY VERIFIED
42165,33631,2025-11-17 00:06:02.000000,21.99,1,1,RECONCILIATION SUCCESSFUL,INTEGRITY VERIFIED,INTEGRITY VERIFIED
116069,92934,2025-10-22 03:34:14.000000,106.0,2,2,RECONCILIATION SUCCESSFUL,INTEGRITY VERIFIED,INTEGRITY VERIFIED
59040,47178,2024-02-14 09:48:32.000000,22.5,1,1,RECONCILIATION SUCCESSFUL,INTEGRITY VERIFIED,INTEGRITY VERIFIED
91476,73243,2025-08-27 21:25:29.000000,22.88,1,1,RECONCILIATION SUCCESSFUL,INTEGRITY VERIFIED,INTEGRITY VERIFIED
99994,80222,2026-01-11 18:17:21.000000,140.97,3,3,RECONCILIATION SUCCESSFUL,INTEGRITY VERIFIED,INTEGRITY VERIFIED
82668,66138,2025-05-01 16:26:12.000000,22.99,1,1,RECONCILIATION SUCCESSFUL,INTEGRITY VERIFIED,INTEGRITY VERIFIED
57401,45900,2024-07-09 21:48:22.000000,22.99,1,1,RECONCILIATION SUCCESSFUL,INTEGRITY VERIFIED,INTEGRITY VERIFIED
24830,19839,2020-11-13 00:39:12.000000,23.7,1,1,RECONCILIATION SUCCESSFUL,INTEGRITY VERIFIED,INTEGRITY VERIFIED
18068,14394,2026-06-03 03:55:05.000000,63.99,2,2,RECONCILIATION SUCCESSFUL,INTEGRITY VERIFIED,INTEGRITY VERIFIED
103473,82969,2026-03-07 18:04:10.000000,24.0,1,1,RECONCILIATION SUCCESSFUL,INTEGRITY VERIFIED,INTEGRITY VERIFIED
107965,86498,2024-03-25 00:52:17.000000,212.56,3,3,RECONCILIATION SUCCESSFUL,INTEGRITY VERIFIED,INTEGRITY VERIFIED
14089,11218,2025-11-24 22:43:09.000000,53.99,2,2,RECONCILIATION SUCCESSFUL,INTEGRITY VERIFIED,INTEGRITY VERIFIED
23229,18561,2026-05-24 10:06:36.000000,24.0,1,1,RECONCILIATION SUCCESSFUL,INTEGRITY VERIFIED,INTEGRITY VERIFIED
74783,59791,2021-03-05 01:52:30.000000,111.5,3,3,RECONCILIATION SUCCESSFUL,INTEGRITY VERIFIED,INTEGRITY VERIFIED
62426,49861,2026-02-26 14:02:29.000000,93.5,2,2,RECONCILIATION SUCCESSFUL,INTEGRITY VERIFIED,INTEGRITY VERIFIED
123012,98494,2025-05-21 06:20:21.000000,160.9,4,4,RECONCILIATION SUCCESSFUL,INTEGRITY VERIFIED,INTEGRITY VERIFIED
6553,5204,2025-06-25 15:33:28.000000,78.95,2,2,RECONCILIATION SUCCESSFUL,INTEGRITY VERIFIED,INTEGRITY VERIFIED
99464,79773,2025-02-12 22:30:55.000000,108.39,2,2,RECONCILIATION SUCCESSFUL,INTEGRITY VERIFIED,INTEGRITY VERIFIED
69772,55797,2025-10-07 05:27:46.000000,234.98,2,2,RECONCILIATION SUCCESSFUL,INTEGRITY VERIFIED,INTEGRITY VERIFIED
48522,38749,2024-12-20 20:43:06.000000,24.99,1,1,RECONCILIATION SUCCESSFUL,INTEGRITY VERIFIED,INTEGRITY VERIFIED
79598,63621,2020-01-15 18:12:23.000000,64.5,2,2,RECONCILIATION SUCCESSFUL,INTEGRITY VERIFIED,INTEGRITY VERIFIED
83091,66496,2026-02-18 00:59:57.000000,25.0,1,1,RECONCILIATION SUCCESSFUL,INTEGRITY VERIFIED,INTEGRITY VERIFIED
110469,88470,2021-03-05 15:35:51.000000,25.0,1,1,RECONCILIATION SUCCESSFUL,INTEGRITY VERIFIED,INTEGRITY VERIFIED
119265,95455,2026-04-15 00:07:15.000000,103.0,2,2,RECONCILIATION SUCCESSFUL,INTEGRITY VERIFIED,INTEGRITY VERIFIED
1153,918,2022-06-16 23:32:26.000000,99.5,3,3,RECONCILIATION SUCCESSFUL,INTEGRITY VERIFIED,INTEGRITY VERIFIED
5001,3956,2025-07-11 22:10:17.000000,235.98,3,3,RECONCILIATION SUCCESSFUL,INTEGRITY VERIFIED,INTEGRITY VERIFIED
68463,54791,2025-12-20 17:34:24.000000,144.0,2,2,RECONCILIATION SUCCESSFUL,INTEGRITY VERIFIED,INTEGRITY VERIFIED
93188,74662,2025-08-28 04:04:59.000000,213.0,2,2,RECONCILIATION SUCCESSFUL,INTEGRITY VERIFIED,INTEGRITY VERIFIED
101405,81310,2023-06-29 10:05:49.000000,25.0,1,1,RECONCILIATION SUCCESSFUL,INTEGRITY VERIFIED,INTEGRITY VERIFIED
18892,15070,2025-04-04 15:41:38.000000,182.98,3,3,RECONCILIATION SUCCESSFUL,INTEGRITY VERIFIED,INTEGRITY VERIFIED
19963,15941,2025-08-25 07:51:34.000000,25.0,1,1,RECONCILIATION SUCCESSFUL,INTEGRITY VERIFIED,INTEGRITY VERIFIED
59252,47352,2025-02-11 06:57:19.000000,231.0,3,3,RECONCILIATION SUCCESSFUL,INTEGRITY VERIFIED,INTEGRITY VERIFIED
57961,46319,2025-11-06 09:15:21.000000,164.99,2,2,RECONCILIATION SUCCESSFUL,INTEGRITY VERIFIED,INTEGRITY VERIFIED
7628,6109,2024-02-04 16:45:22.000000,25.0,1,1,RECONCILIATION SUCCESSFUL,INTEGRITY VERIFIED,INTEGRITY VERIFIED
66318,53017,2024-04-05 05:24:34.000000,114.5,2,2,RECONCILIATION SUCCESSFUL,INTEGRITY VERIFIED,INTEGRITY VERIFIED
77272,61771,2025-11-09 13:57:20.000000,25.0,1,1,RECONCILIATION SUCCESSFUL,INTEGRITY VERIFIED,INTEGRITY VERIFIED
104773,83987,2026-02-03 02:41:54.000000,82.19,2,2,RECONCILIATION SUCCESSFUL,INTEGRITY VERIFIED,INTEGRITY VERIFIED
105021,84168,2026-02-26 12:04:31.000000,25.0,1,1,RECONCILIATION SUCCESSFUL,INTEGRITY VERIFIED,INTEGRITY VERIFIED
109637,87830,2022-06-24 10:44:34.000000,25.0,1,1,RECONCILIATION SUCCESSFUL,INTEGRITY VERIFIED,INTEGRITY VERIFIED
123622,98995,2025-02-04 10:56:06.000000,25.2,1,1,RECONCILIATION SUCCESSFUL,INTEGRITY VERIFIED,INTEGRITY VERIFIED
3441,2734,2026-05-18 07:55:18.000000,193.93,3,3,RECONCILIATION SUCCESSFUL,INTEGRITY VERIFIED,INTEGRITY VERIFIED
41417,33044,2025-11-01 16:42:39.000000,25.52,1,1,RECONCILIATION SUCCESSFUL,INTEGRITY VERIFIED,INTEGRITY VERIFIED
14644,11691,2024-05-21 21:03:04.000000,63.99,2,2,RECONCILIATION SUCCESSFUL,INTEGRITY VERIFIED,INTEGRITY VERIFIED
49644,39629,2024-04-17 13:51:16.000000,26.0,1,1,RECONCILIATION SUCCESSFUL,INTEGRITY VERIFIED,INTEGRITY VERIFIED
124626,99777,2026-01-31 16:42:36.000000,26.0,1,1,RECONCILIATION SUCCESSFUL,INTEGRITY VERIFIED,INTEGRITY VERIFIED
111516,89321,2025-08-05 23:51:24.000000,26.0,1,1,RECONCILIATION SUCCESSFUL,INTEGRITY VERIFIED,INTEGRITY VERIFIED
18003,14342,2025-09-20 14:36:41.000000,86.42,2,2,RECONCILIATION SUCCESSFUL,INTEGRITY VERIFIED,INTEGRITY VERIFIED
118576,94924,2024-05-12 14:03:05.000000,26.9,1,1,RECONCILIATION SUCCESSFUL,INTEGRITY VERIFIED,INTEGRITY VERIFIED
72225,57757,2024-11-26 15:43:03.000000,26.99,1,1,RECONCILIATION SUCCESSFUL,INTEGRITY VERIFIED,INTEGRITY VERIFIED
75408,60310,2025-07-22 18:01:30.000000,26.99,1,1,RECONCILIATION SUCCESSFUL,INTEGRITY VERIFIED,INTEGRITY VERIFIED
40852,32601,2025-04-10 13:30:59.000000,291.48,4,4,RECONCILIATION SUCCESSFUL,INTEGRITY VERIFIED,INTEGRITY VERIFIED
69787,55806,2025-11-07 07:08:17.000000,97.9,2,2,RECONCILIATION SUCCESSFUL,INTEGRITY VERIFIED,INTEGRITY VERIFIED
20168,16112,2026-01-23 03:24:32.000000,27.98,1,1,RECONCILIATION SUCCESSFUL,INTEGRITY VERIFIED,INTEGRITY VERIFIED
123990,99285,2026-06-03 01:58:39.000000,28.0,1,1,RECONCILIATION SUCCESSFUL,INTEGRITY VERIFIED,INTEGRITY VERIFIED
72191,57726,2023-07-19 11:43:48.000000,173.82,2,2,RECONCILIATION SUCCESSFUL,INTEGRITY VERIFIED,INTEGRITY VERIFIED
118846,95134,2024-07-12 15:39:17.000000,158.86,3,3,RECONCILIATION SUCCESSFUL,INTEGRITY VERIFIED,INTEGRITY VERIFIED
97793,78392,2024-12-09 22:48:25.000000,28.95,1,1,RECONCILIATION SUCCESSFUL,INTEGRITY VERIFIED,INTEGRITY VERIFIED
29355,23456,2026-04-06 08:34:38.000000,29.0,1,1,RECONCILIATION SUCCESSFUL,INTEGRITY VERIFIED,INTEGRITY VERIFIED
108123,86621,2024-11-25 18:48:32.000000,68.45,2,2,RECONCILIATION SUCCESSFUL,INTEGRITY VERIFIED,INTEGRITY VERIFIED
103060,82639,2023-11-11 10:34:10.000000,304.45,3,3,RECONCILIATION SUCCESSFUL,INTEGRITY VERIFIED,INTEGRITY VERIFIED
97528,78179,2025-06-18 20:37:58.000000,113.62,2,2,RECONCILIATION SUCCESSFUL,INTEGRITY VERIFIED,INTEGRITY VERIFIED
103312,82844,2022-11-10 21:41:36.000000,88.94,2,2,RECONCILIATION SUCCESSFUL,INTEGRITY VERIFIED,INTEGRITY VERIFIED
86366,69152,2020-04-20 15:48:09.000000,250.3,4,4,RECONCILIATION SUCCESSFUL,INTEGRITY VERIFIED,INTEGRITY VERIFIED
89247,71414,2021-06-26 17:59:17.000000,29.99,1,1,RECONCILIATION SUCCESSFUL,INTEGRITY VERIFIED,INTEGRITY VERIFIED
14057,11189,2025-01-12 11:25:12.000000,250.97,4,4,RECONCILIATION SUCCESSFUL,INTEGRITY VERIFIED,INTEGRITY VERIFIED
54115,43229,2026-04-24 02:18:42.000000,29.99,1,1,RECONCILIATION SUCCESSFUL,INTEGRITY VERIFIED,INTEGRITY VERIFIED
121301,97093,2025-12-06 07:56:49.000000,29.99,1,1,RECONCILIATION SUCCESSFUL,INTEGRITY VERIFIED,INTEGRITY VERIFIED
120916,96795,2026-01-25 08:09:09.000000,29.99,1,1,RECONCILIATION SUCCESSFUL,INTEGRITY VERIFIED,INTEGRITY VERIFIED
68544,54845,2021-04-09 19:48:17.000000,187.0,3,3,RECONCILIATION SUCCESSFUL,INTEGRITY VERIFIED,INTEGRITY VERIFIED
121978,97664,2025-11-18 21:17:47.000000,210.98,4,4,RECONCILIATION SUCCESSFUL,INTEGRITY VERIFIED,INTEGRITY VERIFIED
25759,20570,2025-11-06 14:34:59.000000,30.0,1,1,RECONCILIATION SUCCESSFUL,INTEGRITY VERIFIED,INTEGRITY VERIFIED
17704,14086,2026-02-15 15:52:50.000000,30.0,1,1,RECONCILIATION SUCCESSFUL,INTEGRITY VERIFIED,INTEGRITY VERIFIED
83566,66884,2024-10-11 20:06:35.000000,30.9,1,1,RECONCILIATION SUCCESSFUL,INTEGRITY VERIFIED,INTEGRITY VERIFIED
36374,29018,2023-10-27 19:44:51.000000,96.81,2,2,RECONCILIATION SUCCESSFUL,INTEGRITY VERIFIED,INTEGRITY VERIFIED
88422,70740,2025-05-06 15:14:47.000000,31.81,1,1,RECONCILIATION SUCCESSFUL,INTEGRITY VERIFIED,INTEGRITY VERIFIED
10546,8391,2025-10-05 06:55:29.000000,266.9,2,2,RECONCILIATION SUCCESSFUL,INTEGRITY VERIFIED,INTEGRITY VERIFIED
96018,76970,2023-08-24 07:25:35.000000,31.97,1,1,RECONCILIATION SUCCESSFUL,INTEGRITY VERIFIED,INTEGRITY VERIFIED
96308,77215,2024-06-01 09:37:09.000000,146.43,4,4,RECONCILIATION SUCCESSFUL,INTEGRITY VERIFIED,INTEGRITY VERIFIED
4606,3638,2023-03-16 15:37:37.000000,32.0,1,1,RECONCILIATION SUCCESSFUL,INTEGRITY VERIFIED,INTEGRITY VERIFIED
9142,7286,2025-12-27 14:31:39.000000,456.95,4,4,RECONCILIATION SUCCESSFUL,INTEGRITY VERIFIED,INTEGRITY VERIFIED
91860,73555,2025-07-05 11:07:02.000000,338.68,4,4,RECONCILIATION SUCCESSFUL,INTEGRITY VERIFIED,INTEGRITY VERIFIED
75843,60662,2023-07-01 23:28:37.000000,32.99,1,1,RECONCILIATION SUCCESSFUL,INTEGRITY VERIFIED,INTEGRITY VERIFIED
46963,37524,2025-09-30 04:26:30.000000,32.99,1,1,RECONCILIATION SUCCESSFUL,INTEGRITY VERIFIED,INTEGRITY VERIFIED
58180,46494,2024-08-20 20:46:32.000000,32.99,1,1,RECONCILIATION SUCCESSFUL,INTEGRITY VERIFIED,INTEGRITY VERIFIED
123488,98881,2024-01-13 08:26:05.000000,77.99,2,2,RECONCILIATION SUCCESSFUL,INTEGRITY VERIFIED,INTEGRITY VERIFIED
10898,8685,2025-05-25 08:24:23.000000,33.0,1,1,RECONCILIATION SUCCESSFUL,INTEGRITY VERIFIED,INTEGRITY VERIFIED
124700,99831,2026-01-28 05:19:07.000000,97.49,2,2,RECONCILIATION SUCCESSFUL,INTEGRITY VERIFIED,INTEGRITY VERIFIED
18749,14943,2026-05-14 07:54:59.000000,33.6,1,1,RECONCILIATION SUCCESSFUL,INTEGRITY VERIFIED,INTEGRITY VERIFIED
40139,32046,2026-04-24 04:24:12.000000,33.95,1,1,RECONCILIATION SUCCESSFUL,INTEGRITY VERIFIED,INTEGRITY VERIFIED
255,208,2023-06-19 14:26:08.000000,34.0,1,1,RECONCILIATION SUCCESSFUL,INTEGRITY VERIFIED,INTEGRITY VERIFIED
101408,81310,2026-04-08 05:08:35.000000,273.9,3,3,RECONCILIATION SUCCESSFUL,INTEGRITY VERIFIED,INTEGRITY VERIFIED
5431,4298,2025-10-14 11:17:01.000000,149.95,2,2,RECONCILIATION SUCCESSFUL,INTEGRITY VERIFIED,INTEGRITY VERIFIED
98701,79130,2023-09-04 22:34:40.000000,95.25,2,2,RECONCILIATION SUCCESSFUL,INTEGRITY VERIFIED,INTEGRITY VERIFIED
642,530,2025-06-19 10:37:48.000000,34.99,1,1,RECONCILIATION SUCCESSFUL,INTEGRITY VERIFIED,INTEGRITY VERIFIED
29839,23838,2026-04-04 17:49:04.000000,237.11,3,3,RECONCILIATION SUCCESSFUL,INTEGRITY VERIFIED,INTEGRITY VERIFIED
72814,58243,2026-06-13 06:02:42.441359,452.99,3,3,RECONCILIATION SUCCESSFUL,INTEGRITY VERIFIED,INTEGRITY VERIFIED
78685,62893,2026-05-17 21:03:35.000000,88.99,2,2,RECONCILIATION SUCCESSFUL,INTEGRITY VERIFIED,INTEGRITY VERIFIED
15106,12053,2025-07-20 17:47:07.000000,35.0,1,1,RECONCILIATION SUCCESSFUL,INTEGRITY VERIFIED,INTEGRITY VERIFIED
44602,35570,2022-05-22 08:07:56.000000,75.0,2,2,RECONCILIATION SUCCESSFUL,INTEGRITY VERIFIED,INTEGRITY VERIFIED
120694,96609,2025-10-27 10:13:06.000000,230.0,2,2,RECONCILIATION SUCCESSFUL,INTEGRITY VERIFIED,INTEGRITY VERIFIED
21173,16936,2025-08-13 22:17:05.000000,35.0,1,1,RECONCILIATION SUCCESSFUL,INTEGRITY VERIFIED,INTEGRITY VERIFIED
84769,67823,2024-04-29 17:48:55.000000,104.99,2,2,RECONCILIATION SUCCESSFUL,INTEGRITY VERIFIED,INTEGRITY VERIFIED
45469,36296,2026-01-20 21:45:28.000000,263.5,4,4,RECONCILIATION SUCCESSFUL,INTEGRITY VERIFIED,INTEGRITY VERIFIED
7887,6309,2026-01-11 08:41:13.000000,115.67,2,2,RECONCILIATION SUCCESSFUL,INTEGRITY VERIFIED,INTEGRITY VERIFIED
100312,80455,2025-08-01 09:29:10.000000,36.0,1,1,RECONCILIATION SUCCESSFUL,INTEGRITY VERIFIED,INTEGRITY VERIFIED
87422,69964,2024-07-18 23:32:51.000000,36.0,1,1,RECONCILIATION SUCCESSFUL,INTEGRITY VERIFIED,INTEGRITY VERIFIED
113771,91081,2023-04-26 19:01:56.000000,224.59,2,2,RECONCILIATION SUCCESSFUL,INTEGRITY VERIFIED,INTEGRITY VERIFIED
8015,6407,2025-10-11 02:10:46.000000,101.17,2,2,RECONCILIATION SUCCESSFUL,INTEGRITY VERIFIED,INTEGRITY VERIFIED
91818,73520,2026-06-15 17:22:36.900817,102.99,2,2,RECONCILIATION SUCCESSFUL,INTEGRITY VERIFIED,INTEGRITY VERIFIED
122428,98028,2025-11-01 21:26:13.000000,86.99,2,2,RECONCILIATION SUCCESSFUL,INTEGRITY VERIFIED,INTEGRITY VERIFIED
38980,31146,2026-02-18 19:00:54.000000,143.6,2,2,RECONCILIATION SUCCESSFUL,INTEGRITY VERIFIED,INTEGRITY VERIFIED
3600,2870,2023-05-25 09:41:31.000000,80.99,2,2,RECONCILIATION SUCCESSFUL,INTEGRITY VERIFIED,INTEGRITY VERIFIED
48112,38441,2022-02-27 23:07:59.000000,39.45,1,1,RECONCILIATION SUCCESSFUL,INTEGRITY VERIFIED,INTEGRITY VERIFIED
115334,92329,2023-03-25 03:18:01.000000,138.5,2,2,RECONCILIATION SUCCESSFUL,INTEGRITY VERIFIED,INTEGRITY VERIFIED
112118,89786,2022-04-16 07:38:20.000000,109.93,2,2,RECONCILIATION SUCCESSFUL,INTEGRITY VERIFIED,INTEGRITY VERIFIED
83067,66475,2026-06-14 10:10:50.000000,123.99,2,2,RECONCILIATION SUCCESSFUL,INTEGRITY VERIFIED,INTEGRITY VERIFIED
15219,12136,2026-05-14 23:31:30.000000,91.99,2,2,RECONCILIATION SUCCESSFUL,INTEGRITY VERIFIED,INTEGRITY VERIFIED
82941,66361,2022-04-28 23:49:52.000000,238.99,2,2,RECONCILIATION SUCCESSFUL,INTEGRITY VERIFIED,INTEGRITY VERIFIED
54862,43826,2024-06-01 03:38:42.000000,276.0,3,3,RECONCILIATION SUCCESSFUL,INTEGRITY VERIFIED,INTEGRITY VERIFIED
40989,32707,2026-05-31 12:50:35.000000,219.49,3,3,RECONCILIATION SUCCESSFUL,INTEGRITY VERIFIED,INTEGRITY VERIFIED
68078,54487,2025-10-08 14:13:07.000000,42.0,1,1,RECONCILIATION SUCCESSFUL,INTEGRITY VERIFIED,INTEGRITY VERIFIED
114023,91301,2025-11-19 22:01:50.000000,131.41,2,2,RECONCILIATION SUCCESSFUL,INTEGRITY VERIFIED,INTEGRITY VERIFIED
22775,18191,2023-02-26 21:37:20.000000,44.0,1,1,RECONCILIATION SUCCESSFUL,INTEGRITY VERIFIED,INTEGRITY VERIFIED
119486,95620,2024-11-29 18:00:14.000000,203.0,2,2,RECONCILIATION SUCCESSFUL,INTEGRITY VERIFIED,INTEGRITY VERIFIED
31034,24785,2021-02-21 07:13:23.000000,95.0,2,2,RECONCILIATION SUCCESSFUL,INTEGRITY VERIFIED,INTEGRITY VERIFIED
40624,32438,2024-06-29 01:37:28.000000,195.36,3,3,RECONCILIATION SUCCESSFUL,INTEGRITY VERIFIED,INTEGRITY VERIFIED
3849,3050,2024-08-28 04:53:06.000000,113.92,2,2,RECONCILIATION SUCCESSFUL,INTEGRITY VERIFIED,INTEGRITY VERIFIED
107499,86144,2023-02-11 23:18:42.000000,102.4,2,2,RECONCILIATION SUCCESSFUL,INTEGRITY VERIFIED,INTEGRITY VERIFIED
78426,62697,2025-10-01 16:34:39.000000,152.4,3,3,RECONCILIATION SUCCESSFUL,INTEGRITY VERIFIED,INTEGRITY VERIFIED
53266,42529,2024-11-24 20:51:26.000000,44.99,1,1,RECONCILIATION SUCCESSFUL,INTEGRITY VERIFIED,INTEGRITY VERIFIED
92356,73940,2026-03-15 19:10:50.000000,386.19,4,4,RECONCILIATION SUCCESSFUL,INTEGRITY VERIFIED,INTEGRITY VERIFIED
4807,3801,2024-04-26 18:24:39.000000,45.0,1,1,RECONCILIATION SUCCESSFUL,INTEGRITY VERIFIED,INTEGRITY VERIFIED
833,670,2025-02-07 18:38:25.000000,250.48,4,4,RECONCILIATION SUCCESSFUL,INTEGRITY VERIFIED,INTEGRITY VERIFIED
95600,76632,2025-04-10 07:33:18.000000,45.42,1,1,RECONCILIATION SUCCESSFUL,INTEGRITY VERIFIED,INTEGRITY VERIFIED
16621,13239,2020-04-01 01:04:54.000000,46.5,1,1,RECONCILIATION SUCCESSFUL,INTEGRITY VERIFIED,INTEGRITY VERIFIED
48783,38938,2025-05-23 05:34:59.000000,46.5,1,1,RECONCILIATION SUCCESSFUL,INTEGRITY VERIFIED,INTEGRITY VERIFIED
75538,60410,2024-09-28 07:14:38.000000,46.99,1,1,RECONCILIATION SUCCESSFUL,INTEGRITY VERIFIED,INTEGRITY VERIFIED
35535,28367,2026-03-23 02:01:48.000000,46.99,1,1,RECONCILIATION SUCCESSFUL,INTEGRITY VERIFIED,INTEGRITY VERIFIED
38634,30847,2024-10-10 18:07:24.000000,102.0,2,2,RECONCILIATION SUCCESSFUL,INTEGRITY VERIFIED,INTEGRITY VERIFIED
81158,64922,2025-09-08 03:49:27.000000,138.15,2,2,RECONCILIATION SUCCESSFUL,INTEGRITY VERIFIED,INTEGRITY VERIFIED
112377,89979,2024-11-03 22:43:43.000000,294.36,4,4,RECONCILIATION SUCCESSFUL,INTEGRITY VERIFIED,INTEGRITY VERIFIED
34563,27590,2025-10-27 08:59:16.000000,49.0,1,1,RECONCILIATION SUCCESSFUL,INTEGRITY VERIFIED,INTEGRITY VERIFIED
114530,91723,2024-07-31 14:45:38.000000,49.45,1,1,RECONCILIATION SUCCESSFUL,INTEGRITY VERIFIED,INTEGRITY VERIFIED
43343,34592,2022-03-18 00:27:34.000000,103.47,2,2,RECONCILIATION SUCCESSFUL,INTEGRITY VERIFIED,INTEGRITY VERIFIED
43905,35032,2026-01-09 06:24:09.000000,49.5,1,1,RECONCILIATION SUCCESSFUL,INTEGRITY VERIFIED,INTEGRITY VERIFIED
62637,50049,2025-09-06 09:27:06.000000,49.5,1,1,RECONCILIATION SUCCESSFUL,INTEGRITY VERIFIED,INTEGRITY VERIFIED
74653,59702,2025-12-02 18:13:08.000000,109.45,2,2,RECONCILIATION SUCCESSFUL,INTEGRITY VERIFIED,INTEGRITY VERIFIED
108124,86621,2024-10-28 15:00:38.000000,129.94,2,2,RECONCILIATION SUCCESSFUL,INTEGRITY VERIFIED,INTEGRITY VERIFIED
666,546,2025-11-29 20:35:38.000000,49.99,1,1,RECONCILIATION SUCCESSFUL,INTEGRITY VERIFIED,INTEGRITY VERIFIED
22276,17776,2021-04-15 21:30:51.000000,539.99,3,3,RECONCILIATION SUCCESSFUL,INTEGRITY VERIFIED,INTEGRITY VERIFIED
43136,34424,2025-11-30 14:15:31.000000,181.42,2,2,RECONCILIATION SUCCESSFUL,INTEGRITY VERIFIED,INTEGRITY VERIFIED
117203,93861,2024-01-07 10:33:45.000000,49.99,1,1,RECONCILIATION SUCCESSFUL,INTEGRITY VERIFIED,INTEGRITY VERIFIED
58809,46990,2025-03-03 20:36:00.000000,177.49,3,3,RECONCILIATION SUCCESSFUL,INTEGRITY VERIFIED,INTEGRITY VERIFIED
42586,33989,2026-03-05 02:11:00.000000,146.95,2,2,RECONCILIATION SUCCESSFUL,INTEGRITY VERIFIED,INTEGRITY VERIFIED
55843,44625,2026-01-02 11:23:31.000000,195.75,2,2,RECONCILIATION SUCCESSFUL,INTEGRITY VERIFIED,INTEGRITY VERIFIED
31119,24856,2025-12-13 06:15:56.000000,220.38,3,3,RECONCILIATION SUCCESSFUL,INTEGRITY VERIFIED,INTEGRITY VERIFIED
109601,87803,2026-02-21 04:53:45.000000,53.0,1,1,RECONCILIATION SUCCESSFUL,INTEGRITY VERIFIED,INTEGRITY VERIFIED
116743,93454,2024-08-07 02:45:24.000000,329.95,3,3,RECONCILIATION SUCCESSFUL,INTEGRITY VERIFIED,INTEGRITY VERIFIED
61878,49417,2023-08-28 03:53:44.000000,54.0,1,1,RECONCILIATION SUCCESSFUL,INTEGRITY VERIFIED,INTEGRITY VERIFIED
83419,66758,2024-05-04 00:01:12.000000,54.0,1,1,RECONCILIATION SUCCESSFUL,INTEGRITY VERIFIED,INTEGRITY VERIFIED
106613,85452,2026-05-30 01:24:14.000000,152.5,2,2,RECONCILIATION SUCCESSFUL,INTEGRITY VERIFIED,INTEGRITY VERIFIED
68820,55056,2024-08-08 12:41:53.000000,114.52,2,2,RECONCILIATION SUCCESSFUL,INTEGRITY VERIFIED,INTEGRITY VERIFIED
43732,34891,2025-01-06 13:52:48.000000,57.0,1,1,RECONCILIATION SUCCESSFUL,INTEGRITY VERIFIED,INTEGRITY VERIFIED
69546,55623,2022-07-23 10:26:52.000000,214.99,3,3,RECONCILIATION SUCCESSFUL,INTEGRITY VERIFIED,INTEGRITY VERIFIED
86052,68898,2023-11-01 10:01:15.000000,58.99,1,1,RECONCILIATION SUCCESSFUL,INTEGRITY VERIFIED,INTEGRITY VERIFIED
89257,71420,2020-03-08 19:12:27.000000,58.99,1,1,RECONCILIATION SUCCESSFUL,INTEGRITY VERIFIED,INTEGRITY VERIFIED
1478,1159,2025-10-29 10:31:01.000000,148.5,2,2,RECONCILIATION SUCCESSFUL,INTEGRITY VERIFIED,INTEGRITY VERIFIED
33002,26327,2025-03-13 22:00:15.000000,962.5,2,2,RECONCILIATION SUCCESSFUL,INTEGRITY VERIFIED,INTEGRITY VERIFIED
38399,30653,2026-04-26 15:19:15.000000,137.52,2,2,RECONCILIATION SUCCESSFUL,INTEGRITY VERIFIED,INTEGRITY VERIFIED
87771,70248,2022-09-08 23:20:39.000000,120.94,2,2,RECONCILIATION SUCCESSFUL,INTEGRITY VERIFIED,INTEGRITY VERIFIED
118468,94851,2024-12-27 17:08:54.000000,59.95,1,1,RECONCILIATION SUCCESSFUL,INTEGRITY VERIFIED,INTEGRITY VERIFIED
10607,8444,2025-02-07 22:42:59.000000,158.99,2,2,RECONCILIATION SUCCESSFUL,INTEGRITY VERIFIED,INTEGRITY VERIFIED
119108,95311,2024-06-10 03:33:27.000000,60.0,1,1,RECONCILIATION SUCCESSFUL,INTEGRITY VERIFIED,INTEGRITY VERIFIED
69335,55455,2023-10-31 04:14:20.000000,60.99,1,1,RECONCILIATION SUCCESSFUL,INTEGRITY VERIFIED,INTEGRITY VERIFIED
102674,82329,2024-09-21 19:13:41.000000,61.5,1,1,RECONCILIATION SUCCESSFUL,INTEGRITY VERIFIED,INTEGRITY VERIFIED
67554,54041,2024-04-09 18:04:05.000000,232.75,2,2,RECONCILIATION SUCCESSFUL,INTEGRITY VERIFIED,INTEGRITY VERIFIED
102167,81901,2023-06-30 18:47:23.000000,162.0,2,2,RECONCILIATION SUCCESSFUL,INTEGRITY VERIFIED,INTEGRITY VERIFIED
68705,54969,2026-05-25 08:36:27.000000,418.95,4,4,RECONCILIATION SUCCESSFUL,INTEGRITY VERIFIED,INTEGRITY VERIFIED
66713,53339,2023-11-15 07:08:33.000000,138.98,2,2,RECONCILIATION SUCCESSFUL,INTEGRITY VERIFIED,INTEGRITY VERIFIED
15404,12285,2022-05-25 07:08:34.000000,65.0,1,1,RECONCILIATION SUCCESSFUL,INTEGRITY VERIFIED,INTEGRITY VERIFIED
34168,27262,2021-12-13 14:05:24.000000,65.0,1,1,RECONCILIATION SUCCESSFUL,INTEGRITY VERIFIED,INTEGRITY VERIFIED
89450,71586,2024-11-12 17:48:03.000000,65.0,1,1,RECONCILIATION SUCCESSFUL,INTEGRITY VERIFIED,INTEGRITY VERIFIED
6833,5444,2024-02-07 21:08:11.000000,67.95,1,1,RECONCILIATION SUCCESSFUL,INTEGRITY VERIFIED,INTEGRITY VERIFIED
76434,61114,2022-10-22 16:55:03.000000,69.5,1,1,RECONCILIATION SUCCESSFUL,INTEGRITY VERIFIED,INTEGRITY VERIFIED
119007,95250,2022-11-26 08:21:53.000000,69.5,1,1,RECONCILIATION SUCCESSFUL,INTEGRITY VERIFIED,INTEGRITY VERIFIED
91885,73577,2025-09-04 10:59:38.000000,69.95,1,1,RECONCILIATION SUCCESSFUL,INTEGRITY VERIFIED,INTEGRITY VERIFIED
90653,72538,2024-01-17 12:47:40.000000,69.99,1,1,RECONCILIATION SUCCESSFUL,INTEGRITY VERIFIED,INTEGRITY VERIFIED
23866,19067,2026-06-16 04:52:16.787690,164.99,2,2,RECONCILIATION SUCCESSFUL,INTEGRITY VERIFIED,INTEGRITY VERIFIED
84748,67807,2023-09-29 21:09:28.000000,70.0,1,1,RECONCILIATION SUCCESSFUL,INTEGRITY VERIFIED,INTEGRITY VERIFIED
103748,83167,2022-03-26 15:03:39.000000,70.0,1,1,RECONCILIATION SUCCESSFUL,INTEGRITY VERIFIED,INTEGRITY VERIFIED
49848,39814,2024-03-19 22:49:46.000000,74.0,1,1,RECONCILIATION SUCCESSFUL,INTEGRITY VERIFIED,INTEGRITY VERIFIED
53305,42570,2025-12-07 04:32:12.000000,202.34,2,2,RECONCILIATION SUCCESSFUL,INTEGRITY VERIFIED,INTEGRITY VERIFIED
44537,35516,2024-06-05 12:00:07.000000,154.0,2,2,RECONCILIATION SUCCESSFUL,INTEGRITY VERIFIED,INTEGRITY VERIFIED
13963,11116,2026-06-16 03:07:36.420538,78.0,1,1,RECONCILIATION SUCCESSFUL,INTEGRITY VERIFIED,INTEGRITY VERIFIED
57342,45852,2020-05-02 00:34:28.000000,78.0,1,1,RECONCILIATION SUCCESSFUL,INTEGRITY VERIFIED,INTEGRITY VERIFIED
6414,5086,2024-02-15 17:48:40.000000,203.99,2,2,RECONCILIATION SUCCESSFUL,INTEGRITY VERIFIED,INTEGRITY VERIFIED
33843,26995,2026-02-15 02:39:33.000000,79.0,1,1,RECONCILIATION SUCCESSFUL,INTEGRITY VERIFIED,INTEGRITY VERIFIED
74746,59762,2019-10-24 18:13:06.000000,79.86,1,1,RECONCILIATION SUCCESSFUL,INTEGRITY VERIFIED,INTEGRITY VERIFIED
99805,80056,2024-08-28 05:51:45.000000,79.95,1,1,RECONCILIATION SUCCESSFUL,INTEGRITY VERIFIED,INTEGRITY VERIFIED
19786,15799,2024-05-18 11:26:34.000000,79.99,1,1,RECONCILIATION SUCCESSFUL,INTEGRITY VERIFIED,INTEGRITY VERIFIED
105185,84310,2026-02-01 16:43:33.000000,80.99,1,1,RECONCILIATION SUCCESSFUL,INTEGRITY VERIFIED,INTEGRITY VERIFIED
35871,28614,2024-04-28 09:14:36.000000,84.0,1,1,RECONCILIATION SUCCESSFUL,INTEGRITY VERIFIED,INTEGRITY VERIFIED
34501,27550,2025-06-02 21:36:07.000000,84.12,1,1,RECONCILIATION SUCCESSFUL,INTEGRITY VERIFIED,INTEGRITY VERIFIED
54229,43312,2023-03-24 09:26:51.000000,359.74,3,3,RECONCILIATION SUCCESSFUL,INTEGRITY VERIFIED,INTEGRITY VERIFIED
44924,35829,2023-01-23 17:28:33.000000,88.0,1,1,RECONCILIATION SUCCESSFUL,INTEGRITY VERIFIED,INTEGRITY VERIFIED
75558,60428,2025-09-12 14:04:36.000000,89.5,1,1,RECONCILIATION SUCCESSFUL,INTEGRITY VERIFIED,INTEGRITY VERIFIED
136,108,2023-12-28 07:07:13.000000,89.5,1,1,RECONCILIATION SUCCESSFUL,INTEGRITY VERIFIED,INTEGRITY VERIFIED
80950,64753,2023-04-04 14:40:06.000000,89.99,1,1,RECONCILIATION SUCCESSFUL,INTEGRITY VERIFIED,INTEGRITY VERIFIED
96451,77334,2026-06-07 00:58:00.000000,90.0,1,1,RECONCILIATION SUCCESSFUL,INTEGRITY VERIFIED,INTEGRITY VERIFIED
18355,14616,2026-05-04 22:11:51.000000,90.0,1,1,RECONCILIATION SUCCESSFUL,INTEGRITY VERIFIED,INTEGRITY VERIFIED
105461,84533,2024-04-22 03:24:06.000000,94.0,1,1,RECONCILIATION SUCCESSFUL,INTEGRITY VERIFIED,INTEGRITY VERIFIED
8554,6837,2023-10-16 08:31:16.000000,327.0,3,3,RECONCILIATION SUCCESSFUL,INTEGRITY VERIFIED,INTEGRITY VERIFIED
25357,20255,2026-01-23 08:14:26.000000,98.0,1,1,RECONCILIATION SUCCESSFUL,INTEGRITY VERIFIED,INTEGRITY VERIFIED
94420,75677,2025-09-11 08:38:39.000000,98.0,1,1,RECONCILIATION SUCCESSFUL,INTEGRITY VERIFIED,INTEGRITY VERIFIED
67056,53635,2021-11-29 04:58:06.000000,99.99,1,1,RECONCILIATION SUCCESSFUL,INTEGRITY VERIFIED,INTEGRITY VERIFIED
90019,72036,2020-11-08 19:14:26.000000,100.99,1,1,RECONCILIATION SUCCESSFUL,INTEGRITY VERIFIED,INTEGRITY VERIFIED
95055,76185,2024-11-01 22:57:09.000000,101.0,1,1,RECONCILIATION SUCCESSFUL,INTEGRITY VERIFIED,INTEGRITY VERIFIED
23403,18688,2023-07-24 14:23:46.000000,103.13,1,1,RECONCILIATION SUCCESSFUL,INTEGRITY VERIFIED,INTEGRITY VERIFIED
66321,53022,2026-06-15 20:53:20.264384,105.26,1,1,RECONCILIATION SUCCESSFUL,INTEGRITY VERIFIED,INTEGRITY VERIFIED
111812,89533,2023-01-02 17:56:00.000000,106.0,1,1,RECONCILIATION SUCCESSFUL,INTEGRITY VERIFIED,INTEGRITY VERIFIED
93265,74731,2022-04-15 05:59:30.000000,110.0,1,1,RECONCILIATION SUCCESSFUL,INTEGRITY VERIFIED,INTEGRITY VERIFIED
65651,52437,2022-07-19 18:52:07.000000,112.86,1,1,RECONCILIATION SUCCESSFUL,INTEGRITY VERIFIED,INTEGRITY VERIFIED
21113,16889,2026-01-18 06:15:18.000000,408.88,2,2,RECONCILIATION SUCCESSFUL,INTEGRITY VERIFIED,INTEGRITY VERIFIED
50798,40582,2025-12-24 06:58:05.000000,139.99,1,1,RECONCILIATION SUCCESSFUL,INTEGRITY VERIFIED,INTEGRITY VERIFIED
96463,77345,2026-06-12 06:34:27.000000,147.5,1,1,RECONCILIATION SUCCESSFUL,INTEGRITY VERIFIED,INTEGRITY VERIFIED
557,463,2024-12-23 00:03:42.000000,151.99,1,1,RECONCILIATION SUCCESSFUL,INTEGRITY VERIFIED,INTEGRITY VERIFIED
121757,97478,2025-06-07 20:21:16.000000,159.95,1,1,RECONCILIATION SUCCESSFUL,INTEGRITY VERIFIED,INTEGRITY VERIFIED
43850,34987,2024-08-20 10:36:14.000000,160.0,1,1,RECONCILIATION SUCCESSFUL,INTEGRITY VERIFIED,INTEGRITY VERIFIED
114304,91541,2019-08-01 04:43:28.000000,171.0,1,1,RECONCILIATION SUCCESSFUL,INTEGRITY VERIFIED,INTEGRITY VERIFIED
25479,20345,2023-01-08 02:17:46.000000,176.0,1,1,RECONCILIATION SUCCESSFUL,INTEGRITY VERIFIED,INTEGRITY VERIFIED
67754,54215,2024-08-24 19:21:17.000000,187.6,1,1,RECONCILIATION SUCCESSFUL,INTEGRITY VERIFIED,INTEGRITY VERIFIED
123254,98696,2024-09-26 14:29:19.000000,189.0,1,1,RECONCILIATION SUCCESSFUL,INTEGRITY VERIFIED,INTEGRITY VERIFIED
30077,24028,2026-04-03 17:08:31.000000,193.95,1,1,RECONCILIATION SUCCESSFUL,INTEGRITY VERIFIED,INTEGRITY VERIFIED
95766,76775,2025-04-15 12:57:04.000000,195.0,1,1,RECONCILIATION SUCCESSFUL,INTEGRITY VERIFIED,INTEGRITY VERIFIED
91676,73397,2025-05-28 17:42:50.000000,229.0,1,1,RECONCILIATION SUCCESSFUL,INTEGRITY VERIFIED,INTEGRITY VERIFIED
67822,54272,2024-11-02 07:52:50.000000,280.0,1,1,RECONCILIATION SUCCESSFUL,INTEGRITY VERIFIED,INTEGRITY VERIFIED
101945,81727,2023-01-10 14:31:36.000000,299.0,1,1,RECONCILIATION SUCCESSFUL,INTEGRITY VERIFIED,INTEGRITY VERIFIED
49104,39160,2021-10-21 05:30:01.000000,308.0,1,1,RECONCILIATION SUCCESSFUL,INTEGRITY VERIFIED,INTEGRITY VERIFIED
62766,50156,2024-03-17 00:06:50.000000,339.0,1,1,RECONCILIATION SUCCESSFUL,INTEGRITY VERIFIED,INTEGRITY VERIFIED
120350,96332,2025-09-08 21:02:02.000000,345.99,1,1,RECONCILIATION SUCCESSFUL,INTEGRITY VERIFIED,INTEGRITY VERIFIED
60782,48532,2026-04-02 00:00:20.000000,345.99,1,1,RECONCILIATION SUCCESSFUL,INTEGRITY VERIFIED,INTEGRITY VERIFIED
100230,80402,2025-01-06 06:10:22.000000,399.0,1,1,RECONCILIATION SUCCESSFUL,INTEGRITY VERIFIED,INTEGRITY VERIFIED
49674,39655,2025-03-09 05:47:16.000000,795.0,1,1,RECONCILIATION SUCCESSFUL,INTEGRITY VERIFIED,INTEGRITY VERIFIED
-15,49518,2026-06-16 10:17:00.000000,412.0,3,3,RECONCILIATION SUCCESSFUL,INTEGRITY VERIFIED,VARIANCE DETECTED
-19,80693,2026-06-16 09:28:00.000000,122.0,2,2,RECONCILIATION SUCCESSFUL,INTEGRITY VERIFIED,INTEGRITY VERIFIED
-38,66792,2026-06-16 17:58:00.000000,53.0,1,1,RECONCILIATION SUCCESSFUL,INTEGRITY VERIFIED,INTEGRITY VERIFIED
-45,16798,2026-06-16 14:48:00.000000,219.0,3,3,RECONCILIATION SUCCESSFUL,INTEGRITY VERIFIED,VARIANCE DETECTED
-52,16094,2026-06-16 09:16:00.000000,166.0,2,2,RECONCILIATION SUCCESSFUL,INTEGRITY VERIFIED,VARIANCE DETECTED
-75,23309,2026-06-16 11:53:00.000000,259.0,3,3,RECONCILIATION SUCCESSFUL,INTEGRITY VERIFIED,INTEGRITY VERIFIED
-79,49840,2026-06-16 13:36:00.000000,279.0,3,3,RECONCILIATION SUCCESSFUL,INTEGRITY VERIFIED,INTEGRITY VERIFIED
-127,88005,2026-06-16 13:43:00.000000,194.0,3,3,RECONCILIATION SUCCESSFUL,INTEGRITY VERIFIED,INTEGRITY VERIFIED
-208,31707,2026-06-16 17:36:00.000000,464.0,3,3,RECONCILIATION SUCCESSFUL,INTEGRITY VERIFIED,INTEGRITY VERIFIED
-241,15612,2026-06-16 09:30:00.000000,296.0,2,2,RECONCILIATION SUCCESSFUL,INTEGRITY VERIFIED,INTEGRITY VERIFIED
-265,16558,2026-06-16 10:03:00.000000,352.0,3,3,RECONCILIATION SUCCESSFUL,INTEGRITY VERIFIED,INTEGRITY VERIFIED
-273,59223,2026-06-16 16:13:00.000000,216.0,2,2,RECONCILIATION SUCCESSFUL,INTEGRITY VERIFIED,INTEGRITY VERIFIED
-279,4564,2026-06-16 15:36:00.000000,159.0,1,1,RECONCILIATION SUCCESSFUL,INTEGRITY VERIFIED,INTEGRITY VERIFIED
-292,41853,2026-06-16 16:43:00.000000,182.0,1,1,RECONCILIATION SUCCESSFUL,INTEGRITY VERIFIED,INTEGRITY VERIFIED
-293,59166,2026-06-16 14:19:00.000000,273.0,3,3,RECONCILIATION SUCCESSFUL,INTEGRITY VERIFIED,INTEGRITY VERIFIED
2861,2266,2022-06-24 17:09:51.000000,3.8,1,1,RECONCILIATION SUCCESSFUL,INTEGRITY VERIFIED,INTEGRITY VERIFIED
32279,25766,2023-09-24 12:11:53.000000,158.8,2,2,RECONCILIATION SUCCESSFUL,INTEGRITY VERIFIED,INTEGRITY VERIFIED
51601,41212,2023-10-31 03:51:00.000000,112.45,3,3,RECONCILIATION SUCCESSFUL,INTEGRITY VERIFIED,INTEGRITY VERIFIED
94089,75431,2026-04-08 16:20:49.000000,4.04,1,1,RECONCILIATION SUCCESSFUL,INTEGRITY VERIFIED,INTEGRITY VERIFIED
14574,11634,2026-06-13 10:46:54.113681,717.27,4,4,RECONCILIATION SUCCESSFUL,INTEGRITY VERIFIED,INTEGRITY VERIFIED
70629,56482,2021-01-11 02:23:46.000000,66.24,4,4,RECONCILIATION SUCCESSFUL,INTEGRITY VERIFIED,INTEGRITY VERIFIED
1599,1260,2024-04-08 10:45:18.000000,53.4,2,2,RECONCILIATION SUCCESSFUL,INTEGRITY VERIFIED,INTEGRITY VERIFIED
11529,9161,2026-06-14 21:41:15.912824,6.94,1,1,RECONCILIATION SUCCESSFUL,INTEGRITY VERIFIED,INTEGRITY VERIFIED
10358,8250,2019-12-07 16:41:38.000000,6.99,1,1,RECONCILIATION SUCCESSFUL,INTEGRITY VERIFIED,INTEGRITY VERIFIED
93529,74951,2024-07-01 11:34:32.000000,159.5,4,4,RECONCILIATION SUCCESSFUL,INTEGRITY VERIFIED,INTEGRITY VERIFIED
86998,69638,2022-11-10 05:15:15.000000,7.9,1,1,RECONCILIATION SUCCESSFUL,INTEGRITY VERIFIED,INTEGRITY VERIFIED
60273,48137,2020-12-10 18:48:04.000000,43.6,2,2,RECONCILIATION SUCCESSFUL,INTEGRITY VERIFIED,INTEGRITY VERIFIED
18930,15106,2026-02-15 23:36:41.000000,128.75,2,2,RECONCILIATION SUCCESSFUL,INTEGRITY VERIFIED,INTEGRITY VERIFIED
90818,72682,2025-01-07 18:02:30.000000,8.95,1,1,RECONCILIATION SUCCESSFUL,INTEGRITY VERIFIED,INTEGRITY VERIFIED
66733,53355,2025-03-03 20:22:02.000000,33.98,2,2,RECONCILIATION SUCCESSFUL,INTEGRITY VERIFIED,INTEGRITY VERIFIED
22714,18136,2025-06-23 15:22:12.000000,116.67,4,4,RECONCILIATION SUCCESSFUL,INTEGRITY VERIFIED,INTEGRITY VERIFIED
4612,3646,2024-01-14 10:33:18.000000,302.9,4,4,RECONCILIATION SUCCESSFUL,INTEGRITY VERIFIED,INTEGRITY VERIFIED
54797,43777,2024-04-02 16:02:26.000000,112.85,2,2,RECONCILIATION SUCCESSFUL,INTEGRITY VERIFIED,INTEGRITY VERIFIED
89030,71251,2025-09-22 14:26:55.000000,89.05,2,2,RECONCILIATION SUCCESSFUL,INTEGRITY VERIFIED,INTEGRITY VERIFIED
7118,5682,2026-02-24 22:05:59.000000,45.95,2,2,RECONCILIATION SUCCESSFUL,INTEGRITY VERIFIED,INTEGRITY VERIFIED
95707,76725,2024-04-29 13:53:53.000000,99.93,4,4,RECONCILIATION SUCCESSFUL,INTEGRITY VERIFIED,INTEGRITY VERIFIED
48827,38978,2025-04-14 18:27:40.000000,125.92,4,4,RECONCILIATION SUCCESSFUL,INTEGRITY VERIFIED,INTEGRITY VERIFIED
43404,34638,2025-04-25 16:05:29.000000,251.36,4,4,RECONCILIATION SUCCESSFUL,INTEGRITY VERIFIED,INTEGRITY VERIFIED
48357,38629,2024-08-28 23:04:24.000000,9.99,1,1,RECONCILIATION SUCCESSFUL,INTEGRITY VERIFIED,INTEGRITY VERIFIED
78513,62755,2026-05-17 01:13:36.000000,157.99,2,2,RECONCILIATION SUCCESSFUL,INTEGRITY VERIFIED,INTEGRITY VERIFIED
56720,45331,2022-07-16 04:52:36.000000,305.94,4,4,RECONCILIATION SUCCESSFUL,INTEGRITY VERIFIED,INTEGRITY VERIFIED
11610,9225,2026-01-28 10:13:55.000000,10.79,1,1,RECONCILIATION SUCCESSFUL,INTEGRITY VERIFIED,INTEGRITY VERIFIED
52721,42068,2025-12-12 08:21:02.000000,10.99,1,1,RECONCILIATION SUCCESSFUL,INTEGRITY VERIFIED,INTEGRITY VERIFIED
49131,39181,2026-05-29 23:44:44.000000,175.98,4,4,RECONCILIATION SUCCESSFUL,INTEGRITY VERIFIED,INTEGRITY VERIFIED
29203,23341,2026-04-16 11:05:41.000000,115.19,4,4,RECONCILIATION SUCCESSFUL,INTEGRITY VERIFIED,INTEGRITY VERIFIED
79632,63646,2022-04-01 23:27:42.000000,224.92,4,4,RECONCILIATION SUCCESSFUL,INTEGRITY VERIFIED,INTEGRITY VERIFIED
5805,4595,2025-12-22 02:22:42.000000,11.25,1,1,RECONCILIATION SUCCESSFUL,INTEGRITY VERIFIED,INTEGRITY VERIFIED
69627,55685,2024-08-08 15:48:29.000000,23.41,2,2,RECONCILIATION SUCCESSFUL,INTEGRITY VERIFIED,INTEGRITY VERIFIED
66135,52861,2022-07-17 16:08:03.000000,11.49,1,1,RECONCILIATION SUCCESSFUL,INTEGRITY VERIFIED,INTEGRITY VERIFIED
75349,60260,2025-07-18 02:31:39.000000,56.65,2,2,RECONCILIATION SUCCESSFUL,INTEGRITY VERIFIED,INTEGRITY VERIFIED
14232,11346,2020-07-11 15:47:36.000000,35.33,2,2,RECONCILIATION SUCCESSFUL,INTEGRITY VERIFIED,INTEGRITY VERIFIED
14963,11936,2026-05-16 12:57:48.000000,153.87,4,4,RECONCILIATION SUCCESSFUL,INTEGRITY VERIFIED,INTEGRITY VERIFIED
115114,92173,2025-09-21 22:28:42.000000,111.95,2,2,RECONCILIATION SUCCESSFUL,INTEGRITY VERIFIED,INTEGRITY VERIFIED
14943,11920,2024-01-18 17:31:09.000000,205.95,4,4,RECONCILIATION SUCCESSFUL,INTEGRITY VERIFIED,INTEGRITY VERIFIED
56351,45026,2026-06-14 07:40:10.466472,11.99,1,1,RECONCILIATION SUCCESSFUL,INTEGRITY VERIFIED,INTEGRITY VERIFIED
66033,52781,2024-06-28 09:13:54.000000,230.99,3,3,RECONCILIATION SUCCESSFUL,INTEGRITY VERIFIED,INTEGRITY VERIFIED
80556,64424,2025-11-05 19:37:52.000000,54.0,2,2,RECONCILIATION SUCCESSFUL,INTEGRITY VERIFIED,INTEGRITY VERIFIED
94087,75429,2025-08-15 13:53:59.000000,30.42,2,2,RECONCILIATION SUCCESSFUL,INTEGRITY VERIFIED,INTEGRITY VERIFIED
34780,27782,2026-01-03 23:06:14.000000,71.14,2,2,RECONCILIATION SUCCESSFUL,INTEGRITY VERIFIED,INTEGRITY VERIFIED
90461,72395,2026-01-08 15:04:51.000000,12.14,1,1,RECONCILIATION SUCCESSFUL,INTEGRITY VERIFIED,INTEGRITY VERIFIED
34320,27382,2025-08-09 03:40:46.000000,357.22,2,2,RECONCILIATION SUCCESSFUL,INTEGRITY VERIFIED,INTEGRITY VERIFIED
73078,58455,2025-12-07 15:12:53.000000,92.24,3,3,RECONCILIATION SUCCESSFUL,INTEGRITY VERIFIED,INTEGRITY VERIFIED
4522,3575,2024-12-29 18:15:04.000000,12.64,1,1,RECONCILIATION SUCCESSFUL,INTEGRITY VERIFIED,INTEGRITY VERIFIED
115337,92332,2020-12-28 00:41:16.000000,12.64,1,1,RECONCILIATION SUCCESSFUL,INTEGRITY VERIFIED,INTEGRITY VERIFIED
86829,69517,2023-12-18 03:17:10.000000,162.61,3,3,RECONCILIATION SUCCESSFUL,INTEGRITY VERIFIED,INTEGRITY VERIFIED
69615,55671,2025-08-04 11:17:00.000000,32.77,2,2,RECONCILIATION SUCCESSFUL,INTEGRITY VERIFIED,INTEGRITY VERIFIED
77495,61955,2024-09-15 19:29:56.000000,102.74,3,3,RECONCILIATION SUCCESSFUL,INTEGRITY VERIFIED,INTEGRITY VERIFIED
110743,88692,2025-11-12 03:04:19.000000,12.99,1,1,RECONCILIATION SUCCESSFUL,INTEGRITY VERIFIED,INTEGRITY VERIFIED
17291,13754,2025-04-05 05:19:42.000000,171.99,2,2,RECONCILIATION SUCCESSFUL,INTEGRITY VERIFIED,INTEGRITY VERIFIED
21260,16999,2019-08-11 11:48:17.000000,13.31,1,1,RECONCILIATION SUCCESSFUL,INTEGRITY VERIFIED,INTEGRITY VERIFIED
6719,5354,2025-08-03 22:45:39.000000,89.36,3,3,RECONCILIATION SUCCESSFUL,INTEGRITY VERIFIED,INTEGRITY VERIFIED
5371,4247,2024-06-10 06:04:34.000000,59.66,2,2,RECONCILIATION SUCCESSFUL,INTEGRITY VERIFIED,INTEGRITY VERIFIED
57681,46101,2025-09-02 09:37:19.000000,13.71,1,1,RECONCILIATION SUCCESSFUL,INTEGRITY VERIFIED,INTEGRITY VERIFIED
57608,46047,2025-06-25 02:13:38.000000,13.79,1,1,RECONCILIATION SUCCESSFUL,INTEGRITY VERIFIED,INTEGRITY VERIFIED
85064,68070,2026-03-28 19:21:51.000000,49.79,2,2,RECONCILIATION SUCCESSFUL,INTEGRITY VERIFIED,INTEGRITY VERIFIED
90455,72390,2026-04-24 09:43:12.000000,78.09,3,3,RECONCILIATION SUCCESSFUL,INTEGRITY VERIFIED,INTEGRITY VERIFIED
69989,55982,2024-06-14 06:39:36.000000,383.25,4,4,RECONCILIATION SUCCESSFUL,INTEGRITY VERIFIED,INTEGRITY VERIFIED
60558,48366,2024-08-30 15:22:04.000000,145.9,4,4,RECONCILIATION SUCCESSFUL,INTEGRITY VERIFIED,INTEGRITY VERIFIED
23828,19039,2021-09-01 02:40:22.000000,83.92,2,2,RECONCILIATION SUCCESSFUL,INTEGRITY VERIFIED,INTEGRITY VERIFIED
45966,36706,2026-04-24 03:17:06.000000,14.0,1,1,RECONCILIATION SUCCESSFUL,INTEGRITY VERIFIED,INTEGRITY VERIFIED
10018,7988,2021-11-27 11:51:06.000000,14.0,1,1,RECONCILIATION SUCCESSFUL,INTEGRITY VERIFIED,INTEGRITY VERIFIED
113731,91048,2026-05-24 14:29:54.000000,14.67,1,1,RECONCILIATION SUCCESSFUL,INTEGRITY VERIFIED,INTEGRITY VERIFIED
114338,91567,2025-07-14 01:06:34.000000,250.75,4,4,RECONCILIATION SUCCESSFUL,INTEGRITY VERIFIED,INTEGRITY VERIFIED
43216,34487,2023-01-26 06:02:59.000000,14.9,1,1,RECONCILIATION SUCCESSFUL,INTEGRITY VERIFIED,INTEGRITY VERIFIED
52443,41870,2024-06-25 21:43:05.000000,121.3,2,2,RECONCILIATION SUCCESSFUL,INTEGRITY VERIFIED,INTEGRITY VERIFIED
33800,26964,2025-03-21 06:42:29.000000,14.99,1,1,RECONCILIATION SUCCESSFUL,INTEGRITY VERIFIED,INTEGRITY VERIFIED
48434,38686,2026-02-28 06:50:06.000000,71.43,2,2,RECONCILIATION SUCCESSFUL,INTEGRITY VERIFIED,INTEGRITY VERIFIED
69242,55385,2024-02-13 04:41:13.000000,247.99,4,4,RECONCILIATION SUCCESSFUL,INTEGRITY VERIFIED,INTEGRITY VERIFIED
15273,12177,2024-08-14 07:56:47.000000,174.99,2,2,RECONCILIATION SUCCESSFUL,INTEGRITY VERIFIED,INTEGRITY VERIFIED
23853,19059,2024-06-19 08:02:06.000000,96.99,2,2,RECONCILIATION SUCCESSFUL,INTEGRITY VERIFIED,INTEGRITY VERIFIED
41547,33140,2026-01-31 13:53:09.000000,14.99,1,1,RECONCILIATION SUCCESSFUL,INTEGRITY VERIFIED,INTEGRITY VERIFIED
15362,12252,2026-02-27 03:44:41.000000,45.2,2,2,RECONCILIATION SUCCESSFUL,INTEGRITY VERIFIED,INTEGRITY VERIFIED
5272,4171,2025-03-01 16:12:17.000000,15.0,1,1,RECONCILIATION SUCCESSFUL,INTEGRITY VERIFIED,INTEGRITY VERIFIED
97648,78280,2022-04-22 20:48:40.000000,15.0,1,1,RECONCILIATION SUCCESSFUL,INTEGRITY VERIFIED,INTEGRITY VERIFIED
32984,26313,2025-03-31 01:41:31.000000,15.0,1,1,RECONCILIATION SUCCESSFUL,INTEGRITY VERIFIED,INTEGRITY VERIFIED
42149,33619,2024-03-24 14:53:16.000000,15.0,1,1,RECONCILIATION SUCCESSFUL,INTEGRITY VERIFIED,INTEGRITY VERIFIED
51715,41307,2025-12-02 15:48:59.000000,15.9,1,1,RECONCILIATION SUCCESSFUL,INTEGRITY VERIFIED,INTEGRITY VERIFIED
23878,19078,2023-01-21 06:42:41.000000,15.9,1,1,RECONCILIATION SUCCESSFUL,INTEGRITY VERIFIED,INTEGRITY VERIFIED
68894,55111,2026-03-14 16:59:35.000000,15.98,1,1,RECONCILIATION SUCCESSFUL,INTEGRITY VERIFIED,INTEGRITY VERIFIED
55412,44264,2021-04-06 07:20:48.000000,16.0,1,1,RECONCILIATION SUCCESSFUL,INTEGRITY VERIFIED,INTEGRITY VERIFIED
23464,18730,2024-05-06 05:23:38.000000,16.0,1,1,RECONCILIATION SUCCESSFUL,INTEGRITY VERIFIED,INTEGRITY VERIFIED
43578,34775,2023-11-26 15:35:07.000000,16.22,1,1,RECONCILIATION SUCCESSFUL,INTEGRITY VERIFIED,INTEGRITY VERIFIED
38124,30429,2023-04-26 03:47:28.000000,1005.37,4,4,RECONCILIATION SUCCESSFUL,INTEGRITY VERIFIED,INTEGRITY VERIFIED
10750,8571,2026-03-25 05:03:21.000000,291.98,2,2,RECONCILIATION SUCCESSFUL,INTEGRITY VERIFIED,INTEGRITY VERIFIED
64392,51449,2023-09-20 12:42:52.000000,16.99,1,1,RECONCILIATION SUCCESSFUL,INTEGRITY VERIFIED,INTEGRITY VERIFIED
30596,24426,2025-01-08 08:48:50.000000,41.99,2,2,RECONCILIATION SUCCESSFUL,INTEGRITY VERIFIED,INTEGRITY VERIFIED
57641,46066,2022-11-09 18:06:56.000000,38.34,2,2,RECONCILIATION SUCCESSFUL,INTEGRITY VERIFIED,INTEGRITY VERIFIED
82506,66010,2026-05-18 10:22:21.000000,17.0,1,1,RECONCILIATION SUCCESSFUL,INTEGRITY VERIFIED,INTEGRITY VERIFIED
4022,3204,2022-06-06 01:05:48.000000,17.05,1,1,RECONCILIATION SUCCESSFUL,INTEGRITY VERIFIED,INTEGRITY VERIFIED
115498,92467,2024-11-28 00:19:23.000000,17.24,1,1,RECONCILIATION SUCCESSFUL,INTEGRITY VERIFIED,INTEGRITY VERIFIED
112045,89725,2024-08-28 15:27:47.000000,36.98,2,2,RECONCILIATION SUCCESSFUL,INTEGRITY VERIFIED,INTEGRITY VERIFIED
43270,34530,2026-04-16 05:40:31.000000,165.98,4,4,RECONCILIATION SUCCESSFUL,INTEGRITY VERIFIED,INTEGRITY VERIFIED
37544,29974,2025-03-11 13:13:40.000000,43.0,2,2,RECONCILIATION SUCCESSFUL,INTEGRITY VERIFIED,INTEGRITY VERIFIED
106551,85400,2025-02-10 07:22:30.000000,68.95,2,2,RECONCILIATION SUCCESSFUL,INTEGRITY VERIFIED,INTEGRITY VERIFIED
107093,85825,2026-06-10 23:24:07.000000,177.45,3,3,RECONCILIATION SUCCESSFUL,INTEGRITY VERIFIED,INTEGRITY VERIFIED
52767,42109,2026-03-20 04:12:55.000000,76.14,2,2,RECONCILIATION SUCCESSFUL,INTEGRITY VERIFIED,INTEGRITY VERIFIED
47786,38183,2024-05-31 08:20:52.000000,68.49,2,2,RECONCILIATION SUCCESSFUL,INTEGRITY VERIFIED,INTEGRITY VERIFIED
112303,89921,2021-03-02 01:07:39.000000,345.99,3,3,RECONCILIATION SUCCESSFUL,INTEGRITY VERIFIED,INTEGRITY VERIFIED
52269,41723,2026-05-24 02:06:09.000000,210.54,4,4,RECONCILIATION SUCCESSFUL,INTEGRITY VERIFIED,INTEGRITY VERIFIED
81923,65560,2025-06-21 02:53:59.000000,19.5,1,1,RECONCILIATION SUCCESSFUL,INTEGRITY VERIFIED,INTEGRITY VERIFIED
42391,33821,2022-05-31 09:28:26.000000,199.4,3,3,RECONCILIATION SUCCESSFUL,INTEGRITY VERIFIED,INTEGRITY VERIFIED
33449,26673,2024-10-02 11:32:07.000000,196.95,4,4,RECONCILIATION SUCCESSFUL,INTEGRITY VERIFIED,INTEGRITY VERIFIED
27818,22239,2024-05-08 03:46:11.000000,175.36,3,3,RECONCILIATION SUCCESSFUL,INTEGRITY VERIFIED,INTEGRITY VERIFIED
71524,57207,2025-11-25 23:37:09.000000,19.99,1,1,RECONCILIATION SUCCESSFUL,INTEGRITY VERIFIED,INTEGRITY VERIFIED
120041,96089,2025-02-21 00:33:25.000000,51.98,2,2,RECONCILIATION SUCCESSFUL,INTEGRITY VERIFIED,INTEGRITY VERIFIED
85259,68214,2022-02-05 17:25:06.000000,19.99,1,1,RECONCILIATION SUCCESSFUL,INTEGRITY VERIFIED,INTEGRITY VERIFIED
53213,42483,2025-07-06 14:50:36.000000,226.96,4,4,RECONCILIATION SUCCESSFUL,INTEGRITY VERIFIED,INTEGRITY VERIFIED
59775,47746,2025-07-11 12:24:56.000000,19.99,1,1,RECONCILIATION SUCCESSFUL,INTEGRITY VERIFIED,INTEGRITY VERIFIED
106104,85025,2025-03-20 22:17:43.000000,19.99,1,1,RECONCILIATION SUCCESSFUL,INTEGRITY VERIFIED,INTEGRITY VERIFIED
13202,10479,2024-01-10 17:15:45.000000,20.0,1,1,RECONCILIATION SUCCESSFUL,INTEGRITY VERIFIED,INTEGRITY VERIFIED
104942,84107,2026-06-08 01:51:01.000000,69.95,2,2,RECONCILIATION SUCCESSFUL,INTEGRITY VERIFIED,INTEGRITY VERIFIED
108328,86775,2024-07-23 09:10:29.000000,206.0,4,4,RECONCILIATION SUCCESSFUL,INTEGRITY VERIFIED,INTEGRITY VERIFIED
109775,87943,2026-06-16 08:05:12.446769,20.0,1,1,RECONCILIATION SUCCESSFUL,INTEGRITY VERIFIED,INTEGRITY VERIFIED
51286,40957,2024-05-31 14:09:15.000000,59.5,2,2,RECONCILIATION SUCCESSFUL,INTEGRITY VERIFIED,INTEGRITY VERIFIED
98355,78864,2026-03-05 22:18:23.000000,20.0,1,1,RECONCILIATION SUCCESSFUL,INTEGRITY VERIFIED,INTEGRITY VERIFIED
39290,31385,2024-10-31 15:16:02.000000,20.99,1,1,RECONCILIATION SUCCESSFUL,INTEGRITY VERIFIED,INTEGRITY VERIFIED
71919,57518,2022-09-20 12:43:45.000000,169.62,3,3,RECONCILIATION SUCCESSFUL,INTEGRITY VERIFIED,INTEGRITY VERIFIED
101430,81325,2026-06-02 20:01:01.000000,61.0,2,2,RECONCILIATION SUCCESSFUL,INTEGRITY VERIFIED,INTEGRITY VERIFIED
80927,64733,2022-01-23 02:26:25.000000,106.9,3,3,RECONCILIATION SUCCESSFUL,INTEGRITY VERIFIED,INTEGRITY VERIFIED
118949,95202,2025-09-26 07:48:40.000000,21.9,1,1,RECONCILIATION SUCCESSFUL,INTEGRITY VERIFIED,INTEGRITY VERIFIED
116027,92892,2026-01-24 17:18:20.000000,21.95,1,1,RECONCILIATION SUCCESSFUL,INTEGRITY VERIFIED,INTEGRITY VERIFIED
38738,30945,2023-05-10 10:58:41.000000,58.17,2,2,RECONCILIATION SUCCESSFUL,INTEGRITY VERIFIED,INTEGRITY VERIFIED
122804,98340,2025-07-23 00:20:48.000000,71.99,2,2,RECONCILIATION SUCCESSFUL,INTEGRITY VERIFIED,INTEGRITY VERIFIED
5837,4621,2022-03-17 11:20:15.000000,51.98,2,2,RECONCILIATION SUCCESSFUL,INTEGRITY VERIFIED,INTEGRITY VERIFIED
24071,19240,2025-04-30 22:30:10.000000,46.99,2,2,RECONCILIATION SUCCESSFUL,INTEGRITY VERIFIED,INTEGRITY VERIFIED
101644,81494,2025-10-09 02:24:27.000000,159.99,2,2,RECONCILIATION SUCCESSFUL,INTEGRITY VERIFIED,INTEGRITY VERIFIED
4328,3431,2024-11-11 02:15:22.000000,205.94,4,4,RECONCILIATION SUCCESSFUL,INTEGRITY VERIFIED,INTEGRITY VERIFIED
36698,29285,2024-12-03 20:37:04.000000,80.0,2,2,RECONCILIATION SUCCESSFUL,INTEGRITY VERIFIED,INTEGRITY VERIFIED
86630,69365,2021-03-21 09:42:54.000000,100.5,2,2,RECONCILIATION SUCCESSFUL,INTEGRITY VERIFIED,INTEGRITY VERIFIED
91006,72850,2023-07-27 21:09:18.000000,204.37,4,4,RECONCILIATION SUCCESSFUL,INTEGRITY VERIFIED,INTEGRITY VERIFIED
36734,29319,2026-04-27 12:42:48.000000,262.49,4,4,RECONCILIATION SUCCESSFUL,INTEGRITY VERIFIED,INTEGRITY VERIFIED
116016,92884,2021-01-23 22:28:08.000000,23.0,1,1,RECONCILIATION SUCCESSFUL,INTEGRITY VERIFIED,INTEGRITY VERIFIED
43386,34626,2023-11-11 07:51:25.000000,97.98,2,2,RECONCILIATION SUCCESSFUL,INTEGRITY VERIFIED,INTEGRITY VERIFIED
96377,77276,2025-10-07 13:04:11.000000,87.55,2,2,RECONCILIATION SUCCESSFUL,INTEGRITY VERIFIED,INTEGRITY VERIFIED
63199,50498,2026-05-18 08:55:24.000000,186.51,4,4,RECONCILIATION SUCCESSFUL,INTEGRITY VERIFIED,INTEGRITY VERIFIED
53801,42954,2024-08-17 18:52:42.000000,23.97,1,1,RECONCILIATION SUCCESSFUL,INTEGRITY VERIFIED,INTEGRITY VERIFIED
5123,4058,2025-02-26 13:53:51.000000,157.56,4,4,RECONCILIATION SUCCESSFUL,INTEGRITY VERIFIED,INTEGRITY VERIFIED
121903,97608,2026-06-16 00:01:55.062214,188.99,2,2,RECONCILIATION SUCCESSFUL,INTEGRITY VERIFIED,INTEGRITY VERIFIED
20022,15990,2022-03-05 08:04:28.000000,24.0,1,1,RECONCILIATION SUCCESSFUL,INTEGRITY VERIFIED,INTEGRITY VERIFIED
113295,90705,2026-03-20 02:07:30.000000,205.99,4,4,RECONCILIATION SUCCESSFUL,INTEGRITY VERIFIED,INTEGRITY VERIFIED
11373,9041,2021-04-26 19:13:27.000000,97.99,3,3,RECONCILIATION SUCCESSFUL,INTEGRITY VERIFIED,INTEGRITY VERIFIED
83302,66658,2022-11-24 12:58:07.000000,141.99,3,3,RECONCILIATION SUCCESSFUL,INTEGRITY VERIFIED,INTEGRITY VERIFIED
107083,85814,2026-01-17 06:47:52.000000,89.0,2,2,RECONCILIATION SUCCESSFUL,INTEGRITY VERIFIED,INTEGRITY VERIFIED
70434,56327,2025-11-12 11:10:16.000000,63.99,2,2,RECONCILIATION SUCCESSFUL,INTEGRITY VERIFIED,INTEGRITY VERIFIED
108898,87232,2021-10-31 00:44:18.000000,194.0,3,3,RECONCILIATION SUCCESSFUL,INTEGRITY VERIFIED,INTEGRITY VERIFIED
49290,39325,2025-03-09 13:27:23.000000,160.0,2,2,RECONCILIATION SUCCESSFUL,INTEGRITY VERIFIED,INTEGRITY VERIFIED
77357,61831,2025-06-26 16:14:46.000000,299.55,4,4,RECONCILIATION SUCCESSFUL,INTEGRITY VERIFIED,INTEGRITY VERIFIED
37142,29653,2026-02-27 17:36:41.000000,24.74,1,1,RECONCILIATION SUCCESSFUL,INTEGRITY VERIFIED,INTEGRITY VERIFIED
21814,17404,2025-07-23 17:19:56.000000,289.79,4,4,RECONCILIATION SUCCESSFUL,INTEGRITY VERIFIED,INTEGRITY VERIFIED
107234,85943,2024-11-11 04:46:27.000000,24.91,1,1,RECONCILIATION SUCCESSFUL,INTEGRITY VERIFIED,INTEGRITY VERIFIED
59567,47601,2025-12-07 01:48:45.000000,83.45,2,2,RECONCILIATION SUCCESSFUL,INTEGRITY VERIFIED,INTEGRITY VERIFIED
39494,31545,2026-05-12 23:27:54.000000,24.95,1,1,RECONCILIATION SUCCESSFUL,INTEGRITY VERIFIED,INTEGRITY VERIFIED
43451,34675,2024-12-23 23:14:25.000000,24.99,1,1,RECONCILIATION SUCCESSFUL,INTEGRITY VERIFIED,INTEGRITY VERIFIED
116447,93230,2026-04-29 22:31:53.000000,209.99,3,3,RECONCILIATION SUCCESSFUL,INTEGRITY VERIFIED,INTEGRITY VERIFIED
113580,90921,2022-11-03 18:53:04.000000,262.99,2,2,RECONCILIATION SUCCESSFUL,INTEGRITY VERIFIED,INTEGRITY VERIFIED
100440,80542,2025-06-13 02:51:43.000000,24.99,1,1,RECONCILIATION SUCCESSFUL,INTEGRITY VERIFIED,INTEGRITY VERIFIED
47600,38026,2024-10-29 01:10:18.000000,24.99,1,1,RECONCILIATION SUCCESSFUL,INTEGRITY VERIFIED,INTEGRITY VERIFIED
69294,55425,2023-06-13 13:52:13.000000,24.99,1,1,RECONCILIATION SUCCESSFUL,INTEGRITY VERIFIED,INTEGRITY VERIFIED
88144,70519,2025-04-07 02:43:10.000000,24.99,1,1,RECONCILIATION SUCCESSFUL,INTEGRITY VERIFIED,INTEGRITY VERIFIED
4146,3290,2020-05-01 13:01:31.000000,71.0,2,2,RECONCILIATION SUCCESSFUL,INTEGRITY VERIFIED,INTEGRITY VERIFIED
28183,22535,2026-03-08 15:20:11.000000,175.0,2,2,RECONCILIATION SUCCESSFUL,INTEGRITY VERIFIED,INTEGRITY VERIFIED
73795,59017,2026-05-06 10:20:55.000000,25.0,1,1,RECONCILIATION SUCCESSFUL,INTEGRITY VERIFIED,INTEGRITY VERIFIED
123614,98990,2023-09-09 22:34:01.000000,25.0,1,1,RECONCILIATION SUCCESSFUL,INTEGRITY VERIFIED,INTEGRITY VERIFIED
83106,66504,2025-08-30 19:43:01.000000,25.0,1,1,RECONCILIATION SUCCESSFUL,INTEGRITY VERIFIED,INTEGRITY VERIFIED
85425,68365,2024-10-21 18:11:54.000000,25.0,1,1,RECONCILIATION SUCCESSFUL,INTEGRITY VERIFIED,INTEGRITY VERIFIED
1009,807,2026-03-12 08:33:28.000000,25.0,1,1,RECONCILIATION SUCCESSFUL,INTEGRITY VERIFIED,INTEGRITY VERIFIED
7015,5588,2026-06-15 16:52:13.000000,25.0,1,1,RECONCILIATION SUCCESSFUL,INTEGRITY VERIFIED,INTEGRITY VERIFIED
31489,25162,2024-08-23 22:17:19.000000,25.0,1,1,RECONCILIATION SUCCESSFUL,INTEGRITY VERIFIED,INTEGRITY VERIFIED
37835,30205,2023-12-21 04:26:00.000000,192.0,2,2,RECONCILIATION SUCCESSFUL,INTEGRITY VERIFIED,INTEGRITY VERIFIED
121328,97115,2026-04-26 19:29:14.000000,108.84,2,2,RECONCILIATION SUCCESSFUL,INTEGRITY VERIFIED,INTEGRITY VERIFIED
123071,98545,2024-11-11 03:25:18.000000,25.0,1,1,RECONCILIATION SUCCESSFUL,INTEGRITY VERIFIED,INTEGRITY VERIFIED
5649,4468,2022-05-10 09:57:14.000000,99.93,2,2,RECONCILIATION SUCCESSFUL,INTEGRITY VERIFIED,INTEGRITY VERIFIED
22724,18142,2022-12-21 20:36:16.000000,25.0,1,1,RECONCILIATION SUCCESSFUL,INTEGRITY VERIFIED,INTEGRITY VERIFIED
54586,43597,2024-08-15 13:08:04.000000,25.0,1,1,RECONCILIATION SUCCESSFUL,INTEGRITY VERIFIED,INTEGRITY VERIFIED
117318,93957,2024-01-09 18:05:13.000000,25.0,1,1,RECONCILIATION SUCCESSFUL,INTEGRITY VERIFIED,INTEGRITY VERIFIED
26038,20804,2024-06-08 15:37:22.000000,294.4,4,4,RECONCILIATION SUCCESSFUL,INTEGRITY VERIFIED,INTEGRITY VERIFIED
43924,35050,2023-02-14 07:48:43.000000,106.38,2,2,RECONCILIATION SUCCESSFUL,INTEGRITY VERIFIED,INTEGRITY VERIFIED
44882,35794,2026-01-06 13:25:40.000000,25.0,1,1,RECONCILIATION SUCCESSFUL,INTEGRITY VERIFIED,INTEGRITY VERIFIED
52255,41711,2025-04-19 22:24:33.000000,66.99,2,2,RECONCILIATION SUCCESSFUL,INTEGRITY VERIFIED,INTEGRITY VERIFIED
69573,55643,2025-02-10 15:40:04.000000,25.0,1,1,RECONCILIATION SUCCESSFUL,INTEGRITY VERIFIED,INTEGRITY VERIFIED
72435,57911,2025-11-11 15:19:58.000000,79.5,2,2,RECONCILIATION SUCCESSFUL,INTEGRITY VERIFIED,INTEGRITY VERIFIED
121326,97114,2025-04-04 03:26:32.000000,190.0,2,2,RECONCILIATION SUCCESSFUL,INTEGRITY VERIFIED,INTEGRITY VERIFIED
75677,60519,2024-05-31 15:47:07.000000,144.99,2,2,RECONCILIATION SUCCESSFUL,INTEGRITY VERIFIED,INTEGRITY VERIFIED
116491,93266,2026-06-16 01:56:20.000000,26.0,1,1,RECONCILIATION SUCCESSFUL,INTEGRITY VERIFIED,INTEGRITY VERIFIED
103127,82687,2025-03-28 15:49:24.000000,124.0,2,2,RECONCILIATION SUCCESSFUL,INTEGRITY VERIFIED,INTEGRITY VERIFIED
33560,26776,2025-11-22 07:32:18.000000,26.47,1,1,RECONCILIATION SUCCESSFUL,INTEGRITY VERIFIED,INTEGRITY VERIFIED
116482,93260,2023-04-28 14:56:58.000000,26.9,1,1,RECONCILIATION SUCCESSFUL,INTEGRITY VERIFIED,INTEGRITY VERIFIED
16928,13478,2026-02-17 17:53:58.000000,26.95,1,1,RECONCILIATION SUCCESSFUL,INTEGRITY VERIFIED,INTEGRITY VERIFIED
14345,11430,2023-01-27 08:55:45.000000,113.67,3,3,RECONCILIATION SUCCESSFUL,INTEGRITY VERIFIED,INTEGRITY VERIFIED
60479,48301,2025-08-14 15:23:43.000000,90.98,2,2,RECONCILIATION SUCCESSFUL,INTEGRITY VERIFIED,INTEGRITY VERIFIED
117545,94120,2021-07-15 06:23:08.000000,76.5,2,2,RECONCILIATION SUCCESSFUL,INTEGRITY VERIFIED,INTEGRITY VERIFIED
23668,18910,2023-12-23 12:07:44.000000,27.0,1,1,RECONCILIATION SUCCESSFUL,INTEGRITY VERIFIED,INTEGRITY VERIFIED
66914,53513,2022-08-14 00:09:42.000000,27.16,1,1,RECONCILIATION SUCCESSFUL,INTEGRITY VERIFIED,INTEGRITY VERIFIED
68095,54497,2022-12-21 03:13:59.000000,27.8,1,1,RECONCILIATION SUCCESSFUL,INTEGRITY VERIFIED,INTEGRITY VERIFIED
56414,45078,2024-08-05 00:48:08.000000,66.93,2,2,RECONCILIATION SUCCESSFUL,INTEGRITY VERIFIED,INTEGRITY VERIFIED
8803,7038,2023-06-04 21:56:02.000000,27.98,1,1,RECONCILIATION SUCCESSFUL,INTEGRITY VERIFIED,INTEGRITY VERIFIED
23907,19109,2024-04-20 18:57:31.000000,27.98,1,1,RECONCILIATION SUCCESSFUL,INTEGRITY VERIFIED,INTEGRITY VERIFIED
123749,99097,2022-11-08 17:14:31.000000,28.0,1,1,RECONCILIATION SUCCESSFUL,INTEGRITY VERIFIED,INTEGRITY VERIFIED
46020,36753,2021-06-06 15:57:06.000000,28.0,1,1,RECONCILIATION SUCCESSFUL,INTEGRITY VERIFIED,INTEGRITY VERIFIED
3747,2974,2021-10-12 01:05:43.000000,64.0,2,2,RECONCILIATION SUCCESSFUL,INTEGRITY VERIFIED,INTEGRITY VERIFIED
92174,73801,2025-12-03 11:41:04.000000,29.0,1,1,RECONCILIATION SUCCESSFUL,INTEGRITY VERIFIED,INTEGRITY VERIFIED
22104,17629,2023-02-14 12:12:08.000000,71.88,2,2,RECONCILIATION SUCCESSFUL,INTEGRITY VERIFIED,INTEGRITY VERIFIED
35023,27972,2023-07-06 23:00:40.000000,177.98,4,4,RECONCILIATION SUCCESSFUL,INTEGRITY VERIFIED,INTEGRITY VERIFIED
102323,82033,2026-01-07 04:07:13.000000,108.08,3,3,RECONCILIATION SUCCESSFUL,INTEGRITY VERIFIED,INTEGRITY VERIFIED
106043,84982,2019-11-05 12:54:34.000000,69.49,2,2,RECONCILIATION SUCCESSFUL,INTEGRITY VERIFIED,INTEGRITY VERIFIED
33528,26743,2026-02-22 12:18:18.000000,29.99,1,1,RECONCILIATION SUCCESSFUL,INTEGRITY VERIFIED,INTEGRITY VERIFIED
98316,78826,2026-02-26 04:37:38.000000,30.0,1,1,RECONCILIATION SUCCESSFUL,INTEGRITY VERIFIED,INTEGRITY VERIFIED
19580,15632,2021-01-14 05:34:37.000000,30.89,1,1,RECONCILIATION SUCCESSFUL,INTEGRITY VERIFIED,INTEGRITY VERIFIED
41250,32909,2022-12-08 11:19:25.000000,119.07,2,2,RECONCILIATION SUCCESSFUL,INTEGRITY VERIFIED,INTEGRITY VERIFIED
6916,5509,2025-06-01 09:05:20.000000,276.47,4,4,RECONCILIATION SUCCESSFUL,INTEGRITY VERIFIED,INTEGRITY VERIFIED
112140,89800,2026-06-15 10:53:22.000000,31.95,1,1,RECONCILIATION SUCCESSFUL,INTEGRITY VERIFIED,INTEGRITY VERIFIED
115214,92240,2025-05-13 19:56:20.000000,31.95,1,1,RECONCILIATION SUCCESSFUL,INTEGRITY VERIFIED,INTEGRITY VERIFIED
65998,52751,2022-03-01 20:49:37.000000,31.97,1,1,RECONCILIATION SUCCESSFUL,INTEGRITY VERIFIED,INTEGRITY VERIFIED
23125,18471,2026-05-10 23:54:35.000000,32.0,1,1,RECONCILIATION SUCCESSFUL,INTEGRITY VERIFIED,INTEGRITY VERIFIED
59964,47896,2025-02-02 05:15:07.000000,110.0,2,2,RECONCILIATION SUCCESSFUL,INTEGRITY VERIFIED,INTEGRITY VERIFIED
14014,11156,2025-11-03 08:05:32.000000,313.95,4,4,RECONCILIATION SUCCESSFUL,INTEGRITY VERIFIED,INTEGRITY VERIFIED
38113,30423,2024-08-18 07:27:03.000000,32.0,1,1,RECONCILIATION SUCCESSFUL,INTEGRITY VERIFIED,INTEGRITY VERIFIED
111942,89638,2026-06-13 21:48:41.800376,270.99,4,4,RECONCILIATION SUCCESSFUL,INTEGRITY VERIFIED,INTEGRITY VERIFIED
77299,61791,2021-10-18 11:42:15.000000,32.5,1,1,RECONCILIATION SUCCESSFUL,INTEGRITY VERIFIED,INTEGRITY VERIFIED
22239,17740,2023-02-07 19:33:20.000000,120.98,2,2,RECONCILIATION SUCCESSFUL,INTEGRITY VERIFIED,INTEGRITY VERIFIED
117396,94018,2024-02-06 02:09:16.000000,97.98,2,2,RECONCILIATION SUCCESSFUL,INTEGRITY VERIFIED,INTEGRITY VERIFIED
112114,89782,2024-08-31 08:57:34.000000,297.49,3,3,RECONCILIATION SUCCESSFUL,INTEGRITY VERIFIED,INTEGRITY VERIFIED
41272,32923,2025-07-28 05:56:05.000000,70.98,2,2,RECONCILIATION SUCCESSFUL,INTEGRITY VERIFIED,INTEGRITY VERIFIED
89116,71314,2026-01-16 10:11:49.000000,221.99,3,3,RECONCILIATION SUCCESSFUL,INTEGRITY VERIFIED,INTEGRITY VERIFIED
65685,52459,2025-11-02 19:41:37.000000,138.4,2,2,RECONCILIATION SUCCESSFUL,INTEGRITY VERIFIED,INTEGRITY VERIFIED
5412,4283,2019-08-01 18:44:39.000000,33.95,1,1,RECONCILIATION SUCCESSFUL,INTEGRITY VERIFIED,INTEGRITY VERIFIED
105884,84869,2024-12-10 07:05:43.000000,68.97,2,2,RECONCILIATION SUCCESSFUL,INTEGRITY VERIFIED,INTEGRITY VERIFIED
44864,35782,2023-10-21 21:04:53.000000,83.45,2,2,RECONCILIATION SUCCESSFUL,INTEGRITY VERIFIED,INTEGRITY VERIFIED
69195,55350,2024-07-08 21:16:46.000000,34.0,1,1,RECONCILIATION SUCCESSFUL,INTEGRITY VERIFIED,INTEGRITY VERIFIED
76315,61016,2025-10-03 02:33:34.000000,34.31,1,1,RECONCILIATION SUCCESSFUL,INTEGRITY VERIFIED,INTEGRITY VERIFIED
107311,85997,2022-12-11 11:16:05.000000,192.45,2,2,RECONCILIATION SUCCESSFUL,INTEGRITY VERIFIED,INTEGRITY VERIFIED
72178,57718,2019-11-03 08:55:55.000000,243.85,3,3,RECONCILIATION SUCCESSFUL,INTEGRITY VERIFIED,INTEGRITY VERIFIED
109944,88074,2026-05-30 02:33:04.000000,73.07,2,2,RECONCILIATION SUCCESSFUL,INTEGRITY VERIFIED,INTEGRITY VERIFIED
83233,66599,2026-06-13 05:46:45.000000,34.99,1,1,RECONCILIATION SUCCESSFUL,INTEGRITY VERIFIED,INTEGRITY VERIFIED
14255,11361,2023-04-27 09:45:14.000000,34.99,1,1,RECONCILIATION SUCCESSFUL,INTEGRITY VERIFIED,INTEGRITY VERIFIED
64084,51204,2025-07-17 09:02:43.000000,35.0,1,1,RECONCILIATION SUCCESSFUL,INTEGRITY VERIFIED,INTEGRITY VERIFIED
92802,74344,2025-07-08 18:46:54.000000,35.0,1,1,RECONCILIATION SUCCESSFUL,INTEGRITY VERIFIED,INTEGRITY VERIFIED
106010,84953,2025-12-25 06:20:21.000000,104.99,2,2,RECONCILIATION SUCCESSFUL,INTEGRITY VERIFIED,INTEGRITY VERIFIED
44832,35760,2026-06-13 00:13:21.000000,35.0,1,1,RECONCILIATION SUCCESSFUL,INTEGRITY VERIFIED,INTEGRITY VERIFIED
4455,3521,2025-10-02 15:13:56.000000,35.67,1,1,RECONCILIATION SUCCESSFUL,INTEGRITY VERIFIED,INTEGRITY VERIFIED
124142,99418,2025-05-07 09:07:17.000000,35.68,1,1,RECONCILIATION SUCCESSFUL,INTEGRITY VERIFIED,INTEGRITY VERIFIED
82295,65861,2025-10-27 10:37:45.000000,35.68,1,1,RECONCILIATION SUCCESSFUL,INTEGRITY VERIFIED,INTEGRITY VERIFIED
69388,55496,2019-07-26 08:27:57.000000,248.7,4,4,RECONCILIATION SUCCESSFUL,INTEGRITY VERIFIED,INTEGRITY VERIFIED
19489,15561,2021-11-15 02:46:44.000000,36.0,1,1,RECONCILIATION SUCCESSFUL,INTEGRITY VERIFIED,INTEGRITY VERIFIED
71112,56873,2023-11-25 08:22:05.000000,222.0,4,4,RECONCILIATION SUCCESSFUL,INTEGRITY VERIFIED,INTEGRITY VERIFIED
12615,10033,2026-02-11 07:57:34.000000,36.98,1,1,RECONCILIATION SUCCESSFUL,INTEGRITY VERIFIED,INTEGRITY VERIFIED
15202,12124,2021-11-09 12:17:04.000000,77.02,2,2,RECONCILIATION SUCCESSFUL,INTEGRITY VERIFIED,INTEGRITY VERIFIED
44091,35183,2026-01-28 17:46:09.000000,331.99,3,3,RECONCILIATION SUCCESSFUL,INTEGRITY VERIFIED,INTEGRITY VERIFIED
119291,95471,2025-10-23 23:10:21.000000,37.99,1,1,RECONCILIATION SUCCESSFUL,INTEGRITY VERIFIED,INTEGRITY VERIFIED
53899,43044,2025-10-21 19:24:38.000000,347.95,3,3,RECONCILIATION SUCCESSFUL,INTEGRITY VERIFIED,INTEGRITY VERIFIED
60752,48511,2022-09-09 14:08:24.000000,38.0,1,1,RECONCILIATION SUCCESSFUL,INTEGRITY VERIFIED,INTEGRITY VERIFIED
49006,39100,2024-12-10 19:09:00.000000,88.9,2,2,RECONCILIATION SUCCESSFUL,INTEGRITY VERIFIED,INTEGRITY VERIFIED
60475,48300,2026-06-12 03:17:15.000000,171.99,2,2,RECONCILIATION SUCCESSFUL,INTEGRITY VERIFIED,INTEGRITY VERIFIED
29191,23333,2022-12-18 20:25:53.000000,39.6,1,1,RECONCILIATION SUCCESSFUL,INTEGRITY VERIFIED,INTEGRITY VERIFIED
34769,27775,2021-09-06 05:47:56.000000,39.88,1,1,RECONCILIATION SUCCESSFUL,INTEGRITY VERIFIED,INTEGRITY VERIFIED
41733,33285,2026-01-06 16:44:30.000000,39.9,1,1,RECONCILIATION SUCCESSFUL,INTEGRITY VERIFIED,INTEGRITY VERIFIED
3722,2957,2024-10-12 11:29:57.000000,39.95,1,1,RECONCILIATION SUCCESSFUL,INTEGRITY VERIFIED,INTEGRITY VERIFIED
84106,67316,2023-07-11 15:02:34.000000,39.99,1,1,RECONCILIATION SUCCESSFUL,INTEGRITY VERIFIED,INTEGRITY VERIFIED
115523,92486,2020-06-13 06:59:09.000000,187.99,2,2,RECONCILIATION SUCCESSFUL,INTEGRITY VERIFIED,INTEGRITY VERIFIED
38016,30344,2025-07-25 09:41:36.000000,83.99,2,2,RECONCILIATION SUCCESSFUL,INTEGRITY VERIFIED,INTEGRITY VERIFIED
100423,80533,2026-03-07 17:01:00.000000,94.98,2,2,RECONCILIATION SUCCESSFUL,INTEGRITY VERIFIED,INTEGRITY VERIFIED
106189,85101,2025-05-24 23:36:10.000000,130.98,3,3,RECONCILIATION SUCCESSFUL,INTEGRITY VERIFIED,INTEGRITY VERIFIED
29264,23388,2021-08-08 14:36:46.000000,39.99,1,1,RECONCILIATION SUCCESSFUL,INTEGRITY VERIFIED,INTEGRITY VERIFIED
42390,33821,2023-08-10 09:52:09.000000,39.99,1,1,RECONCILIATION SUCCESSFUL,INTEGRITY VERIFIED,INTEGRITY VERIFIED
41179,32860,2024-01-22 16:38:26.000000,40.28,1,1,RECONCILIATION SUCCESSFUL,INTEGRITY VERIFIED,INTEGRITY VERIFIED
114864,91983,2025-04-04 11:41:26.000000,41.99,1,1,RECONCILIATION SUCCESSFUL,INTEGRITY VERIFIED,INTEGRITY VERIFIED
92123,73765,2026-05-15 21:54:57.000000,42.0,1,1,RECONCILIATION SUCCESSFUL,INTEGRITY VERIFIED,INTEGRITY VERIFIED
95486,76532,2024-06-21 10:06:44.000000,42.99,1,1,RECONCILIATION SUCCESSFUL,INTEGRITY VERIFIED,INTEGRITY VERIFIED
92498,74070,2025-07-21 10:23:14.000000,346.63,4,4,RECONCILIATION SUCCESSFUL,INTEGRITY VERIFIED,INTEGRITY VERIFIED
38733,30942,2021-02-10 13:50:02.000000,43.14,1,1,RECONCILIATION SUCCESSFUL,INTEGRITY VERIFIED,INTEGRITY VERIFIED
48709,38884,2024-07-26 11:42:24.000000,193.0,2,2,RECONCILIATION SUCCESSFUL,INTEGRITY VERIFIED,INTEGRITY VERIFIED
75740,60569,2025-06-29 14:35:07.000000,196.01,4,4,RECONCILIATION SUCCESSFUL,INTEGRITY VERIFIED,INTEGRITY VERIFIED
97576,78208,2026-06-14 01:08:32.000000,44.0,1,1,RECONCILIATION SUCCESSFUL,INTEGRITY VERIFIED,INTEGRITY VERIFIED
66013,52762,2024-02-06 01:40:42.000000,93.99,2,2,RECONCILIATION SUCCESSFUL,INTEGRITY VERIFIED,INTEGRITY VERIFIED
61276,48951,2020-12-04 15:29:22.000000,370.82,4,4,RECONCILIATION SUCCESSFUL,INTEGRITY VERIFIED,INTEGRITY VERIFIED
39560,31592,2021-06-02 23:51:28.000000,44.51,1,1,RECONCILIATION SUCCESSFUL,INTEGRITY VERIFIED,INTEGRITY VERIFIED
30845,24621,2021-04-07 03:02:44.000000,44.93,1,1,RECONCILIATION SUCCESSFUL,INTEGRITY VERIFIED,INTEGRITY VERIFIED
44005,35111,2025-11-22 22:22:24.000000,178.95,3,3,RECONCILIATION SUCCESSFUL,INTEGRITY VERIFIED,INTEGRITY VERIFIED
19687,15722,2025-05-13 20:47:55.000000,44.99,1,1,RECONCILIATION SUCCESSFUL,INTEGRITY VERIFIED,INTEGRITY VERIFIED
5951,4719,2026-02-23 02:27:21.000000,44.99,1,1,RECONCILIATION SUCCESSFUL,INTEGRITY VERIFIED,INTEGRITY VERIFIED
79947,63902,2023-05-10 15:07:21.000000,44.99,1,1,RECONCILIATION SUCCESSFUL,INTEGRITY VERIFIED,INTEGRITY VERIFIED
35378,28244,2019-06-07 14:15:45.000000,45.0,1,1,RECONCILIATION SUCCESSFUL,INTEGRITY VERIFIED,INTEGRITY VERIFIED
106591,85430,2026-05-30 13:53:04.000000,45.0,1,1,RECONCILIATION SUCCESSFUL,INTEGRITY VERIFIED,INTEGRITY VERIFIED
32141,25658,2026-01-05 08:34:54.000000,45.0,1,1,RECONCILIATION SUCCESSFUL,INTEGRITY VERIFIED,INTEGRITY VERIFIED
65341,52188,2025-12-19 19:45:03.000000,45.95,1,1,RECONCILIATION SUCCESSFUL,INTEGRITY VERIFIED,INTEGRITY VERIFIED
110228,88294,2026-05-24 06:18:44.000000,45.95,1,1,RECONCILIATION SUCCESSFUL,INTEGRITY VERIFIED,INTEGRITY VERIFIED
106046,84984,2025-11-10 08:54:44.000000,46.5,1,1,RECONCILIATION SUCCESSFUL,INTEGRITY VERIFIED,INTEGRITY VERIFIED
56674,45282,2022-05-18 04:36:31.000000,46.5,1,1,RECONCILIATION SUCCESSFUL,INTEGRITY VERIFIED,INTEGRITY VERIFIED
40546,32369,2022-09-21 01:17:57.000000,46.5,1,1,RECONCILIATION SUCCESSFUL,INTEGRITY VERIFIED,INTEGRITY VERIFIED
62660,50065,2025-12-10 04:34:42.000000,46.95,1,1,RECONCILIATION SUCCESSFUL,INTEGRITY VERIFIED,INTEGRITY VERIFIED
21503,17185,2023-03-27 03:11:12.000000,47.07,1,1,RECONCILIATION SUCCESSFUL,INTEGRITY VERIFIED,INTEGRITY VERIFIED
59128,47255,2022-12-09 04:26:00.000000,48.0,1,1,RECONCILIATION SUCCESSFUL,INTEGRITY VERIFIED,INTEGRITY VERIFIED
91725,73438,2025-08-20 05:04:54.000000,48.0,1,1,RECONCILIATION SUCCESSFUL,INTEGRITY VERIFIED,INTEGRITY VERIFIED
20423,16329,2026-02-17 20:43:04.000000,48.98,1,1,RECONCILIATION SUCCESSFUL,INTEGRITY VERIFIED,INTEGRITY VERIFIED
53693,42872,2025-08-22 01:24:43.000000,49.5,1,1,RECONCILIATION SUCCESSFUL,INTEGRITY VERIFIED,INTEGRITY VERIFIED
99287,79606,2023-01-25 10:37:09.000000,206.99,3,3,RECONCILIATION SUCCESSFUL,INTEGRITY VERIFIED,INTEGRITY VERIFIED
12712,10102,2025-11-20 18:57:36.000000,227.94,2,2,RECONCILIATION SUCCESSFUL,INTEGRITY VERIFIED,INTEGRITY VERIFIED
80123,64049,2024-04-28 13:05:02.000000,49.95,1,1,RECONCILIATION SUCCESSFUL,INTEGRITY VERIFIED,INTEGRITY VERIFIED
23826,19037,2020-05-21 16:01:13.000000,49.99,1,1,RECONCILIATION SUCCESSFUL,INTEGRITY VERIFIED,INTEGRITY VERIFIED
38456,30699,2025-11-10 23:08:18.000000,49.99,1,1,RECONCILIATION SUCCESSFUL,INTEGRITY VERIFIED,INTEGRITY VERIFIED
111606,89388,2025-05-15 09:26:06.000000,49.99,1,1,RECONCILIATION SUCCESSFUL,INTEGRITY VERIFIED,INTEGRITY VERIFIED
110912,88826,2022-01-31 20:22:44.000000,125.99,2,2,RECONCILIATION SUCCESSFUL,INTEGRITY VERIFIED,INTEGRITY VERIFIED
15414,12293,2019-12-28 06:37:23.000000,49.99,1,1,RECONCILIATION SUCCESSFUL,INTEGRITY VERIFIED,INTEGRITY VERIFIED
102619,82273,2023-12-31 23:45:21.000000,49.99,1,1,RECONCILIATION SUCCESSFUL,INTEGRITY VERIFIED,INTEGRITY VERIFIED
80544,64417,2025-09-12 04:22:50.000000,50.0,1,1,RECONCILIATION SUCCESSFUL,INTEGRITY VERIFIED,INTEGRITY VERIFIED
64605,51607,2026-06-16 07:05:01.000000,50.99,1,1,RECONCILIATION SUCCESSFUL,INTEGRITY VERIFIED,INTEGRITY VERIFIED
106963,85711,2025-12-17 17:37:28.000000,178.51,2,2,RECONCILIATION SUCCESSFUL,INTEGRITY VERIFIED,INTEGRITY VERIFIED
61776,49344,2026-01-21 18:52:03.000000,53.97,1,1,RECONCILIATION SUCCESSFUL,INTEGRITY VERIFIED,INTEGRITY VERIFIED
61393,49048,2025-08-23 12:38:39.000000,206.0,2,2,RECONCILIATION SUCCESSFUL,INTEGRITY VERIFIED,INTEGRITY VERIFIED
116109,92963,2024-07-18 12:20:47.000000,54.0,1,1,RECONCILIATION SUCCESSFUL,INTEGRITY VERIFIED,INTEGRITY VERIFIED
19482,15554,2022-12-15 02:13:43.000000,54.0,1,1,RECONCILIATION SUCCESSFUL,INTEGRITY VERIFIED,INTEGRITY VERIFIED
82968,66382,2021-06-09 05:22:20.000000,54.5,1,1,RECONCILIATION SUCCESSFUL,INTEGRITY VERIFIED,INTEGRITY VERIFIED
76245,60966,2025-02-15 20:47:49.000000,54.5,1,1,RECONCILIATION SUCCESSFUL,INTEGRITY VERIFIED,INTEGRITY VERIFIED
7625,6106,2024-08-30 05:50:42.000000,115.0,2,2,RECONCILIATION SUCCESSFUL,INTEGRITY VERIFIED,INTEGRITY VERIFIED
114637,91809,2024-11-27 14:41:01.000000,55.0,1,1,RECONCILIATION SUCCESSFUL,INTEGRITY VERIFIED,INTEGRITY VERIFIED
34724,27733,2025-12-17 15:13:04.000000,119.99,2,2,RECONCILIATION SUCCESSFUL,INTEGRITY VERIFIED,INTEGRITY VERIFIED
105774,84779,2024-04-27 09:30:49.000000,55.0,1,1,RECONCILIATION SUCCESSFUL,INTEGRITY VERIFIED,INTEGRITY VERIFIED
50736,40541,2024-03-19 01:37:26.000000,55.0,1,1,RECONCILIATION SUCCESSFUL,INTEGRITY VERIFIED,INTEGRITY VERIFIED
21887,17469,2020-11-18 02:22:16.000000,55.0,1,1,RECONCILIATION SUCCESSFUL,INTEGRITY VERIFIED,INTEGRITY VERIFIED
101713,81550,2025-06-03 10:56:38.000000,55.5,1,1,RECONCILIATION SUCCESSFUL,INTEGRITY VERIFIED,INTEGRITY VERIFIED
18624,14840,2026-03-06 04:55:43.000000,57.0,1,1,RECONCILIATION SUCCESSFUL,INTEGRITY VERIFIED,INTEGRITY VERIFIED
108902,87234,2021-10-20 10:58:11.000000,335.93,4,4,RECONCILIATION SUCCESSFUL,INTEGRITY VERIFIED,INTEGRITY VERIFIED
59415,47475,2026-01-03 06:48:27.000000,57.99,1,1,RECONCILIATION SUCCESSFUL,INTEGRITY VERIFIED,INTEGRITY VERIFIED
37163,29670,2025-08-09 21:55:12.000000,57.99,1,1,RECONCILIATION SUCCESSFUL,INTEGRITY VERIFIED,INTEGRITY VERIFIED
106694,85507,2025-12-22 07:20:35.000000,147.95,2,2,RECONCILIATION SUCCESSFUL,INTEGRITY VERIFIED,INTEGRITY VERIFIED
59772,47743,2023-04-08 04:11:48.000000,122.5,2,2,RECONCILIATION SUCCESSFUL,INTEGRITY VERIFIED,INTEGRITY VERIFIED
88371,70699,2024-09-29 14:56:12.000000,58.99,1,1,RECONCILIATION SUCCESSFUL,INTEGRITY VERIFIED,INTEGRITY VERIFIED
90606,72505,2026-05-30 20:04:34.000000,59.0,1,1,RECONCILIATION SUCCESSFUL,INTEGRITY VERIFIED,INTEGRITY VERIFIED
22997,18368,2025-12-24 03:16:24.000000,59.0,1,1,RECONCILIATION SUCCESSFUL,INTEGRITY VERIFIED,INTEGRITY VERIFIED
103875,83277,2026-02-21 06:24:41.000000,60.0,1,1,RECONCILIATION SUCCESSFUL,INTEGRITY VERIFIED,INTEGRITY VERIFIED
74696,59731,2023-03-07 09:01:50.000000,60.99,1,1,RECONCILIATION SUCCESSFUL,INTEGRITY VERIFIED,INTEGRITY VERIFIED
90078,72079,2021-12-02 14:47:00.000000,63.65,1,1,RECONCILIATION SUCCESSFUL,INTEGRITY VERIFIED,INTEGRITY VERIFIED
90752,72632,2026-01-14 00:26:15.000000,64.5,1,1,RECONCILIATION SUCCESSFUL,INTEGRITY VERIFIED,INTEGRITY VERIFIED
42303,33748,2025-09-17 12:00:30.000000,64.95,1,1,RECONCILIATION SUCCESSFUL,INTEGRITY VERIFIED,INTEGRITY VERIFIED
65805,52579,2024-08-21 09:13:40.000000,162.94,2,2,RECONCILIATION SUCCESSFUL,INTEGRITY VERIFIED,INTEGRITY VERIFIED
4962,3914,2026-03-03 12:49:55.000000,65.0,1,1,RECONCILIATION SUCCESSFUL,INTEGRITY VERIFIED,INTEGRITY VERIFIED
10507,8360,2024-11-22 11:47:21.000000,66.0,1,1,RECONCILIATION SUCCESSFUL,INTEGRITY VERIFIED,INTEGRITY VERIFIED
53446,42675,2023-09-01 02:11:29.000000,68.0,1,1,RECONCILIATION SUCCESSFUL,INTEGRITY VERIFIED,INTEGRITY VERIFIED
86331,69119,2025-03-25 16:09:46.000000,68.0,1,1,RECONCILIATION SUCCESSFUL,INTEGRITY VERIFIED,INTEGRITY VERIFIED
116991,93678,2026-04-30 05:54:59.000000,68.0,1,1,RECONCILIATION SUCCESSFUL,INTEGRITY VERIFIED,INTEGRITY VERIFIED
92424,73999,2025-07-17 16:09:04.000000,68.69,1,1,RECONCILIATION SUCCESSFUL,INTEGRITY VERIFIED,INTEGRITY VERIFIED
47611,38033,2025-09-01 04:15:56.000000,332.62,4,4,RECONCILIATION SUCCESSFUL,INTEGRITY VERIFIED,INTEGRITY VERIFIED
111180,89047,2026-06-13 08:10:00.260428,69.5,1,1,RECONCILIATION SUCCESSFUL,INTEGRITY VERIFIED,INTEGRITY VERIFIED
121684,97419,2024-05-20 17:29:56.000000,69.5,1,1,RECONCILIATION SUCCESSFUL,INTEGRITY VERIFIED,INTEGRITY VERIFIED
38432,30681,2021-12-10 03:18:53.000000,187.69,2,2,RECONCILIATION SUCCESSFUL,INTEGRITY VERIFIED,INTEGRITY VERIFIED
20833,16649,2025-12-30 20:20:59.000000,145.55,2,2,RECONCILIATION SUCCESSFUL,INTEGRITY VERIFIED,INTEGRITY VERIFIED
13056,10368,2026-02-06 14:17:23.000000,70.0,1,1,RECONCILIATION SUCCESSFUL,INTEGRITY VERIFIED,INTEGRITY VERIFIED
101241,81169,2021-12-11 12:40:25.000000,461.6,2,2,RECONCILIATION SUCCESSFUL,INTEGRITY VERIFIED,INTEGRITY VERIFIED
96209,77124,2025-05-24 17:33:24.000000,70.4,1,1,RECONCILIATION SUCCESSFUL,INTEGRITY VERIFIED,INTEGRITY VERIFIED
115755,92667,2026-04-29 19:40:16.000000,70.74,1,1,RECONCILIATION SUCCESSFUL,INTEGRITY VERIFIED,INTEGRITY VERIFIED
22832,18238,2026-06-04 20:04:40.000000,70.74,1,1,RECONCILIATION SUCCESSFUL,INTEGRITY VERIFIED,INTEGRITY VERIFIED
22575,18025,2024-09-06 16:39:17.000000,72.0,1,1,RECONCILIATION SUCCESSFUL,INTEGRITY VERIFIED,INTEGRITY VERIFIED
85430,68368,2025-06-01 09:59:18.000000,75.0,1,1,RECONCILIATION SUCCESSFUL,INTEGRITY VERIFIED,INTEGRITY VERIFIED
77927,62302,2020-01-28 20:08:30.000000,157.5,2,2,RECONCILIATION SUCCESSFUL,INTEGRITY VERIFIED,INTEGRITY VERIFIED
64189,51294,2025-10-10 16:21:32.000000,157.0,2,2,RECONCILIATION SUCCESSFUL,INTEGRITY VERIFIED,INTEGRITY VERIFIED
103581,83053,2026-06-16 09:15:13.824213,78.0,1,1,RECONCILIATION SUCCESSFUL,INTEGRITY VERIFIED,INTEGRITY VERIFIED
44287,35328,2024-11-14 10:52:41.000000,79.0,1,1,RECONCILIATION SUCCESSFUL,INTEGRITY VERIFIED,INTEGRITY VERIFIED
27856,22267,2026-06-02 10:29:44.000000,79.0,1,1,RECONCILIATION SUCCESSFUL,INTEGRITY VERIFIED,INTEGRITY VERIFIED
58533,46772,2026-02-27 21:04:39.000000,79.5,1,1,RECONCILIATION SUCCESSFUL,INTEGRITY VERIFIED,INTEGRITY VERIFIED
88224,70576,2022-10-19 16:21:06.000000,79.5,1,1,RECONCILIATION SUCCESSFUL,INTEGRITY VERIFIED,INTEGRITY VERIFIED
25256,20160,2023-01-22 14:18:16.000000,189.94,2,2,RECONCILIATION SUCCESSFUL,INTEGRITY VERIFIED,INTEGRITY VERIFIED
59469,47532,2025-10-26 06:07:39.000000,80.99,1,1,RECONCILIATION SUCCESSFUL,INTEGRITY VERIFIED,INTEGRITY VERIFIED
87121,69729,2023-05-17 23:20:50.000000,81.38,1,1,RECONCILIATION SUCCESSFUL,INTEGRITY VERIFIED,INTEGRITY VERIFIED
33393,26628,2025-06-23 15:19:14.000000,206.88,2,2,RECONCILIATION SUCCESSFUL,INTEGRITY VERIFIED,INTEGRITY VERIFIED
105557,84616,2024-10-02 15:12:25.000000,85.0,1,1,RECONCILIATION SUCCESSFUL,INTEGRITY VERIFIED,INTEGRITY VERIFIED
47619,38038,2025-06-30 22:39:53.000000,88.0,1,1,RECONCILIATION SUCCESSFUL,INTEGRITY VERIFIED,INTEGRITY VERIFIED
72169,57709,2025-12-31 12:48:58.000000,88.0,1,1,RECONCILIATION SUCCESSFUL,INTEGRITY VERIFIED,INTEGRITY VERIFIED
109092,87405,2026-01-01 17:14:16.000000,89.0,1,1,RECONCILIATION SUCCESSFUL,INTEGRITY VERIFIED,INTEGRITY VERIFIED
49452,39460,2024-09-29 23:28:58.000000,89.5,1,1,RECONCILIATION SUCCESSFUL,INTEGRITY VERIFIED,INTEGRITY VERIFIED
84473,67589,2024-01-03 17:11:37.000000,90.0,1,1,RECONCILIATION SUCCESSFUL,INTEGRITY VERIFIED,INTEGRITY VERIFIED
68429,54754,2025-09-02 14:32:35.000000,90.45,1,1,RECONCILIATION SUCCESSFUL,INTEGRITY VERIFIED,INTEGRITY VERIFIED
6801,5421,2023-11-10 15:50:22.000000,98.0,1,1,RECONCILIATION SUCCESSFUL,INTEGRITY VERIFIED,INTEGRITY VERIFIED
75703,60538,2023-09-12 10:20:59.000000,98.0,1,1,RECONCILIATION SUCCESSFUL,INTEGRITY VERIFIED,INTEGRITY VERIFIED
93584,74997,2020-01-29 15:56:15.000000,98.0,1,1,RECONCILIATION SUCCESSFUL,INTEGRITY VERIFIED,INTEGRITY VERIFIED
60590,48387,2021-03-09 20:07:34.000000,98.0,1,1,RECONCILIATION SUCCESSFUL,INTEGRITY VERIFIED,INTEGRITY VERIFIED
26727,21359,2025-03-23 02:13:20.000000,98.95,1,1,RECONCILIATION SUCCESSFUL,INTEGRITY VERIFIED,INTEGRITY VERIFIED
8964,7160,2022-06-13 18:26:21.000000,99.0,1,1,RECONCILIATION SUCCESSFUL,INTEGRITY VERIFIED,INTEGRITY VERIFIED
122117,97759,2022-08-06 07:21:55.000000,99.0,1,1,RECONCILIATION SUCCESSFUL,INTEGRITY VERIFIED,INTEGRITY VERIFIED
66458,53136,2026-06-16 01:24:06.000000,99.99,1,1,RECONCILIATION SUCCESSFUL,INTEGRITY VERIFIED,INTEGRITY VERIFIED
76337,61032,2026-05-15 22:56:59.000000,103.13,1,1,RECONCILIATION SUCCESSFUL,INTEGRITY VERIFIED,INTEGRITY VERIFIED
27763,22200,2022-12-05 16:16:35.000000,108.5,1,1,RECONCILIATION SUCCESSFUL,INTEGRITY VERIFIED,INTEGRITY VERIFIED
30237,24152,2026-05-14 04:54:55.000000,117.7,1,1,RECONCILIATION SUCCESSFUL,INTEGRITY VERIFIED,INTEGRITY VERIFIED
25342,20245,2026-02-18 09:07:15.000000,119.0,1,1,RECONCILIATION SUCCESSFUL,INTEGRITY VERIFIED,INTEGRITY VERIFIED
9820,7829,2020-05-03 18:59:52.000000,125.0,1,1,RECONCILIATION SUCCESSFUL,INTEGRITY VERIFIED,INTEGRITY VERIFIED
776,618,2025-08-18 10:35:52.000000,127.51,1,1,RECONCILIATION SUCCESSFUL,INTEGRITY VERIFIED,INTEGRITY VERIFIED
1365,1085,2023-10-03 01:14:45.000000,132.0,1,1,RECONCILIATION SUCCESSFUL,INTEGRITY VERIFIED,INTEGRITY VERIFIED
75204,60146,2019-10-06 06:02:40.000000,132.0,1,1,RECONCILIATION SUCCESSFUL,INTEGRITY VERIFIED,INTEGRITY VERIFIED
84590,67673,2021-11-23 23:00:07.000000,142.78,1,1,RECONCILIATION SUCCESSFUL,INTEGRITY VERIFIED,INTEGRITY VERIFIED
41203,32880,2026-05-11 16:40:48.000000,148.0,1,1,RECONCILIATION SUCCESSFUL,INTEGRITY VERIFIED,INTEGRITY VERIFIED
11201,8911,2026-06-11 07:04:08.070456,149.0,1,1,RECONCILIATION SUCCESSFUL,INTEGRITY VERIFIED,INTEGRITY VERIFIED
67781,54242,2024-04-28 21:52:26.000000,149.99,1,1,RECONCILIATION SUCCESSFUL,INTEGRITY VERIFIED,INTEGRITY VERIFIED
35952,28679,2025-09-20 08:06:04.000000,150.0,1,1,RECONCILIATION SUCCESSFUL,INTEGRITY VERIFIED,INTEGRITY VERIFIED
50740,40544,2024-09-23 19:36:11.000000,159.95,1,1,RECONCILIATION SUCCESSFUL,INTEGRITY VERIFIED,INTEGRITY VERIFIED
115655,92585,2026-03-11 11:36:50.000000,161.0,1,1,RECONCILIATION SUCCESSFUL,INTEGRITY VERIFIED,INTEGRITY VERIFIED
68612,54901,2025-10-15 03:07:13.000000,169.0,1,1,RECONCILIATION SUCCESSFUL,INTEGRITY VERIFIED,INTEGRITY VERIFIED
73865,59080,2023-11-29 15:17:55.000000,169.0,1,1,RECONCILIATION SUCCESSFUL,INTEGRITY VERIFIED,INTEGRITY VERIFIED
42737,34104,2026-04-29 02:16:19.000000,178.0,1,1,RECONCILIATION SUCCESSFUL,INTEGRITY VERIFIED,INTEGRITY VERIFIED
49092,39154,2025-09-06 11:18:40.000000,178.0,1,1,RECONCILIATION SUCCESSFUL,INTEGRITY VERIFIED,INTEGRITY VERIFIED
9169,7309,2021-06-07 22:26:04.000000,178.0,1,1,RECONCILIATION SUCCESSFUL,INTEGRITY VERIFIED,INTEGRITY VERIFIED
59963,47895,2025-02-04 09:59:47.000000,179.99,1,1,RECONCILIATION SUCCESSFUL,INTEGRITY VERIFIED,INTEGRITY VERIFIED
118663,94992,2026-01-23 10:25:18.000000,199.0,1,1,RECONCILIATION SUCCESSFUL,INTEGRITY VERIFIED,INTEGRITY VERIFIED
86541,69293,2023-11-11 19:50:54.000000,220.0,1,1,RECONCILIATION SUCCESSFUL,INTEGRITY VERIFIED,INTEGRITY VERIFIED
23844,19053,2022-06-27 02:50:57.000000,279.99,1,1,RECONCILIATION SUCCESSFUL,INTEGRITY VERIFIED,INTEGRITY VERIFIED
86447,69218,2023-11-24 20:44:34.000000,286.0,1,1,RECONCILIATION SUCCESSFUL,INTEGRITY VERIFIED,INTEGRITY VERIFIED
36764,29346,2023-12-18 12:55:44.000000,299.0,1,1,RECONCILIATION SUCCESSFUL,INTEGRITY VERIFIED,INTEGRITY VERIFIED
20657,16511,2025-12-05 00:43:36.000000,319.99,1,1,RECONCILIATION SUCCESSFUL,INTEGRITY VERIFIED,INTEGRITY VERIFIED
91714,73431,2025-11-01 09:01:10.000000,319.99,1,1,RECONCILIATION SUCCESSFUL,INTEGRITY VERIFIED,INTEGRITY VERIFIED
-5,47573,2026-06-16 15:34:00.000000,70.0,1,1,RECONCILIATION SUCCESSFUL,INTEGRITY VERIFIED,INTEGRITY VERIFIED
-18,86111,2026-06-16 11:28:00.000000,161.0,2,2,RECONCILIATION SUCCESSFUL,INTEGRITY VERIFIED,INTEGRITY VERIFIED
-20,21954,2026-06-16 14:52:00.000000,192.0,1,1,RECONCILIATION SUCCESSFUL,INTEGRITY VERIFIED,INTEGRITY VERIFIED
-43,45564,2026-06-16 16:53:00.000000,273.0,3,3,RECONCILIATION SUCCESSFUL,INTEGRITY VERIFIED,VARIANCE DETECTED
-56,71369,2026-06-16 14:01:00.000000,251.0,2,2,RECONCILIATION SUCCESSFUL,INTEGRITY VERIFIED,INTEGRITY VERIFIED
-58,43782,2026-06-16 13:15:00.000000,63.0,1,1,RECONCILIATION SUCCESSFUL,INTEGRITY VERIFIED,INTEGRITY VERIFIED
-60,17598,2026-06-16 14:01:00.000000,105.0,1,1,RECONCILIATION SUCCESSFUL,INTEGRITY VERIFIED,INTEGRITY VERIFIED
-81,67015,2026-06-16 09:12:00.000000,341.0,3,3,RECONCILIATION SUCCESSFUL,INTEGRITY VERIFIED,INTEGRITY VERIFIED
-94,32558,2026-06-16 16:32:00.000000,249.0,2,2,RECONCILIATION SUCCESSFUL,INTEGRITY VERIFIED,INTEGRITY VERIFIED
-98,88137,2026-06-16 14:19:00.000000,165.0,1,1,RECONCILIATION SUCCESSFUL,INTEGRITY VERIFIED,INTEGRITY VERIFIED
-101,80040,2026-06-16 09:37:00.000000,120.0,1,1,RECONCILIATION SUCCESSFUL,INTEGRITY VERIFIED,INTEGRITY VERIFIED
-102,16103,2026-06-16 12:31:00.000000,88.0,1,1,RECONCILIATION SUCCESSFUL,INTEGRITY VERIFIED,INTEGRITY VERIFIED
-160,18561,2026-06-16 15:20:00.000000,364.0,3,3,RECONCILIATION SUCCESSFUL,INTEGRITY VERIFIED,VARIANCE DETECTED
-162,94811,2026-06-16 15:40:00.000000,158.0,2,2,RECONCILIATION SUCCESSFUL,INTEGRITY VERIFIED,INTEGRITY VERIFIED
-165,30714,2026-06-16 09:16:00.000000,245.0,2,2,RECONCILIATION SUCCESSFUL,INTEGRITY VERIFIED,INTEGRITY VERIFIED
-169,12564,2026-06-16 13:54:00.000000,254.0,3,3,RECONCILIATION SUCCESSFUL,INTEGRITY VERIFIED,VARIANCE DETECTED
-192,59872,2026-06-16 15:51:00.000000,112.0,2,2,RECONCILIATION SUCCESSFUL,INTEGRITY VERIFIED,INTEGRITY VERIFIED
-194,18191,2026-06-16 13:44:00.000000,89.0,1,1,RECONCILIATION SUCCESSFUL,INTEGRITY VERIFIED,INTEGRITY VERIFIED
-203,14633,2026-06-16 09:14:00.000000,135.0,2,2,RECONCILIATION SUCCESSFUL,INTEGRITY VERIFIED,INTEGRITY VERIFIED
-233,22387,2026-06-16 16:58:00.000000,125.0,2,2,RECONCILIATION SUCCESSFUL,INTEGRITY VERIFIED,VARIANCE DETECTED
-263,43118,2026-06-16 14:02:00.000000,432.0,3,3,RECONCILIATION SUCCESSFUL,INTEGRITY VERIFIED,VARIANCE DETECTED
-270,87232,2026-06-16 12:15:00.000000,386.0,3,3,RECONCILIATION SUCCESSFUL,INTEGRITY VERIFIED,VARIANCE DETECTED
73675,58925,2023-04-27 19:40:11.000000,2.95,1,1,RECONCILIATION SUCCESSFUL,INTEGRITY VERIFIED,INTEGRITY VERIFIED
10521,8371,2024-03-08 03:24:20.000000,130.58,2,2,RECONCILIATION SUCCESSFUL,INTEGRITY VERIFIED,INTEGRITY VERIFIED
100300,80451,2022-11-04 06:45:45.000000,171.67,4,4,RECONCILIATION SUCCESSFUL,INTEGRITY VERIFIED,INTEGRITY VERIFIED
90084,72086,2023-10-14 07:11:07.000000,272.95,3,3,RECONCILIATION SUCCESSFUL,INTEGRITY VERIFIED,INTEGRITY VERIFIED
68794,55035,2023-02-05 15:52:30.000000,31.0,2,2,RECONCILIATION SUCCESSFUL,INTEGRITY VERIFIED,INTEGRITY VERIFIED
10247,8172,2026-01-30 06:26:03.000000,30.94,2,2,RECONCILIATION SUCCESSFUL,INTEGRITY VERIFIED,INTEGRITY VERIFIED
86699,69424,2022-01-08 02:25:56.000000,79.93,3,3,RECONCILIATION SUCCESSFUL,INTEGRITY VERIFIED,INTEGRITY VERIFIED
9461,7543,2026-05-10 03:51:19.000000,6.83,1,1,RECONCILIATION SUCCESSFUL,INTEGRITY VERIFIED,INTEGRITY VERIFIED
100019,80245,2026-02-17 14:49:33.000000,6.94,1,1,RECONCILIATION SUCCESSFUL,INTEGRITY VERIFIED,INTEGRITY VERIFIED
12431,9904,2025-12-28 12:06:09.000000,210.82,4,4,RECONCILIATION SUCCESSFUL,INTEGRITY VERIFIED,INTEGRITY VERIFIED
68990,55194,2025-03-24 22:39:18.000000,20.73,2,2,RECONCILIATION SUCCESSFUL,INTEGRITY VERIFIED,INTEGRITY VERIFIED
122094,97742,2024-03-07 02:44:36.000000,55.8,4,4,RECONCILIATION SUCCESSFUL,INTEGRITY VERIFIED,INTEGRITY VERIFIED
22586,18032,2019-09-12 08:56:13.000000,202.4,4,4,RECONCILIATION SUCCESSFUL,INTEGRITY VERIFIED,INTEGRITY VERIFIED
47983,38336,2024-06-08 07:50:00.000000,8.99,1,1,RECONCILIATION SUCCESSFUL,INTEGRITY VERIFIED,INTEGRITY VERIFIED
107599,86223,2025-01-04 02:25:10.000000,8.99,1,1,RECONCILIATION SUCCESSFUL,INTEGRITY VERIFIED,INTEGRITY VERIFIED
50410,40297,2025-04-24 22:07:23.000000,48.98,2,2,RECONCILIATION SUCCESSFUL,INTEGRITY VERIFIED,INTEGRITY VERIFIED
103541,83020,2022-11-21 22:27:53.000000,98.36,4,4,RECONCILIATION SUCCESSFUL,INTEGRITY VERIFIED,INTEGRITY VERIFIED
41358,32989,2025-10-13 13:50:03.000000,9.0,1,1,RECONCILIATION SUCCESSFUL,INTEGRITY VERIFIED,INTEGRITY VERIFIED
19373,15462,2023-01-08 08:27:31.000000,106.85,4,4,RECONCILIATION SUCCESSFUL,INTEGRITY VERIFIED,INTEGRITY VERIFIED
121587,97333,2024-10-22 15:13:22.000000,372.37,4,4,RECONCILIATION SUCCESSFUL,INTEGRITY VERIFIED,INTEGRITY VERIFIED
109842,87998,2020-05-08 23:26:09.000000,124.52,4,4,RECONCILIATION SUCCESSFUL,INTEGRITY VERIFIED,INTEGRITY VERIFIED
7895,6316,2025-03-31 21:35:41.000000,109.92,3,3,RECONCILIATION SUCCESSFUL,INTEGRITY VERIFIED,INTEGRITY VERIFIED
67236,53772,2024-12-16 00:50:19.000000,236.08,4,4,RECONCILIATION SUCCESSFUL,INTEGRITY VERIFIED,INTEGRITY VERIFIED
105921,84891,2023-08-25 07:52:13.000000,252.92,4,4,RECONCILIATION SUCCESSFUL,INTEGRITY VERIFIED,INTEGRITY VERIFIED
72954,58360,2023-08-29 23:54:20.000000,63.99,2,2,RECONCILIATION SUCCESSFUL,INTEGRITY VERIFIED,INTEGRITY VERIFIED
44550,35524,2025-11-30 07:38:34.000000,171.53,4,4,RECONCILIATION SUCCESSFUL,INTEGRITY VERIFIED,INTEGRITY VERIFIED
120291,96287,2025-01-16 18:28:15.000000,28.99,2,2,RECONCILIATION SUCCESSFUL,INTEGRITY VERIFIED,INTEGRITY VERIFIED
73805,59027,2026-03-19 20:59:58.000000,290.11,2,2,RECONCILIATION SUCCESSFUL,INTEGRITY VERIFIED,INTEGRITY VERIFIED
52415,41853,2021-08-20 03:33:37.000000,953.21,3,3,RECONCILIATION SUCCESSFUL,INTEGRITY VERIFIED,INTEGRITY VERIFIED
80821,64651,2026-05-09 16:37:19.000000,84.45,3,3,RECONCILIATION SUCCESSFUL,INTEGRITY VERIFIED,INTEGRITY VERIFIED
62855,50225,2025-11-03 07:48:10.000000,21.5,2,2,RECONCILIATION SUCCESSFUL,INTEGRITY VERIFIED,INTEGRITY VERIFIED
32337,25822,2026-05-16 19:10:35.000000,10.69,1,1,RECONCILIATION SUCCESSFUL,INTEGRITY VERIFIED,INTEGRITY VERIFIED
84952,67976,2025-12-06 07:35:01.000000,10.69,1,1,RECONCILIATION SUCCESSFUL,INTEGRITY VERIFIED,INTEGRITY VERIFIED
30695,24507,2025-07-14 16:18:29.000000,76.01,2,2,RECONCILIATION SUCCESSFUL,INTEGRITY VERIFIED,INTEGRITY VERIFIED
63430,50694,2025-01-19 04:49:11.000000,193.97,4,4,RECONCILIATION SUCCESSFUL,INTEGRITY VERIFIED,INTEGRITY VERIFIED
57618,46053,2026-05-20 16:04:03.000000,228.39,3,3,RECONCILIATION SUCCESSFUL,INTEGRITY VERIFIED,INTEGRITY VERIFIED
30665,24480,2021-05-25 12:16:54.000000,160.36,3,3,RECONCILIATION SUCCESSFUL,INTEGRITY VERIFIED,INTEGRITY VERIFIED
63142,50452,2025-06-13 15:31:36.000000,129.03,4,4,RECONCILIATION SUCCESSFUL,INTEGRITY VERIFIED,INTEGRITY VERIFIED
50673,40496,2023-05-23 23:25:57.000000,11.25,1,1,RECONCILIATION SUCCESSFUL,INTEGRITY VERIFIED,INTEGRITY VERIFIED
76428,61110,2025-12-23 16:02:17.000000,11.25,1,1,RECONCILIATION SUCCESSFUL,INTEGRITY VERIFIED,INTEGRITY VERIFIED
124066,99361,2026-06-13 19:09:28.000000,71.12,3,3,RECONCILIATION SUCCESSFUL,INTEGRITY VERIFIED,INTEGRITY VERIFIED
25067,20026,2022-08-19 00:48:58.000000,121.68,4,4,RECONCILIATION SUCCESSFUL,INTEGRITY VERIFIED,INTEGRITY VERIFIED
87749,70226,2026-06-06 15:02:14.000000,11.95,1,1,RECONCILIATION SUCCESSFUL,INTEGRITY VERIFIED,INTEGRITY VERIFIED
52844,42178,2024-09-07 06:50:53.000000,11.95,1,1,RECONCILIATION SUCCESSFUL,INTEGRITY VERIFIED,INTEGRITY VERIFIED
29485,23560,2025-10-04 17:04:19.000000,76.98,2,2,RECONCILIATION SUCCESSFUL,INTEGRITY VERIFIED,INTEGRITY VERIFIED
42678,34048,2022-02-12 04:50:40.000000,28.98,2,2,RECONCILIATION SUCCESSFUL,INTEGRITY VERIFIED,INTEGRITY VERIFIED
89995,72019,2026-03-02 12:07:39.000000,41.97,2,2,RECONCILIATION SUCCESSFUL,INTEGRITY VERIFIED,INTEGRITY VERIFIED
114118,91382,2022-05-03 05:13:42.000000,11.99,1,1,RECONCILIATION SUCCESSFUL,INTEGRITY VERIFIED,INTEGRITY VERIFIED
34584,27605,2025-08-18 05:54:52.000000,156.96,4,4,RECONCILIATION SUCCESSFUL,INTEGRITY VERIFIED,INTEGRITY VERIFIED
45914,36667,2025-04-11 15:30:29.000000,101.5,2,2,RECONCILIATION SUCCESSFUL,INTEGRITY VERIFIED,INTEGRITY VERIFIED
62732,50128,2022-09-11 14:16:17.000000,122.0,2,2,RECONCILIATION SUCCESSFUL,INTEGRITY VERIFIED,INTEGRITY VERIFIED
60159,48039,2024-12-01 16:40:52.000000,273.0,3,3,RECONCILIATION SUCCESSFUL,INTEGRITY VERIFIED,INTEGRITY VERIFIED
898,723,2025-07-30 19:02:27.000000,188.99,4,4,RECONCILIATION SUCCESSFUL,INTEGRITY VERIFIED,INTEGRITY VERIFIED
97202,77909,2025-05-11 04:16:34.000000,141.51,2,2,RECONCILIATION SUCCESSFUL,INTEGRITY VERIFIED,INTEGRITY VERIFIED
110264,88326,2026-02-19 20:50:02.000000,203.03,3,3,RECONCILIATION SUCCESSFUL,INTEGRITY VERIFIED,INTEGRITY VERIFIED
118844,95134,2024-03-22 01:32:01.000000,40.88,2,2,RECONCILIATION SUCCESSFUL,INTEGRITY VERIFIED,INTEGRITY VERIFIED
47477,37927,2020-07-09 16:52:58.000000,144.93,2,2,RECONCILIATION SUCCESSFUL,INTEGRITY VERIFIED,INTEGRITY VERIFIED
52272,41726,2026-05-11 18:04:12.000000,146.49,4,4,RECONCILIATION SUCCESSFUL,INTEGRITY VERIFIED,INTEGRITY VERIFIED
529,440,2025-08-11 02:48:46.000000,58.0,2,2,RECONCILIATION SUCCESSFUL,INTEGRITY VERIFIED,INTEGRITY VERIFIED
117234,93885,2024-12-21 02:47:35.000000,13.71,1,1,RECONCILIATION SUCCESSFUL,INTEGRITY VERIFIED,INTEGRITY VERIFIED
63824,51006,2023-08-22 01:18:11.000000,272.68,4,4,RECONCILIATION SUCCESSFUL,INTEGRITY VERIFIED,INTEGRITY VERIFIED
64486,51520,2025-03-19 13:32:44.000000,85.26,3,3,RECONCILIATION SUCCESSFUL,INTEGRITY VERIFIED,INTEGRITY VERIFIED
50047,39977,2024-08-29 08:59:15.000000,41.9,2,2,RECONCILIATION SUCCESSFUL,INTEGRITY VERIFIED,INTEGRITY VERIFIED
29508,23582,2020-03-01 03:09:29.000000,147.49,3,3,RECONCILIATION SUCCESSFUL,INTEGRITY VERIFIED,INTEGRITY VERIFIED
63250,50549,2026-06-14 10:34:53.000000,29.0,2,2,RECONCILIATION SUCCESSFUL,INTEGRITY VERIFIED,INTEGRITY VERIFIED
57117,45667,2025-10-15 02:57:37.000000,32.19,2,2,RECONCILIATION SUCCESSFUL,INTEGRITY VERIFIED,INTEGRITY VERIFIED
15794,12602,2025-03-21 22:25:29.000000,230.92,3,3,RECONCILIATION SUCCESSFUL,INTEGRITY VERIFIED,INTEGRITY VERIFIED
26097,20853,2024-12-08 19:22:33.000000,180.99,3,3,RECONCILIATION SUCCESSFUL,INTEGRITY VERIFIED,INTEGRITY VERIFIED
107301,85992,2021-10-08 03:22:44.000000,14.99,1,1,RECONCILIATION SUCCESSFUL,INTEGRITY VERIFIED,INTEGRITY VERIFIED
56239,44935,2026-04-11 18:32:43.000000,221.99,3,3,RECONCILIATION SUCCESSFUL,INTEGRITY VERIFIED,INTEGRITY VERIFIED
62485,49920,2023-12-21 07:52:20.000000,14.99,1,1,RECONCILIATION SUCCESSFUL,INTEGRITY VERIFIED,INTEGRITY VERIFIED
24222,19354,2025-11-10 08:09:19.000000,170.68,4,4,RECONCILIATION SUCCESSFUL,INTEGRITY VERIFIED,INTEGRITY VERIFIED
30010,23965,2024-06-27 10:44:16.000000,14.99,1,1,RECONCILIATION SUCCESSFUL,INTEGRITY VERIFIED,INTEGRITY VERIFIED
108603,86991,2024-05-12 19:49:57.000000,170.44,4,4,RECONCILIATION SUCCESSFUL,INTEGRITY VERIFIED,INTEGRITY VERIFIED
119528,95654,2023-07-18 11:52:31.000000,14.99,1,1,RECONCILIATION SUCCESSFUL,INTEGRITY VERIFIED,INTEGRITY VERIFIED
2555,2039,2024-06-13 08:41:14.000000,113.53,4,4,RECONCILIATION SUCCESSFUL,INTEGRITY VERIFIED,INTEGRITY VERIFIED
72666,58111,2024-11-24 13:32:14.000000,140.48,4,4,RECONCILIATION SUCCESSFUL,INTEGRITY VERIFIED,INTEGRITY VERIFIED
471,383,2026-01-31 09:16:46.000000,65.02,2,2,RECONCILIATION SUCCESSFUL,INTEGRITY VERIFIED,INTEGRITY VERIFIED
116307,93127,2025-11-01 23:50:35.000000,139.9,4,4,RECONCILIATION SUCCESSFUL,INTEGRITY VERIFIED,INTEGRITY VERIFIED
42265,33720,2026-03-27 21:43:49.000000,89.94,3,3,RECONCILIATION SUCCESSFUL,INTEGRITY VERIFIED,INTEGRITY VERIFIED
1211,962,2026-06-10 20:23:34.000000,15.99,1,1,RECONCILIATION SUCCESSFUL,INTEGRITY VERIFIED,INTEGRITY VERIFIED
93398,74848,2024-03-14 03:19:39.000000,261.99,2,2,RECONCILIATION SUCCESSFUL,INTEGRITY VERIFIED,INTEGRITY VERIFIED
95915,76892,2026-01-14 19:35:30.000000,80.94,2,2,RECONCILIATION SUCCESSFUL,INTEGRITY VERIFIED,INTEGRITY VERIFIED
35597,28409,2023-11-04 21:27:31.000000,71.21,2,2,RECONCILIATION SUCCESSFUL,INTEGRITY VERIFIED,INTEGRITY VERIFIED
80129,64054,2026-06-08 22:48:09.000000,74.82,3,3,RECONCILIATION SUCCESSFUL,INTEGRITY VERIFIED,INTEGRITY VERIFIED
95063,76192,2026-06-09 09:58:50.000000,296.92,4,4,RECONCILIATION SUCCESSFUL,INTEGRITY VERIFIED,INTEGRITY VERIFIED
97479,78140,2024-12-28 23:51:48.000000,16.99,1,1,RECONCILIATION SUCCESSFUL,INTEGRITY VERIFIED,INTEGRITY VERIFIED
97462,78126,2024-03-11 12:14:05.000000,67.0,2,2,RECONCILIATION SUCCESSFUL,INTEGRITY VERIFIED,INTEGRITY VERIFIED
15722,12549,2025-01-01 19:40:55.000000,80.99,4,4,RECONCILIATION SUCCESSFUL,INTEGRITY VERIFIED,INTEGRITY VERIFIED
87699,70181,2026-05-19 14:01:07.000000,17.05,1,1,RECONCILIATION SUCCESSFUL,INTEGRITY VERIFIED,INTEGRITY VERIFIED
121157,96985,2026-04-12 15:40:49.000000,49.77,2,2,RECONCILIATION SUCCESSFUL,INTEGRITY VERIFIED,INTEGRITY VERIFIED
60737,48501,2025-06-05 13:59:52.000000,18.0,1,1,RECONCILIATION SUCCESSFUL,INTEGRITY VERIFIED,INTEGRITY VERIFIED
69765,55793,2026-02-24 05:14:21.000000,18.0,1,1,RECONCILIATION SUCCESSFUL,INTEGRITY VERIFIED,INTEGRITY VERIFIED
3340,2655,2021-03-06 09:52:52.000000,118.27,4,4,RECONCILIATION SUCCESSFUL,INTEGRITY VERIFIED,INTEGRITY VERIFIED
75187,60127,2019-06-06 11:33:29.000000,493.67,4,4,RECONCILIATION SUCCESSFUL,INTEGRITY VERIFIED,INTEGRITY VERIFIED
117018,93700,2020-01-21 16:26:43.000000,18.0,1,1,RECONCILIATION SUCCESSFUL,INTEGRITY VERIFIED,INTEGRITY VERIFIED
60667,48449,2023-08-03 05:02:02.000000,166.65,4,4,RECONCILIATION SUCCESSFUL,INTEGRITY VERIFIED,INTEGRITY VERIFIED
31376,25066,2023-10-31 04:08:41.000000,18.95,1,1,RECONCILIATION SUCCESSFUL,INTEGRITY VERIFIED,INTEGRITY VERIFIED
34552,27582,2026-06-06 16:44:02.000000,38.45,2,2,RECONCILIATION SUCCESSFUL,INTEGRITY VERIFIED,INTEGRITY VERIFIED
48755,38913,2025-12-30 04:25:21.000000,377.49,4,4,RECONCILIATION SUCCESSFUL,INTEGRITY VERIFIED,INTEGRITY VERIFIED
53918,43058,2024-04-10 01:14:41.000000,145.69,3,3,RECONCILIATION SUCCESSFUL,INTEGRITY VERIFIED,INTEGRITY VERIFIED
61976,49505,2026-06-09 10:53:01.000000,56.94,2,2,RECONCILIATION SUCCESSFUL,INTEGRITY VERIFIED,INTEGRITY VERIFIED
123359,98779,2023-12-10 23:22:46.000000,50.04,2,2,RECONCILIATION SUCCESSFUL,INTEGRITY VERIFIED,INTEGRITY VERIFIED
38433,30682,2021-07-05 08:18:35.000000,126.65,4,4,RECONCILIATION SUCCESSFUL,INTEGRITY VERIFIED,INTEGRITY VERIFIED
93449,74891,2026-02-03 04:57:08.000000,19.99,1,1,RECONCILIATION SUCCESSFUL,INTEGRITY VERIFIED,INTEGRITY VERIFIED
43741,34895,2023-04-05 00:53:20.000000,98.99,2,2,RECONCILIATION SUCCESSFUL,INTEGRITY VERIFIED,INTEGRITY VERIFIED
118437,94831,2025-10-22 08:50:06.000000,197.99,2,2,RECONCILIATION SUCCESSFUL,INTEGRITY VERIFIED,INTEGRITY VERIFIED
3249,2592,2026-04-18 02:27:03.000000,123.99,3,3,RECONCILIATION SUCCESSFUL,INTEGRITY VERIFIED,INTEGRITY VERIFIED
120302,96296,2025-12-12 01:33:54.000000,237.98,3,3,RECONCILIATION SUCCESSFUL,INTEGRITY VERIFIED,INTEGRITY VERIFIED
54063,43189,2026-05-01 05:09:32.000000,131.61,4,4,RECONCILIATION SUCCESSFUL,INTEGRITY VERIFIED,INTEGRITY VERIFIED
14716,11747,2025-04-29 10:49:48.000000,47.99,2,2,RECONCILIATION SUCCESSFUL,INTEGRITY VERIFIED,INTEGRITY VERIFIED
73741,58977,2026-02-03 20:59:09.000000,131.16,3,3,RECONCILIATION SUCCESSFUL,INTEGRITY VERIFIED,INTEGRITY VERIFIED
108885,87221,2022-09-08 14:26:40.000000,20.93,1,1,RECONCILIATION SUCCESSFUL,INTEGRITY VERIFIED,INTEGRITY VERIFIED
86903,69574,2026-01-15 09:44:58.000000,117.0,4,4,RECONCILIATION SUCCESSFUL,INTEGRITY VERIFIED,INTEGRITY VERIFIED
69555,55630,2024-01-04 05:35:59.000000,134.97,3,3,RECONCILIATION SUCCESSFUL,INTEGRITY VERIFIED,INTEGRITY VERIFIED
119653,95761,2026-04-09 09:14:59.000000,181.83,3,3,RECONCILIATION SUCCESSFUL,INTEGRITY VERIFIED,INTEGRITY VERIFIED
46065,36798,2024-11-26 18:11:19.000000,21.87,1,1,RECONCILIATION SUCCESSFUL,INTEGRITY VERIFIED,INTEGRITY VERIFIED
112783,90282,2023-07-22 20:06:23.000000,21.87,1,1,RECONCILIATION SUCCESSFUL,INTEGRITY VERIFIED,INTEGRITY VERIFIED
43273,34532,2026-06-15 14:21:47.555299,96.9,2,2,RECONCILIATION SUCCESSFUL,INTEGRITY VERIFIED,INTEGRITY VERIFIED
116615,93358,2026-03-01 17:17:09.000000,43.95,2,2,RECONCILIATION SUCCESSFUL,INTEGRITY VERIFIED,INTEGRITY VERIFIED
58600,46828,2022-08-06 20:23:02.000000,72.43,3,3,RECONCILIATION SUCCESSFUL,INTEGRITY VERIFIED,INTEGRITY VERIFIED
118130,94578,2026-04-25 17:41:46.000000,21.99,1,1,RECONCILIATION SUCCESSFUL,INTEGRITY VERIFIED,INTEGRITY VERIFIED
66879,53474,2025-01-10 07:53:55.000000,46.99,2,2,RECONCILIATION SUCCESSFUL,INTEGRITY VERIFIED,INTEGRITY VERIFIED
70417,56316,2024-04-10 09:45:06.000000,133.68,4,4,RECONCILIATION SUCCESSFUL,INTEGRITY VERIFIED,INTEGRITY VERIFIED
92901,74429,2024-09-27 23:43:21.000000,21.99,1,1,RECONCILIATION SUCCESSFUL,INTEGRITY VERIFIED,INTEGRITY VERIFIED
75227,60162,2024-12-18 12:52:39.000000,21.99,1,1,RECONCILIATION SUCCESSFUL,INTEGRITY VERIFIED,INTEGRITY VERIFIED
35034,27980,2022-12-28 06:31:54.000000,77.0,2,2,RECONCILIATION SUCCESSFUL,INTEGRITY VERIFIED,INTEGRITY VERIFIED
82761,66221,2024-07-02 21:16:56.000000,22.45,1,1,RECONCILIATION SUCCESSFUL,INTEGRITY VERIFIED,INTEGRITY VERIFIED
47117,37653,2023-05-15 00:51:21.000000,162.5,3,3,RECONCILIATION SUCCESSFUL,INTEGRITY VERIFIED,INTEGRITY VERIFIED
19075,15228,2025-08-25 16:50:15.000000,46.73,2,2,RECONCILIATION SUCCESSFUL,INTEGRITY VERIFIED,INTEGRITY VERIFIED
15075,12027,2021-07-18 14:14:02.000000,283.42,4,4,RECONCILIATION SUCCESSFUL,INTEGRITY VERIFIED,INTEGRITY VERIFIED
86516,69277,2026-02-22 15:26:55.000000,442.96,4,4,RECONCILIATION SUCCESSFUL,INTEGRITY VERIFIED,INTEGRITY VERIFIED
99927,80162,2025-03-16 22:55:48.000000,445.9,4,4,RECONCILIATION SUCCESSFUL,INTEGRITY VERIFIED,INTEGRITY VERIFIED
88284,70627,2023-02-27 12:46:31.000000,276.22,4,4,RECONCILIATION SUCCESSFUL,INTEGRITY VERIFIED,INTEGRITY VERIFIED
123964,99264,2023-12-31 03:00:18.000000,67.5,2,2,RECONCILIATION SUCCESSFUL,INTEGRITY VERIFIED,INTEGRITY VERIFIED
67795,54254,2024-04-28 19:01:18.000000,23.99,1,1,RECONCILIATION SUCCESSFUL,INTEGRITY VERIFIED,INTEGRITY VERIFIED
30024,23978,2025-07-04 03:31:25.000000,73.99,2,2,RECONCILIATION SUCCESSFUL,INTEGRITY VERIFIED,INTEGRITY VERIFIED
32688,26107,2024-10-07 21:16:11.000000,63.98,2,2,RECONCILIATION SUCCESSFUL,INTEGRITY VERIFIED,INTEGRITY VERIFIED
32117,25645,2023-03-22 04:38:59.000000,118.99,2,2,RECONCILIATION SUCCESSFUL,INTEGRITY VERIFIED,INTEGRITY VERIFIED
73244,58588,2025-07-16 15:41:54.000000,23.99,1,1,RECONCILIATION SUCCESSFUL,INTEGRITY VERIFIED,INTEGRITY VERIFIED
124479,99666,2023-10-28 23:33:08.000000,316.06,4,4,RECONCILIATION SUCCESSFUL,INTEGRITY VERIFIED,INTEGRITY VERIFIED
31577,25231,2026-04-05 07:19:16.000000,181.75,4,4,RECONCILIATION SUCCESSFUL,INTEGRITY VERIFIED,INTEGRITY VERIFIED
21558,17224,2024-12-13 08:33:37.000000,24.74,1,1,RECONCILIATION SUCCESSFUL,INTEGRITY VERIFIED,INTEGRITY VERIFIED
47687,38085,2024-10-06 20:49:31.000000,24.98,1,1,RECONCILIATION SUCCESSFUL,INTEGRITY VERIFIED,INTEGRITY VERIFIED
93431,74877,2026-02-06 18:07:41.000000,24.98,1,1,RECONCILIATION SUCCESSFUL,INTEGRITY VERIFIED,INTEGRITY VERIFIED
74907,59894,2026-01-28 07:06:05.000000,223.95,4,4,RECONCILIATION SUCCESSFUL,INTEGRITY VERIFIED,INTEGRITY VERIFIED
122430,98030,2022-07-06 14:11:10.000000,152.46,4,4,RECONCILIATION SUCCESSFUL,INTEGRITY VERIFIED,INTEGRITY VERIFIED
15636,12487,2022-05-31 00:40:00.000000,102.99,2,2,RECONCILIATION SUCCESSFUL,INTEGRITY VERIFIED,INTEGRITY VERIFIED
85278,68229,2025-08-09 20:44:32.000000,464.94,3,3,RECONCILIATION SUCCESSFUL,INTEGRITY VERIFIED,INTEGRITY VERIFIED
104920,84090,2026-06-16 04:29:46.017189,64.94,2,2,RECONCILIATION SUCCESSFUL,INTEGRITY VERIFIED,INTEGRITY VERIFIED
3042,2429,2020-11-11 03:20:44.000000,253.99,2,2,RECONCILIATION SUCCESSFUL,INTEGRITY VERIFIED,INTEGRITY VERIFIED
39624,31644,2024-11-19 01:31:01.000000,139.73,3,3,RECONCILIATION SUCCESSFUL,INTEGRITY VERIFIED,INTEGRITY VERIFIED
62894,50251,2022-10-06 20:08:52.000000,55.88,2,2,RECONCILIATION SUCCESSFUL,INTEGRITY VERIFIED,INTEGRITY VERIFIED
37761,30143,2025-12-07 17:03:05.000000,25.0,1,1,RECONCILIATION SUCCESSFUL,INTEGRITY VERIFIED,INTEGRITY VERIFIED
71729,57365,2026-02-12 14:49:19.000000,25.0,1,1,RECONCILIATION SUCCESSFUL,INTEGRITY VERIFIED,INTEGRITY VERIFIED
89310,71473,2022-06-24 05:21:10.000000,25.0,1,1,RECONCILIATION SUCCESSFUL,INTEGRITY VERIFIED,INTEGRITY VERIFIED
11976,9532,2024-09-07 06:53:57.000000,334.92,4,4,RECONCILIATION SUCCESSFUL,INTEGRITY VERIFIED,INTEGRITY VERIFIED
43505,34719,2025-06-30 10:00:45.000000,108.84,2,2,RECONCILIATION SUCCESSFUL,INTEGRITY VERIFIED,INTEGRITY VERIFIED
78664,62881,2023-11-16 09:29:07.000000,144.45,4,4,RECONCILIATION SUCCESSFUL,INTEGRITY VERIFIED,INTEGRITY VERIFIED
105456,84529,2026-06-15 15:35:08.886119,25.0,1,1,RECONCILIATION SUCCESSFUL,INTEGRITY VERIFIED,INTEGRITY VERIFIED
106351,85247,2025-06-27 14:56:14.000000,84.5,2,2,RECONCILIATION SUCCESSFUL,INTEGRITY VERIFIED,INTEGRITY VERIFIED
110168,88248,2024-02-18 14:31:11.000000,25.0,1,1,RECONCILIATION SUCCESSFUL,INTEGRITY VERIFIED,INTEGRITY VERIFIED
119418,95574,2025-03-10 12:13:14.000000,74.99,2,2,RECONCILIATION SUCCESSFUL,INTEGRITY VERIFIED,INTEGRITY VERIFIED
36891,29443,2024-04-08 11:41:38.000000,25.0,1,1,RECONCILIATION SUCCESSFUL,INTEGRITY VERIFIED,INTEGRITY VERIFIED
47001,37553,2026-06-16 00:45:08.281971,94.5,2,2,RECONCILIATION SUCCESSFUL,INTEGRITY VERIFIED,INTEGRITY VERIFIED
48762,38921,2026-06-06 19:39:12.000000,25.0,1,1,RECONCILIATION SUCCESSFUL,INTEGRITY VERIFIED,INTEGRITY VERIFIED
15558,12422,2025-10-12 14:09:05.000000,25.0,1,1,RECONCILIATION SUCCESSFUL,INTEGRITY VERIFIED,INTEGRITY VERIFIED
50110,40025,2023-11-21 22:26:03.000000,151.0,2,2,RECONCILIATION SUCCESSFUL,INTEGRITY VERIFIED,INTEGRITY VERIFIED
65701,52474,2023-09-21 13:02:32.000000,62.99,2,2,RECONCILIATION SUCCESSFUL,INTEGRITY VERIFIED,INTEGRITY VERIFIED
104178,83487,2022-01-31 23:03:19.000000,50.0,2,2,RECONCILIATION SUCCESSFUL,INTEGRITY VERIFIED,INTEGRITY VERIFIED
105327,84428,2025-08-16 02:28:06.000000,25.0,1,1,RECONCILIATION SUCCESSFUL,INTEGRITY VERIFIED,INTEGRITY VERIFIED
115802,92708,2025-09-11 10:11:12.000000,59.95,2,2,RECONCILIATION SUCCESSFUL,INTEGRITY VERIFIED,INTEGRITY VERIFIED
76293,60997,2026-02-28 05:21:37.000000,25.08,1,1,RECONCILIATION SUCCESSFUL,INTEGRITY VERIFIED,INTEGRITY VERIFIED
9480,7558,2024-09-01 19:52:01.000000,129.93,3,3,RECONCILIATION SUCCESSFUL,INTEGRITY VERIFIED,INTEGRITY VERIFIED
7669,6140,2026-05-11 04:24:31.000000,104.52,2,2,RECONCILIATION SUCCESSFUL,INTEGRITY VERIFIED,INTEGRITY VERIFIED
45137,36026,2024-06-09 19:55:12.000000,25.52,1,1,RECONCILIATION SUCCESSFUL,INTEGRITY VERIFIED,INTEGRITY VERIFIED
113513,90870,2022-12-04 07:52:50.000000,59.95,2,2,RECONCILIATION SUCCESSFUL,INTEGRITY VERIFIED,INTEGRITY VERIFIED
788,628,2025-11-04 17:52:05.000000,25.98,1,1,RECONCILIATION SUCCESSFUL,INTEGRITY VERIFIED,INTEGRITY VERIFIED
44363,35389,2025-04-19 11:13:11.000000,111.9,2,2,RECONCILIATION SUCCESSFUL,INTEGRITY VERIFIED,INTEGRITY VERIFIED
59270,47364,2026-05-30 06:07:20.000000,114.77,2,2,RECONCILIATION SUCCESSFUL,INTEGRITY VERIFIED,INTEGRITY VERIFIED
57441,45933,2024-05-05 22:47:35.000000,93.96,3,3,RECONCILIATION SUCCESSFUL,INTEGRITY VERIFIED,INTEGRITY VERIFIED
84164,67367,2026-06-03 02:10:44.000000,86.5,2,2,RECONCILIATION SUCCESSFUL,INTEGRITY VERIFIED,INTEGRITY VERIFIED
25973,20754,2024-03-29 16:52:15.000000,27.9,1,1,RECONCILIATION SUCCESSFUL,INTEGRITY VERIFIED,INTEGRITY VERIFIED
122361,97968,2026-03-10 07:42:06.000000,157.95,3,3,RECONCILIATION SUCCESSFUL,INTEGRITY VERIFIED,INTEGRITY VERIFIED
7712,6173,2022-01-29 23:06:21.000000,67.5,2,2,RECONCILIATION SUCCESSFUL,INTEGRITY VERIFIED,INTEGRITY VERIFIED
25071,20027,2022-11-30 14:22:45.000000,57.99,2,2,RECONCILIATION SUCCESSFUL,INTEGRITY VERIFIED,INTEGRITY VERIFIED
81385,65112,2026-05-15 12:10:30.000000,28.74,1,1,RECONCILIATION SUCCESSFUL,INTEGRITY VERIFIED,INTEGRITY VERIFIED
96036,76983,2026-06-12 07:02:45.000000,168.83,3,3,RECONCILIATION SUCCESSFUL,INTEGRITY VERIFIED,INTEGRITY VERIFIED
88282,70626,2025-11-06 13:49:29.000000,28.97,1,1,RECONCILIATION SUCCESSFUL,INTEGRITY VERIFIED,INTEGRITY VERIFIED
107677,86282,2025-06-07 09:51:11.000000,83.99,2,2,RECONCILIATION SUCCESSFUL,INTEGRITY VERIFIED,INTEGRITY VERIFIED
81724,65404,2023-10-06 20:42:46.000000,205.42,4,4,RECONCILIATION SUCCESSFUL,INTEGRITY VERIFIED,INTEGRITY VERIFIED
70337,56250,2020-03-04 14:01:11.000000,29.9,1,1,RECONCILIATION SUCCESSFUL,INTEGRITY VERIFIED,INTEGRITY VERIFIED
118257,94683,2025-08-15 10:49:05.000000,168.99,3,3,RECONCILIATION SUCCESSFUL,INTEGRITY VERIFIED,INTEGRITY VERIFIED
41021,32729,2025-11-16 01:26:58.000000,146.99,3,3,RECONCILIATION SUCCESSFUL,INTEGRITY VERIFIED,INTEGRITY VERIFIED
58387,46656,2026-04-05 08:43:58.000000,119.94,3,3,RECONCILIATION SUCCESSFUL,INTEGRITY VERIFIED,INTEGRITY VERIFIED
77795,62199,2024-03-01 02:09:44.000000,129.37,3,3,RECONCILIATION SUCCESSFUL,INTEGRITY VERIFIED,INTEGRITY VERIFIED
13295,10552,2025-11-11 06:40:50.000000,109.49,2,2,RECONCILIATION SUCCESSFUL,INTEGRITY VERIFIED,INTEGRITY VERIFIED
22468,17933,2025-01-28 15:56:49.000000,171.57,4,4,RECONCILIATION SUCCESSFUL,INTEGRITY VERIFIED,INTEGRITY VERIFIED
74885,59877,2026-01-13 17:50:03.000000,87.05,2,2,RECONCILIATION SUCCESSFUL,INTEGRITY VERIFIED,INTEGRITY VERIFIED
109597,87799,2023-06-06 11:24:36.000000,30.0,1,1,RECONCILIATION SUCCESSFUL,INTEGRITY VERIFIED,INTEGRITY VERIFIED
93928,75287,2025-07-04 06:35:50.000000,195.0,2,2,RECONCILIATION SUCCESSFUL,INTEGRITY VERIFIED,INTEGRITY VERIFIED
42262,33718,2025-09-25 13:04:03.000000,217.4,3,3,RECONCILIATION SUCCESSFUL,INTEGRITY VERIFIED,INTEGRITY VERIFIED
108490,86895,2025-05-23 02:33:27.000000,86.16,2,2,RECONCILIATION SUCCESSFUL,INTEGRITY VERIFIED,INTEGRITY VERIFIED
79403,63468,2025-11-17 22:54:07.000000,68.95,2,2,RECONCILIATION SUCCESSFUL,INTEGRITY VERIFIED,INTEGRITY VERIFIED
87895,70338,2026-04-03 03:28:03.000000,64.44,2,2,RECONCILIATION SUCCESSFUL,INTEGRITY VERIFIED,INTEGRITY VERIFIED
119818,95906,2025-07-07 13:02:13.000000,67.85,2,2,RECONCILIATION SUCCESSFUL,INTEGRITY VERIFIED,INTEGRITY VERIFIED
107890,86440,2026-01-04 01:14:04.000000,88.86,2,2,RECONCILIATION SUCCESSFUL,INTEGRITY VERIFIED,INTEGRITY VERIFIED
119174,95364,2022-04-23 20:31:07.000000,79.16,2,2,RECONCILIATION SUCCESSFUL,INTEGRITY VERIFIED,INTEGRITY VERIFIED
51687,41273,2023-02-26 22:21:13.000000,32.0,1,1,RECONCILIATION SUCCESSFUL,INTEGRITY VERIFIED,INTEGRITY VERIFIED
45621,36424,2023-06-21 03:17:39.000000,32.0,1,1,RECONCILIATION SUCCESSFUL,INTEGRITY VERIFIED,INTEGRITY VERIFIED
88881,71126,2024-09-25 11:24:25.000000,32.5,1,1,RECONCILIATION SUCCESSFUL,INTEGRITY VERIFIED,INTEGRITY VERIFIED
14184,11301,2024-01-27 11:18:57.000000,32.5,1,1,RECONCILIATION SUCCESSFUL,INTEGRITY VERIFIED,INTEGRITY VERIFIED
109435,87677,2022-08-16 04:21:52.000000,847.94,4,4,RECONCILIATION SUCCESSFUL,INTEGRITY VERIFIED,INTEGRITY VERIFIED
29458,23538,2025-10-09 18:16:21.000000,32.99,1,1,RECONCILIATION SUCCESSFUL,INTEGRITY VERIFIED,INTEGRITY VERIFIED
119112,95313,2025-04-30 15:26:18.000000,75.82,2,2,RECONCILIATION SUCCESSFUL,INTEGRITY VERIFIED,INTEGRITY VERIFIED
57432,45925,2025-12-13 20:43:57.000000,318.62,4,4,RECONCILIATION SUCCESSFUL,INTEGRITY VERIFIED,INTEGRITY VERIFIED
66699,53328,2021-09-29 04:55:48.000000,153.97,3,3,RECONCILIATION SUCCESSFUL,INTEGRITY VERIFIED,INTEGRITY VERIFIED
109559,87776,2026-06-03 02:42:57.000000,88.97,2,2,RECONCILIATION SUCCESSFUL,INTEGRITY VERIFIED,INTEGRITY VERIFIED
24455,19527,2024-06-05 00:54:11.000000,34.0,1,1,RECONCILIATION SUCCESSFUL,INTEGRITY VERIFIED,INTEGRITY VERIFIED
31970,25536,2025-11-02 12:03:25.000000,124.5,2,2,RECONCILIATION SUCCESSFUL,INTEGRITY VERIFIED,INTEGRITY VERIFIED
95537,76581,2024-04-08 02:30:20.000000,34.5,1,1,RECONCILIATION SUCCESSFUL,INTEGRITY VERIFIED,INTEGRITY VERIFIED
50941,40684,2026-04-10 12:25:00.000000,398.46,4,4,RECONCILIATION SUCCESSFUL,INTEGRITY VERIFIED,INTEGRITY VERIFIED
48935,39058,2025-01-15 07:39:49.000000,90.49,2,2,RECONCILIATION SUCCESSFUL,INTEGRITY VERIFIED,INTEGRITY VERIFIED
4779,3786,2025-10-31 22:19:52.000000,732.99,2,2,RECONCILIATION SUCCESSFUL,INTEGRITY VERIFIED,INTEGRITY VERIFIED
77409,61875,2023-11-03 23:56:00.000000,159.99,3,3,RECONCILIATION SUCCESSFUL,INTEGRITY VERIFIED,INTEGRITY VERIFIED
88259,70605,2025-06-21 21:08:01.000000,35.0,1,1,RECONCILIATION SUCCESSFUL,INTEGRITY VERIFIED,INTEGRITY VERIFIED
40508,32342,2020-01-03 20:09:27.000000,35.0,1,1,RECONCILIATION SUCCESSFUL,INTEGRITY VERIFIED,INTEGRITY VERIFIED
58483,46733,2025-12-21 19:45:39.000000,261.22,4,4,RECONCILIATION SUCCESSFUL,INTEGRITY VERIFIED,INTEGRITY VERIFIED
59973,47904,2025-04-13 15:54:46.000000,289.11,4,4,RECONCILIATION SUCCESSFUL,INTEGRITY VERIFIED,INTEGRITY VERIFIED
65621,52414,2025-12-31 14:08:28.000000,37.89,1,1,RECONCILIATION SUCCESSFUL,INTEGRITY VERIFIED,INTEGRITY VERIFIED
30529,24370,2021-11-11 16:02:22.000000,87.49,2,2,RECONCILIATION SUCCESSFUL,INTEGRITY VERIFIED,INTEGRITY VERIFIED
31894,25473,2025-12-16 07:39:27.000000,233.99,2,2,RECONCILIATION SUCCESSFUL,INTEGRITY VERIFIED,INTEGRITY VERIFIED
103103,82671,2019-09-29 20:55:24.000000,176.99,3,3,RECONCILIATION SUCCESSFUL,INTEGRITY VERIFIED,INTEGRITY VERIFIED
19402,15484,2024-11-10 03:21:48.000000,208.97,2,2,RECONCILIATION SUCCESSFUL,INTEGRITY VERIFIED,INTEGRITY VERIFIED
81954,65583,2026-03-14 14:17:39.000000,257.94,4,4,RECONCILIATION SUCCESSFUL,INTEGRITY VERIFIED,INTEGRITY VERIFIED
84628,67709,2024-04-16 18:47:12.000000,38.0,1,1,RECONCILIATION SUCCESSFUL,INTEGRITY VERIFIED,INTEGRITY VERIFIED
122709,98256,2024-08-11 02:21:48.000000,38.0,1,1,RECONCILIATION SUCCESSFUL,INTEGRITY VERIFIED,INTEGRITY VERIFIED
46668,37291,2026-05-07 11:59:34.000000,129.4,2,2,RECONCILIATION SUCCESSFUL,INTEGRITY VERIFIED,INTEGRITY VERIFIED
98408,78905,2022-03-20 09:24:56.000000,143.3,2,2,RECONCILIATION SUCCESSFUL,INTEGRITY VERIFIED,INTEGRITY VERIFIED
118842,95133,2026-06-15 02:43:04.000000,39.5,1,1,RECONCILIATION SUCCESSFUL,INTEGRITY VERIFIED,INTEGRITY VERIFIED
51863,41407,2025-03-02 12:45:18.000000,167.49,2,2,RECONCILIATION SUCCESSFUL,INTEGRITY VERIFIED,INTEGRITY VERIFIED
26145,20883,2022-12-05 14:03:08.000000,123.99,2,2,RECONCILIATION SUCCESSFUL,INTEGRITY VERIFIED,INTEGRITY VERIFIED
30299,24191,2024-03-08 04:44:46.000000,39.99,1,1,RECONCILIATION SUCCESSFUL,INTEGRITY VERIFIED,INTEGRITY VERIFIED
61632,49231,2025-09-15 13:34:27.000000,39.99,1,1,RECONCILIATION SUCCESSFUL,INTEGRITY VERIFIED,INTEGRITY VERIFIED
2704,2156,2025-11-08 17:48:46.000000,39.99,1,1,RECONCILIATION SUCCESSFUL,INTEGRITY VERIFIED,INTEGRITY VERIFIED
825,665,2024-02-06 18:18:59.000000,39.99,1,1,RECONCILIATION SUCCESSFUL,INTEGRITY VERIFIED,INTEGRITY VERIFIED
37046,29577,2023-07-25 06:16:28.000000,39.99,1,1,RECONCILIATION SUCCESSFUL,INTEGRITY VERIFIED,INTEGRITY VERIFIED
21009,16798,2020-07-27 23:24:56.000000,175.59,2,2,RECONCILIATION SUCCESSFUL,INTEGRITY VERIFIED,INTEGRITY VERIFIED
83788,67048,2026-06-16 00:46:00.075197,40.6,1,1,RECONCILIATION SUCCESSFUL,INTEGRITY VERIFIED,INTEGRITY VERIFIED
105701,84721,2026-04-10 19:13:56.000000,83.0,2,2,RECONCILIATION SUCCESSFUL,INTEGRITY VERIFIED,INTEGRITY VERIFIED
108555,86943,2025-09-17 15:07:07.000000,233.13,3,3,RECONCILIATION SUCCESSFUL,INTEGRITY VERIFIED,INTEGRITY VERIFIED
29490,23565,2021-08-15 19:59:55.000000,41.8,1,1,RECONCILIATION SUCCESSFUL,INTEGRITY VERIFIED,INTEGRITY VERIFIED
722,583,2023-06-03 08:59:48.000000,156.71,2,2,RECONCILIATION SUCCESSFUL,INTEGRITY VERIFIED,INTEGRITY VERIFIED
11824,9393,2025-09-15 05:05:47.000000,42.0,1,1,RECONCILIATION SUCCESSFUL,INTEGRITY VERIFIED,INTEGRITY VERIFIED
59219,47324,2025-12-21 07:34:53.000000,42.01,1,1,RECONCILIATION SUCCESSFUL,INTEGRITY VERIFIED,INTEGRITY VERIFIED
108794,87136,2026-04-25 06:50:47.000000,42.01,1,1,RECONCILIATION SUCCESSFUL,INTEGRITY VERIFIED,INTEGRITY VERIFIED
88508,70808,2025-04-09 22:49:04.000000,190.5,2,2,RECONCILIATION SUCCESSFUL,INTEGRITY VERIFIED,INTEGRITY VERIFIED
39010,31170,2025-03-27 14:40:51.000000,43.15,1,1,RECONCILIATION SUCCESSFUL,INTEGRITY VERIFIED,INTEGRITY VERIFIED
57025,45585,2025-03-14 01:49:30.000000,43.2,1,1,RECONCILIATION SUCCESSFUL,INTEGRITY VERIFIED,INTEGRITY VERIFIED
63998,51137,2026-02-22 15:32:18.000000,44.0,1,1,RECONCILIATION SUCCESSFUL,INTEGRITY VERIFIED,INTEGRITY VERIFIED
109283,87561,2019-10-24 00:50:48.000000,134.94,2,2,RECONCILIATION SUCCESSFUL,INTEGRITY VERIFIED,INTEGRITY VERIFIED
50961,40706,2026-04-30 23:33:04.000000,45.0,1,1,RECONCILIATION SUCCESSFUL,INTEGRITY VERIFIED,INTEGRITY VERIFIED
59831,47794,2026-05-03 21:27:04.000000,45.0,1,1,RECONCILIATION SUCCESSFUL,INTEGRITY VERIFIED,INTEGRITY VERIFIED
68169,54550,2026-05-28 02:47:44.000000,124.95,2,2,RECONCILIATION SUCCESSFUL,INTEGRITY VERIFIED,INTEGRITY VERIFIED
17109,13610,2021-06-21 19:44:21.000000,45.0,1,1,RECONCILIATION SUCCESSFUL,INTEGRITY VERIFIED,INTEGRITY VERIFIED
113010,90475,2022-08-17 21:47:34.000000,399.99,3,3,RECONCILIATION SUCCESSFUL,INTEGRITY VERIFIED,INTEGRITY VERIFIED
58580,46811,2024-05-21 02:31:00.000000,96.0,2,2,RECONCILIATION SUCCESSFUL,INTEGRITY VERIFIED,INTEGRITY VERIFIED
5724,4530,2026-02-10 15:44:37.000000,421.45,3,3,RECONCILIATION SUCCESSFUL,INTEGRITY VERIFIED,INTEGRITY VERIFIED
111276,89120,2025-11-30 12:52:39.000000,47.0,1,1,RECONCILIATION SUCCESSFUL,INTEGRITY VERIFIED,INTEGRITY VERIFIED
123879,99199,2024-07-27 02:26:06.000000,138.44,2,2,RECONCILIATION SUCCESSFUL,INTEGRITY VERIFIED,INTEGRITY VERIFIED
4592,3627,2026-05-27 09:10:19.000000,147.99,2,2,RECONCILIATION SUCCESSFUL,INTEGRITY VERIFIED,INTEGRITY VERIFIED
104000,83364,2023-02-26 17:29:51.000000,48.0,1,1,RECONCILIATION SUCCESSFUL,INTEGRITY VERIFIED,INTEGRITY VERIFIED
21612,17258,2026-02-11 12:39:03.000000,48.0,1,1,RECONCILIATION SUCCESSFUL,INTEGRITY VERIFIED,INTEGRITY VERIFIED
50447,40327,2026-04-02 14:38:05.000000,257.46,4,4,RECONCILIATION SUCCESSFUL,INTEGRITY VERIFIED,INTEGRITY VERIFIED
69849,55857,2026-05-26 20:12:26.000000,49.5,1,1,RECONCILIATION SUCCESSFUL,INTEGRITY VERIFIED,INTEGRITY VERIFIED
104207,83510,2021-08-26 05:15:38.000000,49.5,1,1,RECONCILIATION SUCCESSFUL,INTEGRITY VERIFIED,INTEGRITY VERIFIED
113837,91135,2025-02-19 06:05:29.000000,49.5,1,1,RECONCILIATION SUCCESSFUL,INTEGRITY VERIFIED,INTEGRITY VERIFIED
6946,5539,2025-08-04 10:39:53.000000,49.5,1,1,RECONCILIATION SUCCESSFUL,INTEGRITY VERIFIED,INTEGRITY VERIFIED
69355,55468,2025-04-10 10:45:12.000000,49.99,1,1,RECONCILIATION SUCCESSFUL,INTEGRITY VERIFIED,INTEGRITY VERIFIED
35226,28124,2026-04-20 14:23:02.000000,49.99,1,1,RECONCILIATION SUCCESSFUL,INTEGRITY VERIFIED,INTEGRITY VERIFIED
55278,44163,2025-01-22 19:16:20.000000,49.99,1,1,RECONCILIATION SUCCESSFUL,INTEGRITY VERIFIED,INTEGRITY VERIFIED
113993,91274,2022-03-31 21:40:30.000000,159.99,2,2,RECONCILIATION SUCCESSFUL,INTEGRITY VERIFIED,INTEGRITY VERIFIED
119234,95433,2022-03-30 13:32:44.000000,50.0,1,1,RECONCILIATION SUCCESSFUL,INTEGRITY VERIFIED,INTEGRITY VERIFIED
119244,95441,2019-10-29 19:39:17.000000,50.0,1,1,RECONCILIATION SUCCESSFUL,INTEGRITY VERIFIED,INTEGRITY VERIFIED
5493,4339,2025-05-13 15:44:49.000000,149.94,2,2,RECONCILIATION SUCCESSFUL,INTEGRITY VERIFIED,INTEGRITY VERIFIED
25824,20631,2025-11-13 21:57:35.000000,52.0,1,1,RECONCILIATION SUCCESSFUL,INTEGRITY VERIFIED,INTEGRITY VERIFIED
38527,30758,2024-05-24 10:03:48.000000,53.02,1,1,RECONCILIATION SUCCESSFUL,INTEGRITY VERIFIED,INTEGRITY VERIFIED
89159,71344,2025-11-25 12:37:50.000000,53.02,1,1,RECONCILIATION SUCCESSFUL,INTEGRITY VERIFIED,INTEGRITY VERIFIED
24521,19580,2026-06-12 21:36:32.750531,299.0,3,3,RECONCILIATION SUCCESSFUL,INTEGRITY VERIFIED,INTEGRITY VERIFIED
38181,30467,2026-01-25 23:07:29.000000,54.0,1,1,RECONCILIATION SUCCESSFUL,INTEGRITY VERIFIED,INTEGRITY VERIFIED
33114,26421,2025-01-28 15:27:22.000000,54.5,1,1,RECONCILIATION SUCCESSFUL,INTEGRITY VERIFIED,INTEGRITY VERIFIED
81178,64941,2023-08-12 06:35:19.000000,54.98,1,1,RECONCILIATION SUCCESSFUL,INTEGRITY VERIFIED,INTEGRITY VERIFIED
23241,18574,2024-05-16 10:20:33.000000,54.98,1,1,RECONCILIATION SUCCESSFUL,INTEGRITY VERIFIED,INTEGRITY VERIFIED
33649,26851,2026-03-04 22:45:26.000000,122.98,2,2,RECONCILIATION SUCCESSFUL,INTEGRITY VERIFIED,INTEGRITY VERIFIED
100646,80694,2020-06-02 01:12:18.000000,55.0,1,1,RECONCILIATION SUCCESSFUL,INTEGRITY VERIFIED,INTEGRITY VERIFIED
36498,29124,2026-04-16 01:30:41.000000,320.0,2,2,RECONCILIATION SUCCESSFUL,INTEGRITY VERIFIED,INTEGRITY VERIFIED
122538,98119,2026-06-09 12:40:32.000000,57.0,1,1,RECONCILIATION SUCCESSFUL,INTEGRITY VERIFIED,INTEGRITY VERIFIED
37004,29542,2023-03-24 20:23:08.000000,57.5,1,1,RECONCILIATION SUCCESSFUL,INTEGRITY VERIFIED,INTEGRITY VERIFIED
78769,62951,2023-04-27 12:59:39.000000,57.5,1,1,RECONCILIATION SUCCESSFUL,INTEGRITY VERIFIED,INTEGRITY VERIFIED
106619,85457,2024-07-08 08:45:47.000000,269.95,4,4,RECONCILIATION SUCCESSFUL,INTEGRITY VERIFIED,INTEGRITY VERIFIED
103703,83135,2024-05-20 19:28:02.000000,58.5,1,1,RECONCILIATION SUCCESSFUL,INTEGRITY VERIFIED,INTEGRITY VERIFIED
45567,36376,2021-06-13 22:41:03.000000,194.45,2,2,RECONCILIATION SUCCESSFUL,INTEGRITY VERIFIED,INTEGRITY VERIFIED
5667,4483,2024-05-25 12:57:40.000000,135.06,2,2,RECONCILIATION SUCCESSFUL,INTEGRITY VERIFIED,INTEGRITY VERIFIED
56997,45564,2022-07-13 15:02:36.000000,235.5,2,2,RECONCILIATION SUCCESSFUL,INTEGRITY VERIFIED,INTEGRITY VERIFIED
70160,56116,2026-06-13 00:29:13.000000,59.5,1,1,RECONCILIATION SUCCESSFUL,INTEGRITY VERIFIED,INTEGRITY VERIFIED
23857,19060,2025-12-10 04:53:38.000000,219.49,2,2,RECONCILIATION SUCCESSFUL,INTEGRITY VERIFIED,INTEGRITY VERIFIED
120070,96117,2021-02-10 17:22:42.000000,62.0,1,1,RECONCILIATION SUCCESSFUL,INTEGRITY VERIFIED,INTEGRITY VERIFIED
38929,31103,2025-01-27 17:30:44.000000,62.36,1,1,RECONCILIATION SUCCESSFUL,INTEGRITY VERIFIED,INTEGRITY VERIFIED
93963,75319,2023-08-15 08:53:02.000000,249.96,2,2,RECONCILIATION SUCCESSFUL,INTEGRITY VERIFIED,INTEGRITY VERIFIED
102755,82385,2023-02-08 20:50:05.000000,165.16,2,2,RECONCILIATION SUCCESSFUL,INTEGRITY VERIFIED,INTEGRITY VERIFIED
71295,57022,2024-08-01 13:25:50.000000,64.5,1,1,RECONCILIATION SUCCESSFUL,INTEGRITY VERIFIED,INTEGRITY VERIFIED
34913,27892,2024-08-19 22:08:05.000000,64.95,1,1,RECONCILIATION SUCCESSFUL,INTEGRITY VERIFIED,INTEGRITY VERIFIED
39383,31459,2021-03-06 17:24:50.000000,65.0,1,1,RECONCILIATION SUCCESSFUL,INTEGRITY VERIFIED,INTEGRITY VERIFIED
73671,58924,2026-04-13 19:53:15.000000,65.0,1,1,RECONCILIATION SUCCESSFUL,INTEGRITY VERIFIED,INTEGRITY VERIFIED
2583,2056,2020-02-18 09:48:58.000000,66.0,1,1,RECONCILIATION SUCCESSFUL,INTEGRITY VERIFIED,INTEGRITY VERIFIED
122578,98154,2026-06-14 16:32:06.751244,154.95,2,2,RECONCILIATION SUCCESSFUL,INTEGRITY VERIFIED,INTEGRITY VERIFIED
4253,3370,2024-04-13 21:33:23.000000,136.0,2,2,RECONCILIATION SUCCESSFUL,INTEGRITY VERIFIED,INTEGRITY VERIFIED
73309,58642,2026-02-20 00:56:18.000000,67.98,1,1,RECONCILIATION SUCCESSFUL,INTEGRITY VERIFIED,INTEGRITY VERIFIED
45349,36196,2025-08-28 09:42:06.000000,68.0,1,1,RECONCILIATION SUCCESSFUL,INTEGRITY VERIFIED,INTEGRITY VERIFIED
110636,88603,2025-09-14 02:32:11.000000,68.96,1,1,RECONCILIATION SUCCESSFUL,INTEGRITY VERIFIED,INTEGRITY VERIFIED
38424,30675,2023-07-09 17:23:26.000000,147.96,2,2,RECONCILIATION SUCCESSFUL,INTEGRITY VERIFIED,INTEGRITY VERIFIED
22559,18016,2026-03-24 02:28:53.000000,69.0,1,1,RECONCILIATION SUCCESSFUL,INTEGRITY VERIFIED,INTEGRITY VERIFIED
124553,99718,2022-04-30 12:26:52.000000,69.5,1,1,RECONCILIATION SUCCESSFUL,INTEGRITY VERIFIED,INTEGRITY VERIFIED
87928,70357,2026-05-07 17:14:29.000000,70.0,1,1,RECONCILIATION SUCCESSFUL,INTEGRITY VERIFIED,INTEGRITY VERIFIED
123349,98772,2025-04-23 21:16:13.000000,74.0,1,1,RECONCILIATION SUCCESSFUL,INTEGRITY VERIFIED,INTEGRITY VERIFIED
95992,76952,2024-04-27 09:05:19.000000,171.0,2,2,RECONCILIATION SUCCESSFUL,INTEGRITY VERIFIED,INTEGRITY VERIFIED
124715,99841,2025-04-13 14:58:46.000000,687.94,4,4,RECONCILIATION SUCCESSFUL,INTEGRITY VERIFIED,INTEGRITY VERIFIED
49028,39111,2025-01-27 03:02:40.000000,78.0,1,1,RECONCILIATION SUCCESSFUL,INTEGRITY VERIFIED,INTEGRITY VERIFIED
109305,87578,2025-04-24 09:35:26.000000,243.4,3,3,RECONCILIATION SUCCESSFUL,INTEGRITY VERIFIED,INTEGRITY VERIFIED
122678,98230,2026-01-04 09:27:21.000000,349.45,2,2,RECONCILIATION SUCCESSFUL,INTEGRITY VERIFIED,INTEGRITY VERIFIED
30805,24592,2026-01-14 06:03:18.000000,79.99,1,1,RECONCILIATION SUCCESSFUL,INTEGRITY VERIFIED,INTEGRITY VERIFIED
99689,79962,2026-03-16 11:54:06.000000,80.0,1,1,RECONCILIATION SUCCESSFUL,INTEGRITY VERIFIED,INTEGRITY VERIFIED
87249,69837,2022-12-18 09:52:26.000000,80.99,1,1,RECONCILIATION SUCCESSFUL,INTEGRITY VERIFIED,INTEGRITY VERIFIED
74878,59872,2025-10-12 13:23:47.000000,201.7,2,2,RECONCILIATION SUCCESSFUL,INTEGRITY VERIFIED,INTEGRITY VERIFIED
206,171,2024-04-07 23:38:22.000000,85.0,1,1,RECONCILIATION SUCCESSFUL,INTEGRITY VERIFIED,INTEGRITY VERIFIED
46394,37061,2025-06-02 18:08:09.000000,88.0,1,1,RECONCILIATION SUCCESSFUL,INTEGRITY VERIFIED,INTEGRITY VERIFIED
94474,75726,2025-04-12 15:20:59.000000,89.5,1,1,RECONCILIATION SUCCESSFUL,INTEGRITY VERIFIED,INTEGRITY VERIFIED
30339,24225,2025-01-28 00:25:53.000000,89.99,1,1,RECONCILIATION SUCCESSFUL,INTEGRITY VERIFIED,INTEGRITY VERIFIED
118584,94933,2022-02-02 01:42:02.000000,90.45,1,1,RECONCILIATION SUCCESSFUL,INTEGRITY VERIFIED,INTEGRITY VERIFIED
120951,96827,2026-06-12 17:18:27.000000,98.75,1,1,RECONCILIATION SUCCESSFUL,INTEGRITY VERIFIED,INTEGRITY VERIFIED
5829,4617,2021-07-26 03:53:17.000000,99.99,1,1,RECONCILIATION SUCCESSFUL,INTEGRITY VERIFIED,INTEGRITY VERIFIED
47712,38105,2025-12-07 19:27:58.000000,109.0,1,1,RECONCILIATION SUCCESSFUL,INTEGRITY VERIFIED,INTEGRITY VERIFIED
75834,60654,2023-01-13 11:05:28.000000,264.99,2,2,RECONCILIATION SUCCESSFUL,INTEGRITY VERIFIED,INTEGRITY VERIFIED
32839,26217,2026-05-31 08:29:03.000000,119.05,1,1,RECONCILIATION SUCCESSFUL,INTEGRITY VERIFIED,INTEGRITY VERIFIED
93112,74588,2025-11-15 04:50:22.000000,129.99,1,1,RECONCILIATION SUCCESSFUL,INTEGRITY VERIFIED,INTEGRITY VERIFIED
80,61,2021-03-21 14:39:15.000000,133.0,1,1,RECONCILIATION SUCCESSFUL,INTEGRITY VERIFIED,INTEGRITY VERIFIED
1760,1404,2019-12-05 06:41:10.000000,140.0,1,1,RECONCILIATION SUCCESSFUL,INTEGRITY VERIFIED,INTEGRITY VERIFIED
123111,98577,2025-01-16 04:25:44.000000,142.78,1,1,RECONCILIATION SUCCESSFUL,INTEGRITY VERIFIED,INTEGRITY VERIFIED
113925,91211,2024-10-22 05:10:44.000000,147.5,1,1,RECONCILIATION SUCCESSFUL,INTEGRITY VERIFIED,INTEGRITY VERIFIED
92925,74444,2025-04-21 17:14:03.000000,148.0,1,1,RECONCILIATION SUCCESSFUL,INTEGRITY VERIFIED,INTEGRITY VERIFIED
12906,10244,2025-12-19 15:27:05.000000,149.0,1,1,RECONCILIATION SUCCESSFUL,INTEGRITY VERIFIED,INTEGRITY VERIFIED
56643,45257,2025-12-12 11:26:38.000000,322.0,2,2,RECONCILIATION SUCCESSFUL,INTEGRITY VERIFIED,INTEGRITY VERIFIED
8612,6882,2025-02-27 04:59:59.000000,158.0,1,1,RECONCILIATION SUCCESSFUL,INTEGRITY VERIFIED,INTEGRITY VERIFIED
44310,35347,2025-07-16 20:19:23.000000,162.0,1,1,RECONCILIATION SUCCESSFUL,INTEGRITY VERIFIED,INTEGRITY VERIFIED
68732,54989,2026-05-14 08:37:15.000000,171.0,1,1,RECONCILIATION SUCCESSFUL,INTEGRITY VERIFIED,INTEGRITY VERIFIED
7581,6062,2022-06-23 22:30:37.000000,171.95,1,1,RECONCILIATION SUCCESSFUL,INTEGRITY VERIFIED,INTEGRITY VERIFIED
116228,93057,2024-01-10 09:45:26.000000,176.0,1,1,RECONCILIATION SUCCESSFUL,INTEGRITY VERIFIED,INTEGRITY VERIFIED
24987,19961,2021-09-01 21:41:46.000000,176.0,1,1,RECONCILIATION SUCCESSFUL,INTEGRITY VERIFIED,INTEGRITY VERIFIED
22654,18087,2023-09-24 03:24:46.000000,178.0,1,1,RECONCILIATION SUCCESSFUL,INTEGRITY VERIFIED,INTEGRITY VERIFIED
113470,90838,2025-05-19 02:13:38.000000,178.0,1,1,RECONCILIATION SUCCESSFUL,INTEGRITY VERIFIED,INTEGRITY VERIFIED
103746,83166,2024-04-18 03:38:26.000000,357.0,2,2,RECONCILIATION SUCCESSFUL,INTEGRITY VERIFIED,INTEGRITY VERIFIED
15224,12140,2025-05-22 09:52:16.000000,185.0,1,1,RECONCILIATION SUCCESSFUL,INTEGRITY VERIFIED,INTEGRITY VERIFIED
60859,48594,2026-04-18 15:36:11.000000,194.0,1,1,RECONCILIATION SUCCESSFUL,INTEGRITY VERIFIED,INTEGRITY VERIFIED
97446,78113,2024-06-03 03:57:32.000000,195.0,1,1,RECONCILIATION SUCCESSFUL,INTEGRITY VERIFIED,INTEGRITY VERIFIED
63795,50980,2024-04-13 00:39:33.000000,196.0,1,1,RECONCILIATION SUCCESSFUL,INTEGRITY VERIFIED,INTEGRITY VERIFIED
19995,15963,2025-01-07 09:15:26.000000,228.0,1,1,RECONCILIATION SUCCESSFUL,INTEGRITY VERIFIED,INTEGRITY VERIFIED
107169,85894,2022-09-06 04:56:55.000000,239.99,1,1,RECONCILIATION SUCCESSFUL,INTEGRITY VERIFIED,INTEGRITY VERIFIED
113734,91049,2024-08-28 09:46:41.000000,287.64,1,1,RECONCILIATION SUCCESSFUL,INTEGRITY VERIFIED,INTEGRITY VERIFIED
105934,84898,2025-07-08 15:43:02.000000,300.0,1,1,RECONCILIATION SUCCESSFUL,INTEGRITY VERIFIED,INTEGRITY VERIFIED
99753,80017,2026-01-20 02:28:15.000000,345.0,1,1,RECONCILIATION SUCCESSFUL,INTEGRITY VERIFIED,INTEGRITY VERIFIED
55851,44634,2026-06-16 03:15:23.458149,345.99,1,1,RECONCILIATION SUCCESSFUL,INTEGRITY VERIFIED,INTEGRITY VERIFIED
111817,89536,2026-06-14 07:46:14.176529,399.0,1,1,RECONCILIATION SUCCESSFUL,INTEGRITY VERIFIED,INTEGRITY VERIFIED
26135,20876,2020-07-05 05:59:03.000000,903.0,1,1,RECONCILIATION SUCCESSFUL,INTEGRITY VERIFIED,INTEGRITY VERIFIED
-27,26400,2026-06-16 16:00:00.000000,197.0,1,1,RECONCILIATION SUCCESSFUL,INTEGRITY VERIFIED,INTEGRITY VERIFIED
-61,11688,2026-06-16 11:36:00.000000,213.0,3,3,RECONCILIATION SUCCESSFUL,INTEGRITY VERIFIED,VARIANCE DETECTED
-65,63679,2026-06-16 10:32:00.000000,67.0,2,2,RECONCILIATION SUCCESSFUL,INTEGRITY VERIFIED,INTEGRITY VERIFIED
-90,5971,2026-06-16 14:54:00.000000,176.0,1,1,RECONCILIATION SUCCESSFUL,INTEGRITY VERIFIED,INTEGRITY VERIFIED
-99,23703,2026-06-16 11:09:00.000000,220.0,2,2,RECONCILIATION SUCCESSFUL,INTEGRITY VERIFIED,VARIANCE DETECTED
-100,88062,2026-06-16 10:37:00.000000,203.0,3,3,RECONCILIATION SUCCESSFUL,INTEGRITY VERIFIED,INTEGRITY VERIFIED
-120,52030,2026-06-16 13:29:00.000000,210.0,2,2,RECONCILIATION SUCCESSFUL,INTEGRITY VERIFIED,VARIANCE DETECTED
-187,4529,2026-06-16 11:26:00.000000,228.0,3,3,RECONCILIATION SUCCESSFUL,INTEGRITY VERIFIED,VARIANCE DETECTED
-190,14104,2026-06-16 17:18:00.000000,322.0,3,3,RECONCILIATION SUCCESSFUL,INTEGRITY VERIFIED,INTEGRITY VERIFIED
-191,7391,2026-06-16 09:22:00.000000,164.0,1,1,RECONCILIATION SUCCESSFUL,INTEGRITY VERIFIED,INTEGRITY VERIFIED
-196,10052,2026-06-16 15:54:00.000000,235.0,2,2,RECONCILIATION SUCCESSFUL,INTEGRITY VERIFIED,VARIANCE DETECTED
-215,47147,2026-06-16 15:13:00.000000,139.0,1,1,RECONCILIATION SUCCESSFUL,INTEGRITY VERIFIED,INTEGRITY VERIFIED
-222,24044,2026-06-16 16:23:00.000000,207.0,2,2,RECONCILIATION SUCCESSFUL,INTEGRITY VERIFIED,INTEGRITY VERIFIED
-243,80613,2026-06-16 16:32:00.000000,189.0,3,3,RECONCILIATION SUCCESSFUL,INTEGRITY VERIFIED,VARIANCE DETECTED
-251,3409,2026-06-16 13:40:00.000000,528.0,3,3,RECONCILIATION SUCCESSFUL,INTEGRITY VERIFIED,INTEGRITY VERIFIED
-258,32524,2026-06-16 10:05:00.000000,167.0,2,2,RECONCILIATION SUCCESSFUL,INTEGRITY VERIFIED,INTEGRITY VERIFIED
-266,76307,2026-06-16 12:56:00.000000,216.0,2,2,RECONCILIATION SUCCESSFUL,INTEGRITY VERIFIED,INTEGRITY VERIFIED
-277,85518,2026-06-16 17:39:00.000000,190.0,2,2,RECONCILIATION SUCCESSFUL,INTEGRITY VERIFIED,VARIANCE DETECTED
121363,97148,2026-03-12 08:07:54.000000,31.45,2,2,RECONCILIATION SUCCESSFUL,INTEGRITY VERIFIED,INTEGRITY VERIFIED
121132,96966,2025-09-25 06:43:23.000000,50.98,3,3,RECONCILIATION SUCCESSFUL,INTEGRITY VERIFIED,INTEGRITY VERIFIED
74410,59504,2026-06-11 07:21:57.000000,253.44,4,4,RECONCILIATION SUCCESSFUL,INTEGRITY VERIFIED,INTEGRITY VERIFIED
30559,24394,2025-10-07 03:46:49.000000,6.5,1,1,RECONCILIATION SUCCESSFUL,INTEGRITY VERIFIED,INTEGRITY VERIFIED
2723,2168,2024-10-28 01:22:56.000000,30.0,2,2,RECONCILIATION SUCCESSFUL,INTEGRITY VERIFIED,INTEGRITY VERIFIED
64051,51183,2021-05-21 15:13:00.000000,18.45,2,2,RECONCILIATION SUCCESSFUL,INTEGRITY VERIFIED,INTEGRITY VERIFIED
14216,11329,2025-05-14 15:11:53.000000,24.73,2,2,RECONCILIATION SUCCESSFUL,INTEGRITY VERIFIED,INTEGRITY VERIFIED
10478,8339,2020-07-29 22:20:14.000000,6.83,1,1,RECONCILIATION SUCCESSFUL,INTEGRITY VERIFIED,INTEGRITY VERIFIED
93261,74727,2023-02-07 14:56:38.000000,163.07,3,3,RECONCILIATION SUCCESSFUL,INTEGRITY VERIFIED,INTEGRITY VERIFIED
97358,78036,2025-09-03 18:33:30.000000,122.91,3,3,RECONCILIATION SUCCESSFUL,INTEGRITY VERIFIED,INTEGRITY VERIFIED
121219,97030,2025-12-06 09:28:14.000000,6.99,1,1,RECONCILIATION SUCCESSFUL,INTEGRITY VERIFIED,INTEGRITY VERIFIED
28854,23061,2025-03-09 10:38:52.000000,64.99,2,2,RECONCILIATION SUCCESSFUL,INTEGRITY VERIFIED,INTEGRITY VERIFIED
90722,72606,2024-06-25 12:49:50.000000,84.48,4,4,RECONCILIATION SUCCESSFUL,INTEGRITY VERIFIED,INTEGRITY VERIFIED
68690,54959,2026-04-11 21:46:21.000000,140.19,3,3,RECONCILIATION SUCCESSFUL,INTEGRITY VERIFIED,INTEGRITY VERIFIED
76988,61560,2025-04-12 15:58:07.000000,287.0,4,4,RECONCILIATION SUCCESSFUL,INTEGRITY VERIFIED,INTEGRITY VERIFIED
97494,78152,2024-03-23 19:55:30.000000,66.92,2,2,RECONCILIATION SUCCESSFUL,INTEGRITY VERIFIED,INTEGRITY VERIFIED
15074,12027,2025-05-01 20:40:03.000000,76.96,3,3,RECONCILIATION SUCCESSFUL,INTEGRITY VERIFIED,INTEGRITY VERIFIED
87683,70167,2026-05-19 17:30:21.000000,34.99,2,2,RECONCILIATION SUCCESSFUL,INTEGRITY VERIFIED,INTEGRITY VERIFIED
99333,79650,2024-10-23 06:41:06.000000,192.43,4,4,RECONCILIATION SUCCESSFUL,INTEGRITY VERIFIED,INTEGRITY VERIFIED
73063,58443,2026-03-27 07:20:10.000000,39.66,3,3,RECONCILIATION SUCCESSFUL,INTEGRITY VERIFIED,INTEGRITY VERIFIED
75171,60115,2026-03-26 08:32:00.000000,82.98,4,4,RECONCILIATION SUCCESSFUL,INTEGRITY VERIFIED,INTEGRITY VERIFIED
115505,92470,2026-01-15 02:43:07.000000,10.0,1,1,RECONCILIATION SUCCESSFUL,INTEGRITY VERIFIED,INTEGRITY VERIFIED
107341,86014,2020-05-31 21:56:19.000000,179.99,2,2,RECONCILIATION SUCCESSFUL,INTEGRITY VERIFIED,INTEGRITY VERIFIED
113565,90913,2022-10-24 16:46:51.000000,10.0,1,1,RECONCILIATION SUCCESSFUL,INTEGRITY VERIFIED,INTEGRITY VERIFIED
89121,71319,2024-02-19 08:26:08.000000,40.01,2,2,RECONCILIATION SUCCESSFUL,INTEGRITY VERIFIED,INTEGRITY VERIFIED
113068,90519,2024-05-01 05:10:15.000000,84.68,4,4,RECONCILIATION SUCCESSFUL,INTEGRITY VERIFIED,INTEGRITY VERIFIED
4139,3286,2021-01-30 22:57:33.000000,181.88,3,3,RECONCILIATION SUCCESSFUL,INTEGRITY VERIFIED,INTEGRITY VERIFIED
6666,5308,2021-03-29 07:49:37.000000,10.87,1,1,RECONCILIATION SUCCESSFUL,INTEGRITY VERIFIED,INTEGRITY VERIFIED
47068,37606,2019-03-12 18:33:51.000000,120.99,2,2,RECONCILIATION SUCCESSFUL,INTEGRITY VERIFIED,INTEGRITY VERIFIED
76088,60847,2025-12-11 01:33:24.000000,10.99,1,1,RECONCILIATION SUCCESSFUL,INTEGRITY VERIFIED,INTEGRITY VERIFIED
71157,56917,2024-11-17 22:00:03.000000,38.99,3,3,RECONCILIATION SUCCESSFUL,INTEGRITY VERIFIED,INTEGRITY VERIFIED
72467,57946,2024-05-29 17:50:09.000000,141.07,2,2,RECONCILIATION SUCCESSFUL,INTEGRITY VERIFIED,INTEGRITY VERIFIED
12176,9695,2025-05-11 13:07:26.000000,11.14,1,1,RECONCILIATION SUCCESSFUL,INTEGRITY VERIFIED,INTEGRITY VERIFIED
41525,33126,2022-02-15 03:17:19.000000,53.34,2,2,RECONCILIATION SUCCESSFUL,INTEGRITY VERIFIED,INTEGRITY VERIFIED
72756,58194,2022-03-13 05:15:54.000000,122.51,4,4,RECONCILIATION SUCCESSFUL,INTEGRITY VERIFIED,INTEGRITY VERIFIED
73031,58421,2022-07-03 22:35:16.000000,92.21,3,3,RECONCILIATION SUCCESSFUL,INTEGRITY VERIFIED,INTEGRITY VERIFIED
77552,62004,2022-03-10 20:51:33.000000,52.77,3,3,RECONCILIATION SUCCESSFUL,INTEGRITY VERIFIED,INTEGRITY VERIFIED
99275,79599,2023-05-06 18:43:08.000000,96.32,3,3,RECONCILIATION SUCCESSFUL,INTEGRITY VERIFIED,INTEGRITY VERIFIED
27277,21806,2025-12-18 12:41:01.000000,66.52,2,2,RECONCILIATION SUCCESSFUL,INTEGRITY VERIFIED,INTEGRITY VERIFIED
39050,31196,2022-03-21 09:45:32.000000,11.99,1,1,RECONCILIATION SUCCESSFUL,INTEGRITY VERIFIED,INTEGRITY VERIFIED
123276,98715,2026-06-03 01:40:26.000000,99.99,2,2,RECONCILIATION SUCCESSFUL,INTEGRITY VERIFIED,INTEGRITY VERIFIED
102046,81808,2023-07-17 17:14:32.000000,294.91,4,4,RECONCILIATION SUCCESSFUL,INTEGRITY VERIFIED,INTEGRITY VERIFIED
15140,12078,2026-03-01 14:34:04.000000,98.94,2,2,RECONCILIATION SUCCESSFUL,INTEGRITY VERIFIED,INTEGRITY VERIFIED
82915,66341,2021-11-22 06:09:10.000000,161.17,4,4,RECONCILIATION SUCCESSFUL,INTEGRITY VERIFIED,INTEGRITY VERIFIED
41839,33366,2025-09-26 20:48:12.000000,65.13,2,2,RECONCILIATION SUCCESSFUL,INTEGRITY VERIFIED,INTEGRITY VERIFIED
36179,28867,2024-01-01 02:56:05.000000,12.5,1,1,RECONCILIATION SUCCESSFUL,INTEGRITY VERIFIED,INTEGRITY VERIFIED
108183,86666,2024-09-05 00:47:52.000000,206.8,3,3,RECONCILIATION SUCCESSFUL,INTEGRITY VERIFIED,INTEGRITY VERIFIED
61625,49226,2025-03-29 03:26:30.000000,49.94,2,2,RECONCILIATION SUCCESSFUL,INTEGRITY VERIFIED,INTEGRITY VERIFIED
68303,54660,2026-01-21 14:35:50.000000,102.97,3,3,RECONCILIATION SUCCESSFUL,INTEGRITY VERIFIED,INTEGRITY VERIFIED
17200,13672,2024-12-29 03:51:26.000000,58.13,2,2,RECONCILIATION SUCCESSFUL,INTEGRITY VERIFIED,INTEGRITY VERIFIED
24533,19588,2025-03-03 07:09:00.000000,312.79,2,2,RECONCILIATION SUCCESSFUL,INTEGRITY VERIFIED,INTEGRITY VERIFIED
45251,36115,2025-02-25 03:59:42.000000,145.93,4,4,RECONCILIATION SUCCESSFUL,INTEGRITY VERIFIED,INTEGRITY VERIFIED
38760,30965,2025-01-01 22:44:23.000000,158.91,4,4,RECONCILIATION SUCCESSFUL,INTEGRITY VERIFIED,INTEGRITY VERIFIED
51680,41270,2021-11-12 16:56:02.000000,85.07,3,3,RECONCILIATION SUCCESSFUL,INTEGRITY VERIFIED,INTEGRITY VERIFIED
26529,21201,2026-04-16 00:44:26.000000,14.0,1,1,RECONCILIATION SUCCESSFUL,INTEGRITY VERIFIED,INTEGRITY VERIFIED
55752,44554,2024-10-18 11:16:13.000000,73.52,2,2,RECONCILIATION SUCCESSFUL,INTEGRITY VERIFIED,INTEGRITY VERIFIED
98844,79250,2025-09-24 12:01:38.000000,14.0,1,1,RECONCILIATION SUCCESSFUL,INTEGRITY VERIFIED,INTEGRITY VERIFIED
124697,99829,2024-09-16 00:08:39.000000,34.2,2,2,RECONCILIATION SUCCESSFUL,INTEGRITY VERIFIED,INTEGRITY VERIFIED
39043,31193,2024-02-14 05:39:18.000000,139.45,2,2,RECONCILIATION SUCCESSFUL,INTEGRITY VERIFIED,INTEGRITY VERIFIED
59370,47447,2025-02-04 02:21:10.000000,14.5,1,1,RECONCILIATION SUCCESSFUL,INTEGRITY VERIFIED,INTEGRITY VERIFIED
113394,90775,2022-06-17 23:45:06.000000,14.5,1,1,RECONCILIATION SUCCESSFUL,INTEGRITY VERIFIED,INTEGRITY VERIFIED
91337,73124,2023-04-17 15:48:52.000000,92.87,2,2,RECONCILIATION SUCCESSFUL,INTEGRITY VERIFIED,INTEGRITY VERIFIED
78483,62733,2024-08-13 13:08:06.000000,14.97,1,1,RECONCILIATION SUCCESSFUL,INTEGRITY VERIFIED,INTEGRITY VERIFIED
95630,76659,2023-12-06 16:25:10.000000,157.93,4,4,RECONCILIATION SUCCESSFUL,INTEGRITY VERIFIED,INTEGRITY VERIFIED
98886,79283,2024-04-01 01:20:34.000000,213.36,4,4,RECONCILIATION SUCCESSFUL,INTEGRITY VERIFIED,INTEGRITY VERIFIED
56992,45561,2025-01-01 22:27:22.000000,214.57,4,4,RECONCILIATION SUCCESSFUL,INTEGRITY VERIFIED,INTEGRITY VERIFIED
105556,84614,2024-12-09 21:29:47.000000,14.99,1,1,RECONCILIATION SUCCESSFUL,INTEGRITY VERIFIED,INTEGRITY VERIFIED
37339,29816,2026-06-15 09:49:34.154804,14.99,1,1,RECONCILIATION SUCCESSFUL,INTEGRITY VERIFIED,INTEGRITY VERIFIED
54280,43345,2026-04-10 05:54:48.000000,250.49,4,4,RECONCILIATION SUCCESSFUL,INTEGRITY VERIFIED,INTEGRITY VERIFIED
74649,59699,2025-03-29 07:47:41.000000,14.99,1,1,RECONCILIATION SUCCESSFUL,INTEGRITY VERIFIED,INTEGRITY VERIFIED
42273,33724,2025-07-21 20:36:36.000000,44.99,2,2,RECONCILIATION SUCCESSFUL,INTEGRITY VERIFIED,INTEGRITY VERIFIED
57739,46145,2023-02-09 03:26:21.000000,15.0,1,1,RECONCILIATION SUCCESSFUL,INTEGRITY VERIFIED,INTEGRITY VERIFIED
524,435,2021-09-23 16:57:35.000000,15.0,1,1,RECONCILIATION SUCCESSFUL,INTEGRITY VERIFIED,INTEGRITY VERIFIED
600,493,2022-07-10 16:03:11.000000,15.0,1,1,RECONCILIATION SUCCESSFUL,INTEGRITY VERIFIED,INTEGRITY VERIFIED
104485,83728,2026-06-14 12:52:20.000000,337.99,4,4,RECONCILIATION SUCCESSFUL,INTEGRITY VERIFIED,INTEGRITY VERIFIED
111861,89570,2026-01-08 02:08:13.000000,40.52,2,2,RECONCILIATION SUCCESSFUL,INTEGRITY VERIFIED,INTEGRITY VERIFIED
63677,50885,2022-08-21 09:56:19.000000,75.22,2,2,RECONCILIATION SUCCESSFUL,INTEGRITY VERIFIED,INTEGRITY VERIFIED
4502,3560,2025-12-25 07:00:32.000000,156.88,4,4,RECONCILIATION SUCCESSFUL,INTEGRITY VERIFIED,INTEGRITY VERIFIED
92294,73890,2026-04-10 11:13:47.000000,15.98,1,1,RECONCILIATION SUCCESSFUL,INTEGRITY VERIFIED,INTEGRITY VERIFIED
45416,36255,2021-12-03 12:57:06.000000,16.0,1,1,RECONCILIATION SUCCESSFUL,INTEGRITY VERIFIED,INTEGRITY VERIFIED
115179,92219,2026-04-24 02:40:56.000000,564.99,4,4,RECONCILIATION SUCCESSFUL,INTEGRITY VERIFIED,INTEGRITY VERIFIED
88972,71207,2023-03-29 04:59:07.000000,16.0,1,1,RECONCILIATION SUCCESSFUL,INTEGRITY VERIFIED,INTEGRITY VERIFIED
54878,43835,2020-06-11 04:29:58.000000,195.56,3,3,RECONCILIATION SUCCESSFUL,INTEGRITY VERIFIED,INTEGRITY VERIFIED
115993,92868,2024-07-12 20:10:10.000000,81.24,2,2,RECONCILIATION SUCCESSFUL,INTEGRITY VERIFIED,INTEGRITY VERIFIED
3847,3047,2025-07-07 02:43:02.000000,16.95,1,1,RECONCILIATION SUCCESSFUL,INTEGRITY VERIFIED,INTEGRITY VERIFIED
72283,57801,2022-10-20 02:29:30.000000,41.95,2,2,RECONCILIATION SUCCESSFUL,INTEGRITY VERIFIED,INTEGRITY VERIFIED
57925,46293,2021-06-26 23:13:33.000000,235.09,4,4,RECONCILIATION SUCCESSFUL,INTEGRITY VERIFIED,INTEGRITY VERIFIED
1273,1012,2026-06-12 02:43:17.000000,76.99,2,2,RECONCILIATION SUCCESSFUL,INTEGRITY VERIFIED,INTEGRITY VERIFIED
107864,86423,2022-10-17 15:26:57.000000,17.0,1,1,RECONCILIATION SUCCESSFUL,INTEGRITY VERIFIED,INTEGRITY VERIFIED
18299,14569,2020-04-16 09:55:12.000000,17.05,1,1,RECONCILIATION SUCCESSFUL,INTEGRITY VERIFIED,INTEGRITY VERIFIED
99860,80104,2025-08-02 09:00:19.000000,17.56,1,1,RECONCILIATION SUCCESSFUL,INTEGRITY VERIFIED,INTEGRITY VERIFIED
105796,84795,2024-04-09 10:02:25.000000,136.81,4,4,RECONCILIATION SUCCESSFUL,INTEGRITY VERIFIED,INTEGRITY VERIFIED
118494,94866,2026-02-05 15:45:05.000000,56.6,3,3,RECONCILIATION SUCCESSFUL,INTEGRITY VERIFIED,INTEGRITY VERIFIED
115637,92569,2023-06-30 07:10:07.000000,233.96,4,4,RECONCILIATION SUCCESSFUL,INTEGRITY VERIFIED,INTEGRITY VERIFIED
92264,73866,2026-04-29 19:08:40.000000,52.0,2,2,RECONCILIATION SUCCESSFUL,INTEGRITY VERIFIED,INTEGRITY VERIFIED
99492,79799,2026-06-12 18:03:30.000000,18.0,1,1,RECONCILIATION SUCCESSFUL,INTEGRITY VERIFIED,INTEGRITY VERIFIED
4272,3388,2023-09-05 15:37:22.000000,97.99,2,2,RECONCILIATION SUCCESSFUL,INTEGRITY VERIFIED,INTEGRITY VERIFIED
43818,34965,2024-07-22 06:40:15.000000,68.0,2,2,RECONCILIATION SUCCESSFUL,INTEGRITY VERIFIED,INTEGRITY VERIFIED
25354,20254,2026-02-02 17:44:55.000000,160.49,4,4,RECONCILIATION SUCCESSFUL,INTEGRITY VERIFIED,INTEGRITY VERIFIED
10256,8178,2024-08-21 13:57:46.000000,18.95,1,1,RECONCILIATION SUCCESSFUL,INTEGRITY VERIFIED,INTEGRITY VERIFIED
5382,4257,2025-11-05 13:17:53.000000,18.97,1,1,RECONCILIATION SUCCESSFUL,INTEGRITY VERIFIED,INTEGRITY VERIFIED
57723,46133,2026-06-13 04:27:14.000000,18.99,1,1,RECONCILIATION SUCCESSFUL,INTEGRITY VERIFIED,INTEGRITY VERIFIED
27019,21593,2022-11-04 15:15:31.000000,351.5,4,4,RECONCILIATION SUCCESSFUL,INTEGRITY VERIFIED,INTEGRITY VERIFIED
83068,66476,2025-05-27 17:45:38.000000,68.49,2,2,RECONCILIATION SUCCESSFUL,INTEGRITY VERIFIED,INTEGRITY VERIFIED
20151,16103,2026-03-31 15:18:03.000000,144.0,3,3,RECONCILIATION SUCCESSFUL,INTEGRITY VERIFIED,INTEGRITY VERIFIED
31116,24855,2024-01-17 22:34:45.000000,19.49,1,1,RECONCILIATION SUCCESSFUL,INTEGRITY VERIFIED,INTEGRITY VERIFIED
39234,31334,2024-01-09 20:54:45.000000,73.89,3,3,RECONCILIATION SUCCESSFUL,INTEGRITY VERIFIED,INTEGRITY VERIFIED
66403,53092,2026-05-16 16:36:49.000000,96.9,3,3,RECONCILIATION SUCCESSFUL,INTEGRITY VERIFIED,INTEGRITY VERIFIED
45477,36302,2025-06-21 02:01:08.000000,322.95,4,4,RECONCILIATION SUCCESSFUL,INTEGRITY VERIFIED,INTEGRITY VERIFIED
52521,41917,2019-11-06 09:07:26.000000,139.51,4,4,RECONCILIATION SUCCESSFUL,INTEGRITY VERIFIED,INTEGRITY VERIFIED
50390,40277,2026-01-31 09:01:37.000000,62.92,2,2,RECONCILIATION SUCCESSFUL,INTEGRITY VERIFIED,INTEGRITY VERIFIED
9693,7734,2026-02-16 01:40:13.000000,45.98,2,2,RECONCILIATION SUCCESSFUL,INTEGRITY VERIFIED,INTEGRITY VERIFIED
46541,37185,2025-11-14 12:31:38.000000,87.99,2,2,RECONCILIATION SUCCESSFUL,INTEGRITY VERIFIED,INTEGRITY VERIFIED
56560,45185,2026-03-19 04:51:32.000000,194.89,3,3,RECONCILIATION SUCCESSFUL,INTEGRITY VERIFIED,INTEGRITY VERIFIED
93564,74978,2025-07-10 05:25:03.000000,19.99,1,1,RECONCILIATION SUCCESSFUL,INTEGRITY VERIFIED,INTEGRITY VERIFIED
31187,24914,2024-11-25 02:53:16.000000,41.98,2,2,RECONCILIATION SUCCESSFUL,INTEGRITY VERIFIED,INTEGRITY VERIFIED
1046,834,2026-02-10 12:46:55.000000,321.99,3,3,RECONCILIATION SUCCESSFUL,INTEGRITY VERIFIED,INTEGRITY VERIFIED
29169,23312,2026-02-16 12:27:09.000000,146.16,4,4,RECONCILIATION SUCCESSFUL,INTEGRITY VERIFIED,INTEGRITY VERIFIED
118322,94728,2024-07-26 20:37:32.000000,20.0,1,1,RECONCILIATION SUCCESSFUL,INTEGRITY VERIFIED,INTEGRITY VERIFIED
116216,93044,2024-03-15 13:56:38.000000,45.0,2,2,RECONCILIATION SUCCESSFUL,INTEGRITY VERIFIED,INTEGRITY VERIFIED
114649,91818,2026-05-20 05:24:38.000000,44.13,2,2,RECONCILIATION SUCCESSFUL,INTEGRITY VERIFIED,INTEGRITY VERIFIED
56768,45369,2024-12-14 23:08:46.000000,44.98,2,2,RECONCILIATION SUCCESSFUL,INTEGRITY VERIFIED,INTEGRITY VERIFIED
86726,69442,2020-07-22 03:18:27.000000,20.99,1,1,RECONCILIATION SUCCESSFUL,INTEGRITY VERIFIED,INTEGRITY VERIFIED
46655,37284,2025-12-22 17:00:21.000000,124.99,3,3,RECONCILIATION SUCCESSFUL,INTEGRITY VERIFIED,INTEGRITY VERIFIED
32518,25970,2023-05-24 21:55:45.000000,21.6,1,1,RECONCILIATION SUCCESSFUL,INTEGRITY VERIFIED,INTEGRITY VERIFIED
110393,88414,2026-01-11 14:53:29.000000,140.6,2,2,RECONCILIATION SUCCESSFUL,INTEGRITY VERIFIED,INTEGRITY VERIFIED
43908,35035,2025-01-09 05:21:23.000000,116.87,2,2,RECONCILIATION SUCCESSFUL,INTEGRITY VERIFIED,INTEGRITY VERIFIED
49551,39538,2024-06-23 13:55:55.000000,21.87,1,1,RECONCILIATION SUCCESSFUL,INTEGRITY VERIFIED,INTEGRITY VERIFIED
28566,22832,2026-01-06 20:49:21.000000,188.9,4,4,RECONCILIATION SUCCESSFUL,INTEGRITY VERIFIED,INTEGRITY VERIFIED
48365,38636,2020-05-09 08:01:18.000000,171.9,2,2,RECONCILIATION SUCCESSFUL,INTEGRITY VERIFIED,INTEGRITY VERIFIED
113390,90771,2026-05-27 06:01:57.000000,21.99,1,1,RECONCILIATION SUCCESSFUL,INTEGRITY VERIFIED,INTEGRITY VERIFIED
113752,91065,2025-11-19 15:45:04.000000,219.72,4,4,RECONCILIATION SUCCESSFUL,INTEGRITY VERIFIED,INTEGRITY VERIFIED
28215,22559,2026-06-16 03:49:09.374570,22.0,1,1,RECONCILIATION SUCCESSFUL,INTEGRITY VERIFIED,INTEGRITY VERIFIED
54336,43390,2022-04-18 11:34:20.000000,148.0,3,3,RECONCILIATION SUCCESSFUL,INTEGRITY VERIFIED,INTEGRITY VERIFIED
3790,3010,2026-02-12 23:19:42.000000,323.38,4,4,RECONCILIATION SUCCESSFUL,INTEGRITY VERIFIED,INTEGRITY VERIFIED
112357,89961,2026-04-05 03:52:18.000000,57.8,2,2,RECONCILIATION SUCCESSFUL,INTEGRITY VERIFIED,INTEGRITY VERIFIED
102696,82349,2025-08-22 21:40:21.000000,142.08,4,4,RECONCILIATION SUCCESSFUL,INTEGRITY VERIFIED,INTEGRITY VERIFIED
91944,73628,2025-03-31 15:11:35.000000,153.64,4,4,RECONCILIATION SUCCESSFUL,INTEGRITY VERIFIED,INTEGRITY VERIFIED
7943,6356,2025-12-29 15:55:30.000000,22.5,1,1,RECONCILIATION SUCCESSFUL,INTEGRITY VERIFIED,INTEGRITY VERIFIED
46004,36744,2025-09-15 09:56:00.000000,23.5,1,1,RECONCILIATION SUCCESSFUL,INTEGRITY VERIFIED,INTEGRITY VERIFIED
68406,54742,2026-04-16 09:54:05.000000,93.2,2,2,RECONCILIATION SUCCESSFUL,INTEGRITY VERIFIED,INTEGRITY VERIFIED
96894,77672,2019-12-09 06:39:12.000000,23.97,1,1,RECONCILIATION SUCCESSFUL,INTEGRITY VERIFIED,INTEGRITY VERIFIED
124856,99962,2026-03-23 15:05:47.000000,145.99,4,4,RECONCILIATION SUCCESSFUL,INTEGRITY VERIFIED,INTEGRITY VERIFIED
14664,11705,2024-04-20 16:26:19.000000,120.99,2,2,RECONCILIATION SUCCESSFUL,INTEGRITY VERIFIED,INTEGRITY VERIFIED
11683,9280,2025-06-02 12:00:15.000000,195.07,3,3,RECONCILIATION SUCCESSFUL,INTEGRITY VERIFIED,INTEGRITY VERIFIED
62251,49726,2023-08-07 20:47:44.000000,24.95,1,1,RECONCILIATION SUCCESSFUL,INTEGRITY VERIFIED,INTEGRITY VERIFIED
58658,46871,2024-07-15 06:53:44.000000,209.97,4,4,RECONCILIATION SUCCESSFUL,INTEGRITY VERIFIED,INTEGRITY VERIFIED
82566,66062,2025-08-18 09:29:18.000000,64.49,2,2,RECONCILIATION SUCCESSFUL,INTEGRITY VERIFIED,INTEGRITY VERIFIED
68493,54809,2025-09-11 02:20:47.000000,111.1,2,2,RECONCILIATION SUCCESSFUL,INTEGRITY VERIFIED,INTEGRITY VERIFIED
45264,36130,2022-10-14 10:09:47.000000,24.99,1,1,RECONCILIATION SUCCESSFUL,INTEGRITY VERIFIED,INTEGRITY VERIFIED
90380,72326,2025-08-19 11:54:27.000000,242.93,4,4,RECONCILIATION SUCCESSFUL,INTEGRITY VERIFIED,INTEGRITY VERIFIED
4483,3547,2026-03-21 13:04:34.000000,301.71,4,4,RECONCILIATION SUCCESSFUL,INTEGRITY VERIFIED,INTEGRITY VERIFIED
64631,51631,2024-03-21 00:54:43.000000,25.0,1,1,RECONCILIATION SUCCESSFUL,INTEGRITY VERIFIED,INTEGRITY VERIFIED
1917,1537,2024-08-23 14:26:01.000000,61.0,2,2,RECONCILIATION SUCCESSFUL,INTEGRITY VERIFIED,INTEGRITY VERIFIED
41615,33190,2022-03-02 07:16:02.000000,25.0,1,1,RECONCILIATION SUCCESSFUL,INTEGRITY VERIFIED,INTEGRITY VERIFIED
78631,62852,2021-10-02 22:25:56.000000,68.14,2,2,RECONCILIATION SUCCESSFUL,INTEGRITY VERIFIED,INTEGRITY VERIFIED
84007,67229,2024-04-09 00:19:16.000000,25.0,1,1,RECONCILIATION SUCCESSFUL,INTEGRITY VERIFIED,INTEGRITY VERIFIED
109854,88006,2024-01-13 10:54:53.000000,58.98,2,2,RECONCILIATION SUCCESSFUL,INTEGRITY VERIFIED,INTEGRITY VERIFIED
55065,43988,2025-06-22 05:16:34.000000,111.11,2,2,RECONCILIATION SUCCESSFUL,INTEGRITY VERIFIED,INTEGRITY VERIFIED
67869,54314,2025-04-25 22:12:57.000000,94.5,2,2,RECONCILIATION SUCCESSFUL,INTEGRITY VERIFIED,INTEGRITY VERIFIED
69761,55789,2026-03-07 01:30:56.000000,146.94,4,4,RECONCILIATION SUCCESSFUL,INTEGRITY VERIFIED,INTEGRITY VERIFIED
82953,66369,2026-02-12 23:32:10.000000,25.0,1,1,RECONCILIATION SUCCESSFUL,INTEGRITY VERIFIED,INTEGRITY VERIFIED
101052,81014,2021-12-27 14:31:44.000000,61.0,2,2,RECONCILIATION SUCCESSFUL,INTEGRITY VERIFIED,INTEGRITY VERIFIED
117884,94389,2025-03-18 08:05:16.000000,25.0,1,1,RECONCILIATION SUCCESSFUL,INTEGRITY VERIFIED,INTEGRITY VERIFIED
92494,74067,2023-07-05 03:09:53.000000,307.43,4,4,RECONCILIATION SUCCESSFUL,INTEGRITY VERIFIED,INTEGRITY VERIFIED
80002,63948,2025-10-14 20:01:01.000000,190.3,4,4,RECONCILIATION SUCCESSFUL,INTEGRITY VERIFIED,INTEGRITY VERIFIED
91291,73086,2025-05-04 20:50:35.000000,70.0,2,2,RECONCILIATION SUCCESSFUL,INTEGRITY VERIFIED,INTEGRITY VERIFIED
117235,93886,2026-06-15 23:29:55.864917,116.98,3,3,RECONCILIATION SUCCESSFUL,INTEGRITY VERIFIED,INTEGRITY VERIFIED
119901,95980,2026-05-04 01:10:22.000000,124.0,3,3,RECONCILIATION SUCCESSFUL,INTEGRITY VERIFIED,INTEGRITY VERIFIED
59404,47467,2022-12-28 00:49:06.000000,25.48,1,1,RECONCILIATION SUCCESSFUL,INTEGRITY VERIFIED,INTEGRITY VERIFIED
116221,93052,2021-12-06 08:02:15.000000,25.5,1,1,RECONCILIATION SUCCESSFUL,INTEGRITY VERIFIED,INTEGRITY VERIFIED
87646,70139,2023-04-16 21:11:12.000000,353.98,4,4,RECONCILIATION SUCCESSFUL,INTEGRITY VERIFIED,INTEGRITY VERIFIED
1415,1118,2026-05-22 02:36:45.000000,78.5,2,2,RECONCILIATION SUCCESSFUL,INTEGRITY VERIFIED,INTEGRITY VERIFIED
14526,11588,2024-02-03 10:06:16.000000,108.0,3,3,RECONCILIATION SUCCESSFUL,INTEGRITY VERIFIED,INTEGRITY VERIFIED
27459,21957,2025-05-20 17:27:16.000000,26.23,1,1,RECONCILIATION SUCCESSFUL,INTEGRITY VERIFIED,INTEGRITY VERIFIED
108958,87280,2022-06-07 11:18:54.000000,26.23,1,1,RECONCILIATION SUCCESSFUL,INTEGRITY VERIFIED,INTEGRITY VERIFIED
107553,86190,2025-01-05 09:13:49.000000,245.44,3,3,RECONCILIATION SUCCESSFUL,INTEGRITY VERIFIED,INTEGRITY VERIFIED
108164,86648,2023-10-18 16:43:11.000000,425.47,2,2,RECONCILIATION SUCCESSFUL,INTEGRITY VERIFIED,INTEGRITY VERIFIED
100647,80696,2026-03-11 20:24:43.000000,55.47,2,2,RECONCILIATION SUCCESSFUL,INTEGRITY VERIFIED,INTEGRITY VERIFIED
32621,26049,2023-12-12 10:58:50.000000,26.99,1,1,RECONCILIATION SUCCESSFUL,INTEGRITY VERIFIED,INTEGRITY VERIFIED
67777,54237,2021-11-13 12:43:25.000000,27.0,1,1,RECONCILIATION SUCCESSFUL,INTEGRITY VERIFIED,INTEGRITY VERIFIED
22063,17598,2026-01-24 11:15:05.000000,56.99,2,2,RECONCILIATION SUCCESSFUL,INTEGRITY VERIFIED,INTEGRITY VERIFIED
13418,10659,2025-06-20 04:31:01.000000,547.65,4,4,RECONCILIATION SUCCESSFUL,INTEGRITY VERIFIED,INTEGRITY VERIFIED
35405,28268,2025-10-13 20:33:46.000000,152.7,2,2,RECONCILIATION SUCCESSFUL,INTEGRITY VERIFIED,INTEGRITY VERIFIED
104243,83538,2024-10-11 09:40:34.000000,27.7,1,1,RECONCILIATION SUCCESSFUL,INTEGRITY VERIFIED,INTEGRITY VERIFIED
95129,76244,2025-10-02 01:19:29.000000,27.8,1,1,RECONCILIATION SUCCESSFUL,INTEGRITY VERIFIED,INTEGRITY VERIFIED
90420,72360,2025-12-24 12:29:44.000000,27.99,1,1,RECONCILIATION SUCCESSFUL,INTEGRITY VERIFIED,INTEGRITY VERIFIED
112396,89993,2025-01-02 18:32:37.000000,246.97,4,4,RECONCILIATION SUCCESSFUL,INTEGRITY VERIFIED,INTEGRITY VERIFIED
63248,50547,2024-06-15 18:20:16.000000,127.0,2,2,RECONCILIATION SUCCESSFUL,INTEGRITY VERIFIED,INTEGRITY VERIFIED
123123,98591,2025-06-18 01:54:24.000000,71.95,2,2,RECONCILIATION SUCCESSFUL,INTEGRITY VERIFIED,INTEGRITY VERIFIED
74145,59296,2024-07-07 12:32:38.000000,397.95,4,4,RECONCILIATION SUCCESSFUL,INTEGRITY VERIFIED,INTEGRITY VERIFIED
48378,38646,2024-07-12 19:20:01.000000,28.82,1,1,RECONCILIATION SUCCESSFUL,INTEGRITY VERIFIED,INTEGRITY VERIFIED
27379,21884,2025-04-21 00:56:13.000000,203.99,3,3,RECONCILIATION SUCCESSFUL,INTEGRITY VERIFIED,INTEGRITY VERIFIED
40048,31979,2022-08-26 00:59:45.000000,29.41,1,1,RECONCILIATION SUCCESSFUL,INTEGRITY VERIFIED,INTEGRITY VERIFIED
94619,75839,2023-05-11 16:38:57.000000,1072.88,4,4,RECONCILIATION SUCCESSFUL,INTEGRITY VERIFIED,INTEGRITY VERIFIED
95205,76309,2026-05-16 16:28:32.000000,154.89,2,2,RECONCILIATION SUCCESSFUL,INTEGRITY VERIFIED,INTEGRITY VERIFIED
42117,33591,2025-02-17 08:21:52.000000,29.95,1,1,RECONCILIATION SUCCESSFUL,INTEGRITY VERIFIED,INTEGRITY VERIFIED
79245,63334,2020-06-04 23:54:25.000000,238.95,4,4,RECONCILIATION SUCCESSFUL,INTEGRITY VERIFIED,INTEGRITY VERIFIED
37534,29966,2025-08-20 12:25:47.000000,29.98,1,1,RECONCILIATION SUCCESSFUL,INTEGRITY VERIFIED,INTEGRITY VERIFIED
107282,85977,2025-04-22 16:25:08.000000,29.99,1,1,RECONCILIATION SUCCESSFUL,INTEGRITY VERIFIED,INTEGRITY VERIFIED
123271,98712,2022-12-12 12:51:52.000000,172.98,4,4,RECONCILIATION SUCCESSFUL,INTEGRITY VERIFIED,INTEGRITY VERIFIED
63712,50915,2025-06-15 05:11:07.000000,29.99,1,1,RECONCILIATION SUCCESSFUL,INTEGRITY VERIFIED,INTEGRITY VERIFIED
73528,58816,2026-04-05 20:36:17.000000,69.82,2,2,RECONCILIATION SUCCESSFUL,INTEGRITY VERIFIED,INTEGRITY VERIFIED
50558,40406,2026-06-13 20:51:14.000000,452.99,4,4,RECONCILIATION SUCCESSFUL,INTEGRITY VERIFIED,INTEGRITY VERIFIED
58687,46894,2025-05-05 05:11:51.000000,102.77,2,2,RECONCILIATION SUCCESSFUL,INTEGRITY VERIFIED,INTEGRITY VERIFIED
67466,53965,2022-02-16 14:37:07.000000,29.99,1,1,RECONCILIATION SUCCESSFUL,INTEGRITY VERIFIED,INTEGRITY VERIFIED
84320,67478,2025-10-26 05:34:43.000000,260.62,3,3,RECONCILIATION SUCCESSFUL,INTEGRITY VERIFIED,INTEGRITY VERIFIED
85203,68177,2026-02-08 02:17:14.000000,255.4,4,4,RECONCILIATION SUCCESSFUL,INTEGRITY VERIFIED,INTEGRITY VERIFIED
60669,48453,2024-12-13 10:04:30.000000,308.33,4,4,RECONCILIATION SUCCESSFUL,INTEGRITY VERIFIED,INTEGRITY VERIFIED
62789,50173,2020-03-23 02:08:46.000000,30.0,1,1,RECONCILIATION SUCCESSFUL,INTEGRITY VERIFIED,INTEGRITY VERIFIED
106760,85559,2025-10-18 07:56:07.000000,30.2,1,1,RECONCILIATION SUCCESSFUL,INTEGRITY VERIFIED,INTEGRITY VERIFIED
121461,97238,2023-08-08 17:05:01.000000,78.4,2,2,RECONCILIATION SUCCESSFUL,INTEGRITY VERIFIED,INTEGRITY VERIFIED
37471,29921,2024-12-20 07:04:37.000000,30.89,1,1,RECONCILIATION SUCCESSFUL,INTEGRITY VERIFIED,INTEGRITY VERIFIED
96621,77473,2024-01-06 08:17:20.000000,110.95,2,2,RECONCILIATION SUCCESSFUL,INTEGRITY VERIFIED,INTEGRITY VERIFIED
44681,35625,2025-10-31 23:48:41.000000,31.97,1,1,RECONCILIATION SUCCESSFUL,INTEGRITY VERIFIED,INTEGRITY VERIFIED
22185,17697,2020-10-10 12:18:25.000000,292.98,2,2,RECONCILIATION SUCCESSFUL,INTEGRITY VERIFIED,INTEGRITY VERIFIED
21729,17341,2020-07-02 16:55:37.000000,32.0,1,1,RECONCILIATION SUCCESSFUL,INTEGRITY VERIFIED,INTEGRITY VERIFIED
28036,22409,2025-03-15 05:46:08.000000,73.25,2,2,RECONCILIATION SUCCESSFUL,INTEGRITY VERIFIED,INTEGRITY VERIFIED
63237,50540,2025-06-02 14:10:51.000000,32.0,1,1,RECONCILIATION SUCCESSFUL,INTEGRITY VERIFIED,INTEGRITY VERIFIED
70433,56326,2025-05-23 10:42:05.000000,364.34,3,3,RECONCILIATION SUCCESSFUL,INTEGRITY VERIFIED,INTEGRITY VERIFIED
59617,47629,2023-02-12 03:03:41.000000,201.76,2,2,RECONCILIATION SUCCESSFUL,INTEGRITY VERIFIED,INTEGRITY VERIFIED
26218,20937,2026-05-26 22:39:14.000000,282.48,3,3,RECONCILIATION SUCCESSFUL,INTEGRITY VERIFIED,INTEGRITY VERIFIED
102658,82307,2022-12-28 02:22:50.000000,72.45,2,2,RECONCILIATION SUCCESSFUL,INTEGRITY VERIFIED,INTEGRITY VERIFIED
757,604,2025-01-11 09:36:19.000000,33.0,1,1,RECONCILIATION SUCCESSFUL,INTEGRITY VERIFIED,INTEGRITY VERIFIED
120396,96371,2025-05-16 05:25:15.000000,68.67,2,2,RECONCILIATION SUCCESSFUL,INTEGRITY VERIFIED,INTEGRITY VERIFIED
22238,17740,2024-12-22 13:50:02.000000,33.68,1,1,RECONCILIATION SUCCESSFUL,INTEGRITY VERIFIED,INTEGRITY VERIFIED
35431,28288,2026-01-27 09:13:56.000000,33.75,1,1,RECONCILIATION SUCCESSFUL,INTEGRITY VERIFIED,INTEGRITY VERIFIED
30101,24042,2022-11-21 14:12:49.000000,123.48,2,2,RECONCILIATION SUCCESSFUL,INTEGRITY VERIFIED,INTEGRITY VERIFIED
81988,65609,2024-03-01 16:31:20.000000,33.98,1,1,RECONCILIATION SUCCESSFUL,INTEGRITY VERIFIED,INTEGRITY VERIFIED
40911,32650,2024-02-02 05:12:35.000000,76.0,2,2,RECONCILIATION SUCCESSFUL,INTEGRITY VERIFIED,INTEGRITY VERIFIED
75644,60495,2026-01-19 01:31:11.000000,210.99,4,4,RECONCILIATION SUCCESSFUL,INTEGRITY VERIFIED,INTEGRITY VERIFIED
68755,55010,2025-08-05 16:43:03.000000,144.95,2,2,RECONCILIATION SUCCESSFUL,INTEGRITY VERIFIED,INTEGRITY VERIFIED
115192,92228,2026-02-13 09:27:12.000000,34.95,1,1,RECONCILIATION SUCCESSFUL,INTEGRITY VERIFIED,INTEGRITY VERIFIED
28997,23184,2026-05-28 11:07:31.000000,34.95,1,1,RECONCILIATION SUCCESSFUL,INTEGRITY VERIFIED,INTEGRITY VERIFIED
85795,68669,2025-04-16 04:32:57.000000,34.95,1,1,RECONCILIATION SUCCESSFUL,INTEGRITY VERIFIED,INTEGRITY VERIFIED
12144,9671,2026-03-08 21:43:41.000000,34.99,1,1,RECONCILIATION SUCCESSFUL,INTEGRITY VERIFIED,INTEGRITY VERIFIED
39058,31204,2023-05-01 02:43:43.000000,34.99,1,1,RECONCILIATION SUCCESSFUL,INTEGRITY VERIFIED,INTEGRITY VERIFIED
24701,19725,2020-07-12 00:00:54.000000,312.19,4,4,RECONCILIATION SUCCESSFUL,INTEGRITY VERIFIED,INTEGRITY VERIFIED
83630,66925,2021-03-30 00:27:24.000000,90.0,2,2,RECONCILIATION SUCCESSFUL,INTEGRITY VERIFIED,INTEGRITY VERIFIED
120867,96748,2022-06-11 12:59:47.000000,89.99,2,2,RECONCILIATION SUCCESSFUL,INTEGRITY VERIFIED,INTEGRITY VERIFIED
33734,26915,2023-01-15 00:14:26.000000,115.23,2,2,RECONCILIATION SUCCESSFUL,INTEGRITY VERIFIED,INTEGRITY VERIFIED
111197,89059,2019-12-04 04:35:33.000000,105.0,2,2,RECONCILIATION SUCCESSFUL,INTEGRITY VERIFIED,INTEGRITY VERIFIED
1809,1456,2026-05-11 11:23:29.000000,221.13,4,4,RECONCILIATION SUCCESSFUL,INTEGRITY VERIFIED,INTEGRITY VERIFIED
90082,72084,2026-06-15 14:26:47.000976,270.5,4,4,RECONCILIATION SUCCESSFUL,INTEGRITY VERIFIED,INTEGRITY VERIFIED
57357,45864,2024-12-12 13:02:56.000000,75.4,2,2,RECONCILIATION SUCCESSFUL,INTEGRITY VERIFIED,INTEGRITY VERIFIED
8266,6601,2021-07-05 19:15:39.000000,37.99,1,1,RECONCILIATION SUCCESSFUL,INTEGRITY VERIFIED,INTEGRITY VERIFIED
78259,62567,2026-01-11 12:42:04.000000,37.99,1,1,RECONCILIATION SUCCESSFUL,INTEGRITY VERIFIED,INTEGRITY VERIFIED
102601,82254,2024-01-16 08:15:50.000000,37.99,1,1,RECONCILIATION SUCCESSFUL,INTEGRITY VERIFIED,INTEGRITY VERIFIED
22556,18013,2026-04-17 23:43:10.000000,38.0,1,1,RECONCILIATION SUCCESSFUL,INTEGRITY VERIFIED,INTEGRITY VERIFIED
92559,74134,2026-06-16 08:05:00.358402,38.0,1,1,RECONCILIATION SUCCESSFUL,INTEGRITY VERIFIED,INTEGRITY VERIFIED
67470,53966,2023-07-11 06:45:15.000000,38.0,1,1,RECONCILIATION SUCCESSFUL,INTEGRITY VERIFIED,INTEGRITY VERIFIED
99905,80138,2026-02-20 04:25:34.000000,38.0,1,1,RECONCILIATION SUCCESSFUL,INTEGRITY VERIFIED,INTEGRITY VERIFIED
97677,78303,2025-05-27 08:21:18.000000,38.95,1,1,RECONCILIATION SUCCESSFUL,INTEGRITY VERIFIED,INTEGRITY VERIFIED
50882,40641,2025-01-06 17:44:37.000000,39.0,1,1,RECONCILIATION SUCCESSFUL,INTEGRITY VERIFIED,INTEGRITY VERIFIED
29322,23432,2025-04-20 02:57:50.000000,39.5,1,1,RECONCILIATION SUCCESSFUL,INTEGRITY VERIFIED,INTEGRITY VERIFIED
98308,78820,2022-10-07 09:10:20.000000,279.4,3,3,RECONCILIATION SUCCESSFUL,INTEGRITY VERIFIED,INTEGRITY VERIFIED
90212,72190,2022-03-13 07:20:15.000000,229.33,3,3,RECONCILIATION SUCCESSFUL,INTEGRITY VERIFIED,INTEGRITY VERIFIED
17612,14015,2022-01-11 06:08:19.000000,39.88,1,1,RECONCILIATION SUCCESSFUL,INTEGRITY VERIFIED,INTEGRITY VERIFIED
38741,30947,2024-04-30 04:44:07.000000,39.95,1,1,RECONCILIATION SUCCESSFUL,INTEGRITY VERIFIED,INTEGRITY VERIFIED
57839,46229,2024-03-10 20:34:46.000000,94.99,2,2,RECONCILIATION SUCCESSFUL,INTEGRITY VERIFIED,INTEGRITY VERIFIED
92970,74477,2025-04-27 01:54:15.000000,39.99,1,1,RECONCILIATION SUCCESSFUL,INTEGRITY VERIFIED,INTEGRITY VERIFIED
50624,40457,2026-05-12 12:04:12.000000,182.77,2,2,RECONCILIATION SUCCESSFUL,INTEGRITY VERIFIED,INTEGRITY VERIFIED
77968,62329,2025-02-11 20:13:26.000000,218.99,2,2,RECONCILIATION SUCCESSFUL,INTEGRITY VERIFIED,INTEGRITY VERIFIED
96746,77567,2026-04-05 18:51:55.000000,200.88,2,2,RECONCILIATION SUCCESSFUL,INTEGRITY VERIFIED,INTEGRITY VERIFIED
74281,59403,2022-10-07 06:38:24.000000,160.0,2,2,RECONCILIATION SUCCESSFUL,INTEGRITY VERIFIED,INTEGRITY VERIFIED
17656,14049,2022-04-16 21:48:12.000000,307.58,4,4,RECONCILIATION SUCCESSFUL,INTEGRITY VERIFIED,INTEGRITY VERIFIED
81694,65375,2022-11-24 03:51:29.000000,42.0,1,1,RECONCILIATION SUCCESSFUL,INTEGRITY VERIFIED,INTEGRITY VERIFIED
120861,96745,2025-11-02 06:09:28.000000,42.01,1,1,RECONCILIATION SUCCESSFUL,INTEGRITY VERIFIED,INTEGRITY VERIFIED
19269,15387,2025-06-08 05:38:29.000000,372.47,4,4,RECONCILIATION SUCCESSFUL,INTEGRITY VERIFIED,INTEGRITY VERIFIED
97033,77778,2026-01-15 08:37:55.000000,43.14,1,1,RECONCILIATION SUCCESSFUL,INTEGRITY VERIFIED,INTEGRITY VERIFIED
102042,81805,2026-03-09 18:13:10.000000,43.14,1,1,RECONCILIATION SUCCESSFUL,INTEGRITY VERIFIED,INTEGRITY VERIFIED
104352,83634,2025-01-20 13:44:04.000000,44.0,1,1,RECONCILIATION SUCCESSFUL,INTEGRITY VERIFIED,INTEGRITY VERIFIED
20170,16114,2026-05-04 10:42:01.000000,44.0,1,1,RECONCILIATION SUCCESSFUL,INTEGRITY VERIFIED,INTEGRITY VERIFIED
82244,65813,2025-05-07 14:42:15.000000,44.0,1,1,RECONCILIATION SUCCESSFUL,INTEGRITY VERIFIED,INTEGRITY VERIFIED
37465,29917,2025-04-22 12:16:46.000000,44.0,1,1,RECONCILIATION SUCCESSFUL,INTEGRITY VERIFIED,INTEGRITY VERIFIED
3539,2819,2023-09-15 22:45:34.000000,377.38,4,4,RECONCILIATION SUCCESSFUL,INTEGRITY VERIFIED,INTEGRITY VERIFIED
27424,21930,2026-06-15 21:55:54.000000,123.99,2,2,RECONCILIATION SUCCESSFUL,INTEGRITY VERIFIED,INTEGRITY VERIFIED
117266,93916,2023-02-12 01:59:09.000000,44.99,1,1,RECONCILIATION SUCCESSFUL,INTEGRITY VERIFIED,INTEGRITY VERIFIED
70924,56722,2022-08-29 10:12:49.000000,45.99,1,1,RECONCILIATION SUCCESSFUL,INTEGRITY VERIFIED,INTEGRITY VERIFIED
49574,39565,2023-03-04 10:57:44.000000,46.0,1,1,RECONCILIATION SUCCESSFUL,INTEGRITY VERIFIED,INTEGRITY VERIFIED
100541,80617,2024-09-25 07:52:02.000000,46.0,1,1,RECONCILIATION SUCCESSFUL,INTEGRITY VERIFIED,INTEGRITY VERIFIED
4633,3665,2023-11-05 09:25:26.000000,191.5,2,2,RECONCILIATION SUCCESSFUL,INTEGRITY VERIFIED,INTEGRITY VERIFIED
20983,16777,2022-06-15 23:25:44.000000,182.38,3,3,RECONCILIATION SUCCESSFUL,INTEGRITY VERIFIED,INTEGRITY VERIFIED
38021,30348,2025-10-03 21:19:01.000000,322.5,3,3,RECONCILIATION SUCCESSFUL,INTEGRITY VERIFIED,INTEGRITY VERIFIED
34120,27231,2024-03-25 06:51:19.000000,47.99,1,1,RECONCILIATION SUCCESSFUL,INTEGRITY VERIFIED,INTEGRITY VERIFIED
4759,3772,2026-06-15 05:05:00.058716,48.3,1,1,RECONCILIATION SUCCESSFUL,INTEGRITY VERIFIED,INTEGRITY VERIFIED
44919,35825,2022-08-24 07:37:58.000000,49.0,1,1,RECONCILIATION SUCCESSFUL,INTEGRITY VERIFIED,INTEGRITY VERIFIED
103166,82719,2026-05-22 03:05:15.000000,348.5,4,4,RECONCILIATION SUCCESSFUL,INTEGRITY VERIFIED,INTEGRITY VERIFIED
15269,12174,2025-12-24 02:19:05.000000,49.5,1,1,RECONCILIATION SUCCESSFUL,INTEGRITY VERIFIED,INTEGRITY VERIFIED
80312,64212,2025-11-28 08:55:19.000000,49.5,1,1,RECONCILIATION SUCCESSFUL,INTEGRITY VERIFIED,INTEGRITY VERIFIED
24333,19441,2024-08-13 01:24:51.000000,118.99,2,2,RECONCILIATION SUCCESSFUL,INTEGRITY VERIFIED,INTEGRITY VERIFIED
34215,27302,2023-05-22 13:35:19.000000,147.99,2,2,RECONCILIATION SUCCESSFUL,INTEGRITY VERIFIED,INTEGRITY VERIFIED
70670,56509,2026-06-12 16:41:32.000000,109.99,2,2,RECONCILIATION SUCCESSFUL,INTEGRITY VERIFIED,INTEGRITY VERIFIED
22738,18158,2022-07-01 16:36:20.000000,49.99,1,1,RECONCILIATION SUCCESSFUL,INTEGRITY VERIFIED,INTEGRITY VERIFIED
36792,29370,2021-09-21 12:21:40.000000,209.99,3,3,RECONCILIATION SUCCESSFUL,INTEGRITY VERIFIED,INTEGRITY VERIFIED
89678,71752,2026-02-26 12:34:45.000000,267.99,2,2,RECONCILIATION SUCCESSFUL,INTEGRITY VERIFIED,INTEGRITY VERIFIED
80005,63952,2020-06-21 13:23:51.000000,751.95,4,4,RECONCILIATION SUCCESSFUL,INTEGRITY VERIFIED,INTEGRITY VERIFIED
81201,64956,2023-06-27 10:07:03.000000,50.0,1,1,RECONCILIATION SUCCESSFUL,INTEGRITY VERIFIED,INTEGRITY VERIFIED
21919,17495,2026-02-28 22:08:46.000000,50.0,1,1,RECONCILIATION SUCCESSFUL,INTEGRITY VERIFIED,INTEGRITY VERIFIED
5960,4725,2024-04-14 10:27:08.000000,130.67,2,2,RECONCILIATION SUCCESSFUL,INTEGRITY VERIFIED,INTEGRITY VERIFIED
83570,66885,2025-08-27 18:12:39.000000,53.95,1,1,RECONCILIATION SUCCESSFUL,INTEGRITY VERIFIED,INTEGRITY VERIFIED
21068,16846,2022-03-21 19:38:42.000000,216.0,2,2,RECONCILIATION SUCCESSFUL,INTEGRITY VERIFIED,INTEGRITY VERIFIED
14638,11688,2026-01-20 16:01:07.000000,54.0,1,1,RECONCILIATION SUCCESSFUL,INTEGRITY VERIFIED,INTEGRITY VERIFIED
10393,8272,2025-01-07 07:35:04.000000,54.0,1,1,RECONCILIATION SUCCESSFUL,INTEGRITY VERIFIED,INTEGRITY VERIFIED
106679,85494,2023-05-22 03:56:57.000000,54.0,1,1,RECONCILIATION SUCCESSFUL,INTEGRITY VERIFIED,INTEGRITY VERIFIED
112409,90001,2025-04-05 16:04:10.000000,242.5,2,2,RECONCILIATION SUCCESSFUL,INTEGRITY VERIFIED,INTEGRITY VERIFIED
97488,78148,2019-10-19 15:49:56.000000,54.95,1,1,RECONCILIATION SUCCESSFUL,INTEGRITY VERIFIED,INTEGRITY VERIFIED
32876,26240,2025-02-13 22:01:25.000000,55.0,1,1,RECONCILIATION SUCCESSFUL,INTEGRITY VERIFIED,INTEGRITY VERIFIED
59144,47262,2025-11-24 02:28:29.000000,226.95,2,2,RECONCILIATION SUCCESSFUL,INTEGRITY VERIFIED,INTEGRITY VERIFIED
110068,88160,2023-12-06 03:40:59.000000,55.0,1,1,RECONCILIATION SUCCESSFUL,INTEGRITY VERIFIED,INTEGRITY VERIFIED
6452,5117,2020-06-17 20:18:15.000000,124.99,2,2,RECONCILIATION SUCCESSFUL,INTEGRITY VERIFIED,INTEGRITY VERIFIED
34372,27431,2025-11-26 08:24:14.000000,55.0,1,1,RECONCILIATION SUCCESSFUL,INTEGRITY VERIFIED,INTEGRITY VERIFIED
73176,58523,2024-08-17 07:47:47.000000,120.96,2,2,RECONCILIATION SUCCESSFUL,INTEGRITY VERIFIED,INTEGRITY VERIFIED
44788,35729,2020-01-06 13:24:51.000000,113.0,2,2,RECONCILIATION SUCCESSFUL,INTEGRITY VERIFIED,INTEGRITY VERIFIED
54699,43693,2026-06-12 03:02:55.000000,57.19,1,1,RECONCILIATION SUCCESSFUL,INTEGRITY VERIFIED,INTEGRITY VERIFIED
90595,72499,2025-12-10 20:28:04.000000,57.5,1,1,RECONCILIATION SUCCESSFUL,INTEGRITY VERIFIED,INTEGRITY VERIFIED
66631,53284,2025-04-04 17:01:06.000000,186.99,2,2,RECONCILIATION SUCCESSFUL,INTEGRITY VERIFIED,INTEGRITY VERIFIED
14175,11292,2021-06-16 14:22:47.000000,128.0,2,2,RECONCILIATION SUCCESSFUL,INTEGRITY VERIFIED,INTEGRITY VERIFIED
110660,88620,2024-04-30 13:51:02.000000,58.5,1,1,RECONCILIATION SUCCESSFUL,INTEGRITY VERIFIED,INTEGRITY VERIFIED
12384,9865,2022-11-07 04:26:12.000000,58.5,1,1,RECONCILIATION SUCCESSFUL,INTEGRITY VERIFIED,INTEGRITY VERIFIED
58765,46952,2025-05-03 00:13:54.000000,58.99,1,1,RECONCILIATION SUCCESSFUL,INTEGRITY VERIFIED,INTEGRITY VERIFIED
1552,1220,2025-04-05 18:48:04.000000,59.0,1,1,RECONCILIATION SUCCESSFUL,INTEGRITY VERIFIED,INTEGRITY VERIFIED
86555,69307,2024-12-04 09:07:41.000000,59.0,1,1,RECONCILIATION SUCCESSFUL,INTEGRITY VERIFIED,INTEGRITY VERIFIED
4300,3409,2025-04-17 03:29:32.000000,59.0,1,1,RECONCILIATION SUCCESSFUL,INTEGRITY VERIFIED,INTEGRITY VERIFIED
51587,41200,2025-05-28 03:28:39.000000,59.5,1,1,RECONCILIATION SUCCESSFUL,INTEGRITY VERIFIED,INTEGRITY VERIFIED
85499,68422,2026-03-18 17:45:39.000000,209.98,2,2,RECONCILIATION SUCCESSFUL,INTEGRITY VERIFIED,INTEGRITY VERIFIED
8719,6962,2024-09-06 21:41:15.000000,60.0,1,1,RECONCILIATION SUCCESSFUL,INTEGRITY VERIFIED,INTEGRITY VERIFIED
47092,37626,2024-08-22 13:43:48.000000,60.0,1,1,RECONCILIATION SUCCESSFUL,INTEGRITY VERIFIED,INTEGRITY VERIFIED
92364,73949,2024-07-23 11:13:55.000000,190.99,2,2,RECONCILIATION SUCCESSFUL,INTEGRITY VERIFIED,INTEGRITY VERIFIED
93412,74863,2023-08-06 08:41:06.000000,888.65,2,2,RECONCILIATION SUCCESSFUL,INTEGRITY VERIFIED,INTEGRITY VERIFIED
22395,17871,2022-06-05 07:36:07.000000,63.99,1,1,RECONCILIATION SUCCESSFUL,INTEGRITY VERIFIED,INTEGRITY VERIFIED
52404,41842,2023-11-08 19:57:21.000000,64.5,1,1,RECONCILIATION SUCCESSFUL,INTEGRITY VERIFIED,INTEGRITY VERIFIED
41927,33437,2023-11-12 12:53:24.000000,64.95,1,1,RECONCILIATION SUCCESSFUL,INTEGRITY VERIFIED,INTEGRITY VERIFIED
101260,81187,2021-04-21 01:21:31.000000,154.9,2,2,RECONCILIATION SUCCESSFUL,INTEGRITY VERIFIED,INTEGRITY VERIFIED
27521,21999,2025-09-24 17:35:24.000000,859.95,2,2,RECONCILIATION SUCCESSFUL,INTEGRITY VERIFIED,INTEGRITY VERIFIED
15840,12632,2026-06-09 11:58:39.000000,134.98,2,2,RECONCILIATION SUCCESSFUL,INTEGRITY VERIFIED,INTEGRITY VERIFIED
31546,25205,2023-12-03 13:40:59.000000,64.99,1,1,RECONCILIATION SUCCESSFUL,INTEGRITY VERIFIED,INTEGRITY VERIFIED
3719,2954,2024-07-14 10:17:50.000000,65.17,1,1,RECONCILIATION SUCCESSFUL,INTEGRITY VERIFIED,INTEGRITY VERIFIED
53718,42890,2025-03-27 19:37:33.000000,66.0,1,1,RECONCILIATION SUCCESSFUL,INTEGRITY VERIFIED,INTEGRITY VERIFIED
111022,88930,2024-09-06 08:03:21.000000,215.0,2,2,RECONCILIATION SUCCESSFUL,INTEGRITY VERIFIED,INTEGRITY VERIFIED
7402,5918,2025-10-06 20:59:04.000000,67.95,1,1,RECONCILIATION SUCCESSFUL,INTEGRITY VERIFIED,INTEGRITY VERIFIED
42109,33582,2024-02-10 18:44:24.000000,68.96,1,1,RECONCILIATION SUCCESSFUL,INTEGRITY VERIFIED,INTEGRITY VERIFIED
32528,25979,2022-06-30 21:48:14.000000,69.5,1,1,RECONCILIATION SUCCESSFUL,INTEGRITY VERIFIED,INTEGRITY VERIFIED
116837,93536,2021-11-15 08:27:36.000000,69.5,1,1,RECONCILIATION SUCCESSFUL,INTEGRITY VERIFIED,INTEGRITY VERIFIED
684,557,2026-04-29 01:49:16.000000,69.5,1,1,RECONCILIATION SUCCESSFUL,INTEGRITY VERIFIED,INTEGRITY VERIFIED
91507,73266,2025-07-22 03:33:43.000000,69.5,1,1,RECONCILIATION SUCCESSFUL,INTEGRITY VERIFIED,INTEGRITY VERIFIED
97107,77829,2026-02-28 18:59:45.000000,69.99,1,1,RECONCILIATION SUCCESSFUL,INTEGRITY VERIFIED,INTEGRITY VERIFIED
25363,20259,2026-04-21 08:09:44.000000,70.0,1,1,RECONCILIATION SUCCESSFUL,INTEGRITY VERIFIED,INTEGRITY VERIFIED
97174,77887,2026-03-22 05:15:22.000000,219.0,2,2,RECONCILIATION SUCCESSFUL,INTEGRITY VERIFIED,INTEGRITY VERIFIED
25816,20625,2022-10-06 02:37:11.000000,376.07,4,4,RECONCILIATION SUCCESSFUL,INTEGRITY VERIFIED,INTEGRITY VERIFIED
63632,50855,2024-11-25 14:04:32.000000,78.0,1,1,RECONCILIATION SUCCESSFUL,INTEGRITY VERIFIED,INTEGRITY VERIFIED
28939,23131,2026-04-16 13:33:15.000000,172.99,2,2,RECONCILIATION SUCCESSFUL,INTEGRITY VERIFIED,INTEGRITY VERIFIED
101564,81427,2025-06-03 19:52:44.000000,326.0,2,2,RECONCILIATION SUCCESSFUL,INTEGRITY VERIFIED,INTEGRITY VERIFIED
36746,29331,2025-06-24 22:42:33.000000,79.0,1,1,RECONCILIATION SUCCESSFUL,INTEGRITY VERIFIED,INTEGRITY VERIFIED
46016,36752,2024-10-25 12:24:54.000000,79.99,1,1,RECONCILIATION SUCCESSFUL,INTEGRITY VERIFIED,INTEGRITY VERIFIED
89750,71807,2026-06-05 07:29:15.000000,79.99,1,1,RECONCILIATION SUCCESSFUL,INTEGRITY VERIFIED,INTEGRITY VERIFIED
33969,27111,2025-12-26 18:23:31.000000,79.99,1,1,RECONCILIATION SUCCESSFUL,INTEGRITY VERIFIED,INTEGRITY VERIFIED
6335,5024,2025-07-04 16:21:03.000000,81.38,1,1,RECONCILIATION SUCCESSFUL,INTEGRITY VERIFIED,INTEGRITY VERIFIED
102050,81809,2021-04-02 15:41:05.000000,85.0,1,1,RECONCILIATION SUCCESSFUL,INTEGRITY VERIFIED,INTEGRITY VERIFIED
27104,21669,2024-07-08 02:20:43.000000,85.0,1,1,RECONCILIATION SUCCESSFUL,INTEGRITY VERIFIED,INTEGRITY VERIFIED
21718,17329,2025-08-07 14:27:55.000000,86.25,1,1,RECONCILIATION SUCCESSFUL,INTEGRITY VERIFIED,INTEGRITY VERIFIED
92490,74065,2026-06-06 22:26:28.000000,89.5,1,1,RECONCILIATION SUCCESSFUL,INTEGRITY VERIFIED,INTEGRITY VERIFIED
64955,51887,2021-10-19 07:09:38.000000,89.5,1,1,RECONCILIATION SUCCESSFUL,INTEGRITY VERIFIED,INTEGRITY VERIFIED
26700,21335,2024-10-11 18:46:27.000000,89.5,1,1,RECONCILIATION SUCCESSFUL,INTEGRITY VERIFIED,INTEGRITY VERIFIED
63619,50845,2023-05-29 21:12:13.000000,89.95,1,1,RECONCILIATION SUCCESSFUL,INTEGRITY VERIFIED,INTEGRITY VERIFIED
81129,64896,2026-02-11 19:32:45.000000,89.99,1,1,RECONCILIATION SUCCESSFUL,INTEGRITY VERIFIED,INTEGRITY VERIFIED
32321,25804,2023-06-17 07:29:44.000000,90.68,1,1,RECONCILIATION SUCCESSFUL,INTEGRITY VERIFIED,INTEGRITY VERIFIED
98071,78629,2021-09-15 13:56:29.000000,95.0,1,1,RECONCILIATION SUCCESSFUL,INTEGRITY VERIFIED,INTEGRITY VERIFIED
121764,97483,2021-07-20 00:04:46.000000,96.0,1,1,RECONCILIATION SUCCESSFUL,INTEGRITY VERIFIED,INTEGRITY VERIFIED
118412,94810,2025-04-30 20:06:53.000000,237.5,2,2,RECONCILIATION SUCCESSFUL,INTEGRITY VERIFIED,INTEGRITY VERIFIED
86908,69578,2026-06-02 08:10:05.000000,99.99,1,1,RECONCILIATION SUCCESSFUL,INTEGRITY VERIFIED,INTEGRITY VERIFIED
33195,26489,2024-10-10 07:22:31.000000,104.5,1,1,RECONCILIATION SUCCESSFUL,INTEGRITY VERIFIED,INTEGRITY VERIFIED
59666,47663,2024-09-29 01:30:31.000000,105.26,1,1,RECONCILIATION SUCCESSFUL,INTEGRITY VERIFIED,INTEGRITY VERIFIED
108341,86786,2021-11-15 21:43:22.000000,109.99,1,1,RECONCILIATION SUCCESSFUL,INTEGRITY VERIFIED,INTEGRITY VERIFIED
93085,74567,2025-08-15 07:42:35.000000,110.0,1,1,RECONCILIATION SUCCESSFUL,INTEGRITY VERIFIED,INTEGRITY VERIFIED
34079,27199,2023-09-08 21:48:49.000000,118.0,1,1,RECONCILIATION SUCCESSFUL,INTEGRITY VERIFIED,INTEGRITY VERIFIED
43597,34790,2022-02-20 22:30:56.000000,119.0,1,1,RECONCILIATION SUCCESSFUL,INTEGRITY VERIFIED,INTEGRITY VERIFIED
27510,21992,2024-06-02 12:44:29.000000,125.0,1,1,RECONCILIATION SUCCESSFUL,INTEGRITY VERIFIED,INTEGRITY VERIFIED
46677,37299,2025-11-09 08:01:43.000000,125.0,1,1,RECONCILIATION SUCCESSFUL,INTEGRITY VERIFIED,INTEGRITY VERIFIED
28427,22722,2023-11-27 13:01:59.000000,128.0,1,1,RECONCILIATION SUCCESSFUL,INTEGRITY VERIFIED,INTEGRITY VERIFIED
2983,2369,2024-04-07 00:16:16.000000,131.94,1,1,RECONCILIATION SUCCESSFUL,INTEGRITY VERIFIED,INTEGRITY VERIFIED
7135,5695,2024-09-06 16:07:53.000000,133.0,1,1,RECONCILIATION SUCCESSFUL,INTEGRITY VERIFIED,INTEGRITY VERIFIED
74714,59743,2025-10-26 10:51:14.000000,147.5,1,1,RECONCILIATION SUCCESSFUL,INTEGRITY VERIFIED,INTEGRITY VERIFIED
58907,47065,2025-10-15 20:44:36.000000,150.0,1,1,RECONCILIATION SUCCESSFUL,INTEGRITY VERIFIED,INTEGRITY VERIFIED
37386,29857,2023-03-20 15:51:25.000000,162.0,1,1,RECONCILIATION SUCCESSFUL,INTEGRITY VERIFIED,INTEGRITY VERIFIED
28014,22394,2026-01-03 13:51:57.000000,169.0,1,1,RECONCILIATION SUCCESSFUL,INTEGRITY VERIFIED,INTEGRITY VERIFIED
89434,71576,2023-10-13 07:50:42.000000,178.0,1,1,RECONCILIATION SUCCESSFUL,INTEGRITY VERIFIED,INTEGRITY VERIFIED
39733,31731,2025-03-28 16:53:49.000000,207.28,1,1,RECONCILIATION SUCCESSFUL,INTEGRITY VERIFIED,INTEGRITY VERIFIED
112787,90286,2026-01-20 23:18:36.000000,264.0,1,1,RECONCILIATION SUCCESSFUL,INTEGRITY VERIFIED,INTEGRITY VERIFIED
95671,76692,2026-05-17 08:50:59.000000,264.0,1,1,RECONCILIATION SUCCESSFUL,INTEGRITY VERIFIED,INTEGRITY VERIFIED
80241,64147,2026-05-23 16:04:07.000000,269.0,1,1,RECONCILIATION SUCCESSFUL,INTEGRITY VERIFIED,INTEGRITY VERIFIED
69153,55315,2022-08-17 11:51:10.000000,374.0,1,1,RECONCILIATION SUCCESSFUL,INTEGRITY VERIFIED,INTEGRITY VERIFIED
73407,58714,2020-09-04 13:53:43.000000,399.0,1,1,RECONCILIATION SUCCESSFUL,INTEGRITY VERIFIED,INTEGRITY VERIFIED
-31,55630,2026-06-16 09:24:00.000000,322.0,2,2,RECONCILIATION SUCCESSFUL,INTEGRITY VERIFIED,INTEGRITY VERIFIED
-63,43163,2026-06-16 14:21:00.000000,264.0,3,3,RECONCILIATION SUCCESSFUL,INTEGRITY VERIFIED,INTEGRITY VERIFIED
-84,18936,2026-06-16 13:39:00.000000,133.0,1,1,RECONCILIATION SUCCESSFUL,INTEGRITY VERIFIED,INTEGRITY VERIFIED
-92,2819,2026-06-16 11:41:00.000000,232.0,3,3,RECONCILIATION SUCCESSFUL,INTEGRITY VERIFIED,INTEGRITY VERIFIED
-103,13115,2026-06-16 14:10:00.000000,290.0,2,2,RECONCILIATION SUCCESSFUL,INTEGRITY VERIFIED,VARIANCE DETECTED
-136,92633,2026-06-16 12:57:00.000000,143.0,2,2,RECONCILIATION SUCCESSFUL,INTEGRITY VERIFIED,INTEGRITY VERIFIED
-138,54178,2026-06-16 13:21:00.000000,232.0,2,2,RECONCILIATION SUCCESSFUL,INTEGRITY VERIFIED,VARIANCE DETECTED
-159,17185,2026-06-16 12:31:00.000000,143.0,1,1,RECONCILIATION SUCCESSFUL,INTEGRITY VERIFIED,INTEGRITY VERIFIED
-161,20557,2026-06-16 09:26:00.000000,368.0,2,2,RECONCILIATION SUCCESSFUL,INTEGRITY VERIFIED,VARIANCE DETECTED
-175,58685,2026-06-16 16:34:00.000000,58.0,1,1,RECONCILIATION SUCCESSFUL,INTEGRITY VERIFIED,INTEGRITY VERIFIED
-180,80461,2026-06-16 17:47:00.000000,269.0,3,3,RECONCILIATION SUCCESSFUL,INTEGRITY VERIFIED,VARIANCE DETECTED
-201,86034,2026-06-16 12:46:00.000000,149.0,1,1,RECONCILIATION SUCCESSFUL,INTEGRITY VERIFIED,INTEGRITY VERIFIED
-205,47353,2026-06-16 12:00:00.000000,482.0,3,3,RECONCILIATION SUCCESSFUL,INTEGRITY VERIFIED,INTEGRITY VERIFIED
-207,51726,2026-06-16 11:25:00.000000,219.0,3,3,RECONCILIATION SUCCESSFUL,INTEGRITY VERIFIED,INTEGRITY VERIFIED
-209,68848,2026-06-16 09:52:00.000000,309.0,2,2,RECONCILIATION SUCCESSFUL,INTEGRITY VERIFIED,INTEGRITY VERIFIED
-236,97187,2026-06-16 12:52:00.000000,292.0,3,3,RECONCILIATION SUCCESSFUL,INTEGRITY VERIFIED,INTEGRITY VERIFIED
-267,51151,2026-06-16 17:29:00.000000,166.0,3,3,RECONCILIATION SUCCESSFUL,INTEGRITY VERIFIED,INTEGRITY VERIFIED
-269,5695,2026-06-16 13:24:00.000000,264.0,3,3,RECONCILIATION SUCCESSFUL,INTEGRITY VERIFIED,INTEGRITY VERIFIED
-281,84779,2026-06-16 10:30:00.000000,379.0,2,2,RECONCILIATION SUCCESSFUL,INTEGRITY VERIFIED,INTEGRITY VERIFIED
-282,23180,2026-06-16 12:47:00.000000,501.0,3,3,RECONCILIATION SUCCESSFUL,INTEGRITY VERIFIED,INTEGRITY VERIFIED
-296,19988,2026-06-16 16:33:00.000000,323.0,3,3,RECONCILIATION SUCCESSFUL,INTEGRITY VERIFIED,INTEGRITY VERIFIED
69957,55959,2024-01-04 19:59:52.000000,191.94,3,3,RECONCILIATION SUCCESSFUL,INTEGRITY VERIFIED,INTEGRITY VERIFIED
76776,61388,2025-10-30 01:04:52.000000,2.95,1,1,RECONCILIATION SUCCESSFUL,INTEGRITY VERIFIED,INTEGRITY VERIFIED
1353,1076,2024-10-01 20:19:37.000000,36.79,2,2,RECONCILIATION SUCCESSFUL,INTEGRITY VERIFIED,INTEGRITY VERIFIED
74051,59230,2023-10-19 07:13:45.000000,138.8,3,3,RECONCILIATION SUCCESSFUL,INTEGRITY VERIFIED,INTEGRITY VERIFIED
47073,37611,2023-01-20 19:03:30.000000,262.73,4,4,RECONCILIATION SUCCESSFUL,INTEGRITY VERIFIED,INTEGRITY VERIFIED
74997,59968,2022-05-26 18:23:42.000000,4.13,1,1,RECONCILIATION SUCCESSFUL,INTEGRITY VERIFIED,INTEGRITY VERIFIED
122249,97874,2023-11-24 10:31:26.000000,105.56,4,4,RECONCILIATION SUCCESSFUL,INTEGRITY VERIFIED,INTEGRITY VERIFIED
7842,6278,2022-10-30 07:22:14.000000,5.95,1,1,RECONCILIATION SUCCESSFUL,INTEGRITY VERIFIED,INTEGRITY VERIFIED
4814,3806,2025-10-18 04:01:51.000000,45.99,2,2,RECONCILIATION SUCCESSFUL,INTEGRITY VERIFIED,INTEGRITY VERIFIED
37799,30177,2026-03-23 11:45:39.000000,31.24,2,2,RECONCILIATION SUCCESSFUL,INTEGRITY VERIFIED,INTEGRITY VERIFIED
1915,1536,2025-12-01 01:16:08.000000,206.49,3,3,RECONCILIATION SUCCESSFUL,INTEGRITY VERIFIED,INTEGRITY VERIFIED
33592,26805,2022-03-29 18:52:32.000000,74.3,4,4,RECONCILIATION SUCCESSFUL,INTEGRITY VERIFIED,INTEGRITY VERIFIED
88923,71162,2023-05-15 17:12:05.000000,6.94,1,1,RECONCILIATION SUCCESSFUL,INTEGRITY VERIFIED,INTEGRITY VERIFIED
119394,95557,2024-02-19 09:33:32.000000,203.13,2,2,RECONCILIATION SUCCESSFUL,INTEGRITY VERIFIED,INTEGRITY VERIFIED
62670,50073,2023-06-13 15:20:05.000000,186.0,2,2,RECONCILIATION SUCCESSFUL,INTEGRITY VERIFIED,INTEGRITY VERIFIED
122573,98150,2024-10-09 07:15:12.000000,89.46,4,4,RECONCILIATION SUCCESSFUL,INTEGRITY VERIFIED,INTEGRITY VERIFIED
110042,88137,2025-07-19 20:51:10.000000,173.44,4,4,RECONCILIATION SUCCESSFUL,INTEGRITY VERIFIED,INTEGRITY VERIFIED
39569,31601,2025-02-26 16:49:57.000000,7.99,1,1,RECONCILIATION SUCCESSFUL,INTEGRITY VERIFIED,INTEGRITY VERIFIED
96958,77719,2025-01-14 16:06:43.000000,8.85,1,1,RECONCILIATION SUCCESSFUL,INTEGRITY VERIFIED,INTEGRITY VERIFIED
14284,11386,2026-04-15 21:30:51.000000,143.04,3,3,RECONCILIATION SUCCESSFUL,INTEGRITY VERIFIED,INTEGRITY VERIFIED
74667,59710,2026-02-20 01:55:34.000000,102.54,4,4,RECONCILIATION SUCCESSFUL,INTEGRITY VERIFIED,INTEGRITY VERIFIED
76430,61111,2022-11-09 03:42:11.000000,249.93,4,4,RECONCILIATION SUCCESSFUL,INTEGRITY VERIFIED,INTEGRITY VERIFIED
56790,45390,2024-06-30 05:01:19.000000,684.45,4,4,RECONCILIATION SUCCESSFUL,INTEGRITY VERIFIED,INTEGRITY VERIFIED
71578,57246,2025-10-30 04:29:58.000000,114.93,4,4,RECONCILIATION SUCCESSFUL,INTEGRITY VERIFIED,INTEGRITY VERIFIED
41793,33339,2023-08-29 01:48:14.000000,395.95,4,4,RECONCILIATION SUCCESSFUL,INTEGRITY VERIFIED,INTEGRITY VERIFIED
108917,87245,2026-02-09 11:18:26.000000,127.9,3,3,RECONCILIATION SUCCESSFUL,INTEGRITY VERIFIED,INTEGRITY VERIFIED
51243,40928,2023-12-02 22:57:44.000000,79.98,2,2,RECONCILIATION SUCCESSFUL,INTEGRITY VERIFIED,INTEGRITY VERIFIED
22108,17632,2024-09-07 10:10:55.000000,9.99,1,1,RECONCILIATION SUCCESSFUL,INTEGRITY VERIFIED,INTEGRITY VERIFIED
62269,49737,2025-03-23 14:50:26.000000,9.99,1,1,RECONCILIATION SUCCESSFUL,INTEGRITY VERIFIED,INTEGRITY VERIFIED
83739,67015,2024-02-01 03:31:43.000000,129.13,4,4,RECONCILIATION SUCCESSFUL,INTEGRITY VERIFIED,INTEGRITY VERIFIED
98853,79259,2026-05-12 21:03:04.000000,75.99,3,3,RECONCILIATION SUCCESSFUL,INTEGRITY VERIFIED,INTEGRITY VERIFIED
116641,93377,2023-10-02 13:52:56.000000,9.99,1,1,RECONCILIATION SUCCESSFUL,INTEGRITY VERIFIED,INTEGRITY VERIFIED
57595,46039,2026-06-16 02:16:46.920645,10.0,1,1,RECONCILIATION SUCCESSFUL,INTEGRITY VERIFIED,INTEGRITY VERIFIED
57351,45861,2024-10-29 16:58:58.000000,10.69,1,1,RECONCILIATION SUCCESSFUL,INTEGRITY VERIFIED,INTEGRITY VERIFIED
79287,63368,2025-07-19 17:18:53.000000,10.79,1,1,RECONCILIATION SUCCESSFUL,INTEGRITY VERIFIED,INTEGRITY VERIFIED
41941,33447,2024-05-17 03:14:25.000000,337.99,4,4,RECONCILIATION SUCCESSFUL,INTEGRITY VERIFIED,INTEGRITY VERIFIED
37653,30063,2026-05-19 02:21:33.000000,10.99,1,1,RECONCILIATION SUCCESSFUL,INTEGRITY VERIFIED,INTEGRITY VERIFIED
2678,2136,2026-06-08 17:00:18.000000,10.99,1,1,RECONCILIATION SUCCESSFUL,INTEGRITY VERIFIED,INTEGRITY VERIFIED
49017,39106,2025-06-19 09:48:54.000000,11.0,1,1,RECONCILIATION SUCCESSFUL,INTEGRITY VERIFIED,INTEGRITY VERIFIED
64120,51231,2022-09-10 14:29:14.000000,11.0,1,1,RECONCILIATION SUCCESSFUL,INTEGRITY VERIFIED,INTEGRITY VERIFIED
70403,56306,2022-08-06 19:34:11.000000,67.24,3,3,RECONCILIATION SUCCESSFUL,INTEGRITY VERIFIED,INTEGRITY VERIFIED
73905,59111,2023-11-13 19:35:02.000000,33.46,2,2,RECONCILIATION SUCCESSFUL,INTEGRITY VERIFIED,INTEGRITY VERIFIED
86349,69136,2022-10-14 03:21:18.000000,385.02,2,2,RECONCILIATION SUCCESSFUL,INTEGRITY VERIFIED,INTEGRITY VERIFIED
21291,17022,2026-05-28 17:34:11.000000,523.35,4,4,RECONCILIATION SUCCESSFUL,INTEGRITY VERIFIED,INTEGRITY VERIFIED
88916,71156,2026-04-01 13:40:41.000000,26.41,2,2,RECONCILIATION SUCCESSFUL,INTEGRITY VERIFIED,INTEGRITY VERIFIED
72277,57798,2025-05-14 01:33:08.000000,11.49,1,1,RECONCILIATION SUCCESSFUL,INTEGRITY VERIFIED,INTEGRITY VERIFIED
57545,46003,2025-02-17 13:42:15.000000,11.67,1,1,RECONCILIATION SUCCESSFUL,INTEGRITY VERIFIED,INTEGRITY VERIFIED
33228,26512,2025-08-13 13:28:51.000000,95.8,3,3,RECONCILIATION SUCCESSFUL,INTEGRITY VERIFIED,INTEGRITY VERIFIED
22463,17930,2025-10-12 13:58:18.000000,105.93,3,3,RECONCILIATION SUCCESSFUL,INTEGRITY VERIFIED,INTEGRITY VERIFIED
53495,42713,2025-03-29 07:22:21.000000,11.95,1,1,RECONCILIATION SUCCESSFUL,INTEGRITY VERIFIED,INTEGRITY VERIFIED
89191,71365,2024-10-11 15:19:16.000000,51.95,2,2,RECONCILIATION SUCCESSFUL,INTEGRITY VERIFIED,INTEGRITY VERIFIED
95202,76307,2024-09-26 02:30:17.000000,11.95,1,1,RECONCILIATION SUCCESSFUL,INTEGRITY VERIFIED,INTEGRITY VERIFIED
101509,81386,2024-08-23 03:00:01.000000,11.99,1,1,RECONCILIATION SUCCESSFUL,INTEGRITY VERIFIED,INTEGRITY VERIFIED
79795,63771,2026-03-19 13:37:24.000000,11.99,1,1,RECONCILIATION SUCCESSFUL,INTEGRITY VERIFIED,INTEGRITY VERIFIED
64242,51328,2025-12-01 15:58:42.000000,46.84,2,2,RECONCILIATION SUCCESSFUL,INTEGRITY VERIFIED,INTEGRITY VERIFIED
86100,68936,2025-09-27 04:44:47.000000,163.99,4,4,RECONCILIATION SUCCESSFUL,INTEGRITY VERIFIED,INTEGRITY VERIFIED
68402,54740,2025-08-26 20:52:03.000000,401.95,4,4,RECONCILIATION SUCCESSFUL,INTEGRITY VERIFIED,INTEGRITY VERIFIED
10848,8639,2024-06-25 17:39:53.000000,55.95,2,2,RECONCILIATION SUCCESSFUL,INTEGRITY VERIFIED,INTEGRITY VERIFIED
19007,15172,2025-03-03 13:41:53.000000,232.48,3,3,RECONCILIATION SUCCESSFUL,INTEGRITY VERIFIED,INTEGRITY VERIFIED
55658,44461,2026-05-29 04:34:55.000000,133.0,3,3,RECONCILIATION SUCCESSFUL,INTEGRITY VERIFIED,INTEGRITY VERIFIED
96640,77492,2019-07-28 17:52:49.000000,58.99,3,3,RECONCILIATION SUCCESSFUL,INTEGRITY VERIFIED,INTEGRITY VERIFIED
88697,70972,2026-06-16 01:11:10.966476,147.02,3,3,RECONCILIATION SUCCESSFUL,INTEGRITY VERIFIED,INTEGRITY VERIFIED
3189,2548,2024-10-31 14:45:44.000000,24.3,2,2,RECONCILIATION SUCCESSFUL,INTEGRITY VERIFIED,INTEGRITY VERIFIED
36301,28961,2026-01-30 08:56:28.000000,12.14,1,1,RECONCILIATION SUCCESSFUL,INTEGRITY VERIFIED,INTEGRITY VERIFIED
31995,25558,2025-04-17 10:42:40.000000,12.2,1,1,RECONCILIATION SUCCESSFUL,INTEGRITY VERIFIED,INTEGRITY VERIFIED
11949,9504,2023-11-26 16:10:32.000000,12.2,1,1,RECONCILIATION SUCCESSFUL,INTEGRITY VERIFIED,INTEGRITY VERIFIED
555,460,2023-12-12 08:31:04.000000,12.5,1,1,RECONCILIATION SUCCESSFUL,INTEGRITY VERIFIED,INTEGRITY VERIFIED
24676,19701,2025-06-19 07:09:32.000000,132.59,2,2,RECONCILIATION SUCCESSFUL,INTEGRITY VERIFIED,INTEGRITY VERIFIED
53712,42887,2026-06-11 23:37:47.000000,12.64,1,1,RECONCILIATION SUCCESSFUL,INTEGRITY VERIFIED,INTEGRITY VERIFIED
94843,76031,2026-03-08 20:43:16.000000,37.98,2,2,RECONCILIATION SUCCESSFUL,INTEGRITY VERIFIED,INTEGRITY VERIFIED
13649,10845,2026-04-30 14:29:07.000000,137.97,4,4,RECONCILIATION SUCCESSFUL,INTEGRITY VERIFIED,INTEGRITY VERIFIED
71299,57023,2026-03-29 00:10:01.000000,222.16,4,4,RECONCILIATION SUCCESSFUL,INTEGRITY VERIFIED,INTEGRITY VERIFIED
41490,33089,2025-02-26 18:12:36.000000,13.31,1,1,RECONCILIATION SUCCESSFUL,INTEGRITY VERIFIED,INTEGRITY VERIFIED
103398,82914,2025-03-17 20:13:39.000000,144.06,4,4,RECONCILIATION SUCCESSFUL,INTEGRITY VERIFIED,INTEGRITY VERIFIED
53126,42413,2021-05-14 11:53:05.000000,155.48,3,3,RECONCILIATION SUCCESSFUL,INTEGRITY VERIFIED,INTEGRITY VERIFIED
124893,99996,2022-07-08 11:39:04.000000,13.75,1,1,RECONCILIATION SUCCESSFUL,INTEGRITY VERIFIED,INTEGRITY VERIFIED
19728,15752,2022-04-03 21:56:36.000000,141.78,3,3,RECONCILIATION SUCCESSFUL,INTEGRITY VERIFIED,INTEGRITY VERIFIED
111135,89013,2025-04-18 09:32:41.000000,13.79,1,1,RECONCILIATION SUCCESSFUL,INTEGRITY VERIFIED,INTEGRITY VERIFIED
38329,30592,2023-09-17 03:27:22.000000,13.95,1,1,RECONCILIATION SUCCESSFUL,INTEGRITY VERIFIED,INTEGRITY VERIFIED
124886,99990,2025-06-10 06:48:03.000000,302.99,3,3,RECONCILIATION SUCCESSFUL,INTEGRITY VERIFIED,INTEGRITY VERIFIED
41473,33081,2022-08-12 07:17:57.000000,93.5,2,2,RECONCILIATION SUCCESSFUL,INTEGRITY VERIFIED,INTEGRITY VERIFIED
103503,82988,2025-11-07 20:03:56.000000,89.3,3,3,RECONCILIATION SUCCESSFUL,INTEGRITY VERIFIED,INTEGRITY VERIFIED
75916,60712,2026-05-13 12:02:06.000000,57.87,2,2,RECONCILIATION SUCCESSFUL,INTEGRITY VERIFIED,INTEGRITY VERIFIED
58666,46875,2022-02-14 00:17:11.000000,119.91,3,3,RECONCILIATION SUCCESSFUL,INTEGRITY VERIFIED,INTEGRITY VERIFIED
18630,14848,2023-08-16 08:52:37.000000,53.56,2,2,RECONCILIATION SUCCESSFUL,INTEGRITY VERIFIED,INTEGRITY VERIFIED
66749,53369,2026-04-14 16:03:56.000000,86.46,4,4,RECONCILIATION SUCCESSFUL,INTEGRITY VERIFIED,INTEGRITY VERIFIED
41476,33083,2023-12-18 10:14:48.000000,14.99,1,1,RECONCILIATION SUCCESSFUL,INTEGRITY VERIFIED,INTEGRITY VERIFIED
72437,57913,2024-09-28 09:50:52.000000,119.98,4,4,RECONCILIATION SUCCESSFUL,INTEGRITY VERIFIED,INTEGRITY VERIFIED
81955,65583,2026-03-24 12:22:39.000000,15.52,1,1,RECONCILIATION SUCCESSFUL,INTEGRITY VERIFIED,INTEGRITY VERIFIED
19923,15907,2023-09-10 06:39:46.000000,402.51,4,4,RECONCILIATION SUCCESSFUL,INTEGRITY VERIFIED,INTEGRITY VERIFIED
25418,20309,2023-09-20 13:03:10.000000,15.95,1,1,RECONCILIATION SUCCESSFUL,INTEGRITY VERIFIED,INTEGRITY VERIFIED
47276,37777,2024-04-10 20:17:31.000000,15.95,1,1,RECONCILIATION SUCCESSFUL,INTEGRITY VERIFIED,INTEGRITY VERIFIED
91164,72977,2021-11-12 21:50:47.000000,15.98,1,1,RECONCILIATION SUCCESSFUL,INTEGRITY VERIFIED,INTEGRITY VERIFIED
51763,41340,2021-05-11 11:05:44.000000,82.38,3,3,RECONCILIATION SUCCESSFUL,INTEGRITY VERIFIED,INTEGRITY VERIFIED
49887,39845,2026-05-14 04:42:50.000000,256.0,2,2,RECONCILIATION SUCCESSFUL,INTEGRITY VERIFIED,INTEGRITY VERIFIED
89487,71614,2026-05-09 22:42:18.000000,321.25,4,4,RECONCILIATION SUCCESSFUL,INTEGRITY VERIFIED,INTEGRITY VERIFIED
116976,93660,2021-12-10 14:22:22.000000,165.99,3,3,RECONCILIATION SUCCESSFUL,INTEGRITY VERIFIED,INTEGRITY VERIFIED
112239,89870,2023-01-07 13:59:31.000000,16.99,1,1,RECONCILIATION SUCCESSFUL,INTEGRITY VERIFIED,INTEGRITY VERIFIED
66969,53559,2026-04-20 03:07:42.000000,115.99,2,2,RECONCILIATION SUCCESSFUL,INTEGRITY VERIFIED,INTEGRITY VERIFIED
92515,74088,2026-04-06 09:53:37.000000,17.0,1,1,RECONCILIATION SUCCESSFUL,INTEGRITY VERIFIED,INTEGRITY VERIFIED
16574,13195,2026-04-21 17:42:33.000000,92.0,2,2,RECONCILIATION SUCCESSFUL,INTEGRITY VERIFIED,INTEGRITY VERIFIED
88194,70551,2026-04-02 12:27:33.000000,49.05,2,2,RECONCILIATION SUCCESSFUL,INTEGRITY VERIFIED,INTEGRITY VERIFIED
16204,12921,2022-02-10 06:07:31.000000,17.05,1,1,RECONCILIATION SUCCESSFUL,INTEGRITY VERIFIED,INTEGRITY VERIFIED
14598,11652,2023-09-10 23:18:14.000000,87.85,3,3,RECONCILIATION SUCCESSFUL,INTEGRITY VERIFIED,INTEGRITY VERIFIED
122725,98267,2024-07-09 12:24:07.000000,347.89,2,2,RECONCILIATION SUCCESSFUL,INTEGRITY VERIFIED,INTEGRITY VERIFIED
58487,46736,2026-01-15 10:39:53.000000,85.95,2,2,RECONCILIATION SUCCESSFUL,INTEGRITY VERIFIED,INTEGRITY VERIFIED
82334,65886,2022-08-02 06:36:56.000000,18.0,1,1,RECONCILIATION SUCCESSFUL,INTEGRITY VERIFIED,INTEGRITY VERIFIED
20821,16641,2025-08-19 00:27:26.000000,18.0,1,1,RECONCILIATION SUCCESSFUL,INTEGRITY VERIFIED,INTEGRITY VERIFIED
14768,11781,2023-04-29 17:48:35.000000,18.0,1,1,RECONCILIATION SUCCESSFUL,INTEGRITY VERIFIED,INTEGRITY VERIFIED
4653,3682,2023-07-30 03:35:56.000000,408.55,4,4,RECONCILIATION SUCCESSFUL,INTEGRITY VERIFIED,INTEGRITY VERIFIED
19198,15337,2026-03-12 19:32:08.000000,18.9,1,1,RECONCILIATION SUCCESSFUL,INTEGRITY VERIFIED,INTEGRITY VERIFIED
17257,13723,2025-10-10 16:12:55.000000,18.95,1,1,RECONCILIATION SUCCESSFUL,INTEGRITY VERIFIED,INTEGRITY VERIFIED
111560,89357,2025-08-22 17:43:16.000000,18.99,1,1,RECONCILIATION SUCCESSFUL,INTEGRITY VERIFIED,INTEGRITY VERIFIED
100269,80432,2022-05-12 15:30:33.000000,18.99,1,1,RECONCILIATION SUCCESSFUL,INTEGRITY VERIFIED,INTEGRITY VERIFIED
21566,17228,2025-12-12 03:36:37.000000,19.95,1,1,RECONCILIATION SUCCESSFUL,INTEGRITY VERIFIED,INTEGRITY VERIFIED
70744,56571,2023-05-06 11:19:56.000000,324.43,4,4,RECONCILIATION SUCCESSFUL,INTEGRITY VERIFIED,INTEGRITY VERIFIED
123455,98857,2023-01-30 13:50:55.000000,48.0,2,2,RECONCILIATION SUCCESSFUL,INTEGRITY VERIFIED,INTEGRITY VERIFIED
80035,63977,2020-11-24 20:02:26.000000,19.99,1,1,RECONCILIATION SUCCESSFUL,INTEGRITY VERIFIED,INTEGRITY VERIFIED
4020,3202,2024-12-14 03:38:47.000000,19.99,1,1,RECONCILIATION SUCCESSFUL,INTEGRITY VERIFIED,INTEGRITY VERIFIED
78274,62579,2025-10-31 04:26:59.000000,139.24,4,4,RECONCILIATION SUCCESSFUL,INTEGRITY VERIFIED,INTEGRITY VERIFIED
16617,13237,2021-06-01 07:02:39.000000,123.98,4,4,RECONCILIATION SUCCESSFUL,INTEGRITY VERIFIED,INTEGRITY VERIFIED
73202,58551,2025-11-01 17:24:03.000000,19.99,1,1,RECONCILIATION SUCCESSFUL,INTEGRITY VERIFIED,INTEGRITY VERIFIED
73424,58728,2021-08-03 18:45:06.000000,283.9,4,4,RECONCILIATION SUCCESSFUL,INTEGRITY VERIFIED,INTEGRITY VERIFIED
123346,98769,2021-11-02 23:29:27.000000,57.99,2,2,RECONCILIATION SUCCESSFUL,INTEGRITY VERIFIED,INTEGRITY VERIFIED
67094,53661,2025-09-19 02:47:27.000000,49.33,2,2,RECONCILIATION SUCCESSFUL,INTEGRITY VERIFIED,INTEGRITY VERIFIED
82300,65865,2024-12-25 00:02:31.000000,50.99,2,2,RECONCILIATION SUCCESSFUL,INTEGRITY VERIFIED,INTEGRITY VERIFIED
89275,71437,2026-02-09 04:06:30.000000,158.99,3,3,RECONCILIATION SUCCESSFUL,INTEGRITY VERIFIED,INTEGRITY VERIFIED
98825,79230,2025-03-24 03:58:40.000000,21.0,1,1,RECONCILIATION SUCCESSFUL,INTEGRITY VERIFIED,INTEGRITY VERIFIED
66349,53048,2025-08-15 15:38:32.000000,133.24,3,3,RECONCILIATION SUCCESSFUL,INTEGRITY VERIFIED,INTEGRITY VERIFIED
73440,58739,2023-10-02 03:18:52.000000,92.19,2,2,RECONCILIATION SUCCESSFUL,INTEGRITY VERIFIED,INTEGRITY VERIFIED
42617,34008,2024-12-06 20:36:45.000000,21.99,1,1,RECONCILIATION SUCCESSFUL,INTEGRITY VERIFIED,INTEGRITY VERIFIED
48851,38998,2025-07-17 02:27:03.000000,110.99,2,2,RECONCILIATION SUCCESSFUL,INTEGRITY VERIFIED,INTEGRITY VERIFIED
58968,47107,2024-10-26 17:37:16.000000,130.99,3,3,RECONCILIATION SUCCESSFUL,INTEGRITY VERIFIED,INTEGRITY VERIFIED
73476,58771,2026-04-04 16:15:36.000000,101.98,2,2,RECONCILIATION SUCCESSFUL,INTEGRITY VERIFIED,INTEGRITY VERIFIED
26726,21357,2025-04-29 00:19:04.000000,137.56,4,4,RECONCILIATION SUCCESSFUL,INTEGRITY VERIFIED,INTEGRITY VERIFIED
99737,80003,2024-07-24 21:53:02.000000,179.58,4,4,RECONCILIATION SUCCESSFUL,INTEGRITY VERIFIED,INTEGRITY VERIFIED
50003,39938,2019-10-18 09:12:40.000000,46.45,2,2,RECONCILIATION SUCCESSFUL,INTEGRITY VERIFIED,INTEGRITY VERIFIED
91955,73636,2024-11-28 22:44:25.000000,85.49,2,2,RECONCILIATION SUCCESSFUL,INTEGRITY VERIFIED,INTEGRITY VERIFIED
97068,77800,2026-02-19 21:12:30.000000,63.1,2,2,RECONCILIATION SUCCESSFUL,INTEGRITY VERIFIED,INTEGRITY VERIFIED
109499,87728,2025-11-04 07:50:05.000000,324.92,4,4,RECONCILIATION SUCCESSFUL,INTEGRITY VERIFIED,INTEGRITY VERIFIED
20712,16553,2024-10-01 14:16:04.000000,49.95,2,2,RECONCILIATION SUCCESSFUL,INTEGRITY VERIFIED,INTEGRITY VERIFIED
29180,23323,2026-04-13 13:12:24.000000,315.56,4,4,RECONCILIATION SUCCESSFUL,INTEGRITY VERIFIED,INTEGRITY VERIFIED
36085,28794,2026-01-12 05:05:19.000000,22.99,1,1,RECONCILIATION SUCCESSFUL,INTEGRITY VERIFIED,INTEGRITY VERIFIED
55063,43986,2025-06-07 04:15:12.000000,82.98,2,2,RECONCILIATION SUCCESSFUL,INTEGRITY VERIFIED,INTEGRITY VERIFIED
115028,92096,2026-06-09 00:30:04.000000,22.99,1,1,RECONCILIATION SUCCESSFUL,INTEGRITY VERIFIED,INTEGRITY VERIFIED
122976,98464,2025-11-06 16:12:13.000000,23.0,1,1,RECONCILIATION SUCCESSFUL,INTEGRITY VERIFIED,INTEGRITY VERIFIED
124452,99646,2021-12-11 19:51:01.000000,211.45,4,4,RECONCILIATION SUCCESSFUL,INTEGRITY VERIFIED,INTEGRITY VERIFIED
38659,30870,2025-11-18 23:43:19.000000,173.03,2,2,RECONCILIATION SUCCESSFUL,INTEGRITY VERIFIED,INTEGRITY VERIFIED
120716,96627,2025-03-19 00:11:57.000000,23.05,1,1,RECONCILIATION SUCCESSFUL,INTEGRITY VERIFIED,INTEGRITY VERIFIED
70953,56747,2022-02-19 07:06:35.000000,48.99,2,2,RECONCILIATION SUCCESSFUL,INTEGRITY VERIFIED,INTEGRITY VERIFIED
103915,83304,2023-03-20 01:12:52.000000,57.74,2,2,RECONCILIATION SUCCESSFUL,INTEGRITY VERIFIED,INTEGRITY VERIFIED
32314,25797,2025-09-19 00:48:55.000000,368.99,3,3,RECONCILIATION SUCCESSFUL,INTEGRITY VERIFIED,INTEGRITY VERIFIED
61873,49411,2020-12-18 14:28:31.000000,24.0,1,1,RECONCILIATION SUCCESSFUL,INTEGRITY VERIFIED,INTEGRITY VERIFIED
98131,78677,2022-04-25 10:12:09.000000,126.35,3,3,RECONCILIATION SUCCESSFUL,INTEGRITY VERIFIED,INTEGRITY VERIFIED
91537,73282,2026-04-01 21:21:07.000000,51.0,2,2,RECONCILIATION SUCCESSFUL,INTEGRITY VERIFIED,INTEGRITY VERIFIED
8936,7133,2025-06-13 01:36:33.000000,108.49,3,3,RECONCILIATION SUCCESSFUL,INTEGRITY VERIFIED,INTEGRITY VERIFIED
29876,23870,2025-10-28 21:31:52.000000,144.43,3,3,RECONCILIATION SUCCESSFUL,INTEGRITY VERIFIED,INTEGRITY VERIFIED
30484,24336,2025-08-21 12:12:45.000000,24.74,1,1,RECONCILIATION SUCCESSFUL,INTEGRITY VERIFIED,INTEGRITY VERIFIED
67686,54150,2020-04-09 22:22:27.000000,114.94,2,2,RECONCILIATION SUCCESSFUL,INTEGRITY VERIFIED,INTEGRITY VERIFIED
50685,40502,2024-07-15 05:13:03.000000,334.82,4,4,RECONCILIATION SUCCESSFUL,INTEGRITY VERIFIED,INTEGRITY VERIFIED
87656,70146,2025-11-18 20:44:37.000000,77.99,2,2,RECONCILIATION SUCCESSFUL,INTEGRITY VERIFIED,INTEGRITY VERIFIED
98398,78895,2022-06-21 15:48:19.000000,24.99,1,1,RECONCILIATION SUCCESSFUL,INTEGRITY VERIFIED,INTEGRITY VERIFIED
1448,1137,2026-01-19 02:38:05.000000,62.83,2,2,RECONCILIATION SUCCESSFUL,INTEGRITY VERIFIED,INTEGRITY VERIFIED
17456,13898,2025-12-10 17:43:10.000000,164.98,2,2,RECONCILIATION SUCCESSFUL,INTEGRITY VERIFIED,INTEGRITY VERIFIED
120457,96417,2024-08-19 15:16:46.000000,56.96,2,2,RECONCILIATION SUCCESSFUL,INTEGRITY VERIFIED,INTEGRITY VERIFIED
118387,94788,2026-04-02 02:21:10.000000,112.98,4,4,RECONCILIATION SUCCESSFUL,INTEGRITY VERIFIED,INTEGRITY VERIFIED
12296,9800,2023-11-01 12:34:55.000000,256.58,4,4,RECONCILIATION SUCCESSFUL,INTEGRITY VERIFIED,INTEGRITY VERIFIED
38319,30584,2025-05-10 19:59:50.000000,189.94,3,3,RECONCILIATION SUCCESSFUL,INTEGRITY VERIFIED,INTEGRITY VERIFIED
62254,49728,2023-01-06 14:34:39.000000,25.0,1,1,RECONCILIATION SUCCESSFUL,INTEGRITY VERIFIED,INTEGRITY VERIFIED
63784,50971,2026-05-07 03:39:49.000000,89.98,3,3,RECONCILIATION SUCCESSFUL,INTEGRITY VERIFIED,INTEGRITY VERIFIED
68307,54662,2024-04-22 13:41:56.000000,195.0,3,3,RECONCILIATION SUCCESSFUL,INTEGRITY VERIFIED,INTEGRITY VERIFIED
72593,58048,2023-01-25 15:36:05.000000,25.0,1,1,RECONCILIATION SUCCESSFUL,INTEGRITY VERIFIED,INTEGRITY VERIFIED
17819,14189,2026-06-15 00:23:55.719322,134.44,4,4,RECONCILIATION SUCCESSFUL,INTEGRITY VERIFIED,INTEGRITY VERIFIED
57906,46277,2026-05-10 12:17:56.000000,25.0,1,1,RECONCILIATION SUCCESSFUL,INTEGRITY VERIFIED,INTEGRITY VERIFIED
7466,5964,2024-04-30 11:39:32.000000,69.99,2,2,RECONCILIATION SUCCESSFUL,INTEGRITY VERIFIED,INTEGRITY VERIFIED
78429,62699,2025-06-04 14:28:35.000000,70.0,2,2,RECONCILIATION SUCCESSFUL,INTEGRITY VERIFIED,INTEGRITY VERIFIED
90699,72583,2025-11-02 11:53:01.000000,261.0,3,3,RECONCILIATION SUCCESSFUL,INTEGRITY VERIFIED,INTEGRITY VERIFIED
93404,74854,2026-04-24 19:49:00.000000,164.95,4,4,RECONCILIATION SUCCESSFUL,INTEGRITY VERIFIED,INTEGRITY VERIFIED
110819,88754,2023-10-02 06:57:11.000000,191.37,4,4,RECONCILIATION SUCCESSFUL,INTEGRITY VERIFIED,INTEGRITY VERIFIED
124566,99728,2021-03-21 11:17:29.000000,25.0,1,1,RECONCILIATION SUCCESSFUL,INTEGRITY VERIFIED,INTEGRITY VERIFIED
77960,62323,2023-11-19 04:23:50.000000,25.48,1,1,RECONCILIATION SUCCESSFUL,INTEGRITY VERIFIED,INTEGRITY VERIFIED
8884,7093,2025-05-06 09:10:59.000000,71.5,2,2,RECONCILIATION SUCCESSFUL,INTEGRITY VERIFIED,INTEGRITY VERIFIED
72770,58202,2024-09-15 20:12:01.000000,85.99,2,2,RECONCILIATION SUCCESSFUL,INTEGRITY VERIFIED,INTEGRITY VERIFIED
1872,1500,2026-02-26 23:44:57.000000,160.98,4,4,RECONCILIATION SUCCESSFUL,INTEGRITY VERIFIED,INTEGRITY VERIFIED
45451,36281,2022-10-31 13:57:09.000000,27.0,1,1,RECONCILIATION SUCCESSFUL,INTEGRITY VERIFIED,INTEGRITY VERIFIED
73927,59130,2023-02-11 22:24:20.000000,102.6,2,2,RECONCILIATION SUCCESSFUL,INTEGRITY VERIFIED,INTEGRITY VERIFIED
30402,24274,2024-11-29 16:22:03.000000,27.0,1,1,RECONCILIATION SUCCESSFUL,INTEGRITY VERIFIED,INTEGRITY VERIFIED
79093,63221,2023-07-27 04:17:19.000000,62.15,2,2,RECONCILIATION SUCCESSFUL,INTEGRITY VERIFIED,INTEGRITY VERIFIED
100864,80868,2026-01-19 06:41:26.000000,127.2,2,2,RECONCILIATION SUCCESSFUL,INTEGRITY VERIFIED,INTEGRITY VERIFIED
39842,31820,2026-01-08 06:42:09.000000,27.98,1,1,RECONCILIATION SUCCESSFUL,INTEGRITY VERIFIED,INTEGRITY VERIFIED
37354,29833,2026-06-16 03:15:50.417570,237.77,4,4,RECONCILIATION SUCCESSFUL,INTEGRITY VERIFIED,INTEGRITY VERIFIED
45207,36076,2025-07-15 21:18:48.000000,27.99,1,1,RECONCILIATION SUCCESSFUL,INTEGRITY VERIFIED,INTEGRITY VERIFIED
89941,71971,2025-01-24 10:58:54.000000,28.0,1,1,RECONCILIATION SUCCESSFUL,INTEGRITY VERIFIED,INTEGRITY VERIFIED
117480,94073,2021-06-18 12:09:42.000000,77.5,2,2,RECONCILIATION SUCCESSFUL,INTEGRITY VERIFIED,INTEGRITY VERIFIED
87738,70217,2026-01-28 20:06:27.000000,578.49,4,4,RECONCILIATION SUCCESSFUL,INTEGRITY VERIFIED,INTEGRITY VERIFIED
96802,77610,2025-05-29 17:14:21.000000,29.18,1,1,RECONCILIATION SUCCESSFUL,INTEGRITY VERIFIED,INTEGRITY VERIFIED
30012,23967,2026-06-15 02:03:37.757833,384.4,3,3,RECONCILIATION SUCCESSFUL,INTEGRITY VERIFIED,INTEGRITY VERIFIED
94267,75558,2026-05-05 14:33:56.000000,69.33,2,2,RECONCILIATION SUCCESSFUL,INTEGRITY VERIFIED,INTEGRITY VERIFIED
56534,45167,2024-08-24 00:41:04.000000,245.47,4,4,RECONCILIATION SUCCESSFUL,INTEGRITY VERIFIED,INTEGRITY VERIFIED
21078,16856,2024-03-01 18:08:44.000000,135.16,2,2,RECONCILIATION SUCCESSFUL,INTEGRITY VERIFIED,INTEGRITY VERIFIED
100873,80872,2021-08-08 12:18:15.000000,69.88,2,2,RECONCILIATION SUCCESSFUL,INTEGRITY VERIFIED,INTEGRITY VERIFIED
10186,8125,2024-01-13 11:08:51.000000,59.94,2,2,RECONCILIATION SUCCESSFUL,INTEGRITY VERIFIED,INTEGRITY VERIFIED
36667,29257,2026-01-30 21:43:43.000000,29.99,1,1,RECONCILIATION SUCCESSFUL,INTEGRITY VERIFIED,INTEGRITY VERIFIED
73284,58624,2025-11-12 12:01:44.000000,29.99,1,1,RECONCILIATION SUCCESSFUL,INTEGRITY VERIFIED,INTEGRITY VERIFIED
95367,76433,2023-05-08 10:47:46.000000,69.44,2,2,RECONCILIATION SUCCESSFUL,INTEGRITY VERIFIED,INTEGRITY VERIFIED
26968,21555,2026-06-10 05:13:30.000000,79.98,2,2,RECONCILIATION SUCCESSFUL,INTEGRITY VERIFIED,INTEGRITY VERIFIED
76077,60841,2024-06-09 03:09:56.000000,30.0,1,1,RECONCILIATION SUCCESSFUL,INTEGRITY VERIFIED,INTEGRITY VERIFIED
62062,49583,2025-03-20 04:26:10.000000,200.2,4,4,RECONCILIATION SUCCESSFUL,INTEGRITY VERIFIED,INTEGRITY VERIFIED
37893,30248,2025-11-18 05:02:37.000000,30.4,1,1,RECONCILIATION SUCCESSFUL,INTEGRITY VERIFIED,INTEGRITY VERIFIED
103587,83056,2023-04-18 22:00:30.000000,250.79,4,4,RECONCILIATION SUCCESSFUL,INTEGRITY VERIFIED,INTEGRITY VERIFIED
106946,85697,2025-12-02 13:59:08.000000,31.97,1,1,RECONCILIATION SUCCESSFUL,INTEGRITY VERIFIED,INTEGRITY VERIFIED
23271,18590,2025-10-29 04:43:47.000000,31.99,1,1,RECONCILIATION SUCCESSFUL,INTEGRITY VERIFIED,INTEGRITY VERIFIED
97852,78441,2026-03-26 16:43:03.000000,31.99,1,1,RECONCILIATION SUCCESSFUL,INTEGRITY VERIFIED,INTEGRITY VERIFIED
76735,61352,2021-10-04 20:14:34.000000,32.0,1,1,RECONCILIATION SUCCESSFUL,INTEGRITY VERIFIED,INTEGRITY VERIFIED
27872,22276,2025-05-27 22:42:20.000000,1305.0,4,4,RECONCILIATION SUCCESSFUL,INTEGRITY VERIFIED,INTEGRITY VERIFIED
47024,37567,2024-12-28 19:56:47.000000,232.99,4,4,RECONCILIATION SUCCESSFUL,INTEGRITY VERIFIED,INTEGRITY VERIFIED
73670,58923,2025-02-11 20:51:22.000000,70.0,2,2,RECONCILIATION SUCCESSFUL,INTEGRITY VERIFIED,INTEGRITY VERIFIED
33486,26711,2024-12-07 14:16:01.000000,32.5,1,1,RECONCILIATION SUCCESSFUL,INTEGRITY VERIFIED,INTEGRITY VERIFIED
67132,53689,2024-12-23 20:43:18.000000,32.51,1,1,RECONCILIATION SUCCESSFUL,INTEGRITY VERIFIED,INTEGRITY VERIFIED
32791,26191,2025-10-15 16:32:54.000000,405.97,3,3,RECONCILIATION SUCCESSFUL,INTEGRITY VERIFIED,INTEGRITY VERIFIED
85528,68446,2026-02-10 10:34:24.000000,67.99,2,2,RECONCILIATION SUCCESSFUL,INTEGRITY VERIFIED,INTEGRITY VERIFIED
83206,66581,2024-08-18 00:45:09.000000,68.73,2,2,RECONCILIATION SUCCESSFUL,INTEGRITY VERIFIED,INTEGRITY VERIFIED
88929,71167,2026-02-04 15:28:32.000000,74.59,2,2,RECONCILIATION SUCCESSFUL,INTEGRITY VERIFIED,INTEGRITY VERIFIED
10577,8415,2025-01-07 17:49:27.000000,167.95,2,2,RECONCILIATION SUCCESSFUL,INTEGRITY VERIFIED,INTEGRITY VERIFIED
46269,36968,2026-02-21 01:08:04.000000,123.47,2,2,RECONCILIATION SUCCESSFUL,INTEGRITY VERIFIED,INTEGRITY VERIFIED
116893,93584,2022-04-02 07:58:35.000000,92.0,2,2,RECONCILIATION SUCCESSFUL,INTEGRITY VERIFIED,INTEGRITY VERIFIED
55271,44158,2024-07-19 00:11:00.000000,34.5,1,1,RECONCILIATION SUCCESSFUL,INTEGRITY VERIFIED,INTEGRITY VERIFIED
65661,52446,2025-01-27 11:08:23.000000,34.5,1,1,RECONCILIATION SUCCESSFUL,INTEGRITY VERIFIED,INTEGRITY VERIFIED
11605,9222,2023-01-13 21:01:18.000000,76.9,2,2,RECONCILIATION SUCCESSFUL,INTEGRITY VERIFIED,INTEGRITY VERIFIED
99059,79431,2022-09-01 19:24:53.000000,34.95,1,1,RECONCILIATION SUCCESSFUL,INTEGRITY VERIFIED,INTEGRITY VERIFIED
78999,63139,2025-07-24 00:13:20.000000,161.98,3,3,RECONCILIATION SUCCESSFUL,INTEGRITY VERIFIED,INTEGRITY VERIFIED
121600,97345,2023-02-18 05:07:58.000000,265.76,4,4,RECONCILIATION SUCCESSFUL,INTEGRITY VERIFIED,INTEGRITY VERIFIED
79595,63618,2024-11-28 05:56:49.000000,35.0,1,1,RECONCILIATION SUCCESSFUL,INTEGRITY VERIFIED,INTEGRITY VERIFIED
84450,67571,2026-06-15 20:06:53.149732,288.98,4,4,RECONCILIATION SUCCESSFUL,INTEGRITY VERIFIED,INTEGRITY VERIFIED
23015,18384,2025-11-06 21:09:41.000000,35.73,1,1,RECONCILIATION SUCCESSFUL,INTEGRITY VERIFIED,INTEGRITY VERIFIED
86433,69208,2026-04-05 21:54:41.000000,35.73,1,1,RECONCILIATION SUCCESSFUL,INTEGRITY VERIFIED,INTEGRITY VERIFIED
5072,4020,2024-10-22 11:23:54.000000,36.0,1,1,RECONCILIATION SUCCESSFUL,INTEGRITY VERIFIED,INTEGRITY VERIFIED
57132,45680,2025-10-24 20:31:59.000000,370.22,4,4,RECONCILIATION SUCCESSFUL,INTEGRITY VERIFIED,INTEGRITY VERIFIED
13917,11074,2023-04-05 00:31:58.000000,272.65,4,4,RECONCILIATION SUCCESSFUL,INTEGRITY VERIFIED,INTEGRITY VERIFIED
56977,45551,2025-05-25 23:41:04.000000,510.0,4,4,RECONCILIATION SUCCESSFUL,INTEGRITY VERIFIED,INTEGRITY VERIFIED
29898,23883,2026-06-15 14:47:56.000000,105.5,2,2,RECONCILIATION SUCCESSFUL,INTEGRITY VERIFIED,INTEGRITY VERIFIED
80968,64763,2020-10-19 07:35:02.000000,38.0,1,1,RECONCILIATION SUCCESSFUL,INTEGRITY VERIFIED,INTEGRITY VERIFIED
61213,48894,2023-12-11 08:18:22.000000,86.12,2,2,RECONCILIATION SUCCESSFUL,INTEGRITY VERIFIED,INTEGRITY VERIFIED
48105,38438,2024-06-02 18:55:10.000000,39.0,1,1,RECONCILIATION SUCCESSFUL,INTEGRITY VERIFIED,INTEGRITY VERIFIED
79041,63163,2024-01-31 01:48:44.000000,39.45,1,1,RECONCILIATION SUCCESSFUL,INTEGRITY VERIFIED,INTEGRITY VERIFIED
42477,33896,2021-08-21 05:05:19.000000,39.6,1,1,RECONCILIATION SUCCESSFUL,INTEGRITY VERIFIED,INTEGRITY VERIFIED
116878,93573,2025-09-03 02:35:26.000000,39.99,1,1,RECONCILIATION SUCCESSFUL,INTEGRITY VERIFIED,INTEGRITY VERIFIED
32990,26318,2026-05-23 13:49:25.000000,542.99,4,4,RECONCILIATION SUCCESSFUL,INTEGRITY VERIFIED,INTEGRITY VERIFIED
35280,28167,2023-01-22 11:06:46.000000,39.99,1,1,RECONCILIATION SUCCESSFUL,INTEGRITY VERIFIED,INTEGRITY VERIFIED
68720,54984,2025-06-05 00:34:57.000000,39.99,1,1,RECONCILIATION SUCCESSFUL,INTEGRITY VERIFIED,INTEGRITY VERIFIED
36640,29240,2023-07-15 08:42:18.000000,185.27,4,4,RECONCILIATION SUCCESSFUL,INTEGRITY VERIFIED,INTEGRITY VERIFIED
66981,53570,2026-05-03 00:45:26.000000,40.6,1,1,RECONCILIATION SUCCESSFUL,INTEGRITY VERIFIED,INTEGRITY VERIFIED
86242,69050,2023-12-09 09:02:07.000000,41.8,1,1,RECONCILIATION SUCCESSFUL,INTEGRITY VERIFIED,INTEGRITY VERIFIED
53621,42828,2026-05-23 04:30:33.000000,42.0,1,1,RECONCILIATION SUCCESSFUL,INTEGRITY VERIFIED,INTEGRITY VERIFIED
76356,61048,2023-11-19 11:32:06.000000,42.99,1,1,RECONCILIATION SUCCESSFUL,INTEGRITY VERIFIED,INTEGRITY VERIFIED
50606,40444,2021-12-29 01:18:25.000000,241.2,2,2,RECONCILIATION SUCCESSFUL,INTEGRITY VERIFIED,INTEGRITY VERIFIED
75127,60076,2025-10-05 07:30:05.000000,103.53,2,2,RECONCILIATION SUCCESSFUL,INTEGRITY VERIFIED,INTEGRITY VERIFIED
50564,40410,2025-10-14 11:15:13.000000,97.99,2,2,RECONCILIATION SUCCESSFUL,INTEGRITY VERIFIED,INTEGRITY VERIFIED
95000,76145,2025-10-19 18:43:58.000000,44.0,1,1,RECONCILIATION SUCCESSFUL,INTEGRITY VERIFIED,INTEGRITY VERIFIED
39820,31798,2025-02-18 11:16:56.000000,240.18,2,2,RECONCILIATION SUCCESSFUL,INTEGRITY VERIFIED,INTEGRITY VERIFIED
94603,75826,2024-12-16 00:56:21.000000,98.0,2,2,RECONCILIATION SUCCESSFUL,INTEGRITY VERIFIED,INTEGRITY VERIFIED
24045,19213,2024-09-07 03:36:36.000000,100.51,2,2,RECONCILIATION SUCCESSFUL,INTEGRITY VERIFIED,INTEGRITY VERIFIED
17863,14227,2024-09-06 02:22:16.000000,44.99,1,1,RECONCILIATION SUCCESSFUL,INTEGRITY VERIFIED,INTEGRITY VERIFIED
48070,38401,2022-08-12 03:26:46.000000,136.09,2,2,RECONCILIATION SUCCESSFUL,INTEGRITY VERIFIED,INTEGRITY VERIFIED
53238,42504,2022-08-31 17:44:11.000000,45.0,1,1,RECONCILIATION SUCCESSFUL,INTEGRITY VERIFIED,INTEGRITY VERIFIED
54492,43514,2022-04-18 11:04:06.000000,45.0,1,1,RECONCILIATION SUCCESSFUL,INTEGRITY VERIFIED,INTEGRITY VERIFIED
2531,2025,2024-07-23 05:24:26.000000,123.99,2,2,RECONCILIATION SUCCESSFUL,INTEGRITY VERIFIED,INTEGRITY VERIFIED
32783,26185,2024-11-20 04:30:11.000000,46.0,1,1,RECONCILIATION SUCCESSFUL,INTEGRITY VERIFIED,INTEGRITY VERIFIED
13903,11065,2024-05-11 19:50:30.000000,104.49,2,2,RECONCILIATION SUCCESSFUL,INTEGRITY VERIFIED,INTEGRITY VERIFIED
67864,54310,2023-11-01 13:15:42.000000,244.5,2,2,RECONCILIATION SUCCESSFUL,INTEGRITY VERIFIED,INTEGRITY VERIFIED
107750,86338,2023-01-26 12:08:18.000000,46.5,1,1,RECONCILIATION SUCCESSFUL,INTEGRITY VERIFIED,INTEGRITY VERIFIED
92908,74434,2024-04-01 22:40:40.000000,46.99,1,1,RECONCILIATION SUCCESSFUL,INTEGRITY VERIFIED,INTEGRITY VERIFIED
105489,84560,2025-09-01 04:15:19.000000,146.08,2,2,RECONCILIATION SUCCESSFUL,INTEGRITY VERIFIED,INTEGRITY VERIFIED
82649,66124,2026-05-18 16:00:30.000000,295.1,3,3,RECONCILIATION SUCCESSFUL,INTEGRITY VERIFIED,INTEGRITY VERIFIED
66590,53252,2026-03-03 04:10:23.000000,48.0,1,1,RECONCILIATION SUCCESSFUL,INTEGRITY VERIFIED,INTEGRITY VERIFIED
60120,48008,2024-09-01 02:47:48.000000,137.0,2,2,RECONCILIATION SUCCESSFUL,INTEGRITY VERIFIED,INTEGRITY VERIFIED
13275,10537,2025-01-28 17:34:59.000000,245.48,4,4,RECONCILIATION SUCCESSFUL,INTEGRITY VERIFIED,INTEGRITY VERIFIED
30276,24178,2024-08-28 09:23:48.000000,48.95,1,1,RECONCILIATION SUCCESSFUL,INTEGRITY VERIFIED,INTEGRITY VERIFIED
20741,16571,2026-06-12 06:02:47.750686,148.99,2,2,RECONCILIATION SUCCESSFUL,INTEGRITY VERIFIED,INTEGRITY VERIFIED
84423,67549,2025-07-03 00:05:15.000000,134.5,2,2,RECONCILIATION SUCCESSFUL,INTEGRITY VERIFIED,INTEGRITY VERIFIED
15316,12214,2020-07-22 20:52:30.000000,49.5,1,1,RECONCILIATION SUCCESSFUL,INTEGRITY VERIFIED,INTEGRITY VERIFIED
10295,8199,2026-06-10 07:22:26.000000,119.49,2,2,RECONCILIATION SUCCESSFUL,INTEGRITY VERIFIED,INTEGRITY VERIFIED
25249,20151,2024-01-01 04:00:00.000000,49.5,1,1,RECONCILIATION SUCCESSFUL,INTEGRITY VERIFIED,INTEGRITY VERIFIED
76635,61274,2026-03-20 14:16:44.000000,138.5,2,2,RECONCILIATION SUCCESSFUL,INTEGRITY VERIFIED,INTEGRITY VERIFIED
114298,91536,2023-11-14 12:10:36.000000,129.0,2,2,RECONCILIATION SUCCESSFUL,INTEGRITY VERIFIED,INTEGRITY VERIFIED
63122,50435,2026-03-08 22:23:20.000000,49.95,1,1,RECONCILIATION SUCCESSFUL,INTEGRITY VERIFIED,INTEGRITY VERIFIED
96874,77657,2022-05-12 22:03:47.000000,49.95,1,1,RECONCILIATION SUCCESSFUL,INTEGRITY VERIFIED,INTEGRITY VERIFIED
104437,83701,2024-05-20 09:18:04.000000,49.99,1,1,RECONCILIATION SUCCESSFUL,INTEGRITY VERIFIED,INTEGRITY VERIFIED
30463,24323,2023-05-18 18:57:00.000000,49.99,1,1,RECONCILIATION SUCCESSFUL,INTEGRITY VERIFIED,INTEGRITY VERIFIED
37309,29798,2025-07-02 09:22:05.000000,49.99,1,1,RECONCILIATION SUCCESSFUL,INTEGRITY VERIFIED,INTEGRITY VERIFIED
97755,78363,2026-02-23 05:42:27.000000,108.98,2,2,RECONCILIATION SUCCESSFUL,INTEGRITY VERIFIED,INTEGRITY VERIFIED
30360,24247,2025-10-25 20:12:21.000000,49.99,1,1,RECONCILIATION SUCCESSFUL,INTEGRITY VERIFIED,INTEGRITY VERIFIED
86047,68895,2026-02-04 20:32:54.000000,112.99,2,2,RECONCILIATION SUCCESSFUL,INTEGRITY VERIFIED,INTEGRITY VERIFIED
88075,70462,2024-08-26 12:24:27.000000,49.99,1,1,RECONCILIATION SUCCESSFUL,INTEGRITY VERIFIED,INTEGRITY VERIFIED
85635,68537,2024-01-16 16:13:49.000000,50.0,1,1,RECONCILIATION SUCCESSFUL,INTEGRITY VERIFIED,INTEGRITY VERIFIED
65332,52178,2022-05-30 21:39:55.000000,50.0,1,1,RECONCILIATION SUCCESSFUL,INTEGRITY VERIFIED,INTEGRITY VERIFIED
101847,81648,2025-03-31 18:29:56.000000,50.0,1,1,RECONCILIATION SUCCESSFUL,INTEGRITY VERIFIED,INTEGRITY VERIFIED
51891,41424,2025-11-05 01:33:52.000000,160.0,2,2,RECONCILIATION SUCCESSFUL,INTEGRITY VERIFIED,INTEGRITY VERIFIED
120599,96534,2026-02-09 20:05:40.000000,138.74,2,2,RECONCILIATION SUCCESSFUL,INTEGRITY VERIFIED,INTEGRITY VERIFIED
66850,53452,2026-01-08 22:22:20.000000,53.0,1,1,RECONCILIATION SUCCESSFUL,INTEGRITY VERIFIED,INTEGRITY VERIFIED
2315,1840,2025-08-21 13:45:30.000000,122.5,2,2,RECONCILIATION SUCCESSFUL,INTEGRITY VERIFIED,INTEGRITY VERIFIED
72080,57640,2024-06-15 01:27:40.000000,172.99,2,2,RECONCILIATION SUCCESSFUL,INTEGRITY VERIFIED,INTEGRITY VERIFIED
61442,49089,2021-08-28 12:19:27.000000,54.0,1,1,RECONCILIATION SUCCESSFUL,INTEGRITY VERIFIED,INTEGRITY VERIFIED
91933,73619,2026-06-12 16:43:18.407698,54.0,1,1,RECONCILIATION SUCCESSFUL,INTEGRITY VERIFIED,INTEGRITY VERIFIED
71476,57166,2025-05-23 00:29:44.000000,142.5,2,2,RECONCILIATION SUCCESSFUL,INTEGRITY VERIFIED,INTEGRITY VERIFIED
72253,57780,2025-02-01 11:48:28.000000,54.5,1,1,RECONCILIATION SUCCESSFUL,INTEGRITY VERIFIED,INTEGRITY VERIFIED
73646,58904,2023-08-11 16:46:36.000000,54.5,1,1,RECONCILIATION SUCCESSFUL,INTEGRITY VERIFIED,INTEGRITY VERIFIED
65540,52344,2026-06-05 02:30:22.000000,55.0,1,1,RECONCILIATION SUCCESSFUL,INTEGRITY VERIFIED,INTEGRITY VERIFIED
122392,97992,2024-04-19 13:27:04.000000,55.0,1,1,RECONCILIATION SUCCESSFUL,INTEGRITY VERIFIED,INTEGRITY VERIFIED
67734,54202,2026-06-14 07:23:29.489053,55.38,1,1,RECONCILIATION SUCCESSFUL,INTEGRITY VERIFIED,INTEGRITY VERIFIED
27715,22164,2020-06-26 18:13:01.000000,57.0,1,1,RECONCILIATION SUCCESSFUL,INTEGRITY VERIFIED,INTEGRITY VERIFIED
102673,82328,2024-10-07 07:28:31.000000,57.19,1,1,RECONCILIATION SUCCESSFUL,INTEGRITY VERIFIED,INTEGRITY VERIFIED
21933,17505,2024-05-29 08:59:21.000000,58.0,1,1,RECONCILIATION SUCCESSFUL,INTEGRITY VERIFIED,INTEGRITY VERIFIED
98400,78899,2023-07-16 23:41:28.000000,154.0,2,2,RECONCILIATION SUCCESSFUL,INTEGRITY VERIFIED,INTEGRITY VERIFIED
118141,94584,2026-06-01 17:43:11.000000,127.0,2,2,RECONCILIATION SUCCESSFUL,INTEGRITY VERIFIED,INTEGRITY VERIFIED
108469,86874,2022-10-08 05:10:03.000000,58.5,1,1,RECONCILIATION SUCCESSFUL,INTEGRITY VERIFIED,INTEGRITY VERIFIED
109396,87643,2024-09-28 09:37:26.000000,58.5,1,1,RECONCILIATION SUCCESSFUL,INTEGRITY VERIFIED,INTEGRITY VERIFIED
55273,44160,2022-06-30 00:57:58.000000,58.97,1,1,RECONCILIATION SUCCESSFUL,INTEGRITY VERIFIED,INTEGRITY VERIFIED
4339,3442,2024-11-20 01:44:28.000000,58.99,1,1,RECONCILIATION SUCCESSFUL,INTEGRITY VERIFIED,INTEGRITY VERIFIED
91800,73505,2024-06-09 16:51:25.000000,59.0,1,1,RECONCILIATION SUCCESSFUL,INTEGRITY VERIFIED,INTEGRITY VERIFIED
29820,23828,2026-03-31 09:22:33.000000,59.0,1,1,RECONCILIATION SUCCESSFUL,INTEGRITY VERIFIED,INTEGRITY VERIFIED
94450,75707,2025-05-05 08:14:37.000000,59.0,1,1,RECONCILIATION SUCCESSFUL,INTEGRITY VERIFIED,INTEGRITY VERIFIED
31374,25066,2024-06-30 18:25:07.000000,59.5,1,1,RECONCILIATION SUCCESSFUL,INTEGRITY VERIFIED,INTEGRITY VERIFIED
124485,99671,2023-04-22 07:50:39.000000,324.41,3,3,RECONCILIATION SUCCESSFUL,INTEGRITY VERIFIED,INTEGRITY VERIFIED
52927,42241,2026-05-31 05:48:32.000000,60.99,1,1,RECONCILIATION SUCCESSFUL,INTEGRITY VERIFIED,INTEGRITY VERIFIED
31018,24767,2026-05-29 13:35:37.000000,152.49,2,2,RECONCILIATION SUCCESSFUL,INTEGRITY VERIFIED,INTEGRITY VERIFIED
40214,32113,2020-01-15 21:15:20.000000,63.99,1,1,RECONCILIATION SUCCESSFUL,INTEGRITY VERIFIED,INTEGRITY VERIFIED
23463,18729,2026-06-05 07:30:40.000000,64.95,1,1,RECONCILIATION SUCCESSFUL,INTEGRITY VERIFIED,INTEGRITY VERIFIED
3081,2468,2026-01-15 16:07:32.000000,64.99,1,1,RECONCILIATION SUCCESSFUL,INTEGRITY VERIFIED,INTEGRITY VERIFIED
24470,19537,2022-10-22 11:29:41.000000,345.0,2,2,RECONCILIATION SUCCESSFUL,INTEGRITY VERIFIED,INTEGRITY VERIFIED
64112,51224,2026-06-03 01:52:53.000000,216.5,2,2,RECONCILIATION SUCCESSFUL,INTEGRITY VERIFIED,INTEGRITY VERIFIED
58245,46550,2023-09-16 01:50:52.000000,66.96,1,1,RECONCILIATION SUCCESSFUL,INTEGRITY VERIFIED,INTEGRITY VERIFIED
89945,71975,2023-09-21 06:57:17.000000,225.95,2,2,RECONCILIATION SUCCESSFUL,INTEGRITY VERIFIED,INTEGRITY VERIFIED
61387,49045,2023-02-11 05:47:15.000000,138.71,2,2,RECONCILIATION SUCCESSFUL,INTEGRITY VERIFIED,INTEGRITY VERIFIED
2857,2265,2020-02-09 00:29:55.000000,188.97,2,2,RECONCILIATION SUCCESSFUL,INTEGRITY VERIFIED,INTEGRITY VERIFIED
5059,4007,2026-01-12 02:46:29.000000,69.95,1,1,RECONCILIATION SUCCESSFUL,INTEGRITY VERIFIED,INTEGRITY VERIFIED
73556,58838,2023-05-26 05:31:57.000000,69.95,1,1,RECONCILIATION SUCCESSFUL,INTEGRITY VERIFIED,INTEGRITY VERIFIED
77619,62059,2024-07-05 00:09:39.000000,69.99,1,1,RECONCILIATION SUCCESSFUL,INTEGRITY VERIFIED,INTEGRITY VERIFIED
28006,22387,2025-01-13 13:33:17.000000,237.0,2,2,RECONCILIATION SUCCESSFUL,INTEGRITY VERIFIED,INTEGRITY VERIFIED
114874,91989,2025-03-11 20:49:46.000000,72.0,1,1,RECONCILIATION SUCCESSFUL,INTEGRITY VERIFIED,INTEGRITY VERIFIED
26058,20823,2020-05-18 23:41:52.000000,79.0,1,1,RECONCILIATION SUCCESSFUL,INTEGRITY VERIFIED,INTEGRITY VERIFIED
112819,90319,2026-06-15 07:49:49.811482,79.5,1,1,RECONCILIATION SUCCESSFUL,INTEGRITY VERIFIED,INTEGRITY VERIFIED
97615,78243,2024-11-11 12:08:05.000000,79.95,1,1,RECONCILIATION SUCCESSFUL,INTEGRITY VERIFIED,INTEGRITY VERIFIED
43957,35070,2022-09-07 16:17:24.000000,84.0,1,1,RECONCILIATION SUCCESSFUL,INTEGRITY VERIFIED,INTEGRITY VERIFIED
8827,7060,2022-12-19 19:29:55.000000,84.12,1,1,RECONCILIATION SUCCESSFUL,INTEGRITY VERIFIED,INTEGRITY VERIFIED
37721,30111,2024-01-01 09:18:33.000000,85.0,1,1,RECONCILIATION SUCCESSFUL,INTEGRITY VERIFIED,INTEGRITY VERIFIED
56323,45001,2022-01-27 19:44:35.000000,265.0,2,2,RECONCILIATION SUCCESSFUL,INTEGRITY VERIFIED,INTEGRITY VERIFIED
65887,52655,2024-02-12 02:13:36.000000,86.11,1,1,RECONCILIATION SUCCESSFUL,INTEGRITY VERIFIED,INTEGRITY VERIFIED
31758,25366,2025-12-07 07:01:56.000000,278.0,2,2,RECONCILIATION SUCCESSFUL,INTEGRITY VERIFIED,INTEGRITY VERIFIED
91238,73039,2025-05-07 23:59:28.000000,90.45,1,1,RECONCILIATION SUCCESSFUL,INTEGRITY VERIFIED,INTEGRITY VERIFIED
44868,35783,2023-05-30 15:21:26.000000,94.0,1,1,RECONCILIATION SUCCESSFUL,INTEGRITY VERIFIED,INTEGRITY VERIFIED
109369,87626,2021-11-29 00:40:54.000000,896.71,4,4,RECONCILIATION SUCCESSFUL,INTEGRITY VERIFIED,INTEGRITY VERIFIED
18381,14633,2023-03-08 22:24:54.000000,95.0,1,1,RECONCILIATION SUCCESSFUL,INTEGRITY VERIFIED,INTEGRITY VERIFIED
41791,33338,2024-09-17 13:25:23.000000,97.95,1,1,RECONCILIATION SUCCESSFUL,INTEGRITY VERIFIED,INTEGRITY VERIFIED
48092,38425,2024-05-02 21:37:26.000000,98.0,1,1,RECONCILIATION SUCCESSFUL,INTEGRITY VERIFIED,INTEGRITY VERIFIED
25020,19988,2025-01-21 10:35:00.000000,292.0,2,2,RECONCILIATION SUCCESSFUL,INTEGRITY VERIFIED,INTEGRITY VERIFIED
45107,36003,2024-05-21 19:27:02.000000,98.0,1,1,RECONCILIATION SUCCESSFUL,INTEGRITY VERIFIED,INTEGRITY VERIFIED
76538,61195,2023-09-03 01:46:31.000000,277.85,2,2,RECONCILIATION SUCCESSFUL,INTEGRITY VERIFIED,INTEGRITY VERIFIED
124829,99940,2026-06-15 18:40:09.000000,99.0,1,1,RECONCILIATION SUCCESSFUL,INTEGRITY VERIFIED,INTEGRITY VERIFIED
26849,21448,2023-11-06 05:44:32.000000,379.0,2,2,RECONCILIATION SUCCESSFUL,INTEGRITY VERIFIED,INTEGRITY VERIFIED
56275,44960,2025-12-05 06:42:44.000000,99.0,1,1,RECONCILIATION SUCCESSFUL,INTEGRITY VERIFIED,INTEGRITY VERIFIED
87298,69871,2026-02-08 06:59:47.000000,240.62,2,2,RECONCILIATION SUCCESSFUL,INTEGRITY VERIFIED,INTEGRITY VERIFIED
97914,78497,2026-03-28 08:13:21.000000,99.0,1,1,RECONCILIATION SUCCESSFUL,INTEGRITY VERIFIED,INTEGRITY VERIFIED
100854,80860,2023-08-02 09:41:15.000000,99.99,1,1,RECONCILIATION SUCCESSFUL,INTEGRITY VERIFIED,INTEGRITY VERIFIED
20629,16492,2024-07-10 23:43:05.000000,104.5,1,1,RECONCILIATION SUCCESSFUL,INTEGRITY VERIFIED,INTEGRITY VERIFIED
8320,6649,2023-01-31 04:15:47.000000,105.56,1,1,RECONCILIATION SUCCESSFUL,INTEGRITY VERIFIED,INTEGRITY VERIFIED
92673,74237,2026-04-16 16:42:08.000000,106.0,1,1,RECONCILIATION SUCCESSFUL,INTEGRITY VERIFIED,INTEGRITY VERIFIED
103972,83343,2025-07-05 02:12:13.000000,252.77,2,2,RECONCILIATION SUCCESSFUL,INTEGRITY VERIFIED,INTEGRITY VERIFIED
83988,67216,2022-12-25 14:25:32.000000,110.0,1,1,RECONCILIATION SUCCESSFUL,INTEGRITY VERIFIED,INTEGRITY VERIFIED
71311,57036,2025-05-18 21:26:37.000000,124.99,1,1,RECONCILIATION SUCCESSFUL,INTEGRITY VERIFIED,INTEGRITY VERIFIED
113578,90920,2024-06-28 15:56:06.000000,128.0,1,1,RECONCILIATION SUCCESSFUL,INTEGRITY VERIFIED,INTEGRITY VERIFIED
22486,17948,2024-05-09 14:51:39.000000,140.0,1,1,RECONCILIATION SUCCESSFUL,INTEGRITY VERIFIED,INTEGRITY VERIFIED
90476,72405,2025-06-14 01:50:34.000000,148.0,1,1,RECONCILIATION SUCCESSFUL,INTEGRITY VERIFIED,INTEGRITY VERIFIED
106506,85364,2022-07-01 01:39:18.000000,148.58,1,1,RECONCILIATION SUCCESSFUL,INTEGRITY VERIFIED,INTEGRITY VERIFIED
91511,73268,2025-01-15 11:27:43.000000,150.0,1,1,RECONCILIATION SUCCESSFUL,INTEGRITY VERIFIED,INTEGRITY VERIFIED
19081,15234,2026-05-10 04:28:20.000000,159.99,1,1,RECONCILIATION SUCCESSFUL,INTEGRITY VERIFIED,INTEGRITY VERIFIED
105602,84656,2025-11-29 00:35:29.000000,170.0,1,1,RECONCILIATION SUCCESSFUL,INTEGRITY VERIFIED,INTEGRITY VERIFIED
84221,67404,2022-10-29 01:19:32.000000,170.98,1,1,RECONCILIATION SUCCESSFUL,INTEGRITY VERIFIED,INTEGRITY VERIFIED
28496,22779,2026-04-11 11:29:56.000000,178.0,1,1,RECONCILIATION SUCCESSFUL,INTEGRITY VERIFIED,INTEGRITY VERIFIED
38403,30655,2026-05-26 09:22:40.000000,178.0,1,1,RECONCILIATION SUCCESSFUL,INTEGRITY VERIFIED,INTEGRITY VERIFIED
83961,67196,2024-03-13 23:23:16.000000,178.0,1,1,RECONCILIATION SUCCESSFUL,INTEGRITY VERIFIED,INTEGRITY VERIFIED
65728,52501,2025-09-05 07:13:15.000000,179.0,1,1,RECONCILIATION SUCCESSFUL,INTEGRITY VERIFIED,INTEGRITY VERIFIED
79165,63273,2025-07-26 02:51:55.000000,179.99,1,1,RECONCILIATION SUCCESSFUL,INTEGRITY VERIFIED,INTEGRITY VERIFIED
25837,20639,2026-06-03 05:49:55.000000,185.0,1,1,RECONCILIATION SUCCESSFUL,INTEGRITY VERIFIED,INTEGRITY VERIFIED
87010,69649,2025-09-29 03:33:28.000000,185.0,1,1,RECONCILIATION SUCCESSFUL,INTEGRITY VERIFIED,INTEGRITY VERIFIED
14912,11899,2026-05-22 18:36:17.000000,185.0,1,1,RECONCILIATION SUCCESSFUL,INTEGRITY VERIFIED,INTEGRITY VERIFIED
34509,27554,2026-02-09 19:46:02.000000,189.0,1,1,RECONCILIATION SUCCESSFUL,INTEGRITY VERIFIED,INTEGRITY VERIFIED
5668,4484,2026-01-30 08:57:54.000000,189.0,1,1,RECONCILIATION SUCCESSFUL,INTEGRITY VERIFIED,INTEGRITY VERIFIED
108151,86639,2024-10-14 20:01:03.000000,209.99,1,1,RECONCILIATION SUCCESSFUL,INTEGRITY VERIFIED,INTEGRITY VERIFIED
112315,89934,2024-05-02 05:29:21.000000,209.99,1,1,RECONCILIATION SUCCESSFUL,INTEGRITY VERIFIED,INTEGRITY VERIFIED
100208,80384,2026-05-18 20:33:29.000000,229.0,1,1,RECONCILIATION SUCCESSFUL,INTEGRITY VERIFIED,INTEGRITY VERIFIED
37872,30236,2025-03-03 20:55:42.000000,714.0,2,2,RECONCILIATION SUCCESSFUL,INTEGRITY VERIFIED,INTEGRITY VERIFIED
76632,61271,2024-04-21 15:10:46.000000,265.99,1,1,RECONCILIATION SUCCESSFUL,INTEGRITY VERIFIED,INTEGRITY VERIFIED
67694,54161,2023-10-06 01:22:28.000000,269.0,1,1,RECONCILIATION SUCCESSFUL,INTEGRITY VERIFIED,INTEGRITY VERIFIED
-4,11264,2026-06-16 13:45:00.000000,388.0,3,3,RECONCILIATION SUCCESSFUL,INTEGRITY VERIFIED,INTEGRITY VERIFIED
-9,4020,2026-06-16 11:40:00.000000,145.0,2,2,RECONCILIATION SUCCESSFUL,INTEGRITY VERIFIED,INTEGRITY VERIFIED
-23,41212,2026-06-16 09:53:00.000000,320.0,2,2,RECONCILIATION SUCCESSFUL,INTEGRITY VERIFIED,VARIANCE DETECTED
-42,53977,2026-06-16 13:25:00.000000,110.0,1,1,RECONCILIATION SUCCESSFUL,INTEGRITY VERIFIED,INTEGRITY VERIFIED
-135,34491,2026-06-16 13:10:00.000000,181.0,1,1,RECONCILIATION SUCCESSFUL,INTEGRITY VERIFIED,INTEGRITY VERIFIED
-141,23519,2026-06-16 12:27:00.000000,31.0,1,1,RECONCILIATION SUCCESSFUL,INTEGRITY VERIFIED,INTEGRITY VERIFIED
-144,33708,2026-06-16 17:30:00.000000,169.0,2,2,RECONCILIATION SUCCESSFUL,INTEGRITY VERIFIED,VARIANCE DETECTED
-145,51765,2026-06-16 09:20:00.000000,372.0,2,2,RECONCILIATION SUCCESSFUL,INTEGRITY VERIFIED,VARIANCE DETECTED
-163,51571,2026-06-16 17:27:00.000000,122.0,1,1,RECONCILIATION SUCCESSFUL,INTEGRITY VERIFIED,INTEGRITY VERIFIED
-166,5875,2026-06-16 11:40:00.000000,165.0,1,1,RECONCILIATION SUCCESSFUL,INTEGRITY VERIFIED,INTEGRITY VERIFIED
-182,73300,2026-06-16 13:45:00.000000,249.0,2,2,RECONCILIATION SUCCESSFUL,INTEGRITY VERIFIED,VARIANCE DETECTED
-183,36003,2026-06-16 14:24:00.000000,423.0,3,3,RECONCILIATION SUCCESSFUL,INTEGRITY VERIFIED,VARIANCE DETECTED
-189,5746,2026-06-16 17:06:00.000000,184.0,2,2,RECONCILIATION SUCCESSFUL,INTEGRITY VERIFIED,INTEGRITY VERIFIED
-202,25450,2026-06-16 10:29:00.000000,319.0,3,3,RECONCILIATION SUCCESSFUL,INTEGRITY VERIFIED,INTEGRITY VERIFIED
-238,84811,2026-06-16 11:47:00.000000,158.0,2,2,RECONCILIATION SUCCESSFUL,INTEGRITY VERIFIED,VARIANCE DETECTED
-240,42613,2026-06-16 17:45:00.000000,63.0,1,1,RECONCILIATION SUCCESSFUL,INTEGRITY VERIFIED,INTEGRITY VERIFIED
-249,32979,2026-06-16 13:19:00.000000,254.0,3,3,RECONCILIATION SUCCESSFUL,INTEGRITY VERIFIED,INTEGRITY VERIFIED
-276,75677,2026-06-16 14:14:00.000000,181.0,2,2,RECONCILIATION SUCCESSFUL,INTEGRITY VERIFIED,INTEGRITY VERIFIED
-280,7293,2026-06-16 11:17:00.000000,164.0,3,3,RECONCILIATION SUCCESSFUL,INTEGRITY VERIFIED,VARIANCE DETECTED
-291,86034,2026-06-16 10:17:00.000000,299.0,3,3,RECONCILIATION SUCCESSFUL,INTEGRITY VERIFIED,VARIANCE DETECTED
-295,90857,2026-06-16 16:30:00.000000,69.0,1,1,RECONCILIATION SUCCESSFUL,INTEGRITY VERIFIED,INTEGRITY VERIFIED
-300,63468,2026-06-16 15:00:00.000000,128.0,1,1,RECONCILIATION SUCCESSFUL,INTEGRITY VERIFIED,INTEGRITY VERIFIED
25234,20140,2023-05-25 06:40:26.000000,70.72,4,4,RECONCILIATION SUCCESSFUL,INTEGRITY VERIFIED,INTEGRITY VERIFIED
68124,54518,2022-07-29 17:46:02.000000,18.94,2,2,RECONCILIATION SUCCESSFUL,INTEGRITY VERIFIED,INTEGRITY VERIFIED
13073,10385,2024-09-15 07:04:51.000000,53.99,2,2,RECONCILIATION SUCCESSFUL,INTEGRITY VERIFIED,INTEGRITY VERIFIED
69344,55460,2019-09-19 08:57:28.000000,120.78,3,3,RECONCILIATION SUCCESSFUL,INTEGRITY VERIFIED,INTEGRITY VERIFIED
71945,57538,2026-03-04 09:08:06.000000,341.49,4,4,RECONCILIATION SUCCESSFUL,INTEGRITY VERIFIED,INTEGRITY VERIFIED
86891,69567,2025-12-13 17:25:47.000000,20.0,2,2,RECONCILIATION SUCCESSFUL,INTEGRITY VERIFIED,INTEGRITY VERIFIED
121164,96990,2026-03-25 03:50:19.000000,7.01,1,1,RECONCILIATION SUCCESSFUL,INTEGRITY VERIFIED,INTEGRITY VERIFIED
53805,42960,2026-04-04 10:02:05.000000,69.97,4,4,RECONCILIATION SUCCESSFUL,INTEGRITY VERIFIED,INTEGRITY VERIFIED
34972,27938,2024-03-23 17:49:29.000000,51.48,3,3,RECONCILIATION SUCCESSFUL,INTEGRITY VERIFIED,INTEGRITY VERIFIED
62102,49616,2025-11-17 20:24:42.000000,19.49,2,2,RECONCILIATION SUCCESSFUL,INTEGRITY VERIFIED,INTEGRITY VERIFIED
76749,61364,2025-05-21 07:27:15.000000,158.68,3,3,RECONCILIATION SUCCESSFUL,INTEGRITY VERIFIED,INTEGRITY VERIFIED
10480,8340,2023-09-01 03:12:13.000000,818.96,4,4,RECONCILIATION SUCCESSFUL,INTEGRITY VERIFIED,INTEGRITY VERIFIED
22283,17782,2024-11-11 03:27:02.000000,82.68,2,2,RECONCILIATION SUCCESSFUL,INTEGRITY VERIFIED,INTEGRITY VERIFIED
44130,35214,2025-10-31 00:52:02.000000,54.93,3,3,RECONCILIATION SUCCESSFUL,INTEGRITY VERIFIED,INTEGRITY VERIFIED
33997,27129,2023-08-08 11:46:56.000000,41.97,3,3,RECONCILIATION SUCCESSFUL,INTEGRITY VERIFIED,INTEGRITY VERIFIED
84512,67618,2023-11-30 08:19:57.000000,124.96,3,3,RECONCILIATION SUCCESSFUL,INTEGRITY VERIFIED,INTEGRITY VERIFIED
100013,80236,2025-06-24 11:33:07.000000,81.97,3,3,RECONCILIATION SUCCESSFUL,INTEGRITY VERIFIED,INTEGRITY VERIFIED
99567,79866,2026-06-01 21:46:04.000000,9.12,1,1,RECONCILIATION SUCCESSFUL,INTEGRITY VERIFIED,INTEGRITY VERIFIED
38851,31043,2023-12-11 01:28:34.000000,74.89,2,2,RECONCILIATION SUCCESSFUL,INTEGRITY VERIFIED,INTEGRITY VERIFIED
118168,94604,2026-04-10 08:21:22.000000,9.9,1,1,RECONCILIATION SUCCESSFUL,INTEGRITY VERIFIED,INTEGRITY VERIFIED
62437,49870,2022-12-16 12:22:58.000000,226.88,4,4,RECONCILIATION SUCCESSFUL,INTEGRITY VERIFIED,INTEGRITY VERIFIED
66016,52763,2026-03-15 17:59:00.000000,97.93,4,4,RECONCILIATION SUCCESSFUL,INTEGRITY VERIFIED,INTEGRITY VERIFIED
35289,28175,2024-11-09 17:10:28.000000,93.83,2,2,RECONCILIATION SUCCESSFUL,INTEGRITY VERIFIED,INTEGRITY VERIFIED
6233,4945,2024-01-25 13:02:23.000000,110.95,3,3,RECONCILIATION SUCCESSFUL,INTEGRITY VERIFIED,INTEGRITY VERIFIED
41781,33330,2024-05-21 00:54:02.000000,10.0,1,1,RECONCILIATION SUCCESSFUL,INTEGRITY VERIFIED,INTEGRITY VERIFIED
113495,90857,2024-12-29 17:41:00.000000,113.04,3,3,RECONCILIATION SUCCESSFUL,INTEGRITY VERIFIED,INTEGRITY VERIFIED
101706,81544,2026-01-25 01:21:04.000000,142.48,4,4,RECONCILIATION SUCCESSFUL,INTEGRITY VERIFIED,INTEGRITY VERIFIED
7677,6146,2022-12-14 07:02:48.000000,68.49,3,3,RECONCILIATION SUCCESSFUL,INTEGRITY VERIFIED,INTEGRITY VERIFIED
53435,42664,2025-11-24 10:21:38.000000,75.39,4,4,RECONCILIATION SUCCESSFUL,INTEGRITY VERIFIED,INTEGRITY VERIFIED
73818,59036,2023-06-05 22:12:42.000000,60.49,2,2,RECONCILIATION SUCCESSFUL,INTEGRITY VERIFIED,INTEGRITY VERIFIED
37169,29673,2024-01-26 10:20:37.000000,196.96,4,4,RECONCILIATION SUCCESSFUL,INTEGRITY VERIFIED,INTEGRITY VERIFIED
119611,95724,2024-09-29 10:55:24.000000,25.49,2,2,RECONCILIATION SUCCESSFUL,INTEGRITY VERIFIED,INTEGRITY VERIFIED
31794,25397,2019-05-24 23:46:19.000000,112.03,2,2,RECONCILIATION SUCCESSFUL,INTEGRITY VERIFIED,INTEGRITY VERIFIED
94693,75902,2026-01-29 23:23:30.000000,289.6,3,3,RECONCILIATION SUCCESSFUL,INTEGRITY VERIFIED,INTEGRITY VERIFIED
106863,85632,2025-03-24 20:48:13.000000,11.49,1,1,RECONCILIATION SUCCESSFUL,INTEGRITY VERIFIED,INTEGRITY VERIFIED
24740,19755,2026-02-19 09:12:18.000000,71.92,2,2,RECONCILIATION SUCCESSFUL,INTEGRITY VERIFIED,INTEGRITY VERIFIED
34561,27589,2024-12-01 04:31:10.000000,103.89,4,4,RECONCILIATION SUCCESSFUL,INTEGRITY VERIFIED,INTEGRITY VERIFIED
90785,72652,2026-06-12 20:25:33.667054,269.85,4,4,RECONCILIATION SUCCESSFUL,INTEGRITY VERIFIED,INTEGRITY VERIFIED
35605,28417,2026-01-24 11:40:08.000000,11.99,1,1,RECONCILIATION SUCCESSFUL,INTEGRITY VERIFIED,INTEGRITY VERIFIED
59318,47402,2024-03-29 08:40:44.000000,11.99,1,1,RECONCILIATION SUCCESSFUL,INTEGRITY VERIFIED,INTEGRITY VERIFIED
92518,74092,2024-10-11 22:04:53.000000,196.99,4,4,RECONCILIATION SUCCESSFUL,INTEGRITY VERIFIED,INTEGRITY VERIFIED
50575,40419,2025-09-17 12:04:04.000000,12.0,1,1,RECONCILIATION SUCCESSFUL,INTEGRITY VERIFIED,INTEGRITY VERIFIED
92534,74107,2024-02-21 21:18:09.000000,37.98,2,2,RECONCILIATION SUCCESSFUL,INTEGRITY VERIFIED,INTEGRITY VERIFIED
24419,19502,2021-09-23 23:27:22.000000,164.98,4,4,RECONCILIATION SUCCESSFUL,INTEGRITY VERIFIED,INTEGRITY VERIFIED
51592,41204,2020-05-27 11:34:21.000000,175.98,4,4,RECONCILIATION SUCCESSFUL,INTEGRITY VERIFIED,INTEGRITY VERIFIED
52657,42019,2022-07-21 02:59:55.000000,162.49,3,3,RECONCILIATION SUCCESSFUL,INTEGRITY VERIFIED,INTEGRITY VERIFIED
79113,63236,2026-02-08 17:10:57.000000,12.51,1,1,RECONCILIATION SUCCESSFUL,INTEGRITY VERIFIED,INTEGRITY VERIFIED
29072,23238,2025-01-02 21:32:06.000000,198.75,4,4,RECONCILIATION SUCCESSFUL,INTEGRITY VERIFIED,INTEGRITY VERIFIED
71336,57055,2020-08-27 03:14:09.000000,111.89,3,3,RECONCILIATION SUCCESSFUL,INTEGRITY VERIFIED,INTEGRITY VERIFIED
54771,43750,2024-10-05 19:30:21.000000,234.29,4,4,RECONCILIATION SUCCESSFUL,INTEGRITY VERIFIED,INTEGRITY VERIFIED
46034,36764,2024-12-19 10:09:05.000000,37.95,2,2,RECONCILIATION SUCCESSFUL,INTEGRITY VERIFIED,INTEGRITY VERIFIED
45045,35944,2023-02-27 04:14:40.000000,127.86,2,2,RECONCILIATION SUCCESSFUL,INTEGRITY VERIFIED,INTEGRITY VERIFIED
73832,59054,2025-10-18 13:46:31.000000,68.43,2,2,RECONCILIATION SUCCESSFUL,INTEGRITY VERIFIED,INTEGRITY VERIFIED
16233,12945,2021-12-20 15:12:22.000000,101.52,2,2,RECONCILIATION SUCCESSFUL,INTEGRITY VERIFIED,INTEGRITY VERIFIED
43332,34583,2026-03-15 22:24:41.000000,13.95,1,1,RECONCILIATION SUCCESSFUL,INTEGRITY VERIFIED,INTEGRITY VERIFIED
5417,4286,2025-07-15 01:20:01.000000,152.96,4,4,RECONCILIATION SUCCESSFUL,INTEGRITY VERIFIED,INTEGRITY VERIFIED
96937,77706,2023-04-17 14:08:15.000000,68.49,2,2,RECONCILIATION SUCCESSFUL,INTEGRITY VERIFIED,INTEGRITY VERIFIED
94264,75557,2025-10-27 15:38:12.000000,290.94,4,4,RECONCILIATION SUCCESSFUL,INTEGRITY VERIFIED,INTEGRITY VERIFIED
17919,14266,2020-07-27 06:22:49.000000,86.5,3,3,RECONCILIATION SUCCESSFUL,INTEGRITY VERIFIED,INTEGRITY VERIFIED
88766,71026,2022-02-20 09:42:23.000000,88.65,3,3,RECONCILIATION SUCCESSFUL,INTEGRITY VERIFIED,INTEGRITY VERIFIED
28046,22418,2020-11-14 11:24:00.000000,14.67,1,1,RECONCILIATION SUCCESSFUL,INTEGRITY VERIFIED,INTEGRITY VERIFIED
28212,22557,2026-05-29 15:15:27.000000,141.88,4,4,RECONCILIATION SUCCESSFUL,INTEGRITY VERIFIED,INTEGRITY VERIFIED
67446,53947,2025-12-19 15:51:26.000000,37.94,2,2,RECONCILIATION SUCCESSFUL,INTEGRITY VERIFIED,INTEGRITY VERIFIED
106028,84971,2026-04-04 07:08:49.000000,39.95,2,2,RECONCILIATION SUCCESSFUL,INTEGRITY VERIFIED,INTEGRITY VERIFIED
108916,87244,2024-03-21 01:07:53.000000,174.95,2,2,RECONCILIATION SUCCESSFUL,INTEGRITY VERIFIED,INTEGRITY VERIFIED
44440,35448,2021-05-24 01:51:18.000000,221.46,4,4,RECONCILIATION SUCCESSFUL,INTEGRITY VERIFIED,INTEGRITY VERIFIED
100086,80293,2026-04-08 11:53:19.000000,107.99,3,3,RECONCILIATION SUCCESSFUL,INTEGRITY VERIFIED,INTEGRITY VERIFIED
76868,61465,2024-12-22 05:15:12.000000,14.99,1,1,RECONCILIATION SUCCESSFUL,INTEGRITY VERIFIED,INTEGRITY VERIFIED
84561,67654,2026-02-10 16:21:34.000000,43.49,2,2,RECONCILIATION SUCCESSFUL,INTEGRITY VERIFIED,INTEGRITY VERIFIED
107878,86431,2026-05-15 17:01:30.000000,14.99,1,1,RECONCILIATION SUCCESSFUL,INTEGRITY VERIFIED,INTEGRITY VERIFIED
2519,2016,2025-08-01 13:12:48.000000,59.98,2,2,RECONCILIATION SUCCESSFUL,INTEGRITY VERIFIED,INTEGRITY VERIFIED
24714,19735,2024-04-29 16:20:05.000000,62.98,2,2,RECONCILIATION SUCCESSFUL,INTEGRITY VERIFIED,INTEGRITY VERIFIED
45734,36511,2026-05-14 02:08:51.000000,66.99,2,2,RECONCILIATION SUCCESSFUL,INTEGRITY VERIFIED,INTEGRITY VERIFIED
74285,59405,2025-06-12 18:08:18.000000,14.99,1,1,RECONCILIATION SUCCESSFUL,INTEGRITY VERIFIED,INTEGRITY VERIFIED
102740,82374,2026-05-24 19:25:46.000000,15.0,1,1,RECONCILIATION SUCCESSFUL,INTEGRITY VERIFIED,INTEGRITY VERIFIED
38000,30333,2023-11-14 10:56:54.000000,15.0,1,1,RECONCILIATION SUCCESSFUL,INTEGRITY VERIFIED,INTEGRITY VERIFIED
39012,31172,2025-08-10 11:33:33.000000,91.95,3,3,RECONCILIATION SUCCESSFUL,INTEGRITY VERIFIED,INTEGRITY VERIFIED
5769,4564,2025-09-10 12:55:33.000000,113.64,2,2,RECONCILIATION SUCCESSFUL,INTEGRITY VERIFIED,INTEGRITY VERIFIED
67811,54267,2026-05-17 04:03:58.000000,279.67,2,2,RECONCILIATION SUCCESSFUL,INTEGRITY VERIFIED,INTEGRITY VERIFIED
32649,26073,2025-04-16 17:52:33.000000,148.77,4,4,RECONCILIATION SUCCESSFUL,INTEGRITY VERIFIED,INTEGRITY VERIFIED
18802,14994,2024-10-02 02:11:27.000000,155.9,2,2,RECONCILIATION SUCCESSFUL,INTEGRITY VERIFIED,INTEGRITY VERIFIED
72320,57828,2023-12-06 14:59:13.000000,15.95,1,1,RECONCILIATION SUCCESSFUL,INTEGRITY VERIFIED,INTEGRITY VERIFIED
37414,29875,2025-07-06 06:19:58.000000,300.22,4,4,RECONCILIATION SUCCESSFUL,INTEGRITY VERIFIED,INTEGRITY VERIFIED
81770,65438,2026-03-23 02:49:28.000000,51.17,2,2,RECONCILIATION SUCCESSFUL,INTEGRITY VERIFIED,INTEGRITY VERIFIED
83698,66975,2026-02-28 03:40:12.000000,16.99,1,1,RECONCILIATION SUCCESSFUL,INTEGRITY VERIFIED,INTEGRITY VERIFIED
69267,55402,2025-06-09 09:43:49.000000,16.99,1,1,RECONCILIATION SUCCESSFUL,INTEGRITY VERIFIED,INTEGRITY VERIFIED
122970,98457,2020-03-29 15:30:29.000000,16.99,1,1,RECONCILIATION SUCCESSFUL,INTEGRITY VERIFIED,INTEGRITY VERIFIED
40641,32447,2026-06-15 23:04:59.000000,17.0,1,1,RECONCILIATION SUCCESSFUL,INTEGRITY VERIFIED,INTEGRITY VERIFIED
28256,22587,2021-05-05 07:12:40.000000,17.5,1,1,RECONCILIATION SUCCESSFUL,INTEGRITY VERIFIED,INTEGRITY VERIFIED
26263,20978,2024-09-01 00:50:26.000000,115.29,4,4,RECONCILIATION SUCCESSFUL,INTEGRITY VERIFIED,INTEGRITY VERIFIED
28688,22933,2026-05-16 13:28:58.000000,17.95,1,1,RECONCILIATION SUCCESSFUL,INTEGRITY VERIFIED,INTEGRITY VERIFIED
39189,31306,2021-08-16 17:58:43.000000,185.93,4,4,RECONCILIATION SUCCESSFUL,INTEGRITY VERIFIED,INTEGRITY VERIFIED
104961,84118,2023-01-09 02:43:38.000000,304.99,3,3,RECONCILIATION SUCCESSFUL,INTEGRITY VERIFIED,INTEGRITY VERIFIED
41318,32963,2025-01-18 01:18:59.000000,42.99,2,2,RECONCILIATION SUCCESSFUL,INTEGRITY VERIFIED,INTEGRITY VERIFIED
63832,51012,2023-08-06 01:45:15.000000,54.95,2,2,RECONCILIATION SUCCESSFUL,INTEGRITY VERIFIED,INTEGRITY VERIFIED
60791,48539,2025-12-09 16:06:41.000000,168.97,3,3,RECONCILIATION SUCCESSFUL,INTEGRITY VERIFIED,INTEGRITY VERIFIED
74598,59665,2025-11-12 18:24:09.000000,18.95,1,1,RECONCILIATION SUCCESSFUL,INTEGRITY VERIFIED,INTEGRITY VERIFIED
115355,92347,2025-06-09 20:02:09.000000,42.44,2,2,RECONCILIATION SUCCESSFUL,INTEGRITY VERIFIED,INTEGRITY VERIFIED
95789,76793,2023-12-12 20:52:30.000000,268.97,4,4,RECONCILIATION SUCCESSFUL,INTEGRITY VERIFIED,INTEGRITY VERIFIED
16497,13138,2026-04-01 05:10:29.000000,118.08,3,3,RECONCILIATION SUCCESSFUL,INTEGRITY VERIFIED,INTEGRITY VERIFIED
91545,73289,2025-06-22 02:21:43.000000,38.98,2,2,RECONCILIATION SUCCESSFUL,INTEGRITY VERIFIED,INTEGRITY VERIFIED
123112,98578,2025-07-29 21:27:16.000000,18.99,1,1,RECONCILIATION SUCCESSFUL,INTEGRITY VERIFIED,INTEGRITY VERIFIED
844,680,2025-04-28 10:51:49.000000,138.95,2,2,RECONCILIATION SUCCESSFUL,INTEGRITY VERIFIED,INTEGRITY VERIFIED
120010,96064,2022-10-26 01:15:58.000000,19.49,1,1,RECONCILIATION SUCCESSFUL,INTEGRITY VERIFIED,INTEGRITY VERIFIED
59295,47387,2025-09-13 02:59:42.000000,189.92,4,4,RECONCILIATION SUCCESSFUL,INTEGRITY VERIFIED,INTEGRITY VERIFIED
113247,90664,2025-09-15 05:53:30.000000,19.5,1,1,RECONCILIATION SUCCESSFUL,INTEGRITY VERIFIED,INTEGRITY VERIFIED
9966,7949,2026-04-18 18:05:23.000000,292.47,3,3,RECONCILIATION SUCCESSFUL,INTEGRITY VERIFIED,INTEGRITY VERIFIED
21301,17030,2025-10-25 14:49:13.000000,41.85,2,2,RECONCILIATION SUCCESSFUL,INTEGRITY VERIFIED,INTEGRITY VERIFIED
92909,74434,2025-08-24 21:45:47.000000,19.95,1,1,RECONCILIATION SUCCESSFUL,INTEGRITY VERIFIED,INTEGRITY VERIFIED
82142,65734,2023-10-19 02:13:53.000000,19.95,1,1,RECONCILIATION SUCCESSFUL,INTEGRITY VERIFIED,INTEGRITY VERIFIED
36396,29033,2025-08-03 18:12:07.000000,288.97,2,2,RECONCILIATION SUCCESSFUL,INTEGRITY VERIFIED,INTEGRITY VERIFIED
10269,8185,2025-01-27 05:26:47.000000,19.99,1,1,RECONCILIATION SUCCESSFUL,INTEGRITY VERIFIED,INTEGRITY VERIFIED
45796,36560,2023-12-14 19:16:36.000000,19.99,1,1,RECONCILIATION SUCCESSFUL,INTEGRITY VERIFIED,INTEGRITY VERIFIED
9510,7589,2026-06-01 05:14:26.000000,67.98,2,2,RECONCILIATION SUCCESSFUL,INTEGRITY VERIFIED,INTEGRITY VERIFIED
64616,51621,2026-04-16 07:01:33.000000,254.92,4,4,RECONCILIATION SUCCESSFUL,INTEGRITY VERIFIED,INTEGRITY VERIFIED
18751,14944,2025-08-27 04:44:23.000000,340.71,4,4,RECONCILIATION SUCCESSFUL,INTEGRITY VERIFIED,INTEGRITY VERIFIED
110794,88732,2021-10-15 22:11:37.000000,197.43,4,4,RECONCILIATION SUCCESSFUL,INTEGRITY VERIFIED,INTEGRITY VERIFIED
1816,1462,2025-07-29 19:14:59.000000,19.99,1,1,RECONCILIATION SUCCESSFUL,INTEGRITY VERIFIED,INTEGRITY VERIFIED
24077,19245,2025-05-13 02:03:34.000000,72.98,2,2,RECONCILIATION SUCCESSFUL,INTEGRITY VERIFIED,INTEGRITY VERIFIED
43484,34703,2025-06-06 02:41:48.000000,99.98,2,2,RECONCILIATION SUCCESSFUL,INTEGRITY VERIFIED,INTEGRITY VERIFIED
48690,38870,2026-06-14 00:22:41.000000,294.44,4,4,RECONCILIATION SUCCESSFUL,INTEGRITY VERIFIED,INTEGRITY VERIFIED
65802,52575,2026-03-26 19:02:17.000000,157.49,3,3,RECONCILIATION SUCCESSFUL,INTEGRITY VERIFIED,INTEGRITY VERIFIED
37260,29749,2024-09-06 09:28:12.000000,110.77,4,4,RECONCILIATION SUCCESSFUL,INTEGRITY VERIFIED,INTEGRITY VERIFIED
113007,90474,2022-06-11 14:14:05.000000,110.95,2,2,RECONCILIATION SUCCESSFUL,INTEGRITY VERIFIED,INTEGRITY VERIFIED
34921,27898,2025-12-29 21:35:51.000000,90.74,3,3,RECONCILIATION SUCCESSFUL,INTEGRITY VERIFIED,INTEGRITY VERIFIED
85943,68808,2022-08-30 03:12:40.000000,171.99,3,3,RECONCILIATION SUCCESSFUL,INTEGRITY VERIFIED,INTEGRITY VERIFIED
102953,82548,2026-04-25 02:54:41.000000,119.91,4,4,RECONCILIATION SUCCESSFUL,INTEGRITY VERIFIED,INTEGRITY VERIFIED
54628,43629,2026-06-02 11:22:15.000000,164.75,3,3,RECONCILIATION SUCCESSFUL,INTEGRITY VERIFIED,INTEGRITY VERIFIED
72691,58126,2025-07-07 04:58:26.000000,52.49,2,2,RECONCILIATION SUCCESSFUL,INTEGRITY VERIFIED,INTEGRITY VERIFIED
37319,29801,2025-08-24 07:49:17.000000,178.69,4,4,RECONCILIATION SUCCESSFUL,INTEGRITY VERIFIED,INTEGRITY VERIFIED
31434,25109,2025-01-25 00:12:34.000000,147.85,4,4,RECONCILIATION SUCCESSFUL,INTEGRITY VERIFIED,INTEGRITY VERIFIED
107566,86200,2026-05-12 14:23:12.000000,72.94,2,2,RECONCILIATION SUCCESSFUL,INTEGRITY VERIFIED,INTEGRITY VERIFIED
15688,12527,2020-12-30 17:35:18.000000,160.44,3,3,RECONCILIATION SUCCESSFUL,INTEGRITY VERIFIED,INTEGRITY VERIFIED
64506,51533,2024-12-02 11:10:47.000000,23.7,1,1,RECONCILIATION SUCCESSFUL,INTEGRITY VERIFIED,INTEGRITY VERIFIED
15024,11985,2025-04-02 10:01:49.000000,226.4,3,3,RECONCILIATION SUCCESSFUL,INTEGRITY VERIFIED,INTEGRITY VERIFIED
35304,28186,2025-03-10 04:47:36.000000,246.42,4,4,RECONCILIATION SUCCESSFUL,INTEGRITY VERIFIED,INTEGRITY VERIFIED
118758,95063,2024-08-16 18:03:31.000000,172.99,4,4,RECONCILIATION SUCCESSFUL,INTEGRITY VERIFIED,INTEGRITY VERIFIED
4174,3308,2025-10-06 11:02:49.000000,99.0,2,2,RECONCILIATION SUCCESSFUL,INTEGRITY VERIFIED,INTEGRITY VERIFIED
26731,21361,2021-07-25 00:02:44.000000,83.0,3,3,RECONCILIATION SUCCESSFUL,INTEGRITY VERIFIED,INTEGRITY VERIFIED
68152,54539,2026-05-27 18:37:19.000000,144.12,4,4,RECONCILIATION SUCCESSFUL,INTEGRITY VERIFIED,INTEGRITY VERIFIED
57314,45830,2025-03-18 04:05:19.000000,133.99,3,3,RECONCILIATION SUCCESSFUL,INTEGRITY VERIFIED,INTEGRITY VERIFIED
8697,6949,2026-05-07 13:17:46.000000,24.74,1,1,RECONCILIATION SUCCESSFUL,INTEGRITY VERIFIED,INTEGRITY VERIFIED
115735,92655,2025-04-05 07:38:15.000000,24.95,1,1,RECONCILIATION SUCCESSFUL,INTEGRITY VERIFIED,INTEGRITY VERIFIED
42176,33644,2025-04-27 18:35:41.000000,24.99,1,1,RECONCILIATION SUCCESSFUL,INTEGRITY VERIFIED,INTEGRITY VERIFIED
99420,79732,2026-04-11 22:19:01.000000,24.99,1,1,RECONCILIATION SUCCESSFUL,INTEGRITY VERIFIED,INTEGRITY VERIFIED
27338,21856,2025-11-05 01:16:05.000000,24.99,1,1,RECONCILIATION SUCCESSFUL,INTEGRITY VERIFIED,INTEGRITY VERIFIED
34389,27450,2023-09-30 14:14:42.000000,64.98,2,2,RECONCILIATION SUCCESSFUL,INTEGRITY VERIFIED,INTEGRITY VERIFIED
13133,10425,2025-07-31 18:39:23.000000,25.0,1,1,RECONCILIATION SUCCESSFUL,INTEGRITY VERIFIED,INTEGRITY VERIFIED
28841,23049,2026-05-27 23:51:35.000000,25.0,1,1,RECONCILIATION SUCCESSFUL,INTEGRITY VERIFIED,INTEGRITY VERIFIED
68311,54664,2024-04-01 03:47:45.000000,177.88,4,4,RECONCILIATION SUCCESSFUL,INTEGRITY VERIFIED,INTEGRITY VERIFIED
89569,71674,2025-03-15 00:44:03.000000,25.0,1,1,RECONCILIATION SUCCESSFUL,INTEGRITY VERIFIED,INTEGRITY VERIFIED
117208,93865,2026-04-29 11:34:43.000000,25.0,1,1,RECONCILIATION SUCCESSFUL,INTEGRITY VERIFIED,INTEGRITY VERIFIED
15749,12569,2026-06-15 09:57:26.096748,130.83,3,3,RECONCILIATION SUCCESSFUL,INTEGRITY VERIFIED,INTEGRITY VERIFIED
33957,27102,2026-04-16 06:56:08.000000,369.0,3,3,RECONCILIATION SUCCESSFUL,INTEGRITY VERIFIED,INTEGRITY VERIFIED
40157,32064,2024-10-01 02:14:11.000000,25.0,1,1,RECONCILIATION SUCCESSFUL,INTEGRITY VERIFIED,INTEGRITY VERIFIED
48982,39084,2022-12-03 23:03:58.000000,80.0,2,2,RECONCILIATION SUCCESSFUL,INTEGRITY VERIFIED,INTEGRITY VERIFIED
81284,65033,2024-06-04 15:00:18.000000,114.45,3,3,RECONCILIATION SUCCESSFUL,INTEGRITY VERIFIED,INTEGRITY VERIFIED
81819,65483,2025-04-18 02:40:58.000000,25.0,1,1,RECONCILIATION SUCCESSFUL,INTEGRITY VERIFIED,INTEGRITY VERIFIED
91460,73230,2026-05-22 18:53:30.000000,103.0,2,2,RECONCILIATION SUCCESSFUL,INTEGRITY VERIFIED,INTEGRITY VERIFIED
114721,91880,2021-11-13 15:44:19.000000,179.99,4,4,RECONCILIATION SUCCESSFUL,INTEGRITY VERIFIED,INTEGRITY VERIFIED
14525,11588,2020-04-25 13:31:59.000000,137.99,3,3,RECONCILIATION SUCCESSFUL,INTEGRITY VERIFIED,INTEGRITY VERIFIED
71253,56999,2023-12-13 22:47:26.000000,25.0,1,1,RECONCILIATION SUCCESSFUL,INTEGRITY VERIFIED,INTEGRITY VERIFIED
95548,76591,2022-11-07 12:13:54.000000,305.0,2,2,RECONCILIATION SUCCESSFUL,INTEGRITY VERIFIED,INTEGRITY VERIFIED
98371,78876,2026-02-26 06:34:14.000000,135.0,2,2,RECONCILIATION SUCCESSFUL,INTEGRITY VERIFIED,INTEGRITY VERIFIED
118003,94473,2020-07-23 05:22:55.000000,54.99,2,2,RECONCILIATION SUCCESSFUL,INTEGRITY VERIFIED,INTEGRITY VERIFIED
92444,74020,2026-06-08 09:30:42.000000,25.2,1,1,RECONCILIATION SUCCESSFUL,INTEGRITY VERIFIED,INTEGRITY VERIFIED
69861,55870,2026-01-05 09:01:43.000000,25.48,1,1,RECONCILIATION SUCCESSFUL,INTEGRITY VERIFIED,INTEGRITY VERIFIED
5467,4326,2022-06-19 08:22:31.000000,120.49,2,2,RECONCILIATION SUCCESSFUL,INTEGRITY VERIFIED,INTEGRITY VERIFIED
45573,36383,2024-04-21 17:01:32.000000,25.52,1,1,RECONCILIATION SUCCESSFUL,INTEGRITY VERIFIED,INTEGRITY VERIFIED
87068,69695,2025-01-03 16:35:26.000000,25.98,1,1,RECONCILIATION SUCCESSFUL,INTEGRITY VERIFIED,INTEGRITY VERIFIED
38309,30579,2026-02-08 16:47:53.000000,26.0,1,1,RECONCILIATION SUCCESSFUL,INTEGRITY VERIFIED,INTEGRITY VERIFIED
15183,12110,2026-04-18 04:05:08.000000,26.0,1,1,RECONCILIATION SUCCESSFUL,INTEGRITY VERIFIED,INTEGRITY VERIFIED
62691,50097,2023-07-26 10:56:36.000000,70.0,2,2,RECONCILIATION SUCCESSFUL,INTEGRITY VERIFIED,INTEGRITY VERIFIED
87228,69823,2026-06-05 18:10:23.000000,26.47,1,1,RECONCILIATION SUCCESSFUL,INTEGRITY VERIFIED,INTEGRITY VERIFIED
76872,61468,2025-12-02 20:41:15.000000,110.5,2,2,RECONCILIATION SUCCESSFUL,INTEGRITY VERIFIED,INTEGRITY VERIFIED
57376,45883,2025-03-12 11:31:54.000000,160.87,3,3,RECONCILIATION SUCCESSFUL,INTEGRITY VERIFIED,INTEGRITY VERIFIED
48822,38974,2025-09-10 19:06:32.000000,26.95,1,1,RECONCILIATION SUCCESSFUL,INTEGRITY VERIFIED,INTEGRITY VERIFIED
67959,54388,2021-02-20 15:15:24.000000,26.95,1,1,RECONCILIATION SUCCESSFUL,INTEGRITY VERIFIED,INTEGRITY VERIFIED
37302,29789,2025-10-25 04:07:03.000000,80.99,2,2,RECONCILIATION SUCCESSFUL,INTEGRITY VERIFIED,INTEGRITY VERIFIED
50155,40054,2026-06-16 08:18:24.392430,27.9,1,1,RECONCILIATION SUCCESSFUL,INTEGRITY VERIFIED,INTEGRITY VERIFIED
10602,8440,2025-08-28 08:42:21.000000,27.99,1,1,RECONCILIATION SUCCESSFUL,INTEGRITY VERIFIED,INTEGRITY VERIFIED
120097,96140,2023-03-06 04:32:40.000000,96.68,2,2,RECONCILIATION SUCCESSFUL,INTEGRITY VERIFIED,INTEGRITY VERIFIED
85200,68174,2025-10-29 05:57:22.000000,321.45,4,4,RECONCILIATION SUCCESSFUL,INTEGRITY VERIFIED,INTEGRITY VERIFIED
1749,1394,2024-12-16 23:17:38.000000,92.49,2,2,RECONCILIATION SUCCESSFUL,INTEGRITY VERIFIED,INTEGRITY VERIFIED
1892,1516,2025-10-08 06:12:29.000000,28.82,1,1,RECONCILIATION SUCCESSFUL,INTEGRITY VERIFIED,INTEGRITY VERIFIED
50134,40039,2025-01-15 05:08:22.000000,28.82,1,1,RECONCILIATION SUCCESSFUL,INTEGRITY VERIFIED,INTEGRITY VERIFIED
46439,37099,2021-08-01 09:11:53.000000,63.2,2,2,RECONCILIATION SUCCESSFUL,INTEGRITY VERIFIED,INTEGRITY VERIFIED
96249,77157,2024-10-16 09:54:53.000000,268.98,4,4,RECONCILIATION SUCCESSFUL,INTEGRITY VERIFIED,INTEGRITY VERIFIED
88533,70818,2026-05-13 03:31:33.000000,139.41,2,2,RECONCILIATION SUCCESSFUL,INTEGRITY VERIFIED,INTEGRITY VERIFIED
95841,76836,2022-11-04 07:04:00.000000,29.45,1,1,RECONCILIATION SUCCESSFUL,INTEGRITY VERIFIED,INTEGRITY VERIFIED
11237,8932,2026-04-23 03:12:33.000000,323.74,4,4,RECONCILIATION SUCCESSFUL,INTEGRITY VERIFIED,INTEGRITY VERIFIED
34298,27363,2024-10-07 21:50:36.000000,29.9,1,1,RECONCILIATION SUCCESSFUL,INTEGRITY VERIFIED,INTEGRITY VERIFIED
100673,80715,2026-06-01 16:09:00.000000,29.95,1,1,RECONCILIATION SUCCESSFUL,INTEGRITY VERIFIED,INTEGRITY VERIFIED
91465,73233,2025-09-26 14:40:05.000000,29.95,1,1,RECONCILIATION SUCCESSFUL,INTEGRITY VERIFIED,INTEGRITY VERIFIED
59738,47717,2023-05-02 02:55:32.000000,179.98,3,3,RECONCILIATION SUCCESSFUL,INTEGRITY VERIFIED,INTEGRITY VERIFIED
67127,53686,2021-02-05 05:55:14.000000,29.99,1,1,RECONCILIATION SUCCESSFUL,INTEGRITY VERIFIED,INTEGRITY VERIFIED
31299,25008,2025-02-13 06:47:56.000000,150.92,3,3,RECONCILIATION SUCCESSFUL,INTEGRITY VERIFIED,INTEGRITY VERIFIED
31988,25547,2025-11-26 20:37:23.000000,213.98,4,4,RECONCILIATION SUCCESSFUL,INTEGRITY VERIFIED,INTEGRITY VERIFIED
73274,58619,2026-06-16 04:26:04.346162,29.99,1,1,RECONCILIATION SUCCESSFUL,INTEGRITY VERIFIED,INTEGRITY VERIFIED
104106,83440,2025-02-28 04:44:07.000000,29.99,1,1,RECONCILIATION SUCCESSFUL,INTEGRITY VERIFIED,INTEGRITY VERIFIED
24175,19319,2022-06-19 07:31:49.000000,188.34,3,3,RECONCILIATION SUCCESSFUL,INTEGRITY VERIFIED,INTEGRITY VERIFIED
11827,9399,2025-06-23 12:48:59.000000,94.95,2,2,RECONCILIATION SUCCESSFUL,INTEGRITY VERIFIED,INTEGRITY VERIFIED
59999,47929,2025-03-16 12:17:46.000000,64.99,2,2,RECONCILIATION SUCCESSFUL,INTEGRITY VERIFIED,INTEGRITY VERIFIED
5590,4419,2020-12-14 09:46:54.000000,130.99,3,3,RECONCILIATION SUCCESSFUL,INTEGRITY VERIFIED,INTEGRITY VERIFIED
112320,89940,2025-09-16 19:56:45.000000,31.81,1,1,RECONCILIATION SUCCESSFUL,INTEGRITY VERIFIED,INTEGRITY VERIFIED
36071,28777,2026-05-31 23:44:51.000000,31.81,1,1,RECONCILIATION SUCCESSFUL,INTEGRITY VERIFIED,INTEGRITY VERIFIED
116472,93252,2025-08-15 18:59:06.000000,89.97,2,2,RECONCILIATION SUCCESSFUL,INTEGRITY VERIFIED,INTEGRITY VERIFIED
106116,85035,2024-04-10 06:59:49.000000,31.99,1,1,RECONCILIATION SUCCESSFUL,INTEGRITY VERIFIED,INTEGRITY VERIFIED
9676,7722,2025-12-18 05:44:12.000000,191.89,3,3,RECONCILIATION SUCCESSFUL,INTEGRITY VERIFIED,INTEGRITY VERIFIED
35944,28671,2025-08-17 08:05:16.000000,32.0,1,1,RECONCILIATION SUCCESSFUL,INTEGRITY VERIFIED,INTEGRITY VERIFIED
56776,45377,2023-08-23 16:33:07.000000,32.0,1,1,RECONCILIATION SUCCESSFUL,INTEGRITY VERIFIED,INTEGRITY VERIFIED
73645,58903,2022-10-21 11:25:27.000000,318.48,3,3,RECONCILIATION SUCCESSFUL,INTEGRITY VERIFIED,INTEGRITY VERIFIED
114613,91783,2022-10-13 23:18:23.000000,32.51,1,1,RECONCILIATION SUCCESSFUL,INTEGRITY VERIFIED,INTEGRITY VERIFIED
67713,54178,2024-03-21 22:58:15.000000,32.51,1,1,RECONCILIATION SUCCESSFUL,INTEGRITY VERIFIED,INTEGRITY VERIFIED
83001,66409,2026-03-28 12:42:24.000000,267.48,4,4,RECONCILIATION SUCCESSFUL,INTEGRITY VERIFIED,INTEGRITY VERIFIED
24579,19624,2022-08-01 12:02:18.000000,32.99,1,1,RECONCILIATION SUCCESSFUL,INTEGRITY VERIFIED,INTEGRITY VERIFIED
20720,16560,2023-01-12 06:02:23.000000,180.49,2,2,RECONCILIATION SUCCESSFUL,INTEGRITY VERIFIED,INTEGRITY VERIFIED
31747,25359,2025-08-08 08:43:49.000000,33.0,1,1,RECONCILIATION SUCCESSFUL,INTEGRITY VERIFIED,INTEGRITY VERIFIED
65067,51977,2025-08-05 07:09:17.000000,33.68,1,1,RECONCILIATION SUCCESSFUL,INTEGRITY VERIFIED,INTEGRITY VERIFIED
97915,78498,2024-06-09 15:34:08.000000,33.68,1,1,RECONCILIATION SUCCESSFUL,INTEGRITY VERIFIED,INTEGRITY VERIFIED
87624,70123,2026-03-12 13:54:14.000000,33.98,1,1,RECONCILIATION SUCCESSFUL,INTEGRITY VERIFIED,INTEGRITY VERIFIED
102226,81957,2026-04-03 02:34:10.000000,69.79,2,2,RECONCILIATION SUCCESSFUL,INTEGRITY VERIFIED,INTEGRITY VERIFIED
84630,67710,2023-01-24 22:33:08.000000,918.98,4,4,RECONCILIATION SUCCESSFUL,INTEGRITY VERIFIED,INTEGRITY VERIFIED
7189,5740,2023-11-01 08:25:57.000000,152.99,3,3,RECONCILIATION SUCCESSFUL,INTEGRITY VERIFIED,INTEGRITY VERIFIED
22893,18285,2026-03-05 23:06:35.000000,99.31,2,2,RECONCILIATION SUCCESSFUL,INTEGRITY VERIFIED,INTEGRITY VERIFIED
24708,19730,2023-07-21 06:31:43.000000,118.87,2,2,RECONCILIATION SUCCESSFUL,INTEGRITY VERIFIED,INTEGRITY VERIFIED
20098,16051,2026-05-25 15:10:26.000000,104.94,2,2,RECONCILIATION SUCCESSFUL,INTEGRITY VERIFIED,INTEGRITY VERIFIED
42169,33637,2024-12-16 06:13:03.000000,154.93,2,2,RECONCILIATION SUCCESSFUL,INTEGRITY VERIFIED,INTEGRITY VERIFIED
3752,2976,2023-09-08 00:56:26.000000,34.99,1,1,RECONCILIATION SUCCESSFUL,INTEGRITY VERIFIED,INTEGRITY VERIFIED
124539,99707,2024-09-07 10:53:13.000000,149.48,3,3,RECONCILIATION SUCCESSFUL,INTEGRITY VERIFIED,INTEGRITY VERIFIED
103210,82758,2024-09-05 03:19:09.000000,253.48,3,3,RECONCILIATION SUCCESSFUL,INTEGRITY VERIFIED,INTEGRITY VERIFIED
2092,1668,2026-05-22 22:38:40.000000,79.0,2,2,RECONCILIATION SUCCESSFUL,INTEGRITY VERIFIED,INTEGRITY VERIFIED
17385,13835,2023-04-26 04:39:40.000000,35.0,1,1,RECONCILIATION SUCCESSFUL,INTEGRITY VERIFIED,INTEGRITY VERIFIED
14142,11264,2024-12-14 22:46:55.000000,35.0,1,1,RECONCILIATION SUCCESSFUL,INTEGRITY VERIFIED,INTEGRITY VERIFIED
87452,69986,2026-04-01 21:58:28.000000,35.0,1,1,RECONCILIATION SUCCESSFUL,INTEGRITY VERIFIED,INTEGRITY VERIFIED
114366,91597,2026-02-03 02:48:19.000000,36.0,1,1,RECONCILIATION SUCCESSFUL,INTEGRITY VERIFIED,INTEGRITY VERIFIED
19712,15737,2026-06-13 21:27:04.000000,37.99,1,1,RECONCILIATION SUCCESSFUL,INTEGRITY VERIFIED,INTEGRITY VERIFIED
36128,28829,2026-06-13 23:35:10.000000,103.0,2,2,RECONCILIATION SUCCESSFUL,INTEGRITY VERIFIED,INTEGRITY VERIFIED
23886,19087,2025-06-11 03:45:55.000000,76.12,2,2,RECONCILIATION SUCCESSFUL,INTEGRITY VERIFIED,INTEGRITY VERIFIED
92862,74394,2020-11-28 20:59:36.000000,302.5,4,4,RECONCILIATION SUCCESSFUL,INTEGRITY VERIFIED,INTEGRITY VERIFIED
6107,4851,2024-09-25 18:13:33.000000,108.19,2,2,RECONCILIATION SUCCESSFUL,INTEGRITY VERIFIED,INTEGRITY VERIFIED
91074,72905,2024-07-11 19:57:18.000000,215.78,4,4,RECONCILIATION SUCCESSFUL,INTEGRITY VERIFIED,INTEGRITY VERIFIED
109411,87656,2022-01-29 21:45:14.000000,111.0,2,2,RECONCILIATION SUCCESSFUL,INTEGRITY VERIFIED,INTEGRITY VERIFIED
60241,48111,2023-12-28 08:48:26.000000,39.0,1,1,RECONCILIATION SUCCESSFUL,INTEGRITY VERIFIED,INTEGRITY VERIFIED
56779,45380,2025-08-24 20:15:52.000000,39.45,1,1,RECONCILIATION SUCCESSFUL,INTEGRITY VERIFIED,INTEGRITY VERIFIED
56139,44855,2024-10-31 16:12:13.000000,39.5,1,1,RECONCILIATION SUCCESSFUL,INTEGRITY VERIFIED,INTEGRITY VERIFIED
16916,13471,2021-08-27 20:56:34.000000,39.5,1,1,RECONCILIATION SUCCESSFUL,INTEGRITY VERIFIED,INTEGRITY VERIFIED
2034,1630,2023-11-02 12:08:19.000000,109.48,2,2,RECONCILIATION SUCCESSFUL,INTEGRITY VERIFIED,INTEGRITY VERIFIED
28154,22508,2024-02-19 19:52:11.000000,39.6,1,1,RECONCILIATION SUCCESSFUL,INTEGRITY VERIFIED,INTEGRITY VERIFIED
89266,71431,2024-08-17 10:54:33.000000,39.9,1,1,RECONCILIATION SUCCESSFUL,INTEGRITY VERIFIED,INTEGRITY VERIFIED
11483,9126,2026-05-21 04:25:00.000000,97.95,2,2,RECONCILIATION SUCCESSFUL,INTEGRITY VERIFIED,INTEGRITY VERIFIED
71858,57469,2026-05-25 11:09:22.000000,39.99,1,1,RECONCILIATION SUCCESSFUL,INTEGRITY VERIFIED,INTEGRITY VERIFIED
74971,59947,2026-04-05 13:07:14.000000,103.94,2,2,RECONCILIATION SUCCESSFUL,INTEGRITY VERIFIED,INTEGRITY VERIFIED
5722,4529,2021-06-18 16:46:48.000000,95.65,2,2,RECONCILIATION SUCCESSFUL,INTEGRITY VERIFIED,INTEGRITY VERIFIED
16253,12961,2024-12-02 21:30:46.000000,40.0,1,1,RECONCILIATION SUCCESSFUL,INTEGRITY VERIFIED,INTEGRITY VERIFIED
114155,91408,2024-09-10 07:30:22.000000,89.45,2,2,RECONCILIATION SUCCESSFUL,INTEGRITY VERIFIED,INTEGRITY VERIFIED
116070,92934,2023-12-14 06:56:06.000000,40.49,1,1,RECONCILIATION SUCCESSFUL,INTEGRITY VERIFIED,INTEGRITY VERIFIED
31947,25517,2021-12-26 19:22:35.000000,40.49,1,1,RECONCILIATION SUCCESSFUL,INTEGRITY VERIFIED,INTEGRITY VERIFIED
117158,93821,2026-05-11 18:52:47.000000,40.6,1,1,RECONCILIATION SUCCESSFUL,INTEGRITY VERIFIED,INTEGRITY VERIFIED
116526,93286,2024-08-24 03:46:09.000000,41.45,1,1,RECONCILIATION SUCCESSFUL,INTEGRITY VERIFIED,INTEGRITY VERIFIED
73648,58905,2023-08-26 14:15:33.000000,151.91,2,2,RECONCILIATION SUCCESSFUL,INTEGRITY VERIFIED,INTEGRITY VERIFIED
95010,76151,2026-02-08 03:14:04.000000,42.0,1,1,RECONCILIATION SUCCESSFUL,INTEGRITY VERIFIED,INTEGRITY VERIFIED
120516,96464,2025-11-15 14:37:57.000000,42.01,1,1,RECONCILIATION SUCCESSFUL,INTEGRITY VERIFIED,INTEGRITY VERIFIED
82038,65646,2025-11-28 22:59:02.000000,107.67,2,2,RECONCILIATION SUCCESSFUL,INTEGRITY VERIFIED,INTEGRITY VERIFIED
85018,68036,2022-10-16 02:53:52.000000,42.01,1,1,RECONCILIATION SUCCESSFUL,INTEGRITY VERIFIED,INTEGRITY VERIFIED
117462,94060,2022-06-14 21:58:04.000000,42.99,1,1,RECONCILIATION SUCCESSFUL,INTEGRITY VERIFIED,INTEGRITY VERIFIED
100499,80590,2026-04-03 08:33:27.000000,42.99,1,1,RECONCILIATION SUCCESSFUL,INTEGRITY VERIFIED,INTEGRITY VERIFIED
12703,10096,2025-01-18 03:20:43.000000,43.14,1,1,RECONCILIATION SUCCESSFUL,INTEGRITY VERIFIED,INTEGRITY VERIFIED
115428,92415,2026-04-09 21:04:12.000000,43.2,1,1,RECONCILIATION SUCCESSFUL,INTEGRITY VERIFIED,INTEGRITY VERIFIED
123,100,2026-05-02 09:34:17.000000,44.0,1,1,RECONCILIATION SUCCESSFUL,INTEGRITY VERIFIED,INTEGRITY VERIFIED
83188,66565,2025-11-16 01:43:36.000000,209.0,2,2,RECONCILIATION SUCCESSFUL,INTEGRITY VERIFIED,INTEGRITY VERIFIED
64003,51145,2025-11-18 23:58:06.000000,113.9,2,2,RECONCILIATION SUCCESSFUL,INTEGRITY VERIFIED,INTEGRITY VERIFIED
46923,37490,2023-07-03 14:56:53.000000,44.0,1,1,RECONCILIATION SUCCESSFUL,INTEGRITY VERIFIED,INTEGRITY VERIFIED
55162,44071,2024-01-15 08:55:28.000000,44.5,1,1,RECONCILIATION SUCCESSFUL,INTEGRITY VERIFIED,INTEGRITY VERIFIED
107653,86262,2025-05-19 19:10:00.000000,44.51,1,1,RECONCILIATION SUCCESSFUL,INTEGRITY VERIFIED,INTEGRITY VERIFIED
42115,33589,2022-05-23 19:01:42.000000,44.99,1,1,RECONCILIATION SUCCESSFUL,INTEGRITY VERIFIED,INTEGRITY VERIFIED
4461,3528,2025-10-31 17:31:29.000000,44.99,1,1,RECONCILIATION SUCCESSFUL,INTEGRITY VERIFIED,INTEGRITY VERIFIED
102944,82542,2024-08-13 21:30:57.000000,44.99,1,1,RECONCILIATION SUCCESSFUL,INTEGRITY VERIFIED,INTEGRITY VERIFIED
12828,10187,2023-02-22 16:23:56.000000,45.0,1,1,RECONCILIATION SUCCESSFUL,INTEGRITY VERIFIED,INTEGRITY VERIFIED
46764,37371,2026-06-14 20:24:43.000000,45.0,1,1,RECONCILIATION SUCCESSFUL,INTEGRITY VERIFIED,INTEGRITY VERIFIED
66011,52760,2026-06-12 01:08:01.000000,45.0,1,1,RECONCILIATION SUCCESSFUL,INTEGRITY VERIFIED,INTEGRITY VERIFIED
9512,7590,2025-02-07 04:41:28.000000,45.0,1,1,RECONCILIATION SUCCESSFUL,INTEGRITY VERIFIED,INTEGRITY VERIFIED
94977,76127,2026-06-06 18:40:00.000000,45.0,1,1,RECONCILIATION SUCCESSFUL,INTEGRITY VERIFIED,INTEGRITY VERIFIED
100874,80873,2023-11-04 23:34:50.000000,94.11,2,2,RECONCILIATION SUCCESSFUL,INTEGRITY VERIFIED,INTEGRITY VERIFIED
48186,38497,2021-03-20 02:42:35.000000,45.42,1,1,RECONCILIATION SUCCESSFUL,INTEGRITY VERIFIED,INTEGRITY VERIFIED
123083,98559,2021-09-12 01:31:45.000000,45.99,1,1,RECONCILIATION SUCCESSFUL,INTEGRITY VERIFIED,INTEGRITY VERIFIED
32172,25678,2025-03-01 22:29:35.000000,99.0,2,2,RECONCILIATION SUCCESSFUL,INTEGRITY VERIFIED,INTEGRITY VERIFIED
106400,85289,2023-10-08 11:36:27.000000,46.0,1,1,RECONCILIATION SUCCESSFUL,INTEGRITY VERIFIED,INTEGRITY VERIFIED
75164,60109,2024-02-29 13:05:19.000000,46.5,1,1,RECONCILIATION SUCCESSFUL,INTEGRITY VERIFIED,INTEGRITY VERIFIED
102487,82161,2022-03-08 22:25:13.000000,46.5,1,1,RECONCILIATION SUCCESSFUL,INTEGRITY VERIFIED,INTEGRITY VERIFIED
118035,94500,2022-09-03 00:01:42.000000,111.98,2,2,RECONCILIATION SUCCESSFUL,INTEGRITY VERIFIED,INTEGRITY VERIFIED
123122,98591,2025-04-30 00:49:58.000000,48.0,1,1,RECONCILIATION SUCCESSFUL,INTEGRITY VERIFIED,INTEGRITY VERIFIED
26187,20914,2025-09-17 13:29:33.000000,203.5,2,2,RECONCILIATION SUCCESSFUL,INTEGRITY VERIFIED,INTEGRITY VERIFIED
86637,69372,2026-05-29 08:35:49.000000,49.5,1,1,RECONCILIATION SUCCESSFUL,INTEGRITY VERIFIED,INTEGRITY VERIFIED
11346,9021,2024-12-20 01:50:44.000000,49.5,1,1,RECONCILIATION SUCCESSFUL,INTEGRITY VERIFIED,INTEGRITY VERIFIED
53040,42339,2026-02-20 07:31:06.000000,49.5,1,1,RECONCILIATION SUCCESSFUL,INTEGRITY VERIFIED,INTEGRITY VERIFIED
60789,48538,2025-02-07 06:26:25.000000,49.5,1,1,RECONCILIATION SUCCESSFUL,INTEGRITY VERIFIED,INTEGRITY VERIFIED
74123,59282,2025-04-27 14:10:27.000000,216.95,3,3,RECONCILIATION SUCCESSFUL,INTEGRITY VERIFIED,INTEGRITY VERIFIED
34897,27871,2026-03-31 07:46:52.000000,49.99,1,1,RECONCILIATION SUCCESSFUL,INTEGRITY VERIFIED,INTEGRITY VERIFIED
92359,73943,2020-12-31 22:06:11.000000,49.99,1,1,RECONCILIATION SUCCESSFUL,INTEGRITY VERIFIED,INTEGRITY VERIFIED
85395,68335,2025-02-14 20:21:46.000000,119.49,2,2,RECONCILIATION SUCCESSFUL,INTEGRITY VERIFIED,INTEGRITY VERIFIED
79693,63686,2026-03-10 13:18:43.000000,49.99,1,1,RECONCILIATION SUCCESSFUL,INTEGRITY VERIFIED,INTEGRITY VERIFIED
17816,14188,2026-04-25 03:48:34.000000,174.49,3,3,RECONCILIATION SUCCESSFUL,INTEGRITY VERIFIED,INTEGRITY VERIFIED
35056,27994,2025-12-16 00:34:48.000000,49.99,1,1,RECONCILIATION SUCCESSFUL,INTEGRITY VERIFIED,INTEGRITY VERIFIED
42276,33726,2026-01-28 06:07:08.000000,49.99,1,1,RECONCILIATION SUCCESSFUL,INTEGRITY VERIFIED,INTEGRITY VERIFIED
116498,93272,2026-01-09 15:35:40.000000,305.99,4,4,RECONCILIATION SUCCESSFUL,INTEGRITY VERIFIED,INTEGRITY VERIFIED
96749,77571,2024-08-24 01:18:25.000000,229.99,2,2,RECONCILIATION SUCCESSFUL,INTEGRITY VERIFIED,INTEGRITY VERIFIED
79118,63237,2025-03-11 00:22:13.000000,50.41,1,1,RECONCILIATION SUCCESSFUL,INTEGRITY VERIFIED,INTEGRITY VERIFIED
62360,49807,2025-01-16 09:18:45.000000,52.0,1,1,RECONCILIATION SUCCESSFUL,INTEGRITY VERIFIED,INTEGRITY VERIFIED
101301,81227,2023-01-12 20:21:46.000000,52.0,1,1,RECONCILIATION SUCCESSFUL,INTEGRITY VERIFIED,INTEGRITY VERIFIED
11471,9120,2026-02-08 03:11:22.000000,52.0,1,1,RECONCILIATION SUCCESSFUL,INTEGRITY VERIFIED,INTEGRITY VERIFIED
121727,97453,2020-04-27 18:23:34.000000,120.69,2,2,RECONCILIATION SUCCESSFUL,INTEGRITY VERIFIED,INTEGRITY VERIFIED
30403,24275,2025-09-30 21:29:02.000000,54.0,1,1,RECONCILIATION SUCCESSFUL,INTEGRITY VERIFIED,INTEGRITY VERIFIED
1759,1404,2022-03-10 06:14:59.000000,162.0,2,2,RECONCILIATION SUCCESSFUL,INTEGRITY VERIFIED,INTEGRITY VERIFIED
83304,66659,2022-05-04 18:50:52.000000,54.0,1,1,RECONCILIATION SUCCESSFUL,INTEGRITY VERIFIED,INTEGRITY VERIFIED
4059,3234,2021-04-13 03:32:30.000000,54.5,1,1,RECONCILIATION SUCCESSFUL,INTEGRITY VERIFIED,INTEGRITY VERIFIED
97640,78270,2023-11-14 12:10:00.000000,144.5,2,2,RECONCILIATION SUCCESSFUL,INTEGRITY VERIFIED,INTEGRITY VERIFIED
81327,65061,2026-05-10 15:02:07.000000,55.0,1,1,RECONCILIATION SUCCESSFUL,INTEGRITY VERIFIED,INTEGRITY VERIFIED
110356,88391,2023-05-07 15:30:32.000000,55.0,1,1,RECONCILIATION SUCCESSFUL,INTEGRITY VERIFIED,INTEGRITY VERIFIED
69793,55812,2025-02-10 16:57:02.000000,55.0,1,1,RECONCILIATION SUCCESSFUL,INTEGRITY VERIFIED,INTEGRITY VERIFIED
102625,82277,2026-06-15 19:48:14.080300,129.99,2,2,RECONCILIATION SUCCESSFUL,INTEGRITY VERIFIED,INTEGRITY VERIFIED
80340,64237,2025-01-07 08:21:33.000000,57.0,1,1,RECONCILIATION SUCCESSFUL,INTEGRITY VERIFIED,INTEGRITY VERIFIED
120283,96280,2026-06-15 18:36:33.683037,57.5,1,1,RECONCILIATION SUCCESSFUL,INTEGRITY VERIFIED,INTEGRITY VERIFIED
44977,35880,2022-01-17 12:48:31.000000,57.95,1,1,RECONCILIATION SUCCESSFUL,INTEGRITY VERIFIED,INTEGRITY VERIFIED
45008,35909,2026-04-13 21:20:06.000000,57.99,1,1,RECONCILIATION SUCCESSFUL,INTEGRITY VERIFIED,INTEGRITY VERIFIED
18489,14723,2025-09-07 08:24:30.000000,58.0,1,1,RECONCILIATION SUCCESSFUL,INTEGRITY VERIFIED,INTEGRITY VERIFIED
16484,13132,2025-10-07 22:51:59.000000,59.0,1,1,RECONCILIATION SUCCESSFUL,INTEGRITY VERIFIED,INTEGRITY VERIFIED
95479,76521,2026-04-02 02:00:23.000000,59.45,1,1,RECONCILIATION SUCCESSFUL,INTEGRITY VERIFIED,INTEGRITY VERIFIED
87465,69992,2025-04-16 06:23:52.000000,228.99,3,3,RECONCILIATION SUCCESSFUL,INTEGRITY VERIFIED,INTEGRITY VERIFIED
117657,94218,2025-02-20 16:23:20.000000,137.5,2,2,RECONCILIATION SUCCESSFUL,INTEGRITY VERIFIED,INTEGRITY VERIFIED
66,54,2024-03-01 18:02:39.000000,59.5,1,1,RECONCILIATION SUCCESSFUL,INTEGRITY VERIFIED,INTEGRITY VERIFIED
124555,99720,2024-06-13 11:30:40.000000,60.0,1,1,RECONCILIATION SUCCESSFUL,INTEGRITY VERIFIED,INTEGRITY VERIFIED
43385,34625,2026-06-16 05:05:21.988947,60.0,1,1,RECONCILIATION SUCCESSFUL,INTEGRITY VERIFIED,INTEGRITY VERIFIED
119323,95498,2024-11-04 23:24:51.000000,60.99,1,1,RECONCILIATION SUCCESSFUL,INTEGRITY VERIFIED,INTEGRITY VERIFIED
90039,72048,2023-11-03 20:06:32.000000,63.95,1,1,RECONCILIATION SUCCESSFUL,INTEGRITY VERIFIED,INTEGRITY VERIFIED
41009,32721,2026-05-02 12:45:02.000000,65.0,1,1,RECONCILIATION SUCCESSFUL,INTEGRITY VERIFIED,INTEGRITY VERIFIED
55783,44584,2023-02-17 18:58:21.000000,226.0,2,2,RECONCILIATION SUCCESSFUL,INTEGRITY VERIFIED,INTEGRITY VERIFIED
39871,31843,2026-01-22 09:13:40.000000,68.0,1,1,RECONCILIATION SUCCESSFUL,INTEGRITY VERIFIED,INTEGRITY VERIFIED
19262,15377,2024-11-17 22:24:09.000000,69.5,1,1,RECONCILIATION SUCCESSFUL,INTEGRITY VERIFIED,INTEGRITY VERIFIED
87161,69762,2024-03-25 07:35:29.000000,238.0,2,2,RECONCILIATION SUCCESSFUL,INTEGRITY VERIFIED,INTEGRITY VERIFIED
31123,24857,2024-08-07 13:45:58.000000,375.07,2,2,RECONCILIATION SUCCESSFUL,INTEGRITY VERIFIED,INTEGRITY VERIFIED
82571,66069,2023-04-30 14:44:41.000000,78.0,1,1,RECONCILIATION SUCCESSFUL,INTEGRITY VERIFIED,INTEGRITY VERIFIED
4711,3735,2023-08-06 03:55:02.000000,469.48,3,3,RECONCILIATION SUCCESSFUL,INTEGRITY VERIFIED,INTEGRITY VERIFIED
50388,40275,2026-04-08 23:18:20.000000,79.5,1,1,RECONCILIATION SUCCESSFUL,INTEGRITY VERIFIED,INTEGRITY VERIFIED
22240,17741,2024-05-30 06:24:47.000000,79.99,1,1,RECONCILIATION SUCCESSFUL,INTEGRITY VERIFIED,INTEGRITY VERIFIED
25820,20629,2020-04-29 05:24:39.000000,79.99,1,1,RECONCILIATION SUCCESSFUL,INTEGRITY VERIFIED,INTEGRITY VERIFIED
73422,58728,2025-09-19 12:59:19.000000,80.99,1,1,RECONCILIATION SUCCESSFUL,INTEGRITY VERIFIED,INTEGRITY VERIFIED
113905,91192,2025-11-11 17:31:06.000000,199.4,2,2,RECONCILIATION SUCCESSFUL,INTEGRITY VERIFIED,INTEGRITY VERIFIED
39450,31516,2021-03-25 10:23:40.000000,86.25,1,1,RECONCILIATION SUCCESSFUL,INTEGRITY VERIFIED,INTEGRITY VERIFIED
7091,5655,2020-07-15 23:48:08.000000,90.0,1,1,RECONCILIATION SUCCESSFUL,INTEGRITY VERIFIED,INTEGRITY VERIFIED
58874,47045,2026-03-10 16:23:57.000000,288.0,2,2,RECONCILIATION SUCCESSFUL,INTEGRITY VERIFIED,INTEGRITY VERIFIED
103842,83253,2024-12-22 06:20:17.000000,91.77,1,1,RECONCILIATION SUCCESSFUL,INTEGRITY VERIFIED,INTEGRITY VERIFIED
61589,49194,2023-05-16 18:44:10.000000,92.0,1,1,RECONCILIATION SUCCESSFUL,INTEGRITY VERIFIED,INTEGRITY VERIFIED
63915,51072,2026-06-14 08:06:08.000000,92.56,1,1,RECONCILIATION SUCCESSFUL,INTEGRITY VERIFIED,INTEGRITY VERIFIED
95860,76853,2022-04-04 05:18:30.000000,95.0,1,1,RECONCILIATION SUCCESSFUL,INTEGRITY VERIFIED,INTEGRITY VERIFIED
56165,44877,2026-02-16 10:07:22.000000,97.95,1,1,RECONCILIATION SUCCESSFUL,INTEGRITY VERIFIED,INTEGRITY VERIFIED
83556,66876,2020-01-09 13:30:23.000000,98.0,1,1,RECONCILIATION SUCCESSFUL,INTEGRITY VERIFIED,INTEGRITY VERIFIED
50937,40682,2026-03-16 16:04:12.000000,216.0,2,2,RECONCILIATION SUCCESSFUL,INTEGRITY VERIFIED,INTEGRITY VERIFIED
114031,91307,2026-05-15 06:24:02.000000,99.99,1,1,RECONCILIATION SUCCESSFUL,INTEGRITY VERIFIED,INTEGRITY VERIFIED
18568,14791,2025-12-21 00:52:11.000000,103.68,1,1,RECONCILIATION SUCCESSFUL,INTEGRITY VERIFIED,INTEGRITY VERIFIED
91158,72974,2021-05-28 16:14:44.000000,109.95,1,1,RECONCILIATION SUCCESSFUL,INTEGRITY VERIFIED,INTEGRITY VERIFIED
36003,28717,2023-04-20 02:44:14.000000,110.0,1,1,RECONCILIATION SUCCESSFUL,INTEGRITY VERIFIED,INTEGRITY VERIFIED
60770,48522,2026-01-07 19:55:26.000000,110.0,1,1,RECONCILIATION SUCCESSFUL,INTEGRITY VERIFIED,INTEGRITY VERIFIED
28125,22479,2025-02-08 09:08:17.000000,119.95,1,1,RECONCILIATION SUCCESSFUL,INTEGRITY VERIFIED,INTEGRITY VERIFIED
123088,98561,2023-12-06 02:25:28.000000,119.99,1,1,RECONCILIATION SUCCESSFUL,INTEGRITY VERIFIED,INTEGRITY VERIFIED
105720,84737,2023-11-20 07:56:44.000000,129.99,1,1,RECONCILIATION SUCCESSFUL,INTEGRITY VERIFIED,INTEGRITY VERIFIED
28512,22790,2025-01-13 02:33:26.000000,297.0,2,2,RECONCILIATION SUCCESSFUL,INTEGRITY VERIFIED,INTEGRITY VERIFIED
11759,9338,2025-09-13 06:30:54.000000,149.0,1,1,RECONCILIATION SUCCESSFUL,INTEGRITY VERIFIED,INTEGRITY VERIFIED
79225,63323,2026-02-19 23:36:13.000000,149.0,1,1,RECONCILIATION SUCCESSFUL,INTEGRITY VERIFIED,INTEGRITY VERIFIED
115692,92612,2026-05-26 19:10:09.000000,150.0,1,1,RECONCILIATION SUCCESSFUL,INTEGRITY VERIFIED,INTEGRITY VERIFIED
39786,31776,2021-09-19 15:19:42.000000,156.87,1,1,RECONCILIATION SUCCESSFUL,INTEGRITY VERIFIED,INTEGRITY VERIFIED
48087,38421,2020-06-19 09:55:52.000000,162.0,1,1,RECONCILIATION SUCCESSFUL,INTEGRITY VERIFIED,INTEGRITY VERIFIED
58506,46749,2024-09-27 15:05:17.000000,169.99,1,1,RECONCILIATION SUCCESSFUL,INTEGRITY VERIFIED,INTEGRITY VERIFIED
486,392,2026-04-15 21:30:00.000000,170.98,1,1,RECONCILIATION SUCCESSFUL,INTEGRITY VERIFIED,INTEGRITY VERIFIED
110177,88253,2025-03-27 23:33:51.000000,171.0,1,1,RECONCILIATION SUCCESSFUL,INTEGRITY VERIFIED,INTEGRITY VERIFIED
18449,14684,2025-03-31 13:46:29.000000,171.95,1,1,RECONCILIATION SUCCESSFUL,INTEGRITY VERIFIED,INTEGRITY VERIFIED
113266,90677,2022-08-20 06:21:49.000000,178.0,1,1,RECONCILIATION SUCCESSFUL,INTEGRITY VERIFIED,INTEGRITY VERIFIED
19377,15467,2025-08-23 19:41:57.000000,178.0,1,1,RECONCILIATION SUCCESSFUL,INTEGRITY VERIFIED,INTEGRITY VERIFIED
101999,81771,2026-03-19 20:38:16.000000,199.0,1,1,RECONCILIATION SUCCESSFUL,INTEGRITY VERIFIED,INTEGRITY VERIFIED
29886,23878,2025-11-20 00:31:58.000000,206.0,1,1,RECONCILIATION SUCCESSFUL,INTEGRITY VERIFIED,INTEGRITY VERIFIED
69657,55707,2020-06-30 18:39:12.000000,220.0,1,1,RECONCILIATION SUCCESSFUL,INTEGRITY VERIFIED,INTEGRITY VERIFIED
62557,49984,2025-07-07 03:36:46.000000,220.0,1,1,RECONCILIATION SUCCESSFUL,INTEGRITY VERIFIED,INTEGRITY VERIFIED
109837,87995,2023-07-20 03:21:17.000000,280.0,1,1,RECONCILIATION SUCCESSFUL,INTEGRITY VERIFIED,INTEGRITY VERIFIED
84851,67887,2026-06-15 02:27:44.840796,299.0,1,1,RECONCILIATION SUCCESSFUL,INTEGRITY VERIFIED,INTEGRITY VERIFIED
117798,94321,2020-09-06 17:59:24.000000,345.0,1,1,RECONCILIATION SUCCESSFUL,INTEGRITY VERIFIED,INTEGRITY VERIFIED
-14,28098,2026-06-16 14:28:00.000000,33.0,1,1,RECONCILIATION SUCCESSFUL,INTEGRITY VERIFIED,INTEGRITY VERIFIED
-17,85452,2026-06-16 14:39:00.000000,340.0,3,3,RECONCILIATION SUCCESSFUL,INTEGRITY VERIFIED,VARIANCE DETECTED
-71,47178,2026-06-16 16:39:00.000000,90.0,1,1,RECONCILIATION SUCCESSFUL,INTEGRITY VERIFIED,INTEGRITY VERIFIED
-82,31731,2026-06-16 14:45:00.000000,248.0,2,2,RECONCILIATION SUCCESSFUL,INTEGRITY VERIFIED,INTEGRITY VERIFIED
-105,62537,2026-06-16 14:37:00.000000,91.0,3,3,RECONCILIATION SUCCESSFUL,INTEGRITY VERIFIED,INTEGRITY VERIFIED
-128,4495,2026-06-16 13:26:00.000000,272.0,3,3,RECONCILIATION SUCCESSFUL,INTEGRITY VERIFIED,INTEGRITY VERIFIED
-153,63618,2026-06-16 17:15:00.000000,146.0,1,1,RECONCILIATION SUCCESSFUL,INTEGRITY VERIFIED,INTEGRITY VERIFIED
-158,66373,2026-06-16 14:19:00.000000,174.0,2,2,RECONCILIATION SUCCESSFUL,INTEGRITY VERIFIED,VARIANCE DETECTED
-217,78529,2026-06-16 15:53:00.000000,204.0,2,2,RECONCILIATION SUCCESSFUL,INTEGRITY VERIFIED,INTEGRITY VERIFIED
-223,2076,2026-06-16 16:37:00.000000,277.0,3,3,RECONCILIATION SUCCESSFUL,INTEGRITY VERIFIED,INTEGRITY VERIFIED
-229,59296,2026-06-16 12:12:00.000000,162.0,1,1,RECONCILIATION SUCCESSFUL,INTEGRITY VERIFIED,INTEGRITY VERIFIED
74273,59398,2025-06-24 02:31:31.000000,269.49,4,4,RECONCILIATION SUCCESSFUL,INTEGRITY VERIFIED,INTEGRITY VERIFIED
63060,50385,2023-12-26 06:13:39.000000,4.04,1,1,RECONCILIATION SUCCESSFUL,INTEGRITY VERIFIED,INTEGRITY VERIFIED
32720,26135,2026-01-27 10:03:35.000000,16.99,2,2,RECONCILIATION SUCCESSFUL,INTEGRITY VERIFIED,INTEGRITY VERIFIED
9050,7223,2023-01-31 13:15:51.000000,6.0,1,1,RECONCILIATION SUCCESSFUL,INTEGRITY VERIFIED,INTEGRITY VERIFIED
107688,86293,2026-03-18 20:06:37.000000,6.25,1,1,RECONCILIATION SUCCESSFUL,INTEGRITY VERIFIED,INTEGRITY VERIFIED
87363,69918,2024-05-17 10:19:23.000000,6.99,1,1,RECONCILIATION SUCCESSFUL,INTEGRITY VERIFIED,INTEGRITY VERIFIED
69073,55262,2026-05-14 10:31:10.000000,26.98,2,2,RECONCILIATION SUCCESSFUL,INTEGRITY VERIFIED,INTEGRITY VERIFIED
14245,11355,2026-06-02 11:57:34.000000,155.97,4,4,RECONCILIATION SUCCESSFUL,INTEGRITY VERIFIED,INTEGRITY VERIFIED
124556,99720,2025-04-24 02:52:08.000000,166.93,4,4,RECONCILIATION SUCCESSFUL,INTEGRITY VERIFIED,INTEGRITY VERIFIED
14352,11437,2022-09-12 23:40:27.000000,8.0,1,1,RECONCILIATION SUCCESSFUL,INTEGRITY VERIFIED,INTEGRITY VERIFIED
38031,30356,2026-04-26 21:55:48.000000,202.95,2,2,RECONCILIATION SUCCESSFUL,INTEGRITY VERIFIED,INTEGRITY VERIFIED
70375,56283,2023-02-05 05:18:42.000000,298.48,4,4,RECONCILIATION SUCCESSFUL,INTEGRITY VERIFIED,INTEGRITY VERIFIED
78716,62914,2024-10-21 22:30:01.000000,51.45,2,2,RECONCILIATION SUCCESSFUL,INTEGRITY VERIFIED,INTEGRITY VERIFIED
121885,97591,2025-06-29 01:56:46.000000,67.49,4,4,RECONCILIATION SUCCESSFUL,INTEGRITY VERIFIED,INTEGRITY VERIFIED
94194,75517,2025-07-24 07:47:01.000000,55.4,2,2,RECONCILIATION SUCCESSFUL,INTEGRITY VERIFIED,INTEGRITY VERIFIED
65790,52567,2023-10-01 23:49:56.000000,168.94,4,4,RECONCILIATION SUCCESSFUL,INTEGRITY VERIFIED,INTEGRITY VERIFIED
4170,3305,2023-08-29 08:24:27.000000,164.97,4,4,RECONCILIATION SUCCESSFUL,INTEGRITY VERIFIED,INTEGRITY VERIFIED
28992,23180,2026-03-30 14:15:58.000000,38.83,2,2,RECONCILIATION SUCCESSFUL,INTEGRITY VERIFIED,INTEGRITY VERIFIED
117133,93803,2022-03-22 11:28:05.000000,84.98,3,3,RECONCILIATION SUCCESSFUL,INTEGRITY VERIFIED,INTEGRITY VERIFIED
17020,13546,2023-01-01 17:19:58.000000,18.02,2,2,RECONCILIATION SUCCESSFUL,INTEGRITY VERIFIED,INTEGRITY VERIFIED
118870,95155,2025-07-11 01:52:28.000000,101.57,4,4,RECONCILIATION SUCCESSFUL,INTEGRITY VERIFIED,INTEGRITY VERIFIED
20306,16236,2024-07-13 09:51:08.000000,59.25,2,2,RECONCILIATION SUCCESSFUL,INTEGRITY VERIFIED,INTEGRITY VERIFIED
70741,56569,2024-11-22 03:20:10.000000,23.94,2,2,RECONCILIATION SUCCESSFUL,INTEGRITY VERIFIED,INTEGRITY VERIFIED
108778,87127,2025-06-29 05:06:49.000000,204.35,4,4,RECONCILIATION SUCCESSFUL,INTEGRITY VERIFIED,INTEGRITY VERIFIED
115055,92125,2026-04-16 04:09:44.000000,83.13,4,4,RECONCILIATION SUCCESSFUL,INTEGRITY VERIFIED,INTEGRITY VERIFIED
8218,6567,2020-11-03 16:26:58.000000,9.99,1,1,RECONCILIATION SUCCESSFUL,INTEGRITY VERIFIED,INTEGRITY VERIFIED
20037,16001,2026-05-02 23:49:20.000000,55.0,2,2,RECONCILIATION SUCCESSFUL,INTEGRITY VERIFIED,INTEGRITY VERIFIED
122913,98418,2026-06-02 15:25:41.000000,58.03,4,4,RECONCILIATION SUCCESSFUL,INTEGRITY VERIFIED,INTEGRITY VERIFIED
38426,30677,2025-11-24 06:31:22.000000,189.0,2,2,RECONCILIATION SUCCESSFUL,INTEGRITY VERIFIED,INTEGRITY VERIFIED
123900,99222,2026-06-15 16:21:40.311071,35.0,2,2,RECONCILIATION SUCCESSFUL,INTEGRITY VERIFIED,INTEGRITY VERIFIED
104158,83477,2026-02-16 08:41:49.000000,10.0,1,1,RECONCILIATION SUCCESSFUL,INTEGRITY VERIFIED,INTEGRITY VERIFIED
111263,89114,2026-02-08 15:45:48.000000,90.0,2,2,RECONCILIATION SUCCESSFUL,INTEGRITY VERIFIED,INTEGRITY VERIFIED
71569,57239,2025-12-01 04:18:45.000000,333.68,4,4,RECONCILIATION SUCCESSFUL,INTEGRITY VERIFIED,INTEGRITY VERIFIED
31881,25459,2023-08-29 19:40:22.000000,282.64,4,4,RECONCILIATION SUCCESSFUL,INTEGRITY VERIFIED,INTEGRITY VERIFIED
53255,42523,2025-10-12 07:14:58.000000,307.24,2,2,RECONCILIATION SUCCESSFUL,INTEGRITY VERIFIED,INTEGRITY VERIFIED
72140,57683,2026-06-14 01:00:36.806735,80.96,2,2,RECONCILIATION SUCCESSFUL,INTEGRITY VERIFIED,INTEGRITY VERIFIED
32003,25565,2023-08-12 18:45:58.000000,94.99,2,2,RECONCILIATION SUCCESSFUL,INTEGRITY VERIFIED,INTEGRITY VERIFIED
82354,65900,2024-04-22 14:50:53.000000,10.99,1,1,RECONCILIATION SUCCESSFUL,INTEGRITY VERIFIED,INTEGRITY VERIFIED
109213,87496,2021-11-02 03:49:06.000000,24.5,2,2,RECONCILIATION SUCCESSFUL,INTEGRITY VERIFIED,INTEGRITY VERIFIED
61758,49330,2024-05-18 16:54:47.000000,11.0,1,1,RECONCILIATION SUCCESSFUL,INTEGRITY VERIFIED,INTEGRITY VERIFIED
65278,52137,2025-11-26 21:02:42.000000,49.02,2,2,RECONCILIATION SUCCESSFUL,INTEGRITY VERIFIED,INTEGRITY VERIFIED
64424,51470,2026-06-15 13:34:13.094003,216.63,3,3,RECONCILIATION SUCCESSFUL,INTEGRITY VERIFIED,INTEGRITY VERIFIED
73456,58753,2021-09-15 15:06:51.000000,195.5,4,4,RECONCILIATION SUCCESSFUL,INTEGRITY VERIFIED,INTEGRITY VERIFIED
119844,95928,2025-07-04 19:59:26.000000,60.65,3,3,RECONCILIATION SUCCESSFUL,INTEGRITY VERIFIED,INTEGRITY VERIFIED
95729,76742,2025-04-13 00:39:57.000000,189.39,4,4,RECONCILIATION SUCCESSFUL,INTEGRITY VERIFIED,INTEGRITY VERIFIED
965,773,2026-04-03 08:16:50.000000,49.95,2,2,RECONCILIATION SUCCESSFUL,INTEGRITY VERIFIED,INTEGRITY VERIFIED
3323,2642,2025-09-16 11:41:41.000000,59.95,2,2,RECONCILIATION SUCCESSFUL,INTEGRITY VERIFIED,INTEGRITY VERIFIED
97225,77926,2026-05-23 19:54:01.000000,297.18,4,4,RECONCILIATION SUCCESSFUL,INTEGRITY VERIFIED,INTEGRITY VERIFIED
116806,93508,2025-11-28 06:56:12.000000,61.99,2,2,RECONCILIATION SUCCESSFUL,INTEGRITY VERIFIED,INTEGRITY VERIFIED
117650,94216,2026-03-22 17:35:39.000000,71.53,3,3,RECONCILIATION SUCCESSFUL,INTEGRITY VERIFIED,INTEGRITY VERIFIED
84970,67995,2025-07-12 06:45:44.000000,130.0,3,3,RECONCILIATION SUCCESSFUL,INTEGRITY VERIFIED,INTEGRITY VERIFIED
40809,32570,2025-10-13 09:09:23.000000,12.0,1,1,RECONCILIATION SUCCESSFUL,INTEGRITY VERIFIED,INTEGRITY VERIFIED
18336,14603,2025-09-06 05:41:44.000000,12.0,1,1,RECONCILIATION SUCCESSFUL,INTEGRITY VERIFIED,INTEGRITY VERIFIED
75536,60409,2026-01-31 06:04:02.000000,169.84,4,4,RECONCILIATION SUCCESSFUL,INTEGRITY VERIFIED,INTEGRITY VERIFIED
57958,46317,2025-06-23 16:13:06.000000,171.95,4,4,RECONCILIATION SUCCESSFUL,INTEGRITY VERIFIED,INTEGRITY VERIFIED
116799,93503,2021-08-08 11:51:30.000000,65.45,3,3,RECONCILIATION SUCCESSFUL,INTEGRITY VERIFIED,INTEGRITY VERIFIED
17525,13947,2025-11-29 02:55:03.000000,148.4,4,4,RECONCILIATION SUCCESSFUL,INTEGRITY VERIFIED,INTEGRITY VERIFIED
55323,44193,2026-01-01 17:19:35.000000,526.5,4,4,RECONCILIATION SUCCESSFUL,INTEGRITY VERIFIED,INTEGRITY VERIFIED
37203,29704,2022-11-08 11:18:06.000000,58.43,3,3,RECONCILIATION SUCCESSFUL,INTEGRITY VERIFIED,INTEGRITY VERIFIED
96149,77066,2026-06-15 15:04:10.117568,295.27,4,4,RECONCILIATION SUCCESSFUL,INTEGRITY VERIFIED,INTEGRITY VERIFIED
50684,40502,2026-03-05 19:21:09.000000,163.83,4,4,RECONCILIATION SUCCESSFUL,INTEGRITY VERIFIED,INTEGRITY VERIFIED
78219,62537,2024-12-13 15:26:35.000000,169.98,4,4,RECONCILIATION SUCCESSFUL,INTEGRITY VERIFIED,INTEGRITY VERIFIED
41952,33454,2026-01-26 12:15:52.000000,13.5,1,1,RECONCILIATION SUCCESSFUL,INTEGRITY VERIFIED,INTEGRITY VERIFIED
28444,22733,2024-11-01 08:42:44.000000,151.68,3,3,RECONCILIATION SUCCESSFUL,INTEGRITY VERIFIED,INTEGRITY VERIFIED
69255,55395,2025-07-28 11:07:36.000000,13.79,1,1,RECONCILIATION SUCCESSFUL,INTEGRITY VERIFIED,INTEGRITY VERIFIED
51505,41128,2022-05-13 21:48:40.000000,13.93,1,1,RECONCILIATION SUCCESSFUL,INTEGRITY VERIFIED,INTEGRITY VERIFIED
19987,15958,2024-08-13 14:56:51.000000,52.98,3,3,RECONCILIATION SUCCESSFUL,INTEGRITY VERIFIED,INTEGRITY VERIFIED
100925,80909,2020-03-14 18:15:16.000000,14.0,1,1,RECONCILIATION SUCCESSFUL,INTEGRITY VERIFIED,INTEGRITY VERIFIED
60680,48461,2026-01-05 04:03:56.000000,113.25,3,3,RECONCILIATION SUCCESSFUL,INTEGRITY VERIFIED,INTEGRITY VERIFIED
41511,33114,2024-06-17 22:45:00.000000,133.5,2,2,RECONCILIATION SUCCESSFUL,INTEGRITY VERIFIED,INTEGRITY VERIFIED
44668,35617,2026-06-16 00:52:51.259277,232.83,4,4,RECONCILIATION SUCCESSFUL,INTEGRITY VERIFIED,INTEGRITY VERIFIED
63021,50355,2025-02-04 16:56:52.000000,193.94,4,4,RECONCILIATION SUCCESSFUL,INTEGRITY VERIFIED,INTEGRITY VERIFIED
78693,62897,2024-12-07 18:21:42.000000,14.97,1,1,RECONCILIATION SUCCESSFUL,INTEGRITY VERIFIED,INTEGRITY VERIFIED
78119,62454,2022-11-02 06:00:23.000000,14.99,1,1,RECONCILIATION SUCCESSFUL,INTEGRITY VERIFIED,INTEGRITY VERIFIED
28804,23019,2023-08-19 22:48:18.000000,183.98,4,4,RECONCILIATION SUCCESSFUL,INTEGRITY VERIFIED,INTEGRITY VERIFIED
58571,46804,2025-10-22 01:35:49.000000,14.99,1,1,RECONCILIATION SUCCESSFUL,INTEGRITY VERIFIED,INTEGRITY VERIFIED
65766,52540,2026-05-14 03:15:38.000000,133.06,3,3,RECONCILIATION SUCCESSFUL,INTEGRITY VERIFIED,INTEGRITY VERIFIED
94881,76061,2026-03-30 21:34:06.000000,165.42,4,4,RECONCILIATION SUCCESSFUL,INTEGRITY VERIFIED,INTEGRITY VERIFIED
43618,34801,2023-08-19 02:16:51.000000,31.94,2,2,RECONCILIATION SUCCESSFUL,INTEGRITY VERIFIED,INTEGRITY VERIFIED
98572,79038,2021-07-15 19:21:20.000000,15.0,1,1,RECONCILIATION SUCCESSFUL,INTEGRITY VERIFIED,INTEGRITY VERIFIED
20141,16094,2026-02-02 13:04:44.000000,54.86,3,3,RECONCILIATION SUCCESSFUL,INTEGRITY VERIFIED,INTEGRITY VERIFIED
104153,83471,2021-04-28 16:43:02.000000,261.42,4,4,RECONCILIATION SUCCESSFUL,INTEGRITY VERIFIED,INTEGRITY VERIFIED
18400,14645,2026-06-14 13:05:03.000000,358.95,4,4,RECONCILIATION SUCCESSFUL,INTEGRITY VERIFIED,INTEGRITY VERIFIED
86397,69182,2025-03-21 17:01:41.000000,113.0,2,2,RECONCILIATION SUCCESSFUL,INTEGRITY VERIFIED,INTEGRITY VERIFIED
36254,28927,2024-09-06 00:14:41.000000,15.0,1,1,RECONCILIATION SUCCESSFUL,INTEGRITY VERIFIED,INTEGRITY VERIFIED
112583,90134,2022-03-21 08:02:36.000000,55.28,2,2,RECONCILIATION SUCCESSFUL,INTEGRITY VERIFIED,INTEGRITY VERIFIED
89377,71530,2021-04-04 20:51:27.000000,285.61,4,4,RECONCILIATION SUCCESSFUL,INTEGRITY VERIFIED,INTEGRITY VERIFIED
121459,97237,2025-01-15 19:52:15.000000,788.82,4,4,RECONCILIATION SUCCESSFUL,INTEGRITY VERIFIED,INTEGRITY VERIFIED
50693,40508,2025-03-25 20:57:54.000000,39.92,2,2,RECONCILIATION SUCCESSFUL,INTEGRITY VERIFIED,INTEGRITY VERIFIED
14093,11219,2026-06-15 05:14:11.919215,216.54,4,4,RECONCILIATION SUCCESSFUL,INTEGRITY VERIFIED,INTEGRITY VERIFIED
103635,83095,2024-04-19 09:45:37.000000,212.49,4,4,RECONCILIATION SUCCESSFUL,INTEGRITY VERIFIED,INTEGRITY VERIFIED
1753,1399,2019-12-15 04:02:51.000000,16.0,1,1,RECONCILIATION SUCCESSFUL,INTEGRITY VERIFIED,INTEGRITY VERIFIED
122557,98140,2024-12-29 07:56:08.000000,108.97,4,4,RECONCILIATION SUCCESSFUL,INTEGRITY VERIFIED,INTEGRITY VERIFIED
55952,44717,2023-11-21 13:01:09.000000,52.5,2,2,RECONCILIATION SUCCESSFUL,INTEGRITY VERIFIED,INTEGRITY VERIFIED
95356,76428,2026-06-15 05:37:08.459381,241.51,4,4,RECONCILIATION SUCCESSFUL,INTEGRITY VERIFIED,INTEGRITY VERIFIED
35839,28593,2021-02-04 16:49:06.000000,106.08,4,4,RECONCILIATION SUCCESSFUL,INTEGRITY VERIFIED,INTEGRITY VERIFIED
9161,7302,2022-05-01 17:01:02.000000,16.98,1,1,RECONCILIATION SUCCESSFUL,INTEGRITY VERIFIED,INTEGRITY VERIFIED
21524,17202,2026-03-16 06:43:28.000000,40.96,2,2,RECONCILIATION SUCCESSFUL,INTEGRITY VERIFIED,INTEGRITY VERIFIED
113677,91009,2026-02-09 05:53:41.000000,117.99,2,2,RECONCILIATION SUCCESSFUL,INTEGRITY VERIFIED,INTEGRITY VERIFIED
97007,77756,2022-06-01 11:44:57.000000,17.0,1,1,RECONCILIATION SUCCESSFUL,INTEGRITY VERIFIED,INTEGRITY VERIFIED
116172,93008,2022-05-01 23:52:26.000000,17.24,1,1,RECONCILIATION SUCCESSFUL,INTEGRITY VERIFIED,INTEGRITY VERIFIED
110114,88190,2026-05-29 10:51:49.000000,176.75,4,4,RECONCILIATION SUCCESSFUL,INTEGRITY VERIFIED,INTEGRITY VERIFIED
8722,6966,2022-05-03 20:32:52.000000,95.9,2,2,RECONCILIATION SUCCESSFUL,INTEGRITY VERIFIED,INTEGRITY VERIFIED
123010,98492,2026-02-17 11:59:12.000000,42.6,2,2,RECONCILIATION SUCCESSFUL,INTEGRITY VERIFIED,INTEGRITY VERIFIED
49654,39639,2023-11-01 07:16:19.000000,92.95,2,2,RECONCILIATION SUCCESSFUL,INTEGRITY VERIFIED,INTEGRITY VERIFIED
14620,11670,2023-02-08 22:23:42.000000,295.94,4,4,RECONCILIATION SUCCESSFUL,INTEGRITY VERIFIED,INTEGRITY VERIFIED
109211,87494,2024-01-21 00:38:31.000000,114.98,3,3,RECONCILIATION SUCCESSFUL,INTEGRITY VERIFIED,INTEGRITY VERIFIED
61768,49336,2025-06-13 16:06:42.000000,18.0,1,1,RECONCILIATION SUCCESSFUL,INTEGRITY VERIFIED,INTEGRITY VERIFIED
40792,32558,2025-07-16 23:35:44.000000,47.0,2,2,RECONCILIATION SUCCESSFUL,INTEGRITY VERIFIED,INTEGRITY VERIFIED
33309,26572,2026-06-13 20:52:27.000000,162.22,4,4,RECONCILIATION SUCCESSFUL,INTEGRITY VERIFIED,INTEGRITY VERIFIED
66732,53354,2026-01-14 23:48:56.000000,312.57,4,4,RECONCILIATION SUCCESSFUL,INTEGRITY VERIFIED,INTEGRITY VERIFIED
61957,49488,2024-07-11 06:41:26.000000,60.94,2,2,RECONCILIATION SUCCESSFUL,INTEGRITY VERIFIED,INTEGRITY VERIFIED
19984,15956,2025-02-24 08:27:23.000000,50.97,2,2,RECONCILIATION SUCCESSFUL,INTEGRITY VERIFIED,INTEGRITY VERIFIED
60618,48405,2023-09-23 17:31:08.000000,18.99,1,1,RECONCILIATION SUCCESSFUL,INTEGRITY VERIFIED,INTEGRITY VERIFIED
18361,14620,2021-09-20 00:51:20.000000,44.95,2,2,RECONCILIATION SUCCESSFUL,INTEGRITY VERIFIED,INTEGRITY VERIFIED
71969,57558,2025-05-27 02:35:57.000000,75.69,3,3,RECONCILIATION SUCCESSFUL,INTEGRITY VERIFIED,INTEGRITY VERIFIED
4310,3417,2020-05-31 11:30:58.000000,304.9,3,3,RECONCILIATION SUCCESSFUL,INTEGRITY VERIFIED,INTEGRITY VERIFIED
86157,68970,2024-07-31 05:04:35.000000,59.96,2,2,RECONCILIATION SUCCESSFUL,INTEGRITY VERIFIED,INTEGRITY VERIFIED
66839,53445,2026-05-07 05:55:47.000000,19.99,1,1,RECONCILIATION SUCCESSFUL,INTEGRITY VERIFIED,INTEGRITY VERIFIED
84103,67315,2026-04-24 19:33:09.000000,118.99,2,2,RECONCILIATION SUCCESSFUL,INTEGRITY VERIFIED,INTEGRITY VERIFIED
31262,24981,2024-06-08 11:00:12.000000,69.98,2,2,RECONCILIATION SUCCESSFUL,INTEGRITY VERIFIED,INTEGRITY VERIFIED
19438,15520,2025-10-02 04:33:49.000000,922.99,2,2,RECONCILIATION SUCCESSFUL,INTEGRITY VERIFIED,INTEGRITY VERIFIED
89831,71870,2025-05-14 11:22:34.000000,68.94,2,2,RECONCILIATION SUCCESSFUL,INTEGRITY VERIFIED,INTEGRITY VERIFIED
18162,14474,2025-10-01 07:34:42.000000,294.86,4,4,RECONCILIATION SUCCESSFUL,INTEGRITY VERIFIED,INTEGRITY VERIFIED
121163,96989,2022-06-15 18:39:50.000000,149.87,2,2,RECONCILIATION SUCCESSFUL,INTEGRITY VERIFIED,INTEGRITY VERIFIED
95107,76227,2026-03-12 09:28:59.000000,20.0,1,1,RECONCILIATION SUCCESSFUL,INTEGRITY VERIFIED,INTEGRITY VERIFIED
23847,19056,2025-09-18 20:04:12.000000,372.9,4,4,RECONCILIATION SUCCESSFUL,INTEGRITY VERIFIED,INTEGRITY VERIFIED
117050,93719,2023-09-07 17:37:53.000000,75.47,2,2,RECONCILIATION SUCCESSFUL,INTEGRITY VERIFIED,INTEGRITY VERIFIED
119472,95611,2023-07-31 00:07:15.000000,171.26,4,4,RECONCILIATION SUCCESSFUL,INTEGRITY VERIFIED,INTEGRITY VERIFIED
28367,22678,2024-01-01 08:45:18.000000,55.95,2,2,RECONCILIATION SUCCESSFUL,INTEGRITY VERIFIED,INTEGRITY VERIFIED
36519,29143,2025-12-06 08:44:50.000000,21.0,1,1,RECONCILIATION SUCCESSFUL,INTEGRITY VERIFIED,INTEGRITY VERIFIED
35259,28154,2022-05-15 03:08:01.000000,21.6,1,1,RECONCILIATION SUCCESSFUL,INTEGRITY VERIFIED,INTEGRITY VERIFIED
48532,38756,2020-08-19 00:10:21.000000,271.95,2,2,RECONCILIATION SUCCESSFUL,INTEGRITY VERIFIED,INTEGRITY VERIFIED
21141,16910,2022-07-10 19:23:16.000000,21.99,1,1,RECONCILIATION SUCCESSFUL,INTEGRITY VERIFIED,INTEGRITY VERIFIED
66892,53491,2026-06-14 17:04:05.543153,90.99,2,2,RECONCILIATION SUCCESSFUL,INTEGRITY VERIFIED,INTEGRITY VERIFIED
114137,91394,2026-06-15 21:27:09.062042,125.47,4,4,RECONCILIATION SUCCESSFUL,INTEGRITY VERIFIED,INTEGRITY VERIFIED
106879,85642,2026-05-01 17:53:49.000000,22.0,1,1,RECONCILIATION SUCCESSFUL,INTEGRITY VERIFIED,INTEGRITY VERIFIED
118220,94645,2023-02-14 16:10:36.000000,71.75,2,2,RECONCILIATION SUCCESSFUL,INTEGRITY VERIFIED,INTEGRITY VERIFIED
5230,4146,2025-05-19 01:05:34.000000,22.5,1,1,RECONCILIATION SUCCESSFUL,INTEGRITY VERIFIED,INTEGRITY VERIFIED
1076,860,2024-09-30 06:50:53.000000,160.9,2,2,RECONCILIATION SUCCESSFUL,INTEGRITY VERIFIED,INTEGRITY VERIFIED
12731,10112,2020-10-09 18:31:35.000000,196.39,4,4,RECONCILIATION SUCCESSFUL,INTEGRITY VERIFIED,INTEGRITY VERIFIED
80172,64087,2022-04-05 10:25:25.000000,97.94,4,4,RECONCILIATION SUCCESSFUL,INTEGRITY VERIFIED,INTEGRITY VERIFIED
57768,46172,2026-01-02 22:27:59.000000,77.99,2,2,RECONCILIATION SUCCESSFUL,INTEGRITY VERIFIED,INTEGRITY VERIFIED
103003,82594,2026-01-04 10:05:49.000000,22.99,1,1,RECONCILIATION SUCCESSFUL,INTEGRITY VERIFIED,INTEGRITY VERIFIED
4353,3449,2023-07-04 16:17:39.000000,170.45,4,4,RECONCILIATION SUCCESSFUL,INTEGRITY VERIFIED,INTEGRITY VERIFIED
42796,34153,2024-08-05 13:03:10.000000,22.99,1,1,RECONCILIATION SUCCESSFUL,INTEGRITY VERIFIED,INTEGRITY VERIFIED
33090,26398,2025-02-02 00:28:22.000000,23.0,1,1,RECONCILIATION SUCCESSFUL,INTEGRITY VERIFIED,INTEGRITY VERIFIED
87840,70299,2025-12-16 16:27:28.000000,23.0,1,1,RECONCILIATION SUCCESSFUL,INTEGRITY VERIFIED,INTEGRITY VERIFIED
48075,38407,2024-10-22 15:37:07.000000,111.26,3,3,RECONCILIATION SUCCESSFUL,INTEGRITY VERIFIED,INTEGRITY VERIFIED
44876,35789,2023-07-09 12:23:31.000000,23.99,1,1,RECONCILIATION SUCCESSFUL,INTEGRITY VERIFIED,INTEGRITY VERIFIED
74619,59674,2026-04-03 20:55:22.000000,243.94,4,4,RECONCILIATION SUCCESSFUL,INTEGRITY VERIFIED,INTEGRITY VERIFIED
34226,27309,2025-07-15 22:27:05.000000,144.99,2,2,RECONCILIATION SUCCESSFUL,INTEGRITY VERIFIED,INTEGRITY VERIFIED
45115,36011,2024-03-09 14:51:03.000000,80.99,2,2,RECONCILIATION SUCCESSFUL,INTEGRITY VERIFIED,INTEGRITY VERIFIED
93164,74639,2021-10-19 00:44:38.000000,24.0,1,1,RECONCILIATION SUCCESSFUL,INTEGRITY VERIFIED,INTEGRITY VERIFIED
29984,23950,2022-02-19 02:25:05.000000,135.82,3,3,RECONCILIATION SUCCESSFUL,INTEGRITY VERIFIED,INTEGRITY VERIFIED
80055,63994,2026-06-03 02:43:26.000000,24.91,1,1,RECONCILIATION SUCCESSFUL,INTEGRITY VERIFIED,INTEGRITY VERIFIED
33411,26642,2022-06-30 16:12:38.000000,355.95,4,4,RECONCILIATION SUCCESSFUL,INTEGRITY VERIFIED,INTEGRITY VERIFIED
53523,42738,2024-11-17 13:54:07.000000,73.96,2,2,RECONCILIATION SUCCESSFUL,INTEGRITY VERIFIED,INTEGRITY VERIFIED
119883,95964,2025-07-11 00:57:58.000000,81.96,3,3,RECONCILIATION SUCCESSFUL,INTEGRITY VERIFIED,INTEGRITY VERIFIED
111877,89583,2026-06-11 10:56:43.909494,139.42,3,3,RECONCILIATION SUCCESSFUL,INTEGRITY VERIFIED,INTEGRITY VERIFIED
33107,26411,2026-05-27 08:34:21.000000,211.32,4,4,RECONCILIATION SUCCESSFUL,INTEGRITY VERIFIED,INTEGRITY VERIFIED
26743,21369,2023-09-29 11:14:43.000000,103.99,3,3,RECONCILIATION SUCCESSFUL,INTEGRITY VERIFIED,INTEGRITY VERIFIED
40013,31951,2026-06-10 12:40:47.000000,115.99,2,2,RECONCILIATION SUCCESSFUL,INTEGRITY VERIFIED,INTEGRITY VERIFIED
99304,79618,2024-04-29 12:32:35.000000,25.0,1,1,RECONCILIATION SUCCESSFUL,INTEGRITY VERIFIED,INTEGRITY VERIFIED
120039,96088,2022-10-25 01:31:50.000000,164.53,4,4,RECONCILIATION SUCCESSFUL,INTEGRITY VERIFIED,INTEGRITY VERIFIED
15078,12029,2024-08-10 08:09:56.000000,144.99,2,2,RECONCILIATION SUCCESSFUL,INTEGRITY VERIFIED,INTEGRITY VERIFIED
48958,39072,2026-02-05 03:33:43.000000,25.0,1,1,RECONCILIATION SUCCESSFUL,INTEGRITY VERIFIED,INTEGRITY VERIFIED
96575,77435,2026-05-22 03:42:34.000000,214.12,4,4,RECONCILIATION SUCCESSFUL,INTEGRITY VERIFIED,INTEGRITY VERIFIED
120246,96252,2022-04-01 09:40:08.000000,25.0,1,1,RECONCILIATION SUCCESSFUL,INTEGRITY VERIFIED,INTEGRITY VERIFIED
121520,97284,2022-07-31 18:54:48.000000,25.0,1,1,RECONCILIATION SUCCESSFUL,INTEGRITY VERIFIED,INTEGRITY VERIFIED
3161,2525,2023-08-21 23:20:27.000000,25.0,1,1,RECONCILIATION SUCCESSFUL,INTEGRITY VERIFIED,INTEGRITY VERIFIED
22178,17692,2025-12-17 23:58:15.000000,102.0,2,2,RECONCILIATION SUCCESSFUL,INTEGRITY VERIFIED,INTEGRITY VERIFIED
51398,41043,2021-03-23 13:37:18.000000,25.0,1,1,RECONCILIATION SUCCESSFUL,INTEGRITY VERIFIED,INTEGRITY VERIFIED
64191,51295,2026-05-23 19:20:02.000000,100.6,2,2,RECONCILIATION SUCCESSFUL,INTEGRITY VERIFIED,INTEGRITY VERIFIED
70106,56068,2025-04-30 10:27:12.000000,466.0,3,3,RECONCILIATION SUCCESSFUL,INTEGRITY VERIFIED,INTEGRITY VERIFIED
77656,62091,2025-01-12 14:27:44.000000,50.99,2,2,RECONCILIATION SUCCESSFUL,INTEGRITY VERIFIED,INTEGRITY VERIFIED
85350,68294,2023-08-24 13:08:37.000000,191.92,3,3,RECONCILIATION SUCCESSFUL,INTEGRITY VERIFIED,INTEGRITY VERIFIED
119699,95800,2023-03-29 00:38:46.000000,82.41,2,2,RECONCILIATION SUCCESSFUL,INTEGRITY VERIFIED,INTEGRITY VERIFIED
26367,21072,2023-02-15 11:52:36.000000,153.5,3,3,RECONCILIATION SUCCESSFUL,INTEGRITY VERIFIED,INTEGRITY VERIFIED
110952,88866,2025-12-13 03:03:00.000000,132.94,4,4,RECONCILIATION SUCCESSFUL,INTEGRITY VERIFIED,INTEGRITY VERIFIED
24770,19781,2021-11-24 10:14:36.000000,25.0,1,1,RECONCILIATION SUCCESSFUL,INTEGRITY VERIFIED,INTEGRITY VERIFIED
55614,44423,2026-04-27 19:46:11.000000,200.33,3,3,RECONCILIATION SUCCESSFUL,INTEGRITY VERIFIED,INTEGRITY VERIFIED
105814,84811,2024-11-22 03:59:30.000000,64.5,2,2,RECONCILIATION SUCCESSFUL,INTEGRITY VERIFIED,INTEGRITY VERIFIED
2594,2069,2021-05-21 08:37:56.000000,144.1,3,3,RECONCILIATION SUCCESSFUL,INTEGRITY VERIFIED,INTEGRITY VERIFIED
97482,78141,2025-05-26 11:49:38.000000,25.5,1,1,RECONCILIATION SUCCESSFUL,INTEGRITY VERIFIED,INTEGRITY VERIFIED
124747,99868,2025-06-29 15:29:43.000000,26.0,1,1,RECONCILIATION SUCCESSFUL,INTEGRITY VERIFIED,INTEGRITY VERIFIED
94524,75758,2026-05-09 05:42:56.000000,26.0,1,1,RECONCILIATION SUCCESSFUL,INTEGRITY VERIFIED,INTEGRITY VERIFIED
69530,55610,2025-12-31 21:54:54.000000,26.9,1,1,RECONCILIATION SUCCESSFUL,INTEGRITY VERIFIED,INTEGRITY VERIFIED
59977,47910,2026-04-17 14:41:17.000000,92.94,3,3,RECONCILIATION SUCCESSFUL,INTEGRITY VERIFIED,INTEGRITY VERIFIED
88022,70418,2024-12-01 22:23:48.000000,26.95,1,1,RECONCILIATION SUCCESSFUL,INTEGRITY VERIFIED,INTEGRITY VERIFIED
63684,50894,2026-04-21 17:46:48.000000,269.91,3,3,RECONCILIATION SUCCESSFUL,INTEGRITY VERIFIED,INTEGRITY VERIFIED
65923,52687,2026-04-22 17:47:09.000000,53.97,2,2,RECONCILIATION SUCCESSFUL,INTEGRITY VERIFIED,INTEGRITY VERIFIED
97292,77980,2025-07-30 07:45:49.000000,205.98,3,3,RECONCILIATION SUCCESSFUL,INTEGRITY VERIFIED,INTEGRITY VERIFIED
88160,70525,2026-02-09 04:40:02.000000,27.0,1,1,RECONCILIATION SUCCESSFUL,INTEGRITY VERIFIED,INTEGRITY VERIFIED
12907,10245,2025-11-05 20:15:26.000000,146.16,3,3,RECONCILIATION SUCCESSFUL,INTEGRITY VERIFIED,INTEGRITY VERIFIED
11644,9252,2024-12-25 15:37:57.000000,27.7,1,1,RECONCILIATION SUCCESSFUL,INTEGRITY VERIFIED,INTEGRITY VERIFIED
24151,19299,2019-12-26 05:11:59.000000,92.07,2,2,RECONCILIATION SUCCESSFUL,INTEGRITY VERIFIED,INTEGRITY VERIFIED
42347,33788,2025-08-21 00:36:13.000000,62.9,2,2,RECONCILIATION SUCCESSFUL,INTEGRITY VERIFIED,INTEGRITY VERIFIED
31272,24988,2025-12-16 14:55:42.000000,194.99,3,3,RECONCILIATION SUCCESSFUL,INTEGRITY VERIFIED,INTEGRITY VERIFIED
66619,53274,2026-05-06 23:06:07.000000,27.99,1,1,RECONCILIATION SUCCESSFUL,INTEGRITY VERIFIED,INTEGRITY VERIFIED
116282,93102,2024-08-27 05:03:16.000000,179.35,4,4,RECONCILIATION SUCCESSFUL,INTEGRITY VERIFIED,INTEGRITY VERIFIED
1853,1487,2026-06-15 15:51:29.757757,313.38,4,4,RECONCILIATION SUCCESSFUL,INTEGRITY VERIFIED,INTEGRITY VERIFIED
45855,36605,2025-04-24 16:33:37.000000,102.0,2,2,RECONCILIATION SUCCESSFUL,INTEGRITY VERIFIED,INTEGRITY VERIFIED
35665,28473,2025-10-18 00:29:57.000000,29.0,1,1,RECONCILIATION SUCCESSFUL,INTEGRITY VERIFIED,INTEGRITY VERIFIED
44272,35321,2023-08-10 22:24:34.000000,29.41,1,1,RECONCILIATION SUCCESSFUL,INTEGRITY VERIFIED,INTEGRITY VERIFIED
5760,4560,2021-04-13 12:51:52.000000,126.35,4,4,RECONCILIATION SUCCESSFUL,INTEGRITY VERIFIED,INTEGRITY VERIFIED
81634,65329,2026-01-25 18:43:09.000000,440.4,4,4,RECONCILIATION SUCCESSFUL,INTEGRITY VERIFIED,INTEGRITY VERIFIED
56834,45431,2025-09-15 09:01:44.000000,314.34,3,3,RECONCILIATION SUCCESSFUL,INTEGRITY VERIFIED,INTEGRITY VERIFIED
50929,40676,2026-01-31 19:29:52.000000,199.44,4,4,RECONCILIATION SUCCESSFUL,INTEGRITY VERIFIED,INTEGRITY VERIFIED
86008,68867,2024-07-30 02:09:28.000000,29.98,1,1,RECONCILIATION SUCCESSFUL,INTEGRITY VERIFIED,INTEGRITY VERIFIED
44940,35847,2025-05-21 13:54:10.000000,29.99,1,1,RECONCILIATION SUCCESSFUL,INTEGRITY VERIFIED,INTEGRITY VERIFIED
10793,8599,2024-04-19 18:50:12.000000,29.99,1,1,RECONCILIATION SUCCESSFUL,INTEGRITY VERIFIED,INTEGRITY VERIFIED
51387,41033,2026-03-17 11:32:44.000000,81.99,2,2,RECONCILIATION SUCCESSFUL,INTEGRITY VERIFIED,INTEGRITY VERIFIED
52755,42098,2025-02-23 15:59:23.000000,29.99,1,1,RECONCILIATION SUCCESSFUL,INTEGRITY VERIFIED,INTEGRITY VERIFIED
56203,44908,2024-01-20 22:41:05.000000,309.98,2,2,RECONCILIATION SUCCESSFUL,INTEGRITY VERIFIED,INTEGRITY VERIFIED
55080,44000,2026-05-20 03:09:24.000000,359.75,4,4,RECONCILIATION SUCCESSFUL,INTEGRITY VERIFIED,INTEGRITY VERIFIED
97639,78270,2024-11-21 22:26:22.000000,75.2,2,2,RECONCILIATION SUCCESSFUL,INTEGRITY VERIFIED,INTEGRITY VERIFIED
60320,48176,2026-01-17 06:52:04.000000,30.4,1,1,RECONCILIATION SUCCESSFUL,INTEGRITY VERIFIED,INTEGRITY VERIFIED
39227,31330,2023-02-04 14:10:33.000000,174.84,3,3,RECONCILIATION SUCCESSFUL,INTEGRITY VERIFIED,INTEGRITY VERIFIED
4366,3463,2025-06-25 09:14:18.000000,31.07,1,1,RECONCILIATION SUCCESSFUL,INTEGRITY VERIFIED,INTEGRITY VERIFIED
100104,80303,2025-09-27 13:51:54.000000,31.68,1,1,RECONCILIATION SUCCESSFUL,INTEGRITY VERIFIED,INTEGRITY VERIFIED
47190,37709,2023-07-09 17:32:12.000000,285.95,3,3,RECONCILIATION SUCCESSFUL,INTEGRITY VERIFIED,INTEGRITY VERIFIED
111982,89673,2024-09-10 01:35:13.000000,31.99,1,1,RECONCILIATION SUCCESSFUL,INTEGRITY VERIFIED,INTEGRITY VERIFIED
101677,81521,2024-08-24 01:43:18.000000,32.0,1,1,RECONCILIATION SUCCESSFUL,INTEGRITY VERIFIED,INTEGRITY VERIFIED
17634,14034,2024-02-14 20:28:03.000000,130.09,2,2,RECONCILIATION SUCCESSFUL,INTEGRITY VERIFIED,INTEGRITY VERIFIED
13783,10975,2024-10-09 16:51:49.000000,145.97,3,3,RECONCILIATION SUCCESSFUL,INTEGRITY VERIFIED,INTEGRITY VERIFIED
76607,61248,2026-06-16 03:54:53.000000,32.99,1,1,RECONCILIATION SUCCESSFUL,INTEGRITY VERIFIED,INTEGRITY VERIFIED
56122,44846,2022-02-08 09:43:09.000000,125.99,3,3,RECONCILIATION SUCCESSFUL,INTEGRITY VERIFIED,INTEGRITY VERIFIED
122485,98079,2023-08-23 06:17:06.000000,697.0,3,3,RECONCILIATION SUCCESSFUL,INTEGRITY VERIFIED,INTEGRITY VERIFIED
6704,5340,2024-01-22 06:48:07.000000,34.0,1,1,RECONCILIATION SUCCESSFUL,INTEGRITY VERIFIED,INTEGRITY VERIFIED
26544,21211,2023-01-06 22:13:48.000000,265.23,3,3,RECONCILIATION SUCCESSFUL,INTEGRITY VERIFIED,INTEGRITY VERIFIED
106812,85592,2025-09-04 06:57:52.000000,144.3,2,2,RECONCILIATION SUCCESSFUL,INTEGRITY VERIFIED,INTEGRITY VERIFIED
6510,5156,2025-02-17 01:24:59.000000,243.14,4,4,RECONCILIATION SUCCESSFUL,INTEGRITY VERIFIED,INTEGRITY VERIFIED
122118,97759,2025-02-26 12:51:15.000000,83.9,2,2,RECONCILIATION SUCCESSFUL,INTEGRITY VERIFIED,INTEGRITY VERIFIED
60078,47980,2026-06-13 19:09:07.000000,428.93,3,3,RECONCILIATION SUCCESSFUL,INTEGRITY VERIFIED,INTEGRITY VERIFIED
42157,33626,2026-05-13 19:57:46.000000,77.99,2,2,RECONCILIATION SUCCESSFUL,INTEGRITY VERIFIED,INTEGRITY VERIFIED
639,528,2026-02-22 08:58:55.000000,34.99,1,1,RECONCILIATION SUCCESSFUL,INTEGRITY VERIFIED,INTEGRITY VERIFIED
78133,62467,2024-05-08 11:22:16.000000,300.98,2,2,RECONCILIATION SUCCESSFUL,INTEGRITY VERIFIED,INTEGRITY VERIFIED
64663,51663,2025-09-13 09:32:44.000000,34.99,1,1,RECONCILIATION SUCCESSFUL,INTEGRITY VERIFIED,INTEGRITY VERIFIED
10023,7992,2020-06-28 12:37:22.000000,168.0,2,2,RECONCILIATION SUCCESSFUL,INTEGRITY VERIFIED,INTEGRITY VERIFIED
41552,33143,2023-10-19 09:03:16.000000,230.76,4,4,RECONCILIATION SUCCESSFUL,INTEGRITY VERIFIED,INTEGRITY VERIFIED
102328,82035,2026-06-09 05:37:39.000000,176.37,4,4,RECONCILIATION SUCCESSFUL,INTEGRITY VERIFIED,INTEGRITY VERIFIED
23145,18487,2021-09-02 06:48:03.000000,634.0,2,2,RECONCILIATION SUCCESSFUL,INTEGRITY VERIFIED,INTEGRITY VERIFIED
104307,83596,2025-04-08 11:25:03.000000,254.49,4,4,RECONCILIATION SUCCESSFUL,INTEGRITY VERIFIED,INTEGRITY VERIFIED
16385,13056,2019-10-16 05:25:47.000000,125.0,2,2,RECONCILIATION SUCCESSFUL,INTEGRITY VERIFIED,INTEGRITY VERIFIED
124763,99876,2026-06-13 22:24:57.587881,36.76,1,1,RECONCILIATION SUCCESSFUL,INTEGRITY VERIFIED,INTEGRITY VERIFIED
121936,97631,2024-07-29 08:41:46.000000,136.35,3,3,RECONCILIATION SUCCESSFUL,INTEGRITY VERIFIED,INTEGRITY VERIFIED
26352,21053,2021-04-29 18:30:43.000000,106.45,2,2,RECONCILIATION SUCCESSFUL,INTEGRITY VERIFIED,INTEGRITY VERIFIED
31320,25020,2026-05-03 21:50:10.000000,36.99,1,1,RECONCILIATION SUCCESSFUL,INTEGRITY VERIFIED,INTEGRITY VERIFIED
67123,53683,2021-10-14 20:42:18.000000,37.99,1,1,RECONCILIATION SUCCESSFUL,INTEGRITY VERIFIED,INTEGRITY VERIFIED
49724,39702,2024-12-24 12:32:16.000000,200.99,2,2,RECONCILIATION SUCCESSFUL,INTEGRITY VERIFIED,INTEGRITY VERIFIED
7631,6112,2026-04-07 10:01:18.000000,38.0,1,1,RECONCILIATION SUCCESSFUL,INTEGRITY VERIFIED,INTEGRITY VERIFIED
3122,2495,2025-04-26 17:21:18.000000,253.07,4,4,RECONCILIATION SUCCESSFUL,INTEGRITY VERIFIED,INTEGRITY VERIFIED
12175,9694,2020-12-31 08:59:18.000000,39.0,1,1,RECONCILIATION SUCCESSFUL,INTEGRITY VERIFIED,INTEGRITY VERIFIED
80917,64724,2023-11-16 14:31:30.000000,103.5,2,2,RECONCILIATION SUCCESSFUL,INTEGRITY VERIFIED,INTEGRITY VERIFIED
85314,68268,2025-12-28 20:07:33.000000,151.49,3,3,RECONCILIATION SUCCESSFUL,INTEGRITY VERIFIED,INTEGRITY VERIFIED
85485,68412,2026-05-17 20:09:15.000000,108.6,2,2,RECONCILIATION SUCCESSFUL,INTEGRITY VERIFIED,INTEGRITY VERIFIED
17219,13688,2024-12-12 17:46:13.000000,39.88,1,1,RECONCILIATION SUCCESSFUL,INTEGRITY VERIFIED,INTEGRITY VERIFIED
33469,26697,2025-11-13 03:16:12.000000,39.9,1,1,RECONCILIATION SUCCESSFUL,INTEGRITY VERIFIED,INTEGRITY VERIFIED
7333,5862,2026-04-11 23:02:55.000000,187.98,2,2,RECONCILIATION SUCCESSFUL,INTEGRITY VERIFIED,INTEGRITY VERIFIED
82555,66053,2021-05-14 12:54:02.000000,39.99,1,1,RECONCILIATION SUCCESSFUL,INTEGRITY VERIFIED,INTEGRITY VERIFIED
16421,13081,2024-07-21 04:22:42.000000,146.38,3,3,RECONCILIATION SUCCESSFUL,INTEGRITY VERIFIED,INTEGRITY VERIFIED
15304,12205,2026-06-05 03:42:44.000000,149.99,2,2,RECONCILIATION SUCCESSFUL,INTEGRITY VERIFIED,INTEGRITY VERIFIED
95541,76584,2025-08-23 03:34:45.000000,86.99,2,2,RECONCILIATION SUCCESSFUL,INTEGRITY VERIFIED,INTEGRITY VERIFIED
49615,39607,2026-03-08 02:53:38.000000,39.99,1,1,RECONCILIATION SUCCESSFUL,INTEGRITY VERIFIED,INTEGRITY VERIFIED
119678,95780,2022-12-26 08:40:59.000000,119.99,2,2,RECONCILIATION SUCCESSFUL,INTEGRITY VERIFIED,INTEGRITY VERIFIED
12386,9868,2025-10-14 15:51:15.000000,40.28,1,1,RECONCILIATION SUCCESSFUL,INTEGRITY VERIFIED,INTEGRITY VERIFIED
79056,63175,2026-06-15 03:33:33.190069,40.99,1,1,RECONCILIATION SUCCESSFUL,INTEGRITY VERIFIED,INTEGRITY VERIFIED
95851,76844,2025-12-16 21:48:06.000000,42.0,1,1,RECONCILIATION SUCCESSFUL,INTEGRITY VERIFIED,INTEGRITY VERIFIED
20586,16459,2026-06-16 04:46:10.031138,196.53,3,3,RECONCILIATION SUCCESSFUL,INTEGRITY VERIFIED,INTEGRITY VERIFIED
22834,18240,2025-08-22 10:25:30.000000,42.95,1,1,RECONCILIATION SUCCESSFUL,INTEGRITY VERIFIED,INTEGRITY VERIFIED
95991,76952,2024-10-05 08:36:24.000000,141.7,2,2,RECONCILIATION SUCCESSFUL,INTEGRITY VERIFIED,INTEGRITY VERIFIED
46275,36972,2024-05-26 10:05:53.000000,42.99,1,1,RECONCILIATION SUCCESSFUL,INTEGRITY VERIFIED,INTEGRITY VERIFIED
86552,69304,2021-07-14 07:34:05.000000,132.94,2,2,RECONCILIATION SUCCESSFUL,INTEGRITY VERIFIED,INTEGRITY VERIFIED
107358,86029,2023-05-19 14:42:12.000000,42.99,1,1,RECONCILIATION SUCCESSFUL,INTEGRITY VERIFIED,INTEGRITY VERIFIED
115398,92386,2026-04-23 20:32:30.000000,240.99,4,4,RECONCILIATION SUCCESSFUL,INTEGRITY VERIFIED,INTEGRITY VERIFIED
50801,40583,2026-06-12 11:44:44.416604,371.15,2,2,RECONCILIATION SUCCESSFUL,INTEGRITY VERIFIED,INTEGRITY VERIFIED
72649,58100,2026-03-14 18:50:24.000000,43.99,1,1,RECONCILIATION SUCCESSFUL,INTEGRITY VERIFIED,INTEGRITY VERIFIED
90918,72775,2026-03-14 09:13:41.000000,108.94,2,2,RECONCILIATION SUCCESSFUL,INTEGRITY VERIFIED,INTEGRITY VERIFIED
32422,25889,2025-03-31 13:48:46.000000,44.0,1,1,RECONCILIATION SUCCESSFUL,INTEGRITY VERIFIED,INTEGRITY VERIFIED
61441,49089,2021-09-25 14:46:17.000000,168.49,3,3,RECONCILIATION SUCCESSFUL,INTEGRITY VERIFIED,INTEGRITY VERIFIED
93615,75025,2024-07-01 11:18:41.000000,93.97,2,2,RECONCILIATION SUCCESSFUL,INTEGRITY VERIFIED,INTEGRITY VERIFIED
43914,35040,2023-08-28 21:30:13.000000,304.67,4,4,RECONCILIATION SUCCESSFUL,INTEGRITY VERIFIED,INTEGRITY VERIFIED
111827,89544,2022-02-21 12:39:50.000000,219.02,3,3,RECONCILIATION SUCCESSFUL,INTEGRITY VERIFIED,INTEGRITY VERIFIED
45188,36059,2026-06-09 06:08:55.000000,188.41,2,2,RECONCILIATION SUCCESSFUL,INTEGRITY VERIFIED,INTEGRITY VERIFIED
7473,5971,2025-11-15 10:52:16.000000,197.49,2,2,RECONCILIATION SUCCESSFUL,INTEGRITY VERIFIED,INTEGRITY VERIFIED
101899,81696,2024-03-22 04:18:13.000000,96.99,2,2,RECONCILIATION SUCCESSFUL,INTEGRITY VERIFIED,INTEGRITY VERIFIED
3703,2941,2023-04-29 13:49:08.000000,199.99,2,2,RECONCILIATION SUCCESSFUL,INTEGRITY VERIFIED,INTEGRITY VERIFIED
17607,14010,2025-03-31 02:46:07.000000,119.3,2,2,RECONCILIATION SUCCESSFUL,INTEGRITY VERIFIED,INTEGRITY VERIFIED
10999,8770,2020-10-15 22:06:48.000000,48.98,1,1,RECONCILIATION SUCCESSFUL,INTEGRITY VERIFIED,INTEGRITY VERIFIED
102318,82031,2022-08-02 09:23:39.000000,49.0,1,1,RECONCILIATION SUCCESSFUL,INTEGRITY VERIFIED,INTEGRITY VERIFIED
71102,56867,2026-05-25 02:09:05.000000,374.5,3,3,RECONCILIATION SUCCESSFUL,INTEGRITY VERIFIED,INTEGRITY VERIFIED
40582,32398,2024-08-05 14:13:48.000000,99.45,2,2,RECONCILIATION SUCCESSFUL,INTEGRITY VERIFIED,INTEGRITY VERIFIED
76853,61455,2025-12-15 14:19:16.000000,49.5,1,1,RECONCILIATION SUCCESSFUL,INTEGRITY VERIFIED,INTEGRITY VERIFIED
54685,43680,2026-06-16 01:36:54.805509,49.5,1,1,RECONCILIATION SUCCESSFUL,INTEGRITY VERIFIED,INTEGRITY VERIFIED
78851,63015,2024-09-28 20:56:16.000000,49.95,1,1,RECONCILIATION SUCCESSFUL,INTEGRITY VERIFIED,INTEGRITY VERIFIED
69717,55756,2025-01-09 04:22:27.000000,49.99,1,1,RECONCILIATION SUCCESSFUL,INTEGRITY VERIFIED,INTEGRITY VERIFIED
97950,78529,2026-05-06 14:37:47.000000,104.99,2,2,RECONCILIATION SUCCESSFUL,INTEGRITY VERIFIED,INTEGRITY VERIFIED
57129,45678,2023-09-29 08:47:38.000000,905.0,3,3,RECONCILIATION SUCCESSFUL,INTEGRITY VERIFIED,INTEGRITY VERIFIED
17048,13565,2026-03-31 20:01:27.000000,53.48,1,1,RECONCILIATION SUCCESSFUL,INTEGRITY VERIFIED,INTEGRITY VERIFIED
124712,99839,2026-04-05 05:15:45.000000,53.48,1,1,RECONCILIATION SUCCESSFUL,INTEGRITY VERIFIED,INTEGRITY VERIFIED
25930,20718,2025-10-06 19:55:25.000000,54.0,1,1,RECONCILIATION SUCCESSFUL,INTEGRITY VERIFIED,INTEGRITY VERIFIED
63004,50344,2025-07-18 12:51:05.000000,54.5,1,1,RECONCILIATION SUCCESSFUL,INTEGRITY VERIFIED,INTEGRITY VERIFIED
89433,71576,2024-07-14 11:35:40.000000,156.0,2,2,RECONCILIATION SUCCESSFUL,INTEGRITY VERIFIED,INTEGRITY VERIFIED
19829,15834,2022-12-20 11:48:30.000000,163.0,2,2,RECONCILIATION SUCCESSFUL,INTEGRITY VERIFIED,INTEGRITY VERIFIED
70187,56130,2023-11-03 03:12:24.000000,54.5,1,1,RECONCILIATION SUCCESSFUL,INTEGRITY VERIFIED,INTEGRITY VERIFIED
29598,23650,2026-02-23 20:50:29.000000,55.0,1,1,RECONCILIATION SUCCESSFUL,INTEGRITY VERIFIED,INTEGRITY VERIFIED
83783,67045,2026-06-13 06:45:12.023861,175.0,2,2,RECONCILIATION SUCCESSFUL,INTEGRITY VERIFIED,INTEGRITY VERIFIED
84712,67779,2020-05-18 05:25:39.000000,55.0,1,1,RECONCILIATION SUCCESSFUL,INTEGRITY VERIFIED,INTEGRITY VERIFIED
19745,15766,2024-05-05 09:14:34.000000,55.0,1,1,RECONCILIATION SUCCESSFUL,INTEGRITY VERIFIED,INTEGRITY VERIFIED
48082,38411,2026-06-16 01:32:40.338548,55.0,1,1,RECONCILIATION SUCCESSFUL,INTEGRITY VERIFIED,INTEGRITY VERIFIED
60451,48278,2025-07-12 13:24:29.000000,55.0,1,1,RECONCILIATION SUCCESSFUL,INTEGRITY VERIFIED,INTEGRITY VERIFIED
38689,30900,2024-03-16 08:47:22.000000,58.5,1,1,RECONCILIATION SUCCESSFUL,INTEGRITY VERIFIED,INTEGRITY VERIFIED
88732,71001,2023-10-20 08:35:14.000000,58.5,1,1,RECONCILIATION SUCCESSFUL,INTEGRITY VERIFIED,INTEGRITY VERIFIED
1235,981,2023-06-14 17:17:39.000000,58.5,1,1,RECONCILIATION SUCCESSFUL,INTEGRITY VERIFIED,INTEGRITY VERIFIED
121147,96978,2026-04-18 17:47:48.000000,168.52,2,2,RECONCILIATION SUCCESSFUL,INTEGRITY VERIFIED,INTEGRITY VERIFIED
124311,99552,2024-09-21 23:01:12.000000,59.0,1,1,RECONCILIATION SUCCESSFUL,INTEGRITY VERIFIED,INTEGRITY VERIFIED
105533,84594,2026-04-30 17:27:19.000000,59.0,1,1,RECONCILIATION SUCCESSFUL,INTEGRITY VERIFIED,INTEGRITY VERIFIED
98818,79226,2026-01-10 12:49:27.000000,59.5,1,1,RECONCILIATION SUCCESSFUL,INTEGRITY VERIFIED,INTEGRITY VERIFIED
78466,62721,2025-08-24 11:33:03.000000,59.52,1,1,RECONCILIATION SUCCESSFUL,INTEGRITY VERIFIED,INTEGRITY VERIFIED
38723,30932,2025-02-01 09:46:25.000000,60.0,1,1,RECONCILIATION SUCCESSFUL,INTEGRITY VERIFIED,INTEGRITY VERIFIED
53357,42605,2025-04-20 05:00:02.000000,60.0,1,1,RECONCILIATION SUCCESSFUL,INTEGRITY VERIFIED,INTEGRITY VERIFIED
118104,94561,2024-07-09 19:53:43.000000,229.82,3,3,RECONCILIATION SUCCESSFUL,INTEGRITY VERIFIED,INTEGRITY VERIFIED
120372,96353,2023-12-30 16:12:17.000000,60.99,1,1,RECONCILIATION SUCCESSFUL,INTEGRITY VERIFIED,INTEGRITY VERIFIED
115359,92355,2024-02-09 20:17:30.000000,63.99,1,1,RECONCILIATION SUCCESSFUL,INTEGRITY VERIFIED,INTEGRITY VERIFIED
92928,74447,2024-05-25 18:00:31.000000,64.69,1,1,RECONCILIATION SUCCESSFUL,INTEGRITY VERIFIED,INTEGRITY VERIFIED
108323,86771,2022-09-17 15:54:45.000000,64.99,1,1,RECONCILIATION SUCCESSFUL,INTEGRITY VERIFIED,INTEGRITY VERIFIED
114257,91494,2025-08-10 05:32:20.000000,286.0,3,3,RECONCILIATION SUCCESSFUL,INTEGRITY VERIFIED,INTEGRITY VERIFIED
79482,63529,2024-01-18 04:12:05.000000,68.0,1,1,RECONCILIATION SUCCESSFUL,INTEGRITY VERIFIED,INTEGRITY VERIFIED
80889,64705,2026-06-01 08:52:50.000000,69.5,1,1,RECONCILIATION SUCCESSFUL,INTEGRITY VERIFIED,INTEGRITY VERIFIED
21980,17542,2026-03-10 00:28:56.000000,69.99,1,1,RECONCILIATION SUCCESSFUL,INTEGRITY VERIFIED,INTEGRITY VERIFIED
31857,25444,2022-07-16 07:58:56.000000,69.99,1,1,RECONCILIATION SUCCESSFUL,INTEGRITY VERIFIED,INTEGRITY VERIFIED
57731,46139,2026-03-05 09:28:49.000000,75.0,1,1,RECONCILIATION SUCCESSFUL,INTEGRITY VERIFIED,INTEGRITY VERIFIED
40513,32346,2024-11-22 00:42:17.000000,75.56,1,1,RECONCILIATION SUCCESSFUL,INTEGRITY VERIFIED,INTEGRITY VERIFIED
34742,27751,2023-12-17 09:42:48.000000,79.1,1,1,RECONCILIATION SUCCESSFUL,INTEGRITY VERIFIED,INTEGRITY VERIFIED
108144,86633,2022-09-13 06:04:13.000000,79.5,1,1,RECONCILIATION SUCCESSFUL,INTEGRITY VERIFIED,INTEGRITY VERIFIED
11481,9126,2023-03-25 16:57:12.000000,79.5,1,1,RECONCILIATION SUCCESSFUL,INTEGRITY VERIFIED,INTEGRITY VERIFIED
50620,40455,2026-06-14 21:53:04.495124,79.99,1,1,RECONCILIATION SUCCESSFUL,INTEGRITY VERIFIED,INTEGRITY VERIFIED
61464,49106,2024-12-29 14:43:10.000000,84.12,1,1,RECONCILIATION SUCCESSFUL,INTEGRITY VERIFIED,INTEGRITY VERIFIED
83896,67150,2024-05-02 09:01:49.000000,305.0,2,2,RECONCILIATION SUCCESSFUL,INTEGRITY VERIFIED,INTEGRITY VERIFIED
75024,59987,2024-11-27 19:21:33.000000,86.11,1,1,RECONCILIATION SUCCESSFUL,INTEGRITY VERIFIED,INTEGRITY VERIFIED
66093,52828,2023-10-27 03:48:20.000000,328.64,2,2,RECONCILIATION SUCCESSFUL,INTEGRITY VERIFIED,INTEGRITY VERIFIED
60007,47934,2026-05-27 18:48:55.000000,178.0,2,2,RECONCILIATION SUCCESSFUL,INTEGRITY VERIFIED,INTEGRITY VERIFIED
46360,37031,2023-11-19 18:53:23.000000,89.5,1,1,RECONCILIATION SUCCESSFUL,INTEGRITY VERIFIED,INTEGRITY VERIFIED
48733,38900,2026-05-30 17:08:36.000000,90.0,1,1,RECONCILIATION SUCCESSFUL,INTEGRITY VERIFIED,INTEGRITY VERIFIED
1563,1224,2024-06-05 19:05:48.000000,92.56,1,1,RECONCILIATION SUCCESSFUL,INTEGRITY VERIFIED,INTEGRITY VERIFIED
83769,67034,2026-02-25 04:11:53.000000,94.95,1,1,RECONCILIATION SUCCESSFUL,INTEGRITY VERIFIED,INTEGRITY VERIFIED
41497,33098,2021-10-30 18:36:09.000000,94.95,1,1,RECONCILIATION SUCCESSFUL,INTEGRITY VERIFIED,INTEGRITY VERIFIED
3118,2493,2025-01-10 06:09:20.000000,94.99,1,1,RECONCILIATION SUCCESSFUL,INTEGRITY VERIFIED,INTEGRITY VERIFIED
72270,57792,2026-06-13 06:41:02.432145,97.0,1,1,RECONCILIATION SUCCESSFUL,INTEGRITY VERIFIED,INTEGRITY VERIFIED
100815,80835,2026-03-10 17:51:24.000000,97.95,1,1,RECONCILIATION SUCCESSFUL,INTEGRITY VERIFIED,INTEGRITY VERIFIED
90527,72442,2026-06-15 21:57:44.000000,98.0,1,1,RECONCILIATION SUCCESSFUL,INTEGRITY VERIFIED,INTEGRITY VERIFIED
36062,28766,2026-02-25 06:40:25.000000,98.0,1,1,RECONCILIATION SUCCESSFUL,INTEGRITY VERIFIED,INTEGRITY VERIFIED
22900,18290,2023-01-17 06:38:49.000000,98.0,1,1,RECONCILIATION SUCCESSFUL,INTEGRITY VERIFIED,INTEGRITY VERIFIED
115878,92775,2024-01-07 08:07:54.000000,98.0,1,1,RECONCILIATION SUCCESSFUL,INTEGRITY VERIFIED,INTEGRITY VERIFIED
111631,89404,2026-06-08 14:20:42.000000,98.08,1,1,RECONCILIATION SUCCESSFUL,INTEGRITY VERIFIED,INTEGRITY VERIFIED
70724,56555,2026-05-31 12:55:17.000000,98.95,1,1,RECONCILIATION SUCCESSFUL,INTEGRITY VERIFIED,INTEGRITY VERIFIED
85208,68181,2025-02-28 18:43:21.000000,99.99,1,1,RECONCILIATION SUCCESSFUL,INTEGRITY VERIFIED,INTEGRITY VERIFIED
99013,79394,2024-10-21 06:41:04.000000,105.26,1,1,RECONCILIATION SUCCESSFUL,INTEGRITY VERIFIED,INTEGRITY VERIFIED
94765,75964,2025-08-30 03:24:08.000000,109.0,1,1,RECONCILIATION SUCCESSFUL,INTEGRITY VERIFIED,INTEGRITY VERIFIED
63515,50765,2025-01-17 09:39:36.000000,110.0,1,1,RECONCILIATION SUCCESSFUL,INTEGRITY VERIFIED,INTEGRITY VERIFIED
124119,99393,2026-06-14 14:38:17.961949,110.0,1,1,RECONCILIATION SUCCESSFUL,INTEGRITY VERIFIED,INTEGRITY VERIFIED
32415,25886,2021-08-29 02:01:15.000000,114.75,1,1,RECONCILIATION SUCCESSFUL,INTEGRITY VERIFIED,INTEGRITY VERIFIED
9771,7796,2023-09-08 10:28:44.000000,131.94,1,1,RECONCILIATION SUCCESSFUL,INTEGRITY VERIFIED,INTEGRITY VERIFIED
60612,48401,2022-01-06 04:01:15.000000,138.0,1,1,RECONCILIATION SUCCESSFUL,INTEGRITY VERIFIED,INTEGRITY VERIFIED
10766,8584,2021-08-21 02:28:09.000000,138.0,1,1,RECONCILIATION SUCCESSFUL,INTEGRITY VERIFIED,INTEGRITY VERIFIED
33421,26647,2026-05-24 19:28:03.000000,140.0,1,1,RECONCILIATION SUCCESSFUL,INTEGRITY VERIFIED,INTEGRITY VERIFIED
6480,5134,2025-03-06 23:03:26.000000,142.8,1,1,RECONCILIATION SUCCESSFUL,INTEGRITY VERIFIED,INTEGRITY VERIFIED
34476,27528,2025-02-05 20:10:54.000000,148.0,1,1,RECONCILIATION SUCCESSFUL,INTEGRITY VERIFIED,INTEGRITY VERIFIED
5854,4631,2025-12-23 06:31:39.000000,150.0,1,1,RECONCILIATION SUCCESSFUL,INTEGRITY VERIFIED,INTEGRITY VERIFIED
85157,68138,2023-06-01 01:57:49.000000,328.0,2,2,RECONCILIATION SUCCESSFUL,INTEGRITY VERIFIED,INTEGRITY VERIFIED
113556,90902,2023-02-08 12:39:47.000000,171.95,1,1,RECONCILIATION SUCCESSFUL,INTEGRITY VERIFIED,INTEGRITY VERIFIED
10893,8682,2026-06-14 12:10:48.560031,178.0,1,1,RECONCILIATION SUCCESSFUL,INTEGRITY VERIFIED,INTEGRITY VERIFIED
92541,74112,2024-01-02 12:21:50.000000,195.0,1,1,RECONCILIATION SUCCESSFUL,INTEGRITY VERIFIED,INTEGRITY VERIFIED
51052,40790,2025-03-02 06:44:00.000000,239.99,1,1,RECONCILIATION SUCCESSFUL,INTEGRITY VERIFIED,INTEGRITY VERIFIED
33196,26490,2025-09-09 08:53:36.000000,265.99,1,1,RECONCILIATION SUCCESSFUL,INTEGRITY VERIFIED,INTEGRITY VERIFIED
40836,32591,2024-02-12 09:37:35.000000,279.99,1,1,RECONCILIATION SUCCESSFUL,INTEGRITY VERIFIED,INTEGRITY VERIFIED
111127,89007,2022-03-09 19:22:49.000000,345.99,1,1,RECONCILIATION SUCCESSFUL,INTEGRITY VERIFIED,INTEGRITY VERIFIED
109815,87977,2025-12-21 21:38:19.000000,374.0,1,1,RECONCILIATION SUCCESSFUL,INTEGRITY VERIFIED,INTEGRITY VERIFIED
93905,75261,2026-02-19 00:58:56.000000,399.0,1,1,RECONCILIATION SUCCESSFUL,INTEGRITY VERIFIED,INTEGRITY VERIFIED
115285,92295,2022-11-17 23:21:26.000000,449.0,1,1,RECONCILIATION SUCCESSFUL,INTEGRITY VERIFIED,INTEGRITY VERIFIED
-3,46811,2026-06-16 10:22:00.000000,291.0,3,3,RECONCILIATION SUCCESSFUL,INTEGRITY VERIFIED,INTEGRITY VERIFIED
-12,77461,2026-06-16 09:30:00.000000,258.0,2,2,RECONCILIATION SUCCESSFUL,INTEGRITY VERIFIED,INTEGRITY VERIFIED
-22,11691,2026-06-16 17:15:00.000000,344.0,3,3,RECONCILIATION SUCCESSFUL,INTEGRITY VERIFIED,INTEGRITY VERIFIED
-33,29458,2026-06-16 12:21:00.000000,388.0,3,3,RECONCILIATION SUCCESSFUL,INTEGRITY VERIFIED,INTEGRITY VERIFIED
-47,80533,2026-06-16 12:42:00.000000,176.0,2,2,RECONCILIATION SUCCESSFUL,INTEGRITY VERIFIED,VARIANCE DETECTED
-76,95155,2026-06-16 17:51:00.000000,417.0,3,3,RECONCILIATION SUCCESSFUL,INTEGRITY VERIFIED,INTEGRITY VERIFIED
-80,86724,2026-06-16 16:12:00.000000,298.0,2,2,RECONCILIATION SUCCESSFUL,INTEGRITY VERIFIED,VARIANCE DETECTED
-87,76848,2026-06-16 09:14:00.000000,25.0,1,1,RECONCILIATION SUCCESSFUL,INTEGRITY VERIFIED,INTEGRITY VERIFIED
-112,43257,2026-06-16 14:05:00.000000,249.0,2,2,RECONCILIATION SUCCESSFUL,INTEGRITY VERIFIED,VARIANCE DETECTED
-123,97518,2026-06-16 10:27:00.000000,294.0,2,2,RECONCILIATION SUCCESSFUL,INTEGRITY VERIFIED,INTEGRITY VERIFIED
-126,67008,2026-06-16 09:57:00.000000,371.0,2,2,RECONCILIATION SUCCESSFUL,INTEGRITY VERIFIED,VARIANCE DETECTED
-134,73547,2026-06-16 11:38:00.000000,245.0,3,3,RECONCILIATION SUCCESSFUL,INTEGRITY VERIFIED,VARIANCE DETECTED
-139,82620,2026-06-16 15:53:00.000000,318.0,3,3,RECONCILIATION SUCCESSFUL,INTEGRITY VERIFIED,INTEGRITY VERIFIED
-167,29370,2026-06-16 12:23:00.000000,101.0,1,1,RECONCILIATION SUCCESSFUL,INTEGRITY VERIFIED,INTEGRITY VERIFIED
-176,38646,2026-06-16 10:24:00.000000,195.0,1,1,RECONCILIATION SUCCESSFUL,INTEGRITY VERIFIED,INTEGRITY VERIFIED
-184,74694,2026-06-16 17:17:00.000000,378.0,3,3,RECONCILIATION SUCCESSFUL,INTEGRITY VERIFIED,INTEGRITY VERIFIED
-214,40063,2026-06-16 10:19:00.000000,240.0,3,3,RECONCILIATION SUCCESSFUL,INTEGRITY VERIFIED,INTEGRITY VERIFIED
-225,65927,2026-06-16 15:46:00.000000,114.0,1,1,RECONCILIATION SUCCESSFUL,INTEGRITY VERIFIED,INTEGRITY VERIFIED
-226,18874,2026-06-16 11:01:00.000000,315.0,3,3,RECONCILIATION SUCCESSFUL,INTEGRITY VERIFIED,VARIANCE DETECTED
-228,77886,2026-06-16 16:05:00.000000,341.0,3,3,RECONCILIATION SUCCESSFUL,INTEGRITY VERIFIED,INTEGRITY VERIFIED
-245,36723,2026-06-16 12:20:00.000000,387.0,3,3,RECONCILIATION SUCCESSFUL,INTEGRITY VERIFIED,VARIANCE DETECTED
-246,27750,2026-06-16 09:44:00.000000,245.0,3,3,RECONCILIATION SUCCESSFUL,INTEGRITY VERIFIED,VARIANCE DETECTED
-252,36571,2026-06-16 16:58:00.000000,248.0,3,3,RECONCILIATION SUCCESSFUL,INTEGRITY VERIFIED,VARIANCE DETECTED
-257,89934,2026-06-16 11:25:00.000000,300.0,2,2,RECONCILIATION SUCCESSFUL,INTEGRITY VERIFIED,INTEGRITY VERIFIED
-278,91459,2026-06-16 11:10:00.000000,80.0,1,1,RECONCILIATION SUCCESSFUL,INTEGRITY VERIFIED,INTEGRITY VERIFIED
-284,59210,2026-06-16 17:41:00.000000,370.0,2,2,RECONCILIATION SUCCESSFUL,INTEGRITY VERIFIED,INTEGRITY VERIFIED
46986,37539,2026-04-28 21:26:51.000000,94.9,3,3,RECONCILIATION SUCCESSFUL,INTEGRITY VERIFIED,INTEGRITY VERIFIED
83893,67147,2025-04-02 05:03:51.000000,49.39,3,3,RECONCILIATION SUCCESSFUL,INTEGRITY VERIFIED,INTEGRITY VERIFIED
93432,74878,2024-09-23 05:15:19.000000,32.45,2,2,RECONCILIATION SUCCESSFUL,INTEGRITY VERIFIED,INTEGRITY VERIFIED
34242,27320,2025-07-20 22:39:59.000000,121.79,4,4,RECONCILIATION SUCCESSFUL,INTEGRITY VERIFIED,INTEGRITY VERIFIED
9903,7897,2025-04-20 03:58:38.000000,3.8,1,1,RECONCILIATION SUCCESSFUL,INTEGRITY VERIFIED,INTEGRITY VERIFIED
20212,16150,2023-09-02 18:06:27.000000,78.73,4,4,RECONCILIATION SUCCESSFUL,INTEGRITY VERIFIED,INTEGRITY VERIFIED
72292,57808,2026-02-15 05:08:28.000000,177.89,3,3,RECONCILIATION SUCCESSFUL,INTEGRITY VERIFIED,INTEGRITY VERIFIED
34951,27923,2026-01-21 23:42:25.000000,169.49,3,3,RECONCILIATION SUCCESSFUL,INTEGRITY VERIFIED,INTEGRITY VERIFIED
55082,44000,2026-05-18 14:21:53.000000,203.97,2,2,RECONCILIATION SUCCESSFUL,INTEGRITY VERIFIED,INTEGRITY VERIFIED
55109,44022,2022-09-21 11:28:25.000000,30.81,2,2,RECONCILIATION SUCCESSFUL,INTEGRITY VERIFIED,INTEGRITY VERIFIED
118809,95100,2026-04-27 10:41:02.000000,42.95,3,3,RECONCILIATION SUCCESSFUL,INTEGRITY VERIFIED,INTEGRITY VERIFIED
18290,14566,2024-09-04 02:22:47.000000,6.99,1,1,RECONCILIATION SUCCESSFUL,INTEGRITY VERIFIED,INTEGRITY VERIFIED
29465,23546,2025-10-28 02:36:37.000000,108.44,4,4,RECONCILIATION SUCCESSFUL,INTEGRITY VERIFIED,INTEGRITY VERIFIED
40117,32032,2024-07-26 03:43:03.000000,7.0,1,1,RECONCILIATION SUCCESSFUL,INTEGRITY VERIFIED,INTEGRITY VERIFIED
37891,30246,2023-08-09 18:48:07.000000,202.0,4,4,RECONCILIATION SUCCESSFUL,INTEGRITY VERIFIED,INTEGRITY VERIFIED
58515,46756,2026-02-26 00:54:32.000000,150.7,4,4,RECONCILIATION SUCCESSFUL,INTEGRITY VERIFIED,INTEGRITY VERIFIED
80498,64377,2022-04-03 16:56:02.000000,45.84,4,4,RECONCILIATION SUCCESSFUL,INTEGRITY VERIFIED,INTEGRITY VERIFIED
66525,53201,2022-06-27 20:47:31.000000,8.0,1,1,RECONCILIATION SUCCESSFUL,INTEGRITY VERIFIED,INTEGRITY VERIFIED
18782,14975,2025-06-20 05:20:46.000000,117.46,4,4,RECONCILIATION SUCCESSFUL,INTEGRITY VERIFIED,INTEGRITY VERIFIED
118174,94608,2026-01-31 15:18:37.000000,21.91,2,2,RECONCILIATION SUCCESSFUL,INTEGRITY VERIFIED,INTEGRITY VERIFIED
24212,19348,2026-04-17 19:48:59.000000,8.98,1,1,RECONCILIATION SUCCESSFUL,INTEGRITY VERIFIED,INTEGRITY VERIFIED
46280,36975,2022-09-29 01:15:02.000000,8.98,1,1,RECONCILIATION SUCCESSFUL,INTEGRITY VERIFIED,INTEGRITY VERIFIED
79939,63896,2025-06-04 07:25:54.000000,8.98,1,1,RECONCILIATION SUCCESSFUL,INTEGRITY VERIFIED,INTEGRITY VERIFIED
59669,47665,2020-11-09 06:33:45.000000,63.3,3,3,RECONCILIATION SUCCESSFUL,INTEGRITY VERIFIED,INTEGRITY VERIFIED
73829,59048,2026-03-23 10:28:31.000000,9.03,1,1,RECONCILIATION SUCCESSFUL,INTEGRITY VERIFIED,INTEGRITY VERIFIED
19572,15621,2023-06-30 00:57:27.000000,9.9,1,1,RECONCILIATION SUCCESSFUL,INTEGRITY VERIFIED,INTEGRITY VERIFIED
88523,70814,2025-12-01 19:43:48.000000,94.44,3,3,RECONCILIATION SUCCESSFUL,INTEGRITY VERIFIED,INTEGRITY VERIFIED
7328,5858,2025-04-16 14:08:04.000000,324.44,4,4,RECONCILIATION SUCCESSFUL,INTEGRITY VERIFIED,INTEGRITY VERIFIED
118019,94485,2024-08-05 02:20:36.000000,30.87,2,2,RECONCILIATION SUCCESSFUL,INTEGRITY VERIFIED,INTEGRITY VERIFIED
123107,98574,2023-07-27 00:16:34.000000,74.99,2,2,RECONCILIATION SUCCESSFUL,INTEGRITY VERIFIED,INTEGRITY VERIFIED
81061,64835,2025-03-18 18:49:43.000000,180.49,4,4,RECONCILIATION SUCCESSFUL,INTEGRITY VERIFIED,INTEGRITY VERIFIED
110494,88490,2024-10-06 07:10:03.000000,24.61,2,2,RECONCILIATION SUCCESSFUL,INTEGRITY VERIFIED,INTEGRITY VERIFIED
102008,81779,2026-05-19 08:22:37.000000,56.88,2,2,RECONCILIATION SUCCESSFUL,INTEGRITY VERIFIED,INTEGRITY VERIFIED
96959,77720,2021-12-23 05:01:32.000000,46.07,2,2,RECONCILIATION SUCCESSFUL,INTEGRITY VERIFIED,INTEGRITY VERIFIED
14628,11679,2026-06-06 10:24:25.000000,71.5,4,4,RECONCILIATION SUCCESSFUL,INTEGRITY VERIFIED,INTEGRITY VERIFIED
82198,65788,2022-06-09 21:16:34.000000,35.51,2,2,RECONCILIATION SUCCESSFUL,INTEGRITY VERIFIED,INTEGRITY VERIFIED
88163,70526,2024-01-26 19:39:27.000000,29.69,2,2,RECONCILIATION SUCCESSFUL,INTEGRITY VERIFIED,INTEGRITY VERIFIED
43778,34928,2024-06-07 03:14:52.000000,108.69,2,2,RECONCILIATION SUCCESSFUL,INTEGRITY VERIFIED,INTEGRITY VERIFIED
104177,83486,2022-10-14 16:42:36.000000,153.24,4,4,RECONCILIATION SUCCESSFUL,INTEGRITY VERIFIED,INTEGRITY VERIFIED
64539,51557,2023-05-09 09:03:17.000000,134.31,4,4,RECONCILIATION SUCCESSFUL,INTEGRITY VERIFIED,INTEGRITY VERIFIED
61491,49120,2026-06-15 18:22:19.697152,49.95,2,2,RECONCILIATION SUCCESSFUL,INTEGRITY VERIFIED,INTEGRITY VERIFIED
42917,34245,2024-07-10 03:33:22.000000,43.95,2,2,RECONCILIATION SUCCESSFUL,INTEGRITY VERIFIED,INTEGRITY VERIFIED
118800,95093,2024-03-04 10:25:38.000000,11.99,1,1,RECONCILIATION SUCCESSFUL,INTEGRITY VERIFIED,INTEGRITY VERIFIED
103344,82872,2024-08-18 05:10:31.000000,12.0,1,1,RECONCILIATION SUCCESSFUL,INTEGRITY VERIFIED,INTEGRITY VERIFIED
33550,26764,2025-10-11 11:36:32.000000,12.0,1,1,RECONCILIATION SUCCESSFUL,INTEGRITY VERIFIED,INTEGRITY VERIFIED
46974,37532,2024-07-10 12:47:17.000000,26.99,2,2,RECONCILIATION SUCCESSFUL,INTEGRITY VERIFIED,INTEGRITY VERIFIED
3116,2492,2019-10-31 22:35:08.000000,476.35,4,4,RECONCILIATION SUCCESSFUL,INTEGRITY VERIFIED,INTEGRITY VERIFIED
78417,62689,2025-04-05 09:56:54.000000,12.64,1,1,RECONCILIATION SUCCESSFUL,INTEGRITY VERIFIED,INTEGRITY VERIFIED
74614,59672,2024-03-21 13:20:06.000000,168.23,4,4,RECONCILIATION SUCCESSFUL,INTEGRITY VERIFIED,INTEGRITY VERIFIED
37384,29856,2026-02-10 18:53:06.000000,216.95,3,3,RECONCILIATION SUCCESSFUL,INTEGRITY VERIFIED,INTEGRITY VERIFIED
98478,78971,2025-12-29 09:46:52.000000,12.99,1,1,RECONCILIATION SUCCESSFUL,INTEGRITY VERIFIED,INTEGRITY VERIFIED
85847,68718,2026-05-15 23:51:28.000000,290.94,3,3,RECONCILIATION SUCCESSFUL,INTEGRITY VERIFIED,INTEGRITY VERIFIED
62094,49612,2023-10-16 18:13:10.000000,72.94,2,2,RECONCILIATION SUCCESSFUL,INTEGRITY VERIFIED,INTEGRITY VERIFIED
117273,93925,2021-09-15 03:20:38.000000,160.99,2,2,RECONCILIATION SUCCESSFUL,INTEGRITY VERIFIED,INTEGRITY VERIFIED
85753,68629,2024-01-10 12:23:18.000000,338.09,4,4,RECONCILIATION SUCCESSFUL,INTEGRITY VERIFIED,INTEGRITY VERIFIED
55004,43939,2020-10-04 12:36:26.000000,13.5,1,1,RECONCILIATION SUCCESSFUL,INTEGRITY VERIFIED,INTEGRITY VERIFIED
1953,1567,2025-11-24 18:49:21.000000,75.71,2,2,RECONCILIATION SUCCESSFUL,INTEGRITY VERIFIED,INTEGRITY VERIFIED
21848,17436,2025-12-08 01:01:26.000000,56.69,3,3,RECONCILIATION SUCCESSFUL,INTEGRITY VERIFIED,INTEGRITY VERIFIED
113453,90824,2025-11-21 21:20:46.000000,13.75,1,1,RECONCILIATION SUCCESSFUL,INTEGRITY VERIFIED,INTEGRITY VERIFIED
37146,29655,2026-06-12 12:53:37.000000,101.78,4,4,RECONCILIATION SUCCESSFUL,INTEGRITY VERIFIED,INTEGRITY VERIFIED
70948,56742,2022-08-01 01:54:00.000000,13.95,1,1,RECONCILIATION SUCCESSFUL,INTEGRITY VERIFIED,INTEGRITY VERIFIED
75057,60012,2023-10-23 07:47:54.000000,126.93,4,4,RECONCILIATION SUCCESSFUL,INTEGRITY VERIFIED,INTEGRITY VERIFIED
22732,18150,2023-11-21 21:54:52.000000,14.0,1,1,RECONCILIATION SUCCESSFUL,INTEGRITY VERIFIED,INTEGRITY VERIFIED
33118,26426,2026-01-23 06:37:34.000000,213.95,3,3,RECONCILIATION SUCCESSFUL,INTEGRITY VERIFIED,INTEGRITY VERIFIED
25397,20293,2026-04-17 07:34:28.000000,32.0,2,2,RECONCILIATION SUCCESSFUL,INTEGRITY VERIFIED,INTEGRITY VERIFIED
77702,62127,2022-06-11 17:58:38.000000,43.99,2,2,RECONCILIATION SUCCESSFUL,INTEGRITY VERIFIED,INTEGRITY VERIFIED
70476,56356,2025-03-08 20:15:30.000000,341.51,4,4,RECONCILIATION SUCCESSFUL,INTEGRITY VERIFIED,INTEGRITY VERIFIED
84422,67548,2022-01-24 00:46:43.000000,34.67,2,2,RECONCILIATION SUCCESSFUL,INTEGRITY VERIFIED,INTEGRITY VERIFIED
93285,74748,2024-03-31 15:22:43.000000,14.95,1,1,RECONCILIATION SUCCESSFUL,INTEGRITY VERIFIED,INTEGRITY VERIFIED
51654,41247,2025-11-12 03:37:57.000000,14.95,1,1,RECONCILIATION SUCCESSFUL,INTEGRITY VERIFIED,INTEGRITY VERIFIED
28112,22469,2025-02-21 02:20:47.000000,14.99,1,1,RECONCILIATION SUCCESSFUL,INTEGRITY VERIFIED,INTEGRITY VERIFIED
53920,43059,2026-06-08 12:12:17.000000,14.99,1,1,RECONCILIATION SUCCESSFUL,INTEGRITY VERIFIED,INTEGRITY VERIFIED
56875,45464,2023-04-07 10:04:41.000000,281.23,4,4,RECONCILIATION SUCCESSFUL,INTEGRITY VERIFIED,INTEGRITY VERIFIED
64493,51525,2023-06-19 05:45:49.000000,46.99,2,2,RECONCILIATION SUCCESSFUL,INTEGRITY VERIFIED,INTEGRITY VERIFIED
21468,17160,2022-06-06 15:55:26.000000,164.99,2,2,RECONCILIATION SUCCESSFUL,INTEGRITY VERIFIED,INTEGRITY VERIFIED
44121,35210,2026-05-24 10:09:36.000000,110.59,4,4,RECONCILIATION SUCCESSFUL,INTEGRITY VERIFIED,INTEGRITY VERIFIED
49156,39211,2022-04-28 08:40:28.000000,54.98,2,2,RECONCILIATION SUCCESSFUL,INTEGRITY VERIFIED,INTEGRITY VERIFIED
88147,70520,2025-11-08 11:40:03.000000,174.94,2,2,RECONCILIATION SUCCESSFUL,INTEGRITY VERIFIED,INTEGRITY VERIFIED
117632,94197,2026-06-15 18:20:45.634624,15.0,1,1,RECONCILIATION SUCCESSFUL,INTEGRITY VERIFIED,INTEGRITY VERIFIED
71984,57570,2025-09-12 00:26:26.000000,105.45,2,2,RECONCILIATION SUCCESSFUL,INTEGRITY VERIFIED,INTEGRITY VERIFIED
42634,34019,2024-12-11 18:38:32.000000,94.86,2,2,RECONCILIATION SUCCESSFUL,INTEGRITY VERIFIED,INTEGRITY VERIFIED
91963,73643,2025-08-27 21:33:58.000000,169.99,3,3,RECONCILIATION SUCCESSFUL,INTEGRITY VERIFIED,INTEGRITY VERIFIED
51413,41051,2023-03-22 06:55:57.000000,115.98,2,2,RECONCILIATION SUCCESSFUL,INTEGRITY VERIFIED,INTEGRITY VERIFIED
33102,26408,2019-08-09 14:56:25.000000,522.0,4,4,RECONCILIATION SUCCESSFUL,INTEGRITY VERIFIED,INTEGRITY VERIFIED
113712,91035,2022-10-30 09:43:53.000000,36.94,2,2,RECONCILIATION SUCCESSFUL,INTEGRITY VERIFIED,INTEGRITY VERIFIED
120630,96556,2023-06-03 13:25:20.000000,176.97,3,3,RECONCILIATION SUCCESSFUL,INTEGRITY VERIFIED,INTEGRITY VERIFIED
68357,54697,2021-02-28 04:33:30.000000,16.99,1,1,RECONCILIATION SUCCESSFUL,INTEGRITY VERIFIED,INTEGRITY VERIFIED
8872,7087,2022-07-17 20:02:27.000000,177.44,4,4,RECONCILIATION SUCCESSFUL,INTEGRITY VERIFIED,INTEGRITY VERIFIED
56598,45216,2024-08-22 01:24:58.000000,215.0,2,2,RECONCILIATION SUCCESSFUL,INTEGRITY VERIFIED,INTEGRITY VERIFIED
57892,46265,2023-11-23 22:02:45.000000,63.19,2,2,RECONCILIATION SUCCESSFUL,INTEGRITY VERIFIED,INTEGRITY VERIFIED
103462,82962,2026-05-29 23:22:21.000000,103.49,3,3,RECONCILIATION SUCCESSFUL,INTEGRITY VERIFIED,INTEGRITY VERIFIED
119979,96038,2025-02-25 18:49:56.000000,151.05,2,2,RECONCILIATION SUCCESSFUL,INTEGRITY VERIFIED,INTEGRITY VERIFIED
61847,49388,2025-09-20 01:21:01.000000,17.56,1,1,RECONCILIATION SUCCESSFUL,INTEGRITY VERIFIED,INTEGRITY VERIFIED
307,246,2025-06-01 04:01:09.000000,105.9,2,2,RECONCILIATION SUCCESSFUL,INTEGRITY VERIFIED,INTEGRITY VERIFIED
74045,59227,2021-08-13 08:11:07.000000,17.9,1,1,RECONCILIATION SUCCESSFUL,INTEGRITY VERIFIED,INTEGRITY VERIFIED
73665,58921,2026-03-04 08:08:41.000000,76.88,3,3,RECONCILIATION SUCCESSFUL,INTEGRITY VERIFIED,INTEGRITY VERIFIED
100506,80595,2025-08-08 05:41:42.000000,58.44,2,2,RECONCILIATION SUCCESSFUL,INTEGRITY VERIFIED,INTEGRITY VERIFIED
72340,57841,2026-01-23 08:26:12.000000,199.99,4,4,RECONCILIATION SUCCESSFUL,INTEGRITY VERIFIED,INTEGRITY VERIFIED
75915,60711,2025-11-30 03:59:42.000000,62.9,2,2,RECONCILIATION SUCCESSFUL,INTEGRITY VERIFIED,INTEGRITY VERIFIED
115276,92291,2023-05-23 03:11:53.000000,316.49,3,3,RECONCILIATION SUCCESSFUL,INTEGRITY VERIFIED,INTEGRITY VERIFIED
118331,94733,2024-03-12 01:38:28.000000,66.0,2,2,RECONCILIATION SUCCESSFUL,INTEGRITY VERIFIED,INTEGRITY VERIFIED
66702,53332,2025-06-16 20:20:39.000000,149.93,4,4,RECONCILIATION SUCCESSFUL,INTEGRITY VERIFIED,INTEGRITY VERIFIED
63321,50602,2025-06-26 06:27:20.000000,365.85,4,4,RECONCILIATION SUCCESSFUL,INTEGRITY VERIFIED,INTEGRITY VERIFIED
74405,59502,2025-01-06 07:38:02.000000,144.96,3,3,RECONCILIATION SUCCESSFUL,INTEGRITY VERIFIED,INTEGRITY VERIFIED
11100,8845,2025-11-02 00:15:29.000000,91.37,3,3,RECONCILIATION SUCCESSFUL,INTEGRITY VERIFIED,INTEGRITY VERIFIED
7708,6172,2021-07-16 22:26:11.000000,63.99,2,2,RECONCILIATION SUCCESSFUL,INTEGRITY VERIFIED,INTEGRITY VERIFIED
63300,50585,2026-06-09 00:44:49.000000,18.99,1,1,RECONCILIATION SUCCESSFUL,INTEGRITY VERIFIED,INTEGRITY VERIFIED
30407,24279,2022-12-11 08:20:24.000000,19.99,1,1,RECONCILIATION SUCCESSFUL,INTEGRITY VERIFIED,INTEGRITY VERIFIED
65516,52327,2023-02-04 02:10:14.000000,47.49,2,2,RECONCILIATION SUCCESSFUL,INTEGRITY VERIFIED,INTEGRITY VERIFIED
96813,77620,2021-10-16 04:51:29.000000,97.37,2,2,RECONCILIATION SUCCESSFUL,INTEGRITY VERIFIED,INTEGRITY VERIFIED
31808,25411,2025-04-06 20:17:48.000000,117.99,2,2,RECONCILIATION SUCCESSFUL,INTEGRITY VERIFIED,INTEGRITY VERIFIED
1745,1393,2024-10-28 16:22:30.000000,79.49,2,2,RECONCILIATION SUCCESSFUL,INTEGRITY VERIFIED,INTEGRITY VERIFIED
4490,3552,2024-12-07 04:37:26.000000,104.99,2,2,RECONCILIATION SUCCESSFUL,INTEGRITY VERIFIED,INTEGRITY VERIFIED
39420,31495,2026-06-11 23:36:32.000000,183.49,4,4,RECONCILIATION SUCCESSFUL,INTEGRITY VERIFIED,INTEGRITY VERIFIED
66047,52789,2025-01-10 08:42:45.000000,19.99,1,1,RECONCILIATION SUCCESSFUL,INTEGRITY VERIFIED,INTEGRITY VERIFIED
33194,26488,2026-02-06 12:51:44.000000,20.0,1,1,RECONCILIATION SUCCESSFUL,INTEGRITY VERIFIED,INTEGRITY VERIFIED
50609,40445,2026-06-10 18:24:46.000000,264.97,4,4,RECONCILIATION SUCCESSFUL,INTEGRITY VERIFIED,INTEGRITY VERIFIED
2575,2051,2025-11-23 17:25:31.000000,20.0,1,1,RECONCILIATION SUCCESSFUL,INTEGRITY VERIFIED,INTEGRITY VERIFIED
1646,1294,2025-09-13 19:25:55.000000,20.0,1,1,RECONCILIATION SUCCESSFUL,INTEGRITY VERIFIED,INTEGRITY VERIFIED
67592,54073,2026-06-16 01:26:44.587690,139.0,4,4,RECONCILIATION SUCCESSFUL,INTEGRITY VERIFIED,INTEGRITY VERIFIED
30471,24328,2024-08-16 20:30:56.000000,190.93,2,2,RECONCILIATION SUCCESSFUL,INTEGRITY VERIFIED,INTEGRITY VERIFIED
88779,71033,2022-02-26 22:12:21.000000,238.95,4,4,RECONCILIATION SUCCESSFUL,INTEGRITY VERIFIED,INTEGRITY VERIFIED
97342,78023,2020-12-07 13:11:15.000000,20.99,1,1,RECONCILIATION SUCCESSFUL,INTEGRITY VERIFIED,INTEGRITY VERIFIED
108107,86604,2026-04-08 21:35:50.000000,144.88,4,4,RECONCILIATION SUCCESSFUL,INTEGRITY VERIFIED,INTEGRITY VERIFIED
52603,41977,2025-09-29 05:00:26.000000,21.95,1,1,RECONCILIATION SUCCESSFUL,INTEGRITY VERIFIED,INTEGRITY VERIFIED
84387,67522,2024-09-08 21:42:51.000000,289.95,2,2,RECONCILIATION SUCCESSFUL,INTEGRITY VERIFIED,INTEGRITY VERIFIED
76069,60835,2025-11-26 16:14:25.000000,116.95,3,3,RECONCILIATION SUCCESSFUL,INTEGRITY VERIFIED,INTEGRITY VERIFIED
114516,91712,2023-09-27 07:10:13.000000,21.95,1,1,RECONCILIATION SUCCESSFUL,INTEGRITY VERIFIED,INTEGRITY VERIFIED
58640,46857,2025-03-12 10:25:40.000000,46.94,2,2,RECONCILIATION SUCCESSFUL,INTEGRITY VERIFIED,INTEGRITY VERIFIED
90376,72325,2025-02-06 08:32:28.000000,21.99,1,1,RECONCILIATION SUCCESSFUL,INTEGRITY VERIFIED,INTEGRITY VERIFIED
63466,50717,2025-06-26 01:11:54.000000,84.39,3,3,RECONCILIATION SUCCESSFUL,INTEGRITY VERIFIED,INTEGRITY VERIFIED
42859,34201,2025-06-04 02:43:46.000000,22.5,1,1,RECONCILIATION SUCCESSFUL,INTEGRITY VERIFIED,INTEGRITY VERIFIED
100887,80885,2023-06-21 13:55:59.000000,22.88,1,1,RECONCILIATION SUCCESSFUL,INTEGRITY VERIFIED,INTEGRITY VERIFIED
77337,61819,2022-08-11 01:27:55.000000,142.79,4,4,RECONCILIATION SUCCESSFUL,INTEGRITY VERIFIED,INTEGRITY VERIFIED
124774,99891,2024-06-02 14:58:46.000000,216.98,4,4,RECONCILIATION SUCCESSFUL,INTEGRITY VERIFIED,INTEGRITY VERIFIED
26834,21437,2023-07-27 13:09:36.000000,22.99,1,1,RECONCILIATION SUCCESSFUL,INTEGRITY VERIFIED,INTEGRITY VERIFIED
124073,99367,2025-01-20 16:01:59.000000,118.0,2,2,RECONCILIATION SUCCESSFUL,INTEGRITY VERIFIED,INTEGRITY VERIFIED
69200,55352,2025-11-22 10:30:03.000000,73.18,2,2,RECONCILIATION SUCCESSFUL,INTEGRITY VERIFIED,INTEGRITY VERIFIED
62008,49533,2026-06-14 12:53:41.000000,113.69,2,2,RECONCILIATION SUCCESSFUL,INTEGRITY VERIFIED,INTEGRITY VERIFIED
106851,85623,2022-02-06 06:55:30.000000,116.93,4,4,RECONCILIATION SUCCESSFUL,INTEGRITY VERIFIED,INTEGRITY VERIFIED
61638,49234,2023-09-14 15:07:10.000000,270.68,4,4,RECONCILIATION SUCCESSFUL,INTEGRITY VERIFIED,INTEGRITY VERIFIED
96210,77125,2025-12-23 03:06:24.000000,447.94,4,4,RECONCILIATION SUCCESSFUL,INTEGRITY VERIFIED,INTEGRITY VERIFIED
5761,4561,2021-08-21 02:30:00.000000,24.0,1,1,RECONCILIATION SUCCESSFUL,INTEGRITY VERIFIED,INTEGRITY VERIFIED
57847,46232,2025-10-09 12:03:25.000000,49.0,2,2,RECONCILIATION SUCCESSFUL,INTEGRITY VERIFIED,INTEGRITY VERIFIED
72038,57608,2025-02-18 11:52:55.000000,64.6,2,2,RECONCILIATION SUCCESSFUL,INTEGRITY VERIFIED,INTEGRITY VERIFIED
102075,81827,2026-03-13 12:52:29.000000,179.99,4,4,RECONCILIATION SUCCESSFUL,INTEGRITY VERIFIED,INTEGRITY VERIFIED
64475,51510,2026-04-17 04:54:09.000000,24.0,1,1,RECONCILIATION SUCCESSFUL,INTEGRITY VERIFIED,INTEGRITY VERIFIED
64725,51707,2026-03-15 04:10:50.000000,68.88,2,2,RECONCILIATION SUCCESSFUL,INTEGRITY VERIFIED,INTEGRITY VERIFIED
25935,20724,2022-05-12 03:21:43.000000,73.9,2,2,RECONCILIATION SUCCESSFUL,INTEGRITY VERIFIED,INTEGRITY VERIFIED
45937,36683,2022-10-12 20:15:49.000000,24.99,1,1,RECONCILIATION SUCCESSFUL,INTEGRITY VERIFIED,INTEGRITY VERIFIED
88715,70991,2025-06-16 19:12:33.000000,314.98,4,4,RECONCILIATION SUCCESSFUL,INTEGRITY VERIFIED,INTEGRITY VERIFIED
18753,14947,2024-08-19 20:50:27.000000,267.91,3,3,RECONCILIATION SUCCESSFUL,INTEGRITY VERIFIED,INTEGRITY VERIFIED
20591,16462,2023-09-14 23:08:13.000000,264.91,4,4,RECONCILIATION SUCCESSFUL,INTEGRITY VERIFIED,INTEGRITY VERIFIED
101590,81455,2021-03-21 18:22:14.000000,274.89,4,4,RECONCILIATION SUCCESSFUL,INTEGRITY VERIFIED,INTEGRITY VERIFIED
14723,11752,2020-09-17 14:00:01.000000,25.0,1,1,RECONCILIATION SUCCESSFUL,INTEGRITY VERIFIED,INTEGRITY VERIFIED
26417,21113,2022-05-01 10:22:27.000000,79.5,2,2,RECONCILIATION SUCCESSFUL,INTEGRITY VERIFIED,INTEGRITY VERIFIED
96990,77744,2026-04-26 20:05:46.000000,104.5,2,2,RECONCILIATION SUCCESSFUL,INTEGRITY VERIFIED,INTEGRITY VERIFIED
124875,99978,2021-05-08 13:29:05.000000,115.35,3,3,RECONCILIATION SUCCESSFUL,INTEGRITY VERIFIED,INTEGRITY VERIFIED
24950,19929,2021-01-28 06:11:29.000000,25.0,1,1,RECONCILIATION SUCCESSFUL,INTEGRITY VERIFIED,INTEGRITY VERIFIED
34285,27356,2025-03-14 00:54:25.000000,25.0,1,1,RECONCILIATION SUCCESSFUL,INTEGRITY VERIFIED,INTEGRITY VERIFIED
50227,40121,2025-12-27 21:01:38.000000,25.0,1,1,RECONCILIATION SUCCESSFUL,INTEGRITY VERIFIED,INTEGRITY VERIFIED
57165,45711,2026-03-16 12:28:47.000000,25.0,1,1,RECONCILIATION SUCCESSFUL,INTEGRITY VERIFIED,INTEGRITY VERIFIED
9648,7699,2023-08-05 11:16:29.000000,278.95,4,4,RECONCILIATION SUCCESSFUL,INTEGRITY VERIFIED,INTEGRITY VERIFIED
37831,30199,2020-07-09 19:10:28.000000,278.98,3,3,RECONCILIATION SUCCESSFUL,INTEGRITY VERIFIED,INTEGRITY VERIFIED
41399,33026,2026-04-02 05:36:04.000000,25.0,1,1,RECONCILIATION SUCCESSFUL,INTEGRITY VERIFIED,INTEGRITY VERIFIED
110096,88177,2025-11-22 18:55:10.000000,164.99,2,2,RECONCILIATION SUCCESSFUL,INTEGRITY VERIFIED,INTEGRITY VERIFIED
121643,97380,2025-04-17 17:18:15.000000,114.9,3,3,RECONCILIATION SUCCESSFUL,INTEGRITY VERIFIED,INTEGRITY VERIFIED
30367,24251,2026-02-25 14:58:40.000000,25.2,1,1,RECONCILIATION SUCCESSFUL,INTEGRITY VERIFIED,INTEGRITY VERIFIED
73562,58842,2025-09-24 21:55:14.000000,63.2,2,2,RECONCILIATION SUCCESSFUL,INTEGRITY VERIFIED,INTEGRITY VERIFIED
96338,77241,2026-06-15 10:58:42.000000,25.2,1,1,RECONCILIATION SUCCESSFUL,INTEGRITY VERIFIED,INTEGRITY VERIFIED
2623,2095,2024-05-24 16:14:13.000000,286.72,4,4,RECONCILIATION SUCCESSFUL,INTEGRITY VERIFIED,INTEGRITY VERIFIED
88758,71020,2026-06-16 03:56:28.707867,86.44,2,2,RECONCILIATION SUCCESSFUL,INTEGRITY VERIFIED,INTEGRITY VERIFIED
85382,68320,2020-05-17 01:42:35.000000,26.95,1,1,RECONCILIATION SUCCESSFUL,INTEGRITY VERIFIED,INTEGRITY VERIFIED
89689,71760,2025-06-20 18:23:30.000000,290.96,4,4,RECONCILIATION SUCCESSFUL,INTEGRITY VERIFIED,INTEGRITY VERIFIED
1312,1047,2025-05-23 08:29:43.000000,198.94,4,4,RECONCILIATION SUCCESSFUL,INTEGRITY VERIFIED,INTEGRITY VERIFIED
77341,61822,2026-03-21 02:50:40.000000,88.99,2,2,RECONCILIATION SUCCESSFUL,INTEGRITY VERIFIED,INTEGRITY VERIFIED
108051,86561,2023-12-28 09:04:54.000000,26.99,1,1,RECONCILIATION SUCCESSFUL,INTEGRITY VERIFIED,INTEGRITY VERIFIED
22498,17958,2024-12-08 19:45:27.000000,344.5,4,4,RECONCILIATION SUCCESSFUL,INTEGRITY VERIFIED,INTEGRITY VERIFIED
74781,59791,2020-11-21 04:28:17.000000,96.0,2,2,RECONCILIATION SUCCESSFUL,INTEGRITY VERIFIED,INTEGRITY VERIFIED
101769,81592,2025-10-18 23:17:15.000000,144.69,3,3,RECONCILIATION SUCCESSFUL,INTEGRITY VERIFIED,INTEGRITY VERIFIED
38927,31101,2026-01-05 04:50:42.000000,142.94,3,3,RECONCILIATION SUCCESSFUL,INTEGRITY VERIFIED,INTEGRITY VERIFIED
103624,83087,2025-06-03 21:25:05.000000,28.0,1,1,RECONCILIATION SUCCESSFUL,INTEGRITY VERIFIED,INTEGRITY VERIFIED
113764,91077,2024-03-26 19:21:46.000000,129.99,3,3,RECONCILIATION SUCCESSFUL,INTEGRITY VERIFIED,INTEGRITY VERIFIED
62500,49933,2023-11-06 10:21:46.000000,28.49,1,1,RECONCILIATION SUCCESSFUL,INTEGRITY VERIFIED,INTEGRITY VERIFIED
61973,49502,2023-04-14 13:53:09.000000,29.0,1,1,RECONCILIATION SUCCESSFUL,INTEGRITY VERIFIED,INTEGRITY VERIFIED
117681,94240,2023-06-03 06:32:17.000000,29.0,1,1,RECONCILIATION SUCCESSFUL,INTEGRITY VERIFIED,INTEGRITY VERIFIED
84062,67280,2026-03-16 03:26:33.000000,134.0,2,2,RECONCILIATION SUCCESSFUL,INTEGRITY VERIFIED,INTEGRITY VERIFIED
62144,49642,2025-02-07 03:05:55.000000,167.9,2,2,RECONCILIATION SUCCESSFUL,INTEGRITY VERIFIED,INTEGRITY VERIFIED
71302,57025,2026-05-17 09:11:47.000000,142.94,3,3,RECONCILIATION SUCCESSFUL,INTEGRITY VERIFIED,INTEGRITY VERIFIED
37270,29763,2026-03-30 18:47:57.000000,119.99,2,2,RECONCILIATION SUCCESSFUL,INTEGRITY VERIFIED,INTEGRITY VERIFIED
120278,96275,2026-04-04 10:31:35.000000,29.99,1,1,RECONCILIATION SUCCESSFUL,INTEGRITY VERIFIED,INTEGRITY VERIFIED
19245,15365,2025-09-26 18:08:02.000000,149.94,2,2,RECONCILIATION SUCCESSFUL,INTEGRITY VERIFIED,INTEGRITY VERIFIED
13255,10519,2025-11-30 07:12:52.000000,119.9,2,2,RECONCILIATION SUCCESSFUL,INTEGRITY VERIFIED,INTEGRITY VERIFIED
77172,61692,2026-04-23 04:46:34.000000,29.99,1,1,RECONCILIATION SUCCESSFUL,INTEGRITY VERIFIED,INTEGRITY VERIFIED
76414,61098,2021-11-24 00:37:21.000000,73.99,2,2,RECONCILIATION SUCCESSFUL,INTEGRITY VERIFIED,INTEGRITY VERIFIED
67083,53655,2026-03-03 03:35:50.000000,157.99,4,4,RECONCILIATION SUCCESSFUL,INTEGRITY VERIFIED,INTEGRITY VERIFIED
110415,88432,2024-03-30 09:42:20.000000,109.0,2,2,RECONCILIATION SUCCESSFUL,INTEGRITY VERIFIED,INTEGRITY VERIFIED
73715,58959,2026-06-14 11:29:13.562132,31.68,1,1,RECONCILIATION SUCCESSFUL,INTEGRITY VERIFIED,INTEGRITY VERIFIED
14316,11412,2025-11-15 21:08:34.000000,31.98,1,1,RECONCILIATION SUCCESSFUL,INTEGRITY VERIFIED,INTEGRITY VERIFIED
68021,54440,2026-06-05 16:03:25.000000,31.98,1,1,RECONCILIATION SUCCESSFUL,INTEGRITY VERIFIED,INTEGRITY VERIFIED
28797,23013,2020-01-29 11:03:40.000000,32.0,1,1,RECONCILIATION SUCCESSFUL,INTEGRITY VERIFIED,INTEGRITY VERIFIED
11783,9361,2024-05-24 06:53:53.000000,82.95,2,2,RECONCILIATION SUCCESSFUL,INTEGRITY VERIFIED,INTEGRITY VERIFIED
98920,79311,2026-05-08 15:28:59.000000,32.0,1,1,RECONCILIATION SUCCESSFUL,INTEGRITY VERIFIED,INTEGRITY VERIFIED
122622,98190,2025-03-11 22:29:01.000000,32.5,1,1,RECONCILIATION SUCCESSFUL,INTEGRITY VERIFIED,INTEGRITY VERIFIED
62188,49676,2025-06-24 09:30:50.000000,68.99,2,2,RECONCILIATION SUCCESSFUL,INTEGRITY VERIFIED,INTEGRITY VERIFIED
19389,15473,2026-06-11 07:54:20.965016,80.59,2,2,RECONCILIATION SUCCESSFUL,INTEGRITY VERIFIED,INTEGRITY VERIFIED
106931,85687,2022-07-18 19:31:27.000000,33.75,1,1,RECONCILIATION SUCCESSFUL,INTEGRITY VERIFIED,INTEGRITY VERIFIED
7973,6375,2026-05-22 06:37:00.000000,83.94,2,2,RECONCILIATION SUCCESSFUL,INTEGRITY VERIFIED,INTEGRITY VERIFIED
95351,76424,2026-06-03 02:26:40.000000,318.93,3,3,RECONCILIATION SUCCESSFUL,INTEGRITY VERIFIED,INTEGRITY VERIFIED
27489,21980,2019-05-16 03:57:02.000000,209.94,4,4,RECONCILIATION SUCCESSFUL,INTEGRITY VERIFIED,INTEGRITY VERIFIED
28972,23161,2026-06-08 03:22:38.000000,206.95,4,4,RECONCILIATION SUCCESSFUL,INTEGRITY VERIFIED,INTEGRITY VERIFIED
69609,55664,2021-05-09 07:40:26.000000,99.07,2,2,RECONCILIATION SUCCESSFUL,INTEGRITY VERIFIED,INTEGRITY VERIFIED
2112,1685,2026-04-28 16:30:30.000000,34.31,1,1,RECONCILIATION SUCCESSFUL,INTEGRITY VERIFIED,INTEGRITY VERIFIED
15395,12280,2024-12-04 03:27:16.000000,34.45,1,1,RECONCILIATION SUCCESSFUL,INTEGRITY VERIFIED,INTEGRITY VERIFIED
84683,67755,2025-11-07 05:43:04.000000,34.95,1,1,RECONCILIATION SUCCESSFUL,INTEGRITY VERIFIED,INTEGRITY VERIFIED
10681,8507,2026-05-11 02:43:24.000000,34.99,1,1,RECONCILIATION SUCCESSFUL,INTEGRITY VERIFIED,INTEGRITY VERIFIED
16217,12929,2022-06-11 19:44:41.000000,131.99,3,3,RECONCILIATION SUCCESSFUL,INTEGRITY VERIFIED,INTEGRITY VERIFIED
39716,31715,2025-08-02 13:20:32.000000,130.44,3,3,RECONCILIATION SUCCESSFUL,INTEGRITY VERIFIED,INTEGRITY VERIFIED
24335,19443,2024-04-04 16:41:44.000000,133.0,2,2,RECONCILIATION SUCCESSFUL,INTEGRITY VERIFIED,INTEGRITY VERIFIED
75845,60664,2022-06-29 08:56:06.000000,248.44,4,4,RECONCILIATION SUCCESSFUL,INTEGRITY VERIFIED,INTEGRITY VERIFIED
60134,48018,2026-04-06 10:27:14.000000,35.0,1,1,RECONCILIATION SUCCESSFUL,INTEGRITY VERIFIED,INTEGRITY VERIFIED
115033,92103,2026-05-08 06:59:08.000000,182.95,3,3,RECONCILIATION SUCCESSFUL,INTEGRITY VERIFIED,INTEGRITY VERIFIED
35102,28031,2024-08-15 17:47:22.000000,105.99,2,2,RECONCILIATION SUCCESSFUL,INTEGRITY VERIFIED,INTEGRITY VERIFIED
29397,23491,2023-05-19 21:25:54.000000,195.99,2,2,RECONCILIATION SUCCESSFUL,INTEGRITY VERIFIED,INTEGRITY VERIFIED
63471,50723,2021-09-23 02:44:11.000000,91.45,2,2,RECONCILIATION SUCCESSFUL,INTEGRITY VERIFIED,INTEGRITY VERIFIED
116957,93648,2026-01-16 20:08:52.000000,136.5,2,2,RECONCILIATION SUCCESSFUL,INTEGRITY VERIFIED,INTEGRITY VERIFIED
80049,63989,2026-05-28 22:24:31.000000,177.95,2,2,RECONCILIATION SUCCESSFUL,INTEGRITY VERIFIED,INTEGRITY VERIFIED
73369,58682,2022-06-04 05:18:58.000000,81.79,2,2,RECONCILIATION SUCCESSFUL,INTEGRITY VERIFIED,INTEGRITY VERIFIED
121022,96889,2023-10-07 00:07:26.000000,38.0,1,1,RECONCILIATION SUCCESSFUL,INTEGRITY VERIFIED,INTEGRITY VERIFIED
122633,98197,2024-12-28 23:23:54.000000,38.0,1,1,RECONCILIATION SUCCESSFUL,INTEGRITY VERIFIED,INTEGRITY VERIFIED
5100,4039,2024-11-28 17:11:10.000000,38.5,1,1,RECONCILIATION SUCCESSFUL,INTEGRITY VERIFIED,INTEGRITY VERIFIED
11389,9054,2026-04-18 11:01:08.000000,108.9,2,2,RECONCILIATION SUCCESSFUL,INTEGRITY VERIFIED,INTEGRITY VERIFIED
64559,51571,2026-03-20 01:12:18.000000,39.0,1,1,RECONCILIATION SUCCESSFUL,INTEGRITY VERIFIED,INTEGRITY VERIFIED
81198,64955,2022-10-28 07:02:58.000000,39.45,1,1,RECONCILIATION SUCCESSFUL,INTEGRITY VERIFIED,INTEGRITY VERIFIED
80369,64271,2023-11-07 05:30:28.000000,233.45,2,2,RECONCILIATION SUCCESSFUL,INTEGRITY VERIFIED,INTEGRITY VERIFIED
99491,79798,2023-12-14 23:52:48.000000,39.5,1,1,RECONCILIATION SUCCESSFUL,INTEGRITY VERIFIED,INTEGRITY VERIFIED
77449,61916,2021-09-12 08:14:42.000000,133.95,3,3,RECONCILIATION SUCCESSFUL,INTEGRITY VERIFIED,INTEGRITY VERIFIED
12203,9720,2026-02-09 02:37:17.000000,102.24,2,2,RECONCILIATION SUCCESSFUL,INTEGRITY VERIFIED,INTEGRITY VERIFIED
56136,44855,2024-04-23 06:46:43.000000,174.88,2,2,RECONCILIATION SUCCESSFUL,INTEGRITY VERIFIED,INTEGRITY VERIFIED
94507,75748,2022-08-08 11:45:19.000000,39.9,1,1,RECONCILIATION SUCCESSFUL,INTEGRITY VERIFIED,INTEGRITY VERIFIED
71438,57137,2025-10-17 10:05:51.000000,99.94,2,2,RECONCILIATION SUCCESSFUL,INTEGRITY VERIFIED,INTEGRITY VERIFIED
64426,51470,2026-06-15 09:31:49.094003,149.94,3,3,RECONCILIATION SUCCESSFUL,INTEGRITY VERIFIED,INTEGRITY VERIFIED
80221,64129,2025-03-02 15:02:42.000000,303.97,2,2,RECONCILIATION SUCCESSFUL,INTEGRITY VERIFIED,INTEGRITY VERIFIED
113906,91193,2023-01-09 18:52:55.000000,39.99,1,1,RECONCILIATION SUCCESSFUL,INTEGRITY VERIFIED,INTEGRITY VERIFIED
117148,93814,2022-01-16 09:34:21.000000,39.99,1,1,RECONCILIATION SUCCESSFUL,INTEGRITY VERIFIED,INTEGRITY VERIFIED
82672,66143,2024-12-26 20:06:52.000000,82.49,2,2,RECONCILIATION SUCCESSFUL,INTEGRITY VERIFIED,INTEGRITY VERIFIED
102551,82214,2025-09-07 18:49:57.000000,204.49,3,3,RECONCILIATION SUCCESSFUL,INTEGRITY VERIFIED,INTEGRITY VERIFIED
105676,84704,2023-11-05 17:19:55.000000,39.99,1,1,RECONCILIATION SUCCESSFUL,INTEGRITY VERIFIED,INTEGRITY VERIFIED
37143,29654,2025-06-17 13:29:28.000000,40.0,1,1,RECONCILIATION SUCCESSFUL,INTEGRITY VERIFIED,INTEGRITY VERIFIED
35128,28054,2022-11-30 14:25:16.000000,119.95,2,2,RECONCILIATION SUCCESSFUL,INTEGRITY VERIFIED,INTEGRITY VERIFIED
83448,66785,2026-02-09 12:14:11.000000,40.28,1,1,RECONCILIATION SUCCESSFUL,INTEGRITY VERIFIED,INTEGRITY VERIFIED
75577,60444,2026-05-12 05:46:30.000000,426.25,4,4,RECONCILIATION SUCCESSFUL,INTEGRITY VERIFIED,INTEGRITY VERIFIED
9425,7518,2023-09-17 01:54:54.000000,42.0,1,1,RECONCILIATION SUCCESSFUL,INTEGRITY VERIFIED,INTEGRITY VERIFIED
22702,18124,2026-01-24 20:00:44.000000,42.0,1,1,RECONCILIATION SUCCESSFUL,INTEGRITY VERIFIED,INTEGRITY VERIFIED
50839,40609,2024-04-24 19:32:41.000000,42.5,1,1,RECONCILIATION SUCCESSFUL,INTEGRITY VERIFIED,INTEGRITY VERIFIED
28714,22954,2025-01-31 20:06:26.000000,42.95,1,1,RECONCILIATION SUCCESSFUL,INTEGRITY VERIFIED,INTEGRITY VERIFIED
118815,95105,2021-04-22 19:36:07.000000,326.98,4,4,RECONCILIATION SUCCESSFUL,INTEGRITY VERIFIED,INTEGRITY VERIFIED
24873,19869,2026-04-02 06:41:39.000000,42.99,1,1,RECONCILIATION SUCCESSFUL,INTEGRITY VERIFIED,INTEGRITY VERIFIED
99868,80111,2026-05-31 13:57:53.000000,42.99,1,1,RECONCILIATION SUCCESSFUL,INTEGRITY VERIFIED,INTEGRITY VERIFIED
26617,21273,2023-05-06 01:44:08.000000,43.2,1,1,RECONCILIATION SUCCESSFUL,INTEGRITY VERIFIED,INTEGRITY VERIFIED
60430,48264,2022-01-16 13:42:25.000000,93.95,2,2,RECONCILIATION SUCCESSFUL,INTEGRITY VERIFIED,INTEGRITY VERIFIED
112048,89727,2023-07-08 16:44:25.000000,44.0,1,1,RECONCILIATION SUCCESSFUL,INTEGRITY VERIFIED,INTEGRITY VERIFIED
42481,33899,2025-03-09 10:53:53.000000,163.13,2,2,RECONCILIATION SUCCESSFUL,INTEGRITY VERIFIED,INTEGRITY VERIFIED
93087,74567,2023-12-24 06:49:46.000000,309.46,4,4,RECONCILIATION SUCCESSFUL,INTEGRITY VERIFIED,INTEGRITY VERIFIED
64255,51335,2025-12-18 14:22:59.000000,44.51,1,1,RECONCILIATION SUCCESSFUL,INTEGRITY VERIFIED,INTEGRITY VERIFIED
32982,26311,2025-11-29 21:37:39.000000,116.98,2,2,RECONCILIATION SUCCESSFUL,INTEGRITY VERIFIED,INTEGRITY VERIFIED
109564,87781,2025-12-30 08:07:43.000000,383.99,3,3,RECONCILIATION SUCCESSFUL,INTEGRITY VERIFIED,INTEGRITY VERIFIED
5351,4231,2026-05-13 08:24:45.000000,45.0,1,1,RECONCILIATION SUCCESSFUL,INTEGRITY VERIFIED,INTEGRITY VERIFIED
65946,52707,2025-01-03 12:43:47.000000,98.0,2,2,RECONCILIATION SUCCESSFUL,INTEGRITY VERIFIED,INTEGRITY VERIFIED
33294,26559,2025-06-20 04:18:56.000000,171.0,2,2,RECONCILIATION SUCCESSFUL,INTEGRITY VERIFIED,INTEGRITY VERIFIED
32036,25588,2026-04-07 15:00:58.000000,45.0,1,1,RECONCILIATION SUCCESSFUL,INTEGRITY VERIFIED,INTEGRITY VERIFIED
38591,30813,2024-09-20 11:59:13.000000,46.0,1,1,RECONCILIATION SUCCESSFUL,INTEGRITY VERIFIED,INTEGRITY VERIFIED
71027,56805,2026-05-19 04:11:30.000000,46.88,1,1,RECONCILIATION SUCCESSFUL,INTEGRITY VERIFIED,INTEGRITY VERIFIED
94598,75823,2026-04-13 17:03:13.000000,130.83,2,2,RECONCILIATION SUCCESSFUL,INTEGRITY VERIFIED,INTEGRITY VERIFIED
105484,84557,2021-01-08 02:41:15.000000,100.0,2,2,RECONCILIATION SUCCESSFUL,INTEGRITY VERIFIED,INTEGRITY VERIFIED
88358,70686,2025-09-23 03:27:01.000000,48.0,1,1,RECONCILIATION SUCCESSFUL,INTEGRITY VERIFIED,INTEGRITY VERIFIED
73430,58733,2025-09-20 04:46:18.000000,48.99,1,1,RECONCILIATION SUCCESSFUL,INTEGRITY VERIFIED,INTEGRITY VERIFIED
38966,31138,2023-01-07 15:36:38.000000,289.24,4,4,RECONCILIATION SUCCESSFUL,INTEGRITY VERIFIED,INTEGRITY VERIFIED
60829,48573,2025-11-10 22:23:52.000000,49.95,1,1,RECONCILIATION SUCCESSFUL,INTEGRITY VERIFIED,INTEGRITY VERIFIED
100063,80277,2024-12-21 11:30:47.000000,246.4,4,4,RECONCILIATION SUCCESSFUL,INTEGRITY VERIFIED,INTEGRITY VERIFIED
92809,74349,2026-06-14 03:20:56.702162,49.99,1,1,RECONCILIATION SUCCESSFUL,INTEGRITY VERIFIED,INTEGRITY VERIFIED
17616,14019,2026-06-02 07:18:04.000000,49.99,1,1,RECONCILIATION SUCCESSFUL,INTEGRITY VERIFIED,INTEGRITY VERIFIED
17909,14261,2025-05-04 10:08:10.000000,49.99,1,1,RECONCILIATION SUCCESSFUL,INTEGRITY VERIFIED,INTEGRITY VERIFIED
123102,98570,2026-03-25 13:44:31.000000,50.0,1,1,RECONCILIATION SUCCESSFUL,INTEGRITY VERIFIED,INTEGRITY VERIFIED
34352,27413,2026-03-03 06:40:13.000000,50.0,1,1,RECONCILIATION SUCCESSFUL,INTEGRITY VERIFIED,INTEGRITY VERIFIED
77979,62340,2026-05-16 21:43:22.000000,273.34,4,4,RECONCILIATION SUCCESSFUL,INTEGRITY VERIFIED,INTEGRITY VERIFIED
92488,74065,2023-10-11 19:09:01.000000,121.5,2,2,RECONCILIATION SUCCESSFUL,INTEGRITY VERIFIED,INTEGRITY VERIFIED
123811,99148,2025-03-24 12:44:02.000000,52.0,1,1,RECONCILIATION SUCCESSFUL,INTEGRITY VERIFIED,INTEGRITY VERIFIED
38804,31001,2023-08-26 02:23:29.000000,53.94,1,1,RECONCILIATION SUCCESSFUL,INTEGRITY VERIFIED,INTEGRITY VERIFIED
92084,73724,2024-04-09 12:40:03.000000,54.5,1,1,RECONCILIATION SUCCESSFUL,INTEGRITY VERIFIED,INTEGRITY VERIFIED
103514,82997,2026-06-15 16:10:41.007930,54.95,1,1,RECONCILIATION SUCCESSFUL,INTEGRITY VERIFIED,INTEGRITY VERIFIED
123735,99083,2023-10-27 12:42:02.000000,264.98,2,2,RECONCILIATION SUCCESSFUL,INTEGRITY VERIFIED,INTEGRITY VERIFIED
27662,22126,2022-12-19 06:01:01.000000,55.0,1,1,RECONCILIATION SUCCESSFUL,INTEGRITY VERIFIED,INTEGRITY VERIFIED
47969,38329,2026-03-12 08:53:09.000000,55.0,1,1,RECONCILIATION SUCCESSFUL,INTEGRITY VERIFIED,INTEGRITY VERIFIED
19355,15450,2026-02-25 00:28:19.000000,55.0,1,1,RECONCILIATION SUCCESSFUL,INTEGRITY VERIFIED,INTEGRITY VERIFIED
87268,69851,2023-03-26 07:55:12.000000,153.0,2,2,RECONCILIATION SUCCESSFUL,INTEGRITY VERIFIED,INTEGRITY VERIFIED
105973,84928,2024-02-29 23:50:52.000000,412.5,3,3,RECONCILIATION SUCCESSFUL,INTEGRITY VERIFIED,INTEGRITY VERIFIED
109737,87911,2023-08-03 15:40:10.000000,55.0,1,1,RECONCILIATION SUCCESSFUL,INTEGRITY VERIFIED,INTEGRITY VERIFIED
42377,33813,2021-10-03 00:11:03.000000,517.77,4,4,RECONCILIATION SUCCESSFUL,INTEGRITY VERIFIED,INTEGRITY VERIFIED
65487,52302,2026-04-03 06:49:01.000000,55.65,1,1,RECONCILIATION SUCCESSFUL,INTEGRITY VERIFIED,INTEGRITY VERIFIED
73123,58484,2026-06-01 22:28:29.000000,180.95,2,2,RECONCILIATION SUCCESSFUL,INTEGRITY VERIFIED,INTEGRITY VERIFIED
108580,86966,2025-12-29 12:12:26.000000,57.5,1,1,RECONCILIATION SUCCESSFUL,INTEGRITY VERIFIED,INTEGRITY VERIFIED
32273,25762,2023-04-22 02:09:08.000000,122.95,2,2,RECONCILIATION SUCCESSFUL,INTEGRITY VERIFIED,INTEGRITY VERIFIED
105155,84278,2021-08-17 12:44:06.000000,57.95,1,1,RECONCILIATION SUCCESSFUL,INTEGRITY VERIFIED,INTEGRITY VERIFIED
22708,18129,2024-02-03 15:58:21.000000,129.98,2,2,RECONCILIATION SUCCESSFUL,INTEGRITY VERIFIED,INTEGRITY VERIFIED
59292,47385,2025-04-01 14:14:58.000000,57.99,1,1,RECONCILIATION SUCCESSFUL,INTEGRITY VERIFIED,INTEGRITY VERIFIED
5871,4648,2025-05-31 14:25:18.000000,117.99,2,2,RECONCILIATION SUCCESSFUL,INTEGRITY VERIFIED,INTEGRITY VERIFIED
87634,70132,2026-02-13 22:36:08.000000,138.98,2,2,RECONCILIATION SUCCESSFUL,INTEGRITY VERIFIED,INTEGRITY VERIFIED
4972,3927,2021-10-26 14:45:01.000000,59.45,1,1,RECONCILIATION SUCCESSFUL,INTEGRITY VERIFIED,INTEGRITY VERIFIED
119843,95928,2026-01-20 20:43:57.000000,59.5,1,1,RECONCILIATION SUCCESSFUL,INTEGRITY VERIFIED,INTEGRITY VERIFIED
17465,13907,2024-09-14 08:01:51.000000,59.95,1,1,RECONCILIATION SUCCESSFUL,INTEGRITY VERIFIED,INTEGRITY VERIFIED
52179,41649,2025-08-30 07:32:40.000000,60.0,1,1,RECONCILIATION SUCCESSFUL,INTEGRITY VERIFIED,INTEGRITY VERIFIED
114282,91515,2020-12-09 02:33:54.000000,60.0,1,1,RECONCILIATION SUCCESSFUL,INTEGRITY VERIFIED,INTEGRITY VERIFIED
109113,87418,2023-06-08 15:19:12.000000,125.27,2,2,RECONCILIATION SUCCESSFUL,INTEGRITY VERIFIED,INTEGRITY VERIFIED
77155,61680,2022-07-11 01:48:54.000000,357.29,4,4,RECONCILIATION SUCCESSFUL,INTEGRITY VERIFIED,INTEGRITY VERIFIED
7347,5875,2022-11-21 08:54:02.000000,304.99,4,4,RECONCILIATION SUCCESSFUL,INTEGRITY VERIFIED,INTEGRITY VERIFIED
95636,76665,2023-11-10 19:18:24.000000,63.99,1,1,RECONCILIATION SUCCESSFUL,INTEGRITY VERIFIED,INTEGRITY VERIFIED
92677,74240,2026-06-14 23:52:50.000000,64.95,1,1,RECONCILIATION SUCCESSFUL,INTEGRITY VERIFIED,INTEGRITY VERIFIED
83777,67037,2023-12-27 12:02:52.000000,64.99,1,1,RECONCILIATION SUCCESSFUL,INTEGRITY VERIFIED,INTEGRITY VERIFIED
49435,39441,2024-06-07 10:48:30.000000,65.0,1,1,RECONCILIATION SUCCESSFUL,INTEGRITY VERIFIED,INTEGRITY VERIFIED
38998,31157,2026-04-24 19:28:29.000000,68.0,1,1,RECONCILIATION SUCCESSFUL,INTEGRITY VERIFIED,INTEGRITY VERIFIED
35220,28117,2025-07-08 06:58:18.000000,68.69,1,1,RECONCILIATION SUCCESSFUL,INTEGRITY VERIFIED,INTEGRITY VERIFIED
76029,60806,2020-07-23 19:16:38.000000,223.0,2,2,RECONCILIATION SUCCESSFUL,INTEGRITY VERIFIED,INTEGRITY VERIFIED
48884,39015,2025-11-21 02:00:06.000000,69.5,1,1,RECONCILIATION SUCCESSFUL,INTEGRITY VERIFIED,INTEGRITY VERIFIED
51195,40895,2025-03-15 22:32:58.000000,69.5,1,1,RECONCILIATION SUCCESSFUL,INTEGRITY VERIFIED,INTEGRITY VERIFIED
36060,28764,2019-08-17 19:51:57.000000,69.5,1,1,RECONCILIATION SUCCESSFUL,INTEGRITY VERIFIED,INTEGRITY VERIFIED
99197,79545,2026-05-29 13:50:13.000000,69.99,1,1,RECONCILIATION SUCCESSFUL,INTEGRITY VERIFIED,INTEGRITY VERIFIED
13529,10754,2022-10-23 19:51:09.000000,69.99,1,1,RECONCILIATION SUCCESSFUL,INTEGRITY VERIFIED,INTEGRITY VERIFIED
39650,31666,2026-04-06 02:31:22.000000,212.99,2,2,RECONCILIATION SUCCESSFUL,INTEGRITY VERIFIED,INTEGRITY VERIFIED
118512,94879,2025-09-20 16:18:38.000000,69.99,1,1,RECONCILIATION SUCCESSFUL,INTEGRITY VERIFIED,INTEGRITY VERIFIED
107998,86521,2026-06-13 22:32:31.690160,159.79,2,2,RECONCILIATION SUCCESSFUL,INTEGRITY VERIFIED,INTEGRITY VERIFIED
100967,80940,2025-08-05 01:17:48.000000,78.0,1,1,RECONCILIATION SUCCESSFUL,INTEGRITY VERIFIED,INTEGRITY VERIFIED
106337,85237,2024-03-17 03:02:05.000000,78.0,1,1,RECONCILIATION SUCCESSFUL,INTEGRITY VERIFIED,INTEGRITY VERIFIED
4276,3391,2025-12-09 18:47:26.000000,248.99,2,2,RECONCILIATION SUCCESSFUL,INTEGRITY VERIFIED,INTEGRITY VERIFIED
109121,87422,2026-05-15 03:35:58.000000,79.5,1,1,RECONCILIATION SUCCESSFUL,INTEGRITY VERIFIED,INTEGRITY VERIFIED
55166,44075,2025-01-11 06:08:01.000000,79.99,1,1,RECONCILIATION SUCCESSFUL,INTEGRITY VERIFIED,INTEGRITY VERIFIED
87606,70112,2025-10-20 03:39:37.000000,169.94,2,2,RECONCILIATION SUCCESSFUL,INTEGRITY VERIFIED,INTEGRITY VERIFIED
15691,12529,2026-05-12 16:21:26.000000,80.99,1,1,RECONCILIATION SUCCESSFUL,INTEGRITY VERIFIED,INTEGRITY VERIFIED
4755,3769,2022-12-08 17:47:22.000000,81.38,1,1,RECONCILIATION SUCCESSFUL,INTEGRITY VERIFIED,INTEGRITY VERIFIED
39816,31797,2025-05-25 16:48:48.000000,209.4,2,2,RECONCILIATION SUCCESSFUL,INTEGRITY VERIFIED,INTEGRITY VERIFIED
115714,92633,2026-05-16 01:16:21.000000,85.0,1,1,RECONCILIATION SUCCESSFUL,INTEGRITY VERIFIED,INTEGRITY VERIFIED
101179,81116,2022-11-18 11:37:19.000000,89.99,1,1,RECONCILIATION SUCCESSFUL,INTEGRITY VERIFIED,INTEGRITY VERIFIED
9360,7460,2022-09-24 19:09:40.000000,94.95,1,1,RECONCILIATION SUCCESSFUL,INTEGRITY VERIFIED,INTEGRITY VERIFIED
112826,90324,2025-01-18 21:22:17.000000,94.99,1,1,RECONCILIATION SUCCESSFUL,INTEGRITY VERIFIED,INTEGRITY VERIFIED
65649,52435,2025-02-09 11:44:35.000000,98.0,1,1,RECONCILIATION SUCCESSFUL,INTEGRITY VERIFIED,INTEGRITY VERIFIED
74476,59562,2025-04-23 09:07:57.000000,98.0,1,1,RECONCILIATION SUCCESSFUL,INTEGRITY VERIFIED,INTEGRITY VERIFIED
70421,56318,2026-05-19 03:04:16.000000,327.5,2,2,RECONCILIATION SUCCESSFUL,INTEGRITY VERIFIED,INTEGRITY VERIFIED
62694,50099,2023-01-10 08:09:49.000000,98.75,1,1,RECONCILIATION SUCCESSFUL,INTEGRITY VERIFIED,INTEGRITY VERIFIED
40518,32349,2026-05-27 08:00:16.000000,224.0,2,2,RECONCILIATION SUCCESSFUL,INTEGRITY VERIFIED,INTEGRITY VERIFIED
90826,72688,2026-03-19 19:30:05.000000,99.99,1,1,RECONCILIATION SUCCESSFUL,INTEGRITY VERIFIED,INTEGRITY VERIFIED
107103,85833,2026-05-22 15:06:47.000000,100.99,1,1,RECONCILIATION SUCCESSFUL,INTEGRITY VERIFIED,INTEGRITY VERIFIED
93848,75209,2025-03-31 03:34:21.000000,103.68,1,1,RECONCILIATION SUCCESSFUL,INTEGRITY VERIFIED,INTEGRITY VERIFIED
968,777,2025-04-13 12:25:53.000000,265.33,2,2,RECONCILIATION SUCCESSFUL,INTEGRITY VERIFIED,INTEGRITY VERIFIED
122854,98374,2022-04-23 05:34:34.000000,108.0,1,1,RECONCILIATION SUCCESSFUL,INTEGRITY VERIFIED,INTEGRITY VERIFIED
112937,90417,2025-03-06 01:08:46.000000,109.0,1,1,RECONCILIATION SUCCESSFUL,INTEGRITY VERIFIED,INTEGRITY VERIFIED
80210,64121,2020-12-12 19:26:03.000000,110.0,1,1,RECONCILIATION SUCCESSFUL,INTEGRITY VERIFIED,INTEGRITY VERIFIED
34710,27723,2026-03-23 01:12:40.000000,112.86,1,1,RECONCILIATION SUCCESSFUL,INTEGRITY VERIFIED,INTEGRITY VERIFIED
67209,53757,2025-04-20 10:37:29.000000,114.75,1,1,RECONCILIATION SUCCESSFUL,INTEGRITY VERIFIED,INTEGRITY VERIFIED
3346,2659,2025-11-22 23:34:08.000000,119.99,1,1,RECONCILIATION SUCCESSFUL,INTEGRITY VERIFIED,INTEGRITY VERIFIED
120707,96617,2026-03-14 08:12:23.000000,121.0,1,1,RECONCILIATION SUCCESSFUL,INTEGRITY VERIFIED,INTEGRITY VERIFIED
1679,1336,2026-06-15 10:12:07.434390,126.63,1,1,RECONCILIATION SUCCESSFUL,INTEGRITY VERIFIED,INTEGRITY VERIFIED
53539,42759,2023-12-12 03:51:47.000000,128.0,1,1,RECONCILIATION SUCCESSFUL,INTEGRITY VERIFIED,INTEGRITY VERIFIED
18798,14990,2022-01-25 08:59:39.000000,132.0,1,1,RECONCILIATION SUCCESSFUL,INTEGRITY VERIFIED,INTEGRITY VERIFIED
38497,30732,2024-01-28 20:52:04.000000,132.0,1,1,RECONCILIATION SUCCESSFUL,INTEGRITY VERIFIED,INTEGRITY VERIFIED
21154,16921,2026-03-09 22:57:16.000000,142.8,1,1,RECONCILIATION SUCCESSFUL,INTEGRITY VERIFIED,INTEGRITY VERIFIED
106029,84971,2026-05-23 23:30:58.000000,161.0,1,1,RECONCILIATION SUCCESSFUL,INTEGRITY VERIFIED,INTEGRITY VERIFIED
47053,37595,2026-03-01 03:13:27.000000,179.99,1,1,RECONCILIATION SUCCESSFUL,INTEGRITY VERIFIED,INTEGRITY VERIFIED
45841,36597,2025-11-25 21:46:40.000000,195.0,1,1,RECONCILIATION SUCCESSFUL,INTEGRITY VERIFIED,INTEGRITY VERIFIED
9372,7465,2025-11-26 10:33:05.000000,196.0,1,1,RECONCILIATION SUCCESSFUL,INTEGRITY VERIFIED,INTEGRITY VERIFIED
117585,94162,2024-12-06 19:48:43.000000,199.0,1,1,RECONCILIATION SUCCESSFUL,INTEGRITY VERIFIED,INTEGRITY VERIFIED
67246,53781,2025-10-02 00:05:41.000000,239.99,1,1,RECONCILIATION SUCCESSFUL,INTEGRITY VERIFIED,INTEGRITY VERIFIED
77117,61657,2019-11-02 16:04:48.000000,264.0,1,1,RECONCILIATION SUCCESSFUL,INTEGRITY VERIFIED,INTEGRITY VERIFIED
121176,97000,2020-10-08 19:11:39.000000,264.0,1,1,RECONCILIATION SUCCESSFUL,INTEGRITY VERIFIED,INTEGRITY VERIFIED
114048,91321,2024-08-14 02:09:41.000000,265.99,1,1,RECONCILIATION SUCCESSFUL,INTEGRITY VERIFIED,INTEGRITY VERIFIED
9901,7897,2024-11-20 19:41:50.000000,265.99,1,1,RECONCILIATION SUCCESSFUL,INTEGRITY VERIFIED,INTEGRITY VERIFIED
27976,22362,2026-05-03 05:12:12.000000,280.0,1,1,RECONCILIATION SUCCESSFUL,INTEGRITY VERIFIED,INTEGRITY VERIFIED
19746,15768,2022-07-12 15:42:44.000000,300.0,1,1,RECONCILIATION SUCCESSFUL,INTEGRITY VERIFIED,INTEGRITY VERIFIED
123855,99178,2026-06-15 18:21:45.626561,399.0,1,1,RECONCILIATION SUCCESSFUL,INTEGRITY VERIFIED,INTEGRITY VERIFIED
114121,91386,2023-06-28 02:28:52.000000,399.0,1,1,RECONCILIATION SUCCESSFUL,INTEGRITY VERIFIED,INTEGRITY VERIFIED
-13,96853,2026-06-16 09:15:00.000000,356.0,3,3,RECONCILIATION SUCCESSFUL,INTEGRITY VERIFIED,INTEGRITY VERIFIED
-26,92648,2026-06-16 15:15:00.000000,181.0,1,1,RECONCILIATION SUCCESSFUL,INTEGRITY VERIFIED,INTEGRITY VERIFIED
-46,41810,2026-06-16 13:28:00.000000,370.0,3,3,RECONCILIATION SUCCESSFUL,INTEGRITY VERIFIED,INTEGRITY VERIFIED
-51,86826,2026-06-16 13:24:00.000000,33.0,1,1,RECONCILIATION SUCCESSFUL,INTEGRITY VERIFIED,INTEGRITY VERIFIED
-66,99852,2026-06-16 12:53:00.000000,52.0,2,2,RECONCILIATION SUCCESSFUL,INTEGRITY VERIFIED,INTEGRITY VERIFIED
-68,55664,2026-06-16 16:14:00.000000,181.0,1,1,RECONCILIATION SUCCESSFUL,INTEGRITY VERIFIED,INTEGRITY VERIFIED
-83,90484,2026-06-16 15:55:00.000000,365.0,3,3,RECONCILIATION SUCCESSFUL,INTEGRITY VERIFIED,VARIANCE DETECTED
-86,35260,2026-06-16 11:32:00.000000,21.0,1,1,RECONCILIATION SUCCESSFUL,INTEGRITY VERIFIED,INTEGRITY VERIFIED
-106,42170,2026-06-16 15:17:00.000000,270.0,2,2,RECONCILIATION SUCCESSFUL,INTEGRITY VERIFIED,INTEGRITY VERIFIED
-108,88721,2026-06-16 14:57:00.000000,141.0,1,1,RECONCILIATION SUCCESSFUL,INTEGRITY VERIFIED,INTEGRITY VERIFIED
-109,34592,2026-06-16 15:16:00.000000,135.0,1,1,RECONCILIATION SUCCESSFUL,INTEGRITY VERIFIED,INTEGRITY VERIFIED
-121,57640,2026-06-16 17:06:00.000000,200.0,2,2,RECONCILIATION SUCCESSFUL,INTEGRITY VERIFIED,INTEGRITY VERIFIED
-171,75401,2026-06-16 09:48:00.000000,197.0,3,3,RECONCILIATION SUCCESSFUL,INTEGRITY VERIFIED,VARIANCE DETECTED
-186,93930,2026-06-16 12:46:00.000000,76.0,1,1,RECONCILIATION SUCCESSFUL,INTEGRITY VERIFIED,INTEGRITY VERIFIED
-242,23323,2026-06-16 12:12:00.000000,156.0,2,2,RECONCILIATION SUCCESSFUL,INTEGRITY VERIFIED,VARIANCE DETECTED
-264,40445,2026-06-16 13:22:00.000000,120.0,2,2,RECONCILIATION SUCCESSFUL,INTEGRITY VERIFIED,INTEGRITY VERIFIED
-290,61926,2026-06-16 16:35:00.000000,375.0,3,3,RECONCILIATION SUCCESSFUL,INTEGRITY VERIFIED,INTEGRITY VERIFIED
-297,89800,2026-06-16 17:58:00.000000,159.0,2,2,RECONCILIATION SUCCESSFUL,INTEGRITY VERIFIED,VARIANCE DETECTED
58498,46746,2026-06-02 05:59:43.000000,171.85,4,4,RECONCILIATION SUCCESSFUL,INTEGRITY VERIFIED,INTEGRITY VERIFIED
49571,39562,2021-11-06 21:36:59.000000,70.95,2,2,RECONCILIATION SUCCESSFUL,INTEGRITY VERIFIED,INTEGRITY VERIFIED
85919,68784,2025-09-14 00:28:25.000000,210.94,4,4,RECONCILIATION SUCCESSFUL,INTEGRITY VERIFIED,INTEGRITY VERIFIED
50163,40063,2026-06-12 14:30:22.529150,53.46,2,2,RECONCILIATION SUCCESSFUL,INTEGRITY VERIFIED,INTEGRITY VERIFIED
48326,38607,2024-10-08 10:05:05.000000,5.95,1,1,RECONCILIATION SUCCESSFUL,INTEGRITY VERIFIED,INTEGRITY VERIFIED
65134,52032,2026-01-26 08:34:54.000000,84.42,4,4,RECONCILIATION SUCCESSFUL,INTEGRITY VERIFIED,INTEGRITY VERIFIED
116939,93628,2023-04-19 21:06:41.000000,6.0,1,1,RECONCILIATION SUCCESSFUL,INTEGRITY VERIFIED,INTEGRITY VERIFIED
16348,13027,2024-06-15 20:39:01.000000,295.94,4,4,RECONCILIATION SUCCESSFUL,INTEGRITY VERIFIED,INTEGRITY VERIFIED
111881,89586,2022-11-30 19:08:13.000000,22.95,2,2,RECONCILIATION SUCCESSFUL,INTEGRITY VERIFIED,INTEGRITY VERIFIED
17196,13669,2021-07-29 11:13:33.000000,32.95,2,2,RECONCILIATION SUCCESSFUL,INTEGRITY VERIFIED,INTEGRITY VERIFIED
63317,50600,2022-11-30 01:36:09.000000,25.03,2,2,RECONCILIATION SUCCESSFUL,INTEGRITY VERIFIED,INTEGRITY VERIFIED
41689,33253,2026-04-11 08:14:05.000000,95.44,3,3,RECONCILIATION SUCCESSFUL,INTEGRITY VERIFIED,INTEGRITY VERIFIED
45684,36476,2025-08-22 08:53:35.000000,551.04,4,4,RECONCILIATION SUCCESSFUL,INTEGRITY VERIFIED,INTEGRITY VERIFIED
51370,41020,2024-03-30 00:58:07.000000,201.85,3,3,RECONCILIATION SUCCESSFUL,INTEGRITY VERIFIED,INTEGRITY VERIFIED
69698,55737,2024-02-10 18:53:51.000000,73.57,3,3,RECONCILIATION SUCCESSFUL,INTEGRITY VERIFIED,INTEGRITY VERIFIED
99607,79897,2025-07-12 21:58:45.000000,53.93,2,2,RECONCILIATION SUCCESSFUL,INTEGRITY VERIFIED,INTEGRITY VERIFIED
59211,47317,2026-06-14 14:27:20.000000,171.94,4,4,RECONCILIATION SUCCESSFUL,INTEGRITY VERIFIED,INTEGRITY VERIFIED
92227,73845,2021-01-12 05:36:34.000000,30.94,2,2,RECONCILIATION SUCCESSFUL,INTEGRITY VERIFIED,INTEGRITY VERIFIED
6047,4805,2023-08-14 08:10:13.000000,33.99,2,2,RECONCILIATION SUCCESSFUL,INTEGRITY VERIFIED,INTEGRITY VERIFIED
72509,57979,2026-02-06 12:31:10.000000,32.96,2,2,RECONCILIATION SUCCESSFUL,INTEGRITY VERIFIED,INTEGRITY VERIFIED
87303,69877,2025-03-01 17:09:21.000000,106.98,2,2,RECONCILIATION SUCCESSFUL,INTEGRITY VERIFIED,INTEGRITY VERIFIED
114493,91698,2026-02-08 13:55:53.000000,86.54,3,3,RECONCILIATION SUCCESSFUL,INTEGRITY VERIFIED,INTEGRITY VERIFIED
62117,49624,2026-04-12 18:26:02.000000,97.75,2,2,RECONCILIATION SUCCESSFUL,INTEGRITY VERIFIED,INTEGRITY VERIFIED
75375,60284,2024-06-03 04:49:41.000000,127.9,2,2,RECONCILIATION SUCCESSFUL,INTEGRITY VERIFIED,INTEGRITY VERIFIED
110619,88594,2025-03-14 00:03:37.000000,9.9,1,1,RECONCILIATION SUCCESSFUL,INTEGRITY VERIFIED,INTEGRITY VERIFIED
8292,6619,2025-02-11 05:38:04.000000,102.87,4,4,RECONCILIATION SUCCESSFUL,INTEGRITY VERIFIED,INTEGRITY VERIFIED
19058,15213,2025-09-16 10:07:07.000000,74.99,2,2,RECONCILIATION SUCCESSFUL,INTEGRITY VERIFIED,INTEGRITY VERIFIED
24161,19307,2024-05-22 04:38:36.000000,62.92,4,4,RECONCILIATION SUCCESSFUL,INTEGRITY VERIFIED,INTEGRITY VERIFIED
1796,1443,2025-01-20 03:04:56.000000,54.94,2,2,RECONCILIATION SUCCESSFUL,INTEGRITY VERIFIED,INTEGRITY VERIFIED
25723,20544,2026-01-25 20:55:38.000000,9.99,1,1,RECONCILIATION SUCCESSFUL,INTEGRITY VERIFIED,INTEGRITY VERIFIED
63749,50942,2025-08-01 09:02:35.000000,409.0,2,2,RECONCILIATION SUCCESSFUL,INTEGRITY VERIFIED,INTEGRITY VERIFIED
13112,10412,2024-08-24 22:36:09.000000,333.18,4,4,RECONCILIATION SUCCESSFUL,INTEGRITY VERIFIED,INTEGRITY VERIFIED
3409,2703,2026-06-09 04:54:01.000000,30.35,2,2,RECONCILIATION SUCCESSFUL,INTEGRITY VERIFIED,INTEGRITY VERIFIED
99010,79390,2021-05-15 13:32:36.000000,107.64,3,3,RECONCILIATION SUCCESSFUL,INTEGRITY VERIFIED,INTEGRITY VERIFIED
89975,72003,2025-03-13 00:26:33.000000,225.65,4,4,RECONCILIATION SUCCESSFUL,INTEGRITY VERIFIED,INTEGRITY VERIFIED
484,391,2026-06-16 06:15:35.765987,10.69,1,1,RECONCILIATION SUCCESSFUL,INTEGRITY VERIFIED,INTEGRITY VERIFIED
34663,27680,2025-04-10 03:55:46.000000,10.69,1,1,RECONCILIATION SUCCESSFUL,INTEGRITY VERIFIED,INTEGRITY VERIFIED
69308,55438,2025-11-21 14:11:47.000000,110.88,4,4,RECONCILIATION SUCCESSFUL,INTEGRITY VERIFIED,INTEGRITY VERIFIED
51819,41374,2022-06-30 19:53:34.000000,10.97,1,1,RECONCILIATION SUCCESSFUL,INTEGRITY VERIFIED,INTEGRITY VERIFIED
19298,15411,2025-01-22 06:32:16.000000,81.62,4,4,RECONCILIATION SUCCESSFUL,INTEGRITY VERIFIED,INTEGRITY VERIFIED
57261,45796,2026-06-15 00:45:13.232184,116.38,2,2,RECONCILIATION SUCCESSFUL,INTEGRITY VERIFIED,INTEGRITY VERIFIED
48406,38663,2021-08-08 11:45:00.000000,11.99,1,1,RECONCILIATION SUCCESSFUL,INTEGRITY VERIFIED,INTEGRITY VERIFIED
64562,51574,2022-02-09 13:55:23.000000,134.61,4,4,RECONCILIATION SUCCESSFUL,INTEGRITY VERIFIED,INTEGRITY VERIFIED
117272,93924,2026-02-13 09:05:20.000000,147.41,4,4,RECONCILIATION SUCCESSFUL,INTEGRITY VERIFIED,INTEGRITY VERIFIED
16000,12765,2025-06-25 18:28:18.000000,61.95,2,2,RECONCILIATION SUCCESSFUL,INTEGRITY VERIFIED,INTEGRITY VERIFIED
77500,61958,2024-06-19 18:36:40.000000,148.47,4,4,RECONCILIATION SUCCESSFUL,INTEGRITY VERIFIED,INTEGRITY VERIFIED
86941,69597,2025-04-21 20:35:39.000000,70.71,2,2,RECONCILIATION SUCCESSFUL,INTEGRITY VERIFIED,INTEGRITY VERIFIED
82960,66373,2025-11-11 18:58:48.000000,108.36,3,3,RECONCILIATION SUCCESSFUL,INTEGRITY VERIFIED,INTEGRITY VERIFIED
2285,1822,2025-12-26 03:50:55.000000,62.01,2,2,RECONCILIATION SUCCESSFUL,INTEGRITY VERIFIED,INTEGRITY VERIFIED
65025,51943,2026-03-11 01:29:51.000000,97.57,3,3,RECONCILIATION SUCCESSFUL,INTEGRITY VERIFIED,INTEGRITY VERIFIED
18700,14900,2025-08-04 04:15:22.000000,108.77,4,4,RECONCILIATION SUCCESSFUL,INTEGRITY VERIFIED,INTEGRITY VERIFIED
11398,9059,2026-01-11 04:40:37.000000,260.8,3,3,RECONCILIATION SUCCESSFUL,INTEGRITY VERIFIED,INTEGRITY VERIFIED
15682,12520,2024-02-15 18:44:50.000000,12.9,1,1,RECONCILIATION SUCCESSFUL,INTEGRITY VERIFIED,INTEGRITY VERIFIED
59498,47556,2025-06-10 21:12:34.000000,450.34,4,4,RECONCILIATION SUCCESSFUL,INTEGRITY VERIFIED,INTEGRITY VERIFIED
116329,93144,2025-08-07 07:39:55.000000,101.99,4,4,RECONCILIATION SUCCESSFUL,INTEGRITY VERIFIED,INTEGRITY VERIFIED
40171,32076,2023-04-15 18:35:56.000000,295.94,4,4,RECONCILIATION SUCCESSFUL,INTEGRITY VERIFIED,INTEGRITY VERIFIED
49367,39386,2020-12-05 01:45:34.000000,194.9,4,4,RECONCILIATION SUCCESSFUL,INTEGRITY VERIFIED,INTEGRITY VERIFIED
100324,80461,2025-11-12 15:12:55.000000,13.31,1,1,RECONCILIATION SUCCESSFUL,INTEGRITY VERIFIED,INTEGRITY VERIFIED
30102,24044,2023-12-03 16:51:03.000000,188.44,3,3,RECONCILIATION SUCCESSFUL,INTEGRITY VERIFIED,INTEGRITY VERIFIED
83132,66523,2026-02-03 06:24:10.000000,13.5,1,1,RECONCILIATION SUCCESSFUL,INTEGRITY VERIFIED,INTEGRITY VERIFIED
79159,63271,2024-12-15 10:30:11.000000,13.93,1,1,RECONCILIATION SUCCESSFUL,INTEGRITY VERIFIED,INTEGRITY VERIFIED
26550,21215,2024-07-18 06:08:39.000000,38.92,2,2,RECONCILIATION SUCCESSFUL,INTEGRITY VERIFIED,INTEGRITY VERIFIED
75992,60769,2025-01-01 09:22:17.000000,255.96,4,4,RECONCILIATION SUCCESSFUL,INTEGRITY VERIFIED,INTEGRITY VERIFIED
30787,24578,2026-06-10 19:33:42.000000,135.99,3,3,RECONCILIATION SUCCESSFUL,INTEGRITY VERIFIED,INTEGRITY VERIFIED
77029,61592,2026-05-17 21:51:55.000000,112.75,3,3,RECONCILIATION SUCCESSFUL,INTEGRITY VERIFIED,INTEGRITY VERIFIED
5505,4348,2026-04-08 19:47:59.000000,139.0,2,2,RECONCILIATION SUCCESSFUL,INTEGRITY VERIFIED,INTEGRITY VERIFIED
4231,3355,2023-12-13 01:32:40.000000,488.55,4,4,RECONCILIATION SUCCESSFUL,INTEGRITY VERIFIED,INTEGRITY VERIFIED
94643,75860,2025-09-25 23:40:44.000000,506.55,4,4,RECONCILIATION SUCCESSFUL,INTEGRITY VERIFIED,INTEGRITY VERIFIED
811,647,2025-01-17 18:23:22.000000,157.75,3,3,RECONCILIATION SUCCESSFUL,INTEGRITY VERIFIED,INTEGRITY VERIFIED
96604,77461,2024-05-31 17:45:43.000000,14.95,1,1,RECONCILIATION SUCCESSFUL,INTEGRITY VERIFIED,INTEGRITY VERIFIED
93573,74987,2023-12-23 18:27:47.000000,14.99,1,1,RECONCILIATION SUCCESSFUL,INTEGRITY VERIFIED,INTEGRITY VERIFIED
22642,18078,2026-02-22 07:56:25.000000,46.97,2,2,RECONCILIATION SUCCESSFUL,INTEGRITY VERIFIED,INTEGRITY VERIFIED
24205,19343,2026-01-21 11:52:53.000000,56.99,2,2,RECONCILIATION SUCCESSFUL,INTEGRITY VERIFIED,INTEGRITY VERIFIED
31344,25044,2020-11-19 11:10:12.000000,84.94,2,2,RECONCILIATION SUCCESSFUL,INTEGRITY VERIFIED,INTEGRITY VERIFIED
107157,85882,2020-07-08 07:28:40.000000,39.73,2,2,RECONCILIATION SUCCESSFUL,INTEGRITY VERIFIED,INTEGRITY VERIFIED
112292,89917,2026-06-07 16:12:47.000000,45.49,2,2,RECONCILIATION SUCCESSFUL,INTEGRITY VERIFIED,INTEGRITY VERIFIED
51201,40900,2023-08-02 10:54:48.000000,121.2,3,3,RECONCILIATION SUCCESSFUL,INTEGRITY VERIFIED,INTEGRITY VERIFIED
18183,14492,2026-02-06 04:08:36.000000,15.95,1,1,RECONCILIATION SUCCESSFUL,INTEGRITY VERIFIED,INTEGRITY VERIFIED
26463,21149,2026-02-28 05:06:48.000000,55.94,2,2,RECONCILIATION SUCCESSFUL,INTEGRITY VERIFIED,INTEGRITY VERIFIED
75443,60339,2025-04-04 04:42:12.000000,15.95,1,1,RECONCILIATION SUCCESSFUL,INTEGRITY VERIFIED,INTEGRITY VERIFIED
97179,77889,2023-01-26 17:48:41.000000,148.93,4,4,RECONCILIATION SUCCESSFUL,INTEGRITY VERIFIED,INTEGRITY VERIFIED
113740,91054,2026-01-02 20:05:21.000000,90.93,4,4,RECONCILIATION SUCCESSFUL,INTEGRITY VERIFIED,INTEGRITY VERIFIED
70655,56497,2025-10-31 07:01:55.000000,15.99,1,1,RECONCILIATION SUCCESSFUL,INTEGRITY VERIFIED,INTEGRITY VERIFIED
20314,16244,2023-10-15 14:36:41.000000,137.99,4,4,RECONCILIATION SUCCESSFUL,INTEGRITY VERIFIED,INTEGRITY VERIFIED
15481,12349,2022-09-11 16:19:45.000000,16.22,1,1,RECONCILIATION SUCCESSFUL,INTEGRITY VERIFIED,INTEGRITY VERIFIED
5863,4641,2025-10-30 23:55:33.000000,136.53,3,3,RECONCILIATION SUCCESSFUL,INTEGRITY VERIFIED,INTEGRITY VERIFIED
73392,58702,2024-09-22 03:42:17.000000,83.82,3,3,RECONCILIATION SUCCESSFUL,INTEGRITY VERIFIED,INTEGRITY VERIFIED
35498,28338,2023-10-26 09:51:54.000000,240.79,4,4,RECONCILIATION SUCCESSFUL,INTEGRITY VERIFIED,INTEGRITY VERIFIED
43362,34610,2026-05-07 07:30:17.000000,16.99,1,1,RECONCILIATION SUCCESSFUL,INTEGRITY VERIFIED,INTEGRITY VERIFIED
33348,26596,2023-10-03 18:46:47.000000,224.04,4,4,RECONCILIATION SUCCESSFUL,INTEGRITY VERIFIED,INTEGRITY VERIFIED
81156,64920,2026-05-01 17:33:49.000000,17.9,1,1,RECONCILIATION SUCCESSFUL,INTEGRITY VERIFIED,INTEGRITY VERIFIED
30948,24709,2025-08-08 14:00:32.000000,17.9,1,1,RECONCILIATION SUCCESSFUL,INTEGRITY VERIFIED,INTEGRITY VERIFIED
4213,3339,2021-10-14 18:02:00.000000,18.0,1,1,RECONCILIATION SUCCESSFUL,INTEGRITY VERIFIED,INTEGRITY VERIFIED
86633,69367,2025-12-28 00:41:34.000000,85.0,3,3,RECONCILIATION SUCCESSFUL,INTEGRITY VERIFIED,INTEGRITY VERIFIED
50400,40288,2020-08-18 18:25:12.000000,18.0,1,1,RECONCILIATION SUCCESSFUL,INTEGRITY VERIFIED,INTEGRITY VERIFIED
66842,53446,2024-05-24 10:16:29.000000,162.6,4,4,RECONCILIATION SUCCESSFUL,INTEGRITY VERIFIED,INTEGRITY VERIFIED
47096,37628,2024-10-17 07:46:43.000000,18.9,1,1,RECONCILIATION SUCCESSFUL,INTEGRITY VERIFIED,INTEGRITY VERIFIED
16782,13366,2025-04-01 00:12:20.000000,118.94,2,2,RECONCILIATION SUCCESSFUL,INTEGRITY VERIFIED,INTEGRITY VERIFIED
90382,72328,2025-11-02 12:56:29.000000,88.48,3,3,RECONCILIATION SUCCESSFUL,INTEGRITY VERIFIED,INTEGRITY VERIFIED
99201,79548,2026-05-30 16:32:13.000000,161.95,3,3,RECONCILIATION SUCCESSFUL,INTEGRITY VERIFIED,INTEGRITY VERIFIED
27968,22357,2024-12-31 14:23:08.000000,124.38,4,4,RECONCILIATION SUCCESSFUL,INTEGRITY VERIFIED,INTEGRITY VERIFIED
56684,45292,2025-02-23 15:00:17.000000,19.95,1,1,RECONCILIATION SUCCESSFUL,INTEGRITY VERIFIED,INTEGRITY VERIFIED
36778,29360,2026-04-19 05:22:25.000000,74.97,2,2,RECONCILIATION SUCCESSFUL,INTEGRITY VERIFIED,INTEGRITY VERIFIED
3828,3036,2022-01-05 00:10:14.000000,19.99,1,1,RECONCILIATION SUCCESSFUL,INTEGRITY VERIFIED,INTEGRITY VERIFIED
47857,38240,2023-08-19 16:46:19.000000,138.84,3,3,RECONCILIATION SUCCESSFUL,INTEGRITY VERIFIED,INTEGRITY VERIFIED
77843,62237,2026-05-16 00:09:50.000000,19.99,1,1,RECONCILIATION SUCCESSFUL,INTEGRITY VERIFIED,INTEGRITY VERIFIED
100432,80537,2022-02-21 20:43:40.000000,225.98,4,4,RECONCILIATION SUCCESSFUL,INTEGRITY VERIFIED,INTEGRITY VERIFIED
102577,82236,2025-11-16 20:14:48.000000,101.99,3,3,RECONCILIATION SUCCESSFUL,INTEGRITY VERIFIED,INTEGRITY VERIFIED
46176,36903,2026-04-12 01:02:38.000000,184.99,3,3,RECONCILIATION SUCCESSFUL,INTEGRITY VERIFIED,INTEGRITY VERIFIED
49047,39126,2026-04-02 20:16:33.000000,20.0,1,1,RECONCILIATION SUCCESSFUL,INTEGRITY VERIFIED,INTEGRITY VERIFIED
109849,88004,2022-12-13 01:09:09.000000,273.48,4,4,RECONCILIATION SUCCESSFUL,INTEGRITY VERIFIED,INTEGRITY VERIFIED
78080,62425,2026-06-13 08:50:45.902501,45.95,2,2,RECONCILIATION SUCCESSFUL,INTEGRITY VERIFIED,INTEGRITY VERIFIED
47071,37608,2021-04-10 15:58:34.000000,99.19,2,2,RECONCILIATION SUCCESSFUL,INTEGRITY VERIFIED,INTEGRITY VERIFIED
43679,34851,2025-08-14 05:52:00.000000,21.34,1,1,RECONCILIATION SUCCESSFUL,INTEGRITY VERIFIED,INTEGRITY VERIFIED
97333,78016,2023-04-18 18:33:56.000000,83.5,2,2,RECONCILIATION SUCCESSFUL,INTEGRITY VERIFIED,INTEGRITY VERIFIED
101446,81340,2022-09-17 16:24:34.000000,146.56,4,4,RECONCILIATION SUCCESSFUL,INTEGRITY VERIFIED,INTEGRITY VERIFIED
45191,36061,2024-01-25 20:13:26.000000,127.06,3,3,RECONCILIATION SUCCESSFUL,INTEGRITY VERIFIED,INTEGRITY VERIFIED
18098,14423,2025-09-24 08:23:17.000000,89.95,2,2,RECONCILIATION SUCCESSFUL,INTEGRITY VERIFIED,INTEGRITY VERIFIED
23,15,2024-02-04 11:26:08.000000,22.0,1,1,RECONCILIATION SUCCESSFUL,INTEGRITY VERIFIED,INTEGRITY VERIFIED
123184,98641,2021-03-13 19:10:33.000000,124.95,3,3,RECONCILIATION SUCCESSFUL,INTEGRITY VERIFIED,INTEGRITY VERIFIED
97474,78134,2023-08-02 18:34:35.000000,51.24,2,2,RECONCILIATION SUCCESSFUL,INTEGRITY VERIFIED,INTEGRITY VERIFIED
105616,84666,2026-06-15 16:29:51.000000,116.06,4,4,RECONCILIATION SUCCESSFUL,INTEGRITY VERIFIED,INTEGRITY VERIFIED
36022,28734,2025-10-11 10:07:52.000000,22.99,1,1,RECONCILIATION SUCCESSFUL,INTEGRITY VERIFIED,INTEGRITY VERIFIED
49374,39396,2026-05-05 18:21:12.000000,194.99,2,2,RECONCILIATION SUCCESSFUL,INTEGRITY VERIFIED,INTEGRITY VERIFIED
117699,94253,2022-02-24 03:20:15.000000,112.96,3,3,RECONCILIATION SUCCESSFUL,INTEGRITY VERIFIED,INTEGRITY VERIFIED
14566,11625,2022-10-07 14:44:16.000000,23.99,1,1,RECONCILIATION SUCCESSFUL,INTEGRITY VERIFIED,INTEGRITY VERIFIED
119334,95509,2024-03-30 14:59:47.000000,58.98,2,2,RECONCILIATION SUCCESSFUL,INTEGRITY VERIFIED,INTEGRITY VERIFIED
27951,22339,2026-05-04 17:02:58.000000,231.81,3,3,RECONCILIATION SUCCESSFUL,INTEGRITY VERIFIED,INTEGRITY VERIFIED
124498,99678,2025-06-22 19:16:16.000000,77.95,2,2,RECONCILIATION SUCCESSFUL,INTEGRITY VERIFIED,INTEGRITY VERIFIED
100531,80613,2025-06-17 13:30:30.000000,92.2,2,2,RECONCILIATION SUCCESSFUL,INTEGRITY VERIFIED,INTEGRITY VERIFIED
30359,24246,2026-03-10 01:23:28.000000,24.91,1,1,RECONCILIATION SUCCESSFUL,INTEGRITY VERIFIED,INTEGRITY VERIFIED
33970,27112,2023-08-25 22:46:38.000000,24.91,1,1,RECONCILIATION SUCCESSFUL,INTEGRITY VERIFIED,INTEGRITY VERIFIED
14298,11398,2023-03-10 16:19:38.000000,24.95,1,1,RECONCILIATION SUCCESSFUL,INTEGRITY VERIFIED,INTEGRITY VERIFIED
31885,25465,2025-01-07 18:40:43.000000,24.95,1,1,RECONCILIATION SUCCESSFUL,INTEGRITY VERIFIED,INTEGRITY VERIFIED
86979,69621,2025-12-30 01:34:17.000000,24.95,1,1,RECONCILIATION SUCCESSFUL,INTEGRITY VERIFIED,INTEGRITY VERIFIED
14974,11944,2026-04-06 11:48:35.000000,24.98,1,1,RECONCILIATION SUCCESSFUL,INTEGRITY VERIFIED,INTEGRITY VERIFIED
16579,13201,2023-05-11 16:23:08.000000,236.17,4,4,RECONCILIATION SUCCESSFUL,INTEGRITY VERIFIED,INTEGRITY VERIFIED
101849,81650,2026-06-16 01:21:27.000000,24.99,1,1,RECONCILIATION SUCCESSFUL,INTEGRITY VERIFIED,INTEGRITY VERIFIED
13203,10479,2024-11-21 18:04:15.000000,149.63,4,4,RECONCILIATION SUCCESSFUL,INTEGRITY VERIFIED,INTEGRITY VERIFIED
19475,15547,2026-06-16 06:30:24.124525,25.0,1,1,RECONCILIATION SUCCESSFUL,INTEGRITY VERIFIED,INTEGRITY VERIFIED
33842,26995,2026-01-04 07:53:09.000000,289.98,4,4,RECONCILIATION SUCCESSFUL,INTEGRITY VERIFIED,INTEGRITY VERIFIED
87073,69697,2022-10-05 11:15:04.000000,25.0,1,1,RECONCILIATION SUCCESSFUL,INTEGRITY VERIFIED,INTEGRITY VERIFIED
33935,27075,2024-09-06 04:29:49.000000,25.0,1,1,RECONCILIATION SUCCESSFUL,INTEGRITY VERIFIED,INTEGRITY VERIFIED
109530,87747,2025-03-30 07:33:13.000000,99.47,2,2,RECONCILIATION SUCCESSFUL,INTEGRITY VERIFIED,INTEGRITY VERIFIED
123755,99103,2024-05-14 09:20:57.000000,25.0,1,1,RECONCILIATION SUCCESSFUL,INTEGRITY VERIFIED,INTEGRITY VERIFIED
18831,15016,2022-10-03 14:39:17.000000,25.0,1,1,RECONCILIATION SUCCESSFUL,INTEGRITY VERIFIED,INTEGRITY VERIFIED
101912,81706,2025-12-14 23:21:05.000000,97.98,3,3,RECONCILIATION SUCCESSFUL,INTEGRITY VERIFIED,INTEGRITY VERIFIED
103410,82924,2023-01-09 23:47:11.000000,113.5,3,3,RECONCILIATION SUCCESSFUL,INTEGRITY VERIFIED,INTEGRITY VERIFIED
106144,85064,2026-03-17 02:48:49.000000,25.0,1,1,RECONCILIATION SUCCESSFUL,INTEGRITY VERIFIED,INTEGRITY VERIFIED
57744,46150,2025-01-08 09:04:04.000000,25.0,1,1,RECONCILIATION SUCCESSFUL,INTEGRITY VERIFIED,INTEGRITY VERIFIED
67458,53954,2023-08-17 10:23:04.000000,25.0,1,1,RECONCILIATION SUCCESSFUL,INTEGRITY VERIFIED,INTEGRITY VERIFIED
103243,82791,2021-03-14 05:25:17.000000,169.95,3,3,RECONCILIATION SUCCESSFUL,INTEGRITY VERIFIED,INTEGRITY VERIFIED
117173,93832,2025-01-04 09:07:19.000000,25.0,1,1,RECONCILIATION SUCCESSFUL,INTEGRITY VERIFIED,INTEGRITY VERIFIED
121453,97226,2026-06-07 16:40:07.000000,53.97,2,2,RECONCILIATION SUCCESSFUL,INTEGRITY VERIFIED,INTEGRITY VERIFIED
57887,46261,2025-05-23 15:49:45.000000,137.96,4,4,RECONCILIATION SUCCESSFUL,INTEGRITY VERIFIED,INTEGRITY VERIFIED
95499,76543,2025-02-17 20:58:00.000000,203.7,4,4,RECONCILIATION SUCCESSFUL,INTEGRITY VERIFIED,INTEGRITY VERIFIED
78937,63086,2019-01-30 10:21:08.000000,26.23,1,1,RECONCILIATION SUCCESSFUL,INTEGRITY VERIFIED,INTEGRITY VERIFIED
78825,62995,2026-04-02 13:07:37.000000,26.23,1,1,RECONCILIATION SUCCESSFUL,INTEGRITY VERIFIED,INTEGRITY VERIFIED
70226,56167,2025-11-09 07:01:56.000000,26.99,1,1,RECONCILIATION SUCCESSFUL,INTEGRITY VERIFIED,INTEGRITY VERIFIED
9497,7577,2025-07-12 18:17:11.000000,81.0,2,2,RECONCILIATION SUCCESSFUL,INTEGRITY VERIFIED,INTEGRITY VERIFIED
75494,60378,2020-04-16 17:27:41.000000,27.0,1,1,RECONCILIATION SUCCESSFUL,INTEGRITY VERIFIED,INTEGRITY VERIFIED
5879,4651,2026-03-18 03:00:10.000000,27.45,1,1,RECONCILIATION SUCCESSFUL,INTEGRITY VERIFIED,INTEGRITY VERIFIED
59994,47926,2024-07-21 14:36:41.000000,27.98,1,1,RECONCILIATION SUCCESSFUL,INTEGRITY VERIFIED,INTEGRITY VERIFIED
1166,928,2022-04-27 10:38:29.000000,107.99,2,2,RECONCILIATION SUCCESSFUL,INTEGRITY VERIFIED,INTEGRITY VERIFIED
41320,32965,2025-07-10 19:51:28.000000,87.99,2,2,RECONCILIATION SUCCESSFUL,INTEGRITY VERIFIED,INTEGRITY VERIFIED
94131,75467,2026-06-12 04:42:08.690328,28.0,1,1,RECONCILIATION SUCCESSFUL,INTEGRITY VERIFIED,INTEGRITY VERIFIED
110953,88867,2025-03-09 01:12:15.000000,160.66,2,2,RECONCILIATION SUCCESSFUL,INTEGRITY VERIFIED,INTEGRITY VERIFIED
18080,14404,2026-02-25 03:36:48.000000,95.4,3,3,RECONCILIATION SUCCESSFUL,INTEGRITY VERIFIED,INTEGRITY VERIFIED
68548,54850,2025-09-17 19:36:59.000000,78.74,2,2,RECONCILIATION SUCCESSFUL,INTEGRITY VERIFIED,INTEGRITY VERIFIED
64232,51323,2026-02-27 21:25:57.000000,28.95,1,1,RECONCILIATION SUCCESSFUL,INTEGRITY VERIFIED,INTEGRITY VERIFIED
809,647,2023-04-01 19:05:04.000000,29.95,1,1,RECONCILIATION SUCCESSFUL,INTEGRITY VERIFIED,INTEGRITY VERIFIED
51414,41053,2025-07-05 14:44:25.000000,154.95,2,2,RECONCILIATION SUCCESSFUL,INTEGRITY VERIFIED,INTEGRITY VERIFIED
77348,61825,2025-05-05 13:58:16.000000,129.94,2,2,RECONCILIATION SUCCESSFUL,INTEGRITY VERIFIED,INTEGRITY VERIFIED
42905,34238,2025-04-29 14:58:05.000000,127.99,2,2,RECONCILIATION SUCCESSFUL,INTEGRITY VERIFIED,INTEGRITY VERIFIED
47610,38032,2022-07-24 00:30:55.000000,85.94,2,2,RECONCILIATION SUCCESSFUL,INTEGRITY VERIFIED,INTEGRITY VERIFIED
53098,42388,2024-12-16 16:26:27.000000,59.98,2,2,RECONCILIATION SUCCESSFUL,INTEGRITY VERIFIED,INTEGRITY VERIFIED
1243,986,2022-02-02 12:43:57.000000,73.99,2,2,RECONCILIATION SUCCESSFUL,INTEGRITY VERIFIED,INTEGRITY VERIFIED
20606,16477,2025-11-15 21:55:33.000000,63.99,2,2,RECONCILIATION SUCCESSFUL,INTEGRITY VERIFIED,INTEGRITY VERIFIED
115384,92377,2019-10-27 09:53:36.000000,29.99,1,1,RECONCILIATION SUCCESSFUL,INTEGRITY VERIFIED,INTEGRITY VERIFIED
112934,90415,2022-10-11 01:59:30.000000,30.0,1,1,RECONCILIATION SUCCESSFUL,INTEGRITY VERIFIED,INTEGRITY VERIFIED
46943,37510,2023-11-10 02:45:14.000000,98.0,2,2,RECONCILIATION SUCCESSFUL,INTEGRITY VERIFIED,INTEGRITY VERIFIED
78688,62893,2026-05-29 08:35:34.000000,30.0,1,1,RECONCILIATION SUCCESSFUL,INTEGRITY VERIFIED,INTEGRITY VERIFIED
88333,70664,2024-06-17 23:35:33.000000,30.0,1,1,RECONCILIATION SUCCESSFUL,INTEGRITY VERIFIED,INTEGRITY VERIFIED
115984,92860,2026-02-13 01:50:55.000000,30.0,1,1,RECONCILIATION SUCCESSFUL,INTEGRITY VERIFIED,INTEGRITY VERIFIED
46647,37276,2024-01-21 21:38:52.000000,30.4,1,1,RECONCILIATION SUCCESSFUL,INTEGRITY VERIFIED,INTEGRITY VERIFIED
14471,11550,2025-02-05 21:42:56.000000,30.89,1,1,RECONCILIATION SUCCESSFUL,INTEGRITY VERIFIED,INTEGRITY VERIFIED
32471,25934,2025-07-21 23:29:06.000000,30.89,1,1,RECONCILIATION SUCCESSFUL,INTEGRITY VERIFIED,INTEGRITY VERIFIED
38139,30439,2023-03-16 00:51:16.000000,159.95,2,2,RECONCILIATION SUCCESSFUL,INTEGRITY VERIFIED,INTEGRITY VERIFIED
96046,76989,2026-02-10 02:31:18.000000,31.98,1,1,RECONCILIATION SUCCESSFUL,INTEGRITY VERIFIED,INTEGRITY VERIFIED
9736,7762,2026-05-10 16:58:03.000000,31.98,1,1,RECONCILIATION SUCCESSFUL,INTEGRITY VERIFIED,INTEGRITY VERIFIED
121214,97025,2025-03-21 09:30:41.000000,31.98,1,1,RECONCILIATION SUCCESSFUL,INTEGRITY VERIFIED,INTEGRITY VERIFIED
110890,88807,2025-02-20 20:52:36.000000,115.6,2,2,RECONCILIATION SUCCESSFUL,INTEGRITY VERIFIED,INTEGRITY VERIFIED
87937,70361,2025-08-04 12:49:42.000000,31.99,1,1,RECONCILIATION SUCCESSFUL,INTEGRITY VERIFIED,INTEGRITY VERIFIED
9132,7278,2025-07-16 17:56:51.000000,32.99,1,1,RECONCILIATION SUCCESSFUL,INTEGRITY VERIFIED,INTEGRITY VERIFIED
82160,65749,2022-09-28 20:10:54.000000,32.99,1,1,RECONCILIATION SUCCESSFUL,INTEGRITY VERIFIED,INTEGRITY VERIFIED
13680,10870,2021-09-11 03:33:34.000000,297.49,4,4,RECONCILIATION SUCCESSFUL,INTEGRITY VERIFIED,INTEGRITY VERIFIED
77349,61826,2025-11-14 00:46:02.000000,34.0,1,1,RECONCILIATION SUCCESSFUL,INTEGRITY VERIFIED,INTEGRITY VERIFIED
67408,53917,2024-07-23 01:33:41.000000,203.5,4,4,RECONCILIATION SUCCESSFUL,INTEGRITY VERIFIED,INTEGRITY VERIFIED
70270,56201,2024-02-28 13:57:35.000000,34.0,1,1,RECONCILIATION SUCCESSFUL,INTEGRITY VERIFIED,INTEGRITY VERIFIED
70452,56339,2026-06-14 16:10:50.000000,377.95,4,4,RECONCILIATION SUCCESSFUL,INTEGRITY VERIFIED,INTEGRITY VERIFIED
60441,48270,2022-09-23 23:33:28.000000,34.31,1,1,RECONCILIATION SUCCESSFUL,INTEGRITY VERIFIED,INTEGRITY VERIFIED
27927,22321,2025-07-16 21:30:01.000000,194.4,3,3,RECONCILIATION SUCCESSFUL,INTEGRITY VERIFIED,INTEGRITY VERIFIED
70280,56209,2025-10-19 19:55:39.000000,280.02,4,4,RECONCILIATION SUCCESSFUL,INTEGRITY VERIFIED,INTEGRITY VERIFIED
9034,7214,2026-05-16 18:57:34.000000,436.98,4,4,RECONCILIATION SUCCESSFUL,INTEGRITY VERIFIED,INTEGRITY VERIFIED
73531,58818,2023-07-23 14:26:46.000000,34.99,1,1,RECONCILIATION SUCCESSFUL,INTEGRITY VERIFIED,INTEGRITY VERIFIED
98798,79212,2024-06-05 04:09:24.000000,102.99,2,2,RECONCILIATION SUCCESSFUL,INTEGRITY VERIFIED,INTEGRITY VERIFIED
10688,8513,2026-02-14 23:31:33.000000,354.98,2,2,RECONCILIATION SUCCESSFUL,INTEGRITY VERIFIED,INTEGRITY VERIFIED
109853,88005,2024-09-10 09:45:23.000000,35.0,1,1,RECONCILIATION SUCCESSFUL,INTEGRITY VERIFIED,INTEGRITY VERIFIED
81381,65110,2025-12-16 12:32:39.000000,84.54,2,2,RECONCILIATION SUCCESSFUL,INTEGRITY VERIFIED,INTEGRITY VERIFIED
80142,64064,2022-01-01 22:05:37.000000,100.12,2,2,RECONCILIATION SUCCESSFUL,INTEGRITY VERIFIED,INTEGRITY VERIFIED
86465,69235,2026-01-18 16:30:35.000000,101.45,2,2,RECONCILIATION SUCCESSFUL,INTEGRITY VERIFIED,INTEGRITY VERIFIED
17807,14180,2026-06-16 02:28:57.580378,75.45,2,2,RECONCILIATION SUCCESSFUL,INTEGRITY VERIFIED,INTEGRITY VERIFIED
56086,44820,2026-05-09 14:15:04.000000,87.5,2,2,RECONCILIATION SUCCESSFUL,INTEGRITY VERIFIED,INTEGRITY VERIFIED
84757,67814,2025-01-07 22:23:45.000000,38.0,1,1,RECONCILIATION SUCCESSFUL,INTEGRITY VERIFIED,INTEGRITY VERIFIED
29603,23653,2026-03-16 06:27:16.000000,38.0,1,1,RECONCILIATION SUCCESSFUL,INTEGRITY VERIFIED,INTEGRITY VERIFIED
5798,4588,2023-10-18 14:41:38.000000,78.47,2,2,RECONCILIATION SUCCESSFUL,INTEGRITY VERIFIED,INTEGRITY VERIFIED
105284,84395,2026-03-11 05:27:52.000000,38.84,1,1,RECONCILIATION SUCCESSFUL,INTEGRITY VERIFIED,INTEGRITY VERIFIED
12565,10004,2025-02-28 17:11:50.000000,39.0,1,1,RECONCILIATION SUCCESSFUL,INTEGRITY VERIFIED,INTEGRITY VERIFIED
124092,99378,2023-02-06 19:51:49.000000,39.0,1,1,RECONCILIATION SUCCESSFUL,INTEGRITY VERIFIED,INTEGRITY VERIFIED
12582,10016,2020-05-14 10:16:46.000000,88.45,2,2,RECONCILIATION SUCCESSFUL,INTEGRITY VERIFIED,INTEGRITY VERIFIED
19125,15270,2024-07-04 20:37:19.000000,165.45,3,3,RECONCILIATION SUCCESSFUL,INTEGRITY VERIFIED,INTEGRITY VERIFIED
95082,76208,2021-10-22 20:02:04.000000,99.9,2,2,RECONCILIATION SUCCESSFUL,INTEGRITY VERIFIED,INTEGRITY VERIFIED
15743,12564,2026-04-12 17:35:02.000000,39.95,1,1,RECONCILIATION SUCCESSFUL,INTEGRITY VERIFIED,INTEGRITY VERIFIED
68148,54538,2025-05-28 07:32:05.000000,39.95,1,1,RECONCILIATION SUCCESSFUL,INTEGRITY VERIFIED,INTEGRITY VERIFIED
105718,84736,2025-07-29 08:50:58.000000,173.23,3,3,RECONCILIATION SUCCESSFUL,INTEGRITY VERIFIED,INTEGRITY VERIFIED
71065,56834,2023-05-10 19:54:24.000000,405.49,4,4,RECONCILIATION SUCCESSFUL,INTEGRITY VERIFIED,INTEGRITY VERIFIED
95020,76161,2021-01-19 09:27:27.000000,39.99,1,1,RECONCILIATION SUCCESSFUL,INTEGRITY VERIFIED,INTEGRITY VERIFIED
102315,82027,2023-02-09 01:40:06.000000,39.99,1,1,RECONCILIATION SUCCESSFUL,INTEGRITY VERIFIED,INTEGRITY VERIFIED
124219,99483,2023-11-05 02:13:40.000000,128.99,2,2,RECONCILIATION SUCCESSFUL,INTEGRITY VERIFIED,INTEGRITY VERIFIED
95151,76263,2025-09-25 11:53:38.000000,330.15,4,4,RECONCILIATION SUCCESSFUL,INTEGRITY VERIFIED,INTEGRITY VERIFIED
121802,97518,2024-12-07 09:59:56.000000,91.99,2,2,RECONCILIATION SUCCESSFUL,INTEGRITY VERIFIED,INTEGRITY VERIFIED
18779,14973,2026-01-31 06:28:59.000000,41.99,1,1,RECONCILIATION SUCCESSFUL,INTEGRITY VERIFIED,INTEGRITY VERIFIED
76576,61227,2025-11-02 20:56:47.000000,42.0,1,1,RECONCILIATION SUCCESSFUL,INTEGRITY VERIFIED,INTEGRITY VERIFIED
23318,18621,2023-06-29 04:38:28.000000,131.01,2,2,RECONCILIATION SUCCESSFUL,INTEGRITY VERIFIED,INTEGRITY VERIFIED
115095,92154,2023-08-18 22:17:52.000000,175.0,2,2,RECONCILIATION SUCCESSFUL,INTEGRITY VERIFIED,INTEGRITY VERIFIED
49950,39902,2025-08-05 13:58:40.000000,401.88,4,4,RECONCILIATION SUCCESSFUL,INTEGRITY VERIFIED,INTEGRITY VERIFIED
13038,10355,2026-04-17 15:28:04.000000,42.99,1,1,RECONCILIATION SUCCESSFUL,INTEGRITY VERIFIED,INTEGRITY VERIFIED
61742,49317,2024-11-30 05:14:48.000000,332.82,4,4,RECONCILIATION SUCCESSFUL,INTEGRITY VERIFIED,INTEGRITY VERIFIED
5785,4578,2020-12-02 11:03:25.000000,92.0,2,2,RECONCILIATION SUCCESSFUL,INTEGRITY VERIFIED,INTEGRITY VERIFIED
116110,92963,2023-11-04 04:29:38.000000,93.5,2,2,RECONCILIATION SUCCESSFUL,INTEGRITY VERIFIED,INTEGRITY VERIFIED
72643,58096,2025-03-26 07:39:20.000000,44.0,1,1,RECONCILIATION SUCCESSFUL,INTEGRITY VERIFIED,INTEGRITY VERIFIED
4532,3579,2026-04-23 08:19:04.000000,44.0,1,1,RECONCILIATION SUCCESSFUL,INTEGRITY VERIFIED,INTEGRITY VERIFIED
4935,3892,2024-03-02 16:39:23.000000,44.42,1,1,RECONCILIATION SUCCESSFUL,INTEGRITY VERIFIED,INTEGRITY VERIFIED
36769,29350,2024-11-18 07:02:49.000000,44.51,1,1,RECONCILIATION SUCCESSFUL,INTEGRITY VERIFIED,INTEGRITY VERIFIED
71104,56868,2023-08-16 12:49:17.000000,45.0,1,1,RECONCILIATION SUCCESSFUL,INTEGRITY VERIFIED,INTEGRITY VERIFIED
42315,33756,2025-12-31 18:22:51.000000,115.5,2,2,RECONCILIATION SUCCESSFUL,INTEGRITY VERIFIED,INTEGRITY VERIFIED
124811,99929,2023-06-01 13:21:10.000000,46.0,1,1,RECONCILIATION SUCCESSFUL,INTEGRITY VERIFIED,INTEGRITY VERIFIED
56223,44924,2024-09-11 00:59:53.000000,46.88,1,1,RECONCILIATION SUCCESSFUL,INTEGRITY VERIFIED,INTEGRITY VERIFIED
14646,11693,2025-06-24 11:53:23.000000,47.0,1,1,RECONCILIATION SUCCESSFUL,INTEGRITY VERIFIED,INTEGRITY VERIFIED
79496,63543,2024-11-28 08:11:03.000000,112.99,2,2,RECONCILIATION SUCCESSFUL,INTEGRITY VERIFIED,INTEGRITY VERIFIED
105714,84733,2026-03-31 00:09:35.000000,48.0,1,1,RECONCILIATION SUCCESSFUL,INTEGRITY VERIFIED,INTEGRITY VERIFIED
10430,8303,2026-06-09 15:23:10.000000,48.4,1,1,RECONCILIATION SUCCESSFUL,INTEGRITY VERIFIED,INTEGRITY VERIFIED
12011,9561,2025-01-01 13:39:39.000000,48.95,1,1,RECONCILIATION SUCCESSFUL,INTEGRITY VERIFIED,INTEGRITY VERIFIED
13635,10833,2019-09-22 22:40:43.000000,48.96,1,1,RECONCILIATION SUCCESSFUL,INTEGRITY VERIFIED,INTEGRITY VERIFIED
4553,3596,2022-04-09 17:15:57.000000,49.45,1,1,RECONCILIATION SUCCESSFUL,INTEGRITY VERIFIED,INTEGRITY VERIFIED
21801,17398,2022-02-23 06:34:55.000000,49.45,1,1,RECONCILIATION SUCCESSFUL,INTEGRITY VERIFIED,INTEGRITY VERIFIED
47299,37792,2026-04-20 00:12:41.000000,49.5,1,1,RECONCILIATION SUCCESSFUL,INTEGRITY VERIFIED,INTEGRITY VERIFIED
7627,6107,2024-06-08 19:33:17.000000,49.5,1,1,RECONCILIATION SUCCESSFUL,INTEGRITY VERIFIED,INTEGRITY VERIFIED
82987,66398,2026-05-21 16:09:07.000000,99.5,2,2,RECONCILIATION SUCCESSFUL,INTEGRITY VERIFIED,INTEGRITY VERIFIED
67719,54186,2024-04-13 18:06:02.000000,49.5,1,1,RECONCILIATION SUCCESSFUL,INTEGRITY VERIFIED,INTEGRITY VERIFIED
67483,53977,2025-08-29 07:01:18.000000,49.95,1,1,RECONCILIATION SUCCESSFUL,INTEGRITY VERIFIED,INTEGRITY VERIFIED
31404,25087,2021-06-12 12:48:06.000000,49.99,1,1,RECONCILIATION SUCCESSFUL,INTEGRITY VERIFIED,INTEGRITY VERIFIED
34265,27339,2025-12-03 07:40:19.000000,49.99,1,1,RECONCILIATION SUCCESSFUL,INTEGRITY VERIFIED,INTEGRITY VERIFIED
58811,46991,2021-05-20 03:12:12.000000,49.99,1,1,RECONCILIATION SUCCESSFUL,INTEGRITY VERIFIED,INTEGRITY VERIFIED
72523,57987,2026-06-13 02:58:17.427490,49.99,1,1,RECONCILIATION SUCCESSFUL,INTEGRITY VERIFIED,INTEGRITY VERIFIED
113185,90614,2024-09-21 11:18:12.000000,49.99,1,1,RECONCILIATION SUCCESSFUL,INTEGRITY VERIFIED,INTEGRITY VERIFIED
704,568,2026-01-27 08:48:48.000000,49.99,1,1,RECONCILIATION SUCCESSFUL,INTEGRITY VERIFIED,INTEGRITY VERIFIED
35366,28235,2023-09-04 12:45:39.000000,49.99,1,1,RECONCILIATION SUCCESSFUL,INTEGRITY VERIFIED,INTEGRITY VERIFIED
65331,52177,2026-06-11 23:45:01.879767,49.99,1,1,RECONCILIATION SUCCESSFUL,INTEGRITY VERIFIED,INTEGRITY VERIFIED
82116,65711,2022-12-29 11:08:03.000000,49.99,1,1,RECONCILIATION SUCCESSFUL,INTEGRITY VERIFIED,INTEGRITY VERIFIED
63573,50811,2023-08-13 18:56:36.000000,1021.38,3,3,RECONCILIATION SUCCESSFUL,INTEGRITY VERIFIED,INTEGRITY VERIFIED
33580,26792,2024-04-29 23:05:20.000000,131.0,2,2,RECONCILIATION SUCCESSFUL,INTEGRITY VERIFIED,INTEGRITY VERIFIED
7575,6056,2024-07-01 13:00:41.000000,52.0,1,1,RECONCILIATION SUCCESSFUL,INTEGRITY VERIFIED,INTEGRITY VERIFIED
35511,28348,2022-12-25 16:31:21.000000,140.49,2,2,RECONCILIATION SUCCESSFUL,INTEGRITY VERIFIED,INTEGRITY VERIFIED
57970,46323,2024-02-08 15:13:29.000000,54.0,1,1,RECONCILIATION SUCCESSFUL,INTEGRITY VERIFIED,INTEGRITY VERIFIED
45965,36703,2022-07-26 02:21:44.000000,54.0,1,1,RECONCILIATION SUCCESSFUL,INTEGRITY VERIFIED,INTEGRITY VERIFIED
44646,35599,2024-05-14 09:51:15.000000,54.0,1,1,RECONCILIATION SUCCESSFUL,INTEGRITY VERIFIED,INTEGRITY VERIFIED
116222,93053,2024-02-04 15:27:21.000000,54.0,1,1,RECONCILIATION SUCCESSFUL,INTEGRITY VERIFIED,INTEGRITY VERIFIED
35015,27968,2023-06-22 22:10:36.000000,136.99,2,2,RECONCILIATION SUCCESSFUL,INTEGRITY VERIFIED,INTEGRITY VERIFIED
34000,27131,2025-09-16 16:01:15.000000,55.0,1,1,RECONCILIATION SUCCESSFUL,INTEGRITY VERIFIED,INTEGRITY VERIFIED
8848,7075,2023-10-04 02:53:39.000000,55.0,1,1,RECONCILIATION SUCCESSFUL,INTEGRITY VERIFIED,INTEGRITY VERIFIED
52840,42170,2025-12-25 23:41:43.000000,55.5,1,1,RECONCILIATION SUCCESSFUL,INTEGRITY VERIFIED,INTEGRITY VERIFIED
79924,63882,2024-07-28 00:01:53.000000,57.99,1,1,RECONCILIATION SUCCESSFUL,INTEGRITY VERIFIED,INTEGRITY VERIFIED
110779,88721,2022-10-21 20:44:25.000000,127.5,2,2,RECONCILIATION SUCCESSFUL,INTEGRITY VERIFIED,INTEGRITY VERIFIED
122028,97702,2024-10-09 14:51:28.000000,58.5,1,1,RECONCILIATION SUCCESSFUL,INTEGRITY VERIFIED,INTEGRITY VERIFIED
43215,34486,2025-12-22 22:46:02.000000,58.97,1,1,RECONCILIATION SUCCESSFUL,INTEGRITY VERIFIED,INTEGRITY VERIFIED
9020,7199,2022-03-11 18:30:52.000000,59.0,1,1,RECONCILIATION SUCCESSFUL,INTEGRITY VERIFIED,INTEGRITY VERIFIED
71723,57363,2026-06-09 11:36:37.000000,59.0,1,1,RECONCILIATION SUCCESSFUL,INTEGRITY VERIFIED,INTEGRITY VERIFIED
102401,82093,2026-05-15 00:54:26.000000,127.19,2,2,RECONCILIATION SUCCESSFUL,INTEGRITY VERIFIED,INTEGRITY VERIFIED
82808,66260,2025-02-20 21:08:35.000000,219.45,2,2,RECONCILIATION SUCCESSFUL,INTEGRITY VERIFIED,INTEGRITY VERIFIED
60147,48031,2023-01-06 04:11:05.000000,59.5,1,1,RECONCILIATION SUCCESSFUL,INTEGRITY VERIFIED,INTEGRITY VERIFIED
107080,85812,2026-01-24 15:29:08.000000,59.5,1,1,RECONCILIATION SUCCESSFUL,INTEGRITY VERIFIED,INTEGRITY VERIFIED
93659,75056,2023-07-26 22:46:52.000000,59.95,1,1,RECONCILIATION SUCCESSFUL,INTEGRITY VERIFIED,INTEGRITY VERIFIED
52372,41810,2025-08-06 13:47:43.000000,129.98,2,2,RECONCILIATION SUCCESSFUL,INTEGRITY VERIFIED,INTEGRITY VERIFIED
5353,4233,2026-04-20 04:31:34.000000,60.0,1,1,RECONCILIATION SUCCESSFUL,INTEGRITY VERIFIED,INTEGRITY VERIFIED
16948,13493,2025-12-23 01:25:46.000000,60.0,1,1,RECONCILIATION SUCCESSFUL,INTEGRITY VERIFIED,INTEGRITY VERIFIED
77303,61793,2026-01-01 18:57:42.000000,60.0,1,1,RECONCILIATION SUCCESSFUL,INTEGRITY VERIFIED,INTEGRITY VERIFIED
73663,58918,2022-11-05 23:50:17.000000,190.74,2,2,RECONCILIATION SUCCESSFUL,INTEGRITY VERIFIED,INTEGRITY VERIFIED
70123,56087,2025-07-26 16:14:52.000000,60.99,1,1,RECONCILIATION SUCCESSFUL,INTEGRITY VERIFIED,INTEGRITY VERIFIED
72430,57906,2025-08-17 17:00:50.000000,63.99,1,1,RECONCILIATION SUCCESSFUL,INTEGRITY VERIFIED,INTEGRITY VERIFIED
85988,68847,2021-11-14 16:50:02.000000,160.17,2,2,RECONCILIATION SUCCESSFUL,INTEGRITY VERIFIED,INTEGRITY VERIFIED
29160,23304,2025-08-31 10:22:19.000000,64.95,1,1,RECONCILIATION SUCCESSFUL,INTEGRITY VERIFIED,INTEGRITY VERIFIED
33291,26557,2025-11-02 11:53:08.000000,65.0,1,1,RECONCILIATION SUCCESSFUL,INTEGRITY VERIFIED,INTEGRITY VERIFIED
55377,44235,2025-06-29 04:05:15.000000,361.57,4,4,RECONCILIATION SUCCESSFUL,INTEGRITY VERIFIED,INTEGRITY VERIFIED
78359,62648,2023-03-22 07:59:28.000000,65.17,1,1,RECONCILIATION SUCCESSFUL,INTEGRITY VERIFIED,INTEGRITY VERIFIED
80941,64744,2022-03-05 05:27:23.000000,69.0,1,1,RECONCILIATION SUCCESSFUL,INTEGRITY VERIFIED,INTEGRITY VERIFIED
34817,27814,2024-05-15 22:45:04.000000,69.5,1,1,RECONCILIATION SUCCESSFUL,INTEGRITY VERIFIED,INTEGRITY VERIFIED
53606,42816,2022-08-21 15:59:42.000000,154.5,2,2,RECONCILIATION SUCCESSFUL,INTEGRITY VERIFIED,INTEGRITY VERIFIED
36341,28990,2019-11-16 18:57:36.000000,227.83,2,2,RECONCILIATION SUCCESSFUL,INTEGRITY VERIFIED,INTEGRITY VERIFIED
14193,11309,2019-11-28 00:25:47.000000,69.95,1,1,RECONCILIATION SUCCESSFUL,INTEGRITY VERIFIED,INTEGRITY VERIFIED
25447,20326,2024-09-20 07:55:33.000000,69.99,1,1,RECONCILIATION SUCCESSFUL,INTEGRITY VERIFIED,INTEGRITY VERIFIED
38072,30397,2023-12-03 20:41:36.000000,282.99,3,3,RECONCILIATION SUCCESSFUL,INTEGRITY VERIFIED,INTEGRITY VERIFIED
67159,53719,2025-12-28 05:49:05.000000,160.0,2,2,RECONCILIATION SUCCESSFUL,INTEGRITY VERIFIED,INTEGRITY VERIFIED
43668,34844,2024-07-27 14:20:45.000000,75.56,1,1,RECONCILIATION SUCCESSFUL,INTEGRITY VERIFIED,INTEGRITY VERIFIED
44244,35297,2021-08-23 00:16:45.000000,78.0,1,1,RECONCILIATION SUCCESSFUL,INTEGRITY VERIFIED,INTEGRITY VERIFIED
8867,7084,2025-03-20 18:29:45.000000,78.0,1,1,RECONCILIATION SUCCESSFUL,INTEGRITY VERIFIED,INTEGRITY VERIFIED
39193,31308,2019-12-20 22:35:56.000000,167.95,2,2,RECONCILIATION SUCCESSFUL,INTEGRITY VERIFIED,INTEGRITY VERIFIED
32317,25800,2024-04-23 15:06:22.000000,227.0,2,2,RECONCILIATION SUCCESSFUL,INTEGRITY VERIFIED,INTEGRITY VERIFIED
7281,5821,2026-04-03 02:04:46.000000,81.4,1,1,RECONCILIATION SUCCESSFUL,INTEGRITY VERIFIED,INTEGRITY VERIFIED
83940,67179,2026-06-14 13:43:29.132829,82.95,1,1,RECONCILIATION SUCCESSFUL,INTEGRITY VERIFIED,INTEGRITY VERIFIED
23306,18615,2022-05-23 23:28:38.000000,85.0,1,1,RECONCILIATION SUCCESSFUL,INTEGRITY VERIFIED,INTEGRITY VERIFIED
59778,47750,2024-11-27 07:08:46.000000,88.0,1,1,RECONCILIATION SUCCESSFUL,INTEGRITY VERIFIED,INTEGRITY VERIFIED
111445,89268,2023-12-19 17:06:33.000000,187.45,2,2,RECONCILIATION SUCCESSFUL,INTEGRITY VERIFIED,INTEGRITY VERIFIED
37573,29999,2022-11-06 01:25:59.000000,229.98,2,2,RECONCILIATION SUCCESSFUL,INTEGRITY VERIFIED,INTEGRITY VERIFIED
11276,8960,2026-03-04 00:34:38.000000,200.68,2,2,RECONCILIATION SUCCESSFUL,INTEGRITY VERIFIED,INTEGRITY VERIFIED
68939,55145,2025-07-26 23:49:47.000000,94.95,1,1,RECONCILIATION SUCCESSFUL,INTEGRITY VERIFIED,INTEGRITY VERIFIED
99602,79891,2024-07-18 15:18:27.000000,94.99,1,1,RECONCILIATION SUCCESSFUL,INTEGRITY VERIFIED,INTEGRITY VERIFIED
50862,40624,2024-02-03 02:54:41.000000,95.0,1,1,RECONCILIATION SUCCESSFUL,INTEGRITY VERIFIED,INTEGRITY VERIFIED
32306,25790,2025-07-15 09:56:13.000000,224.51,2,2,RECONCILIATION SUCCESSFUL,INTEGRITY VERIFIED,INTEGRITY VERIFIED
35206,28109,2023-04-08 20:51:16.000000,98.0,1,1,RECONCILIATION SUCCESSFUL,INTEGRITY VERIFIED,INTEGRITY VERIFIED
37883,30241,2026-03-04 07:47:33.000000,98.85,1,1,RECONCILIATION SUCCESSFUL,INTEGRITY VERIFIED,INTEGRITY VERIFIED
22915,18306,2026-06-16 07:30:39.000000,99.99,1,1,RECONCILIATION SUCCESSFUL,INTEGRITY VERIFIED,INTEGRITY VERIFIED
37217,29716,2025-12-14 13:06:46.000000,336.0,2,2,RECONCILIATION SUCCESSFUL,INTEGRITY VERIFIED,INTEGRITY VERIFIED
76158,60897,2025-11-11 06:50:32.000000,103.68,1,1,RECONCILIATION SUCCESSFUL,INTEGRITY VERIFIED,INTEGRITY VERIFIED
864,697,2024-05-03 16:18:34.000000,247.01,2,2,RECONCILIATION SUCCESSFUL,INTEGRITY VERIFIED,INTEGRITY VERIFIED
3440,2734,2026-06-07 05:02:08.000000,105.26,1,1,RECONCILIATION SUCCESSFUL,INTEGRITY VERIFIED,INTEGRITY VERIFIED
13705,10896,2024-03-30 05:53:29.000000,105.56,1,1,RECONCILIATION SUCCESSFUL,INTEGRITY VERIFIED,INTEGRITY VERIFIED
52230,41692,2022-05-08 12:10:06.000000,108.99,1,1,RECONCILIATION SUCCESSFUL,INTEGRITY VERIFIED,INTEGRITY VERIFIED
7647,6121,2026-03-10 18:05:18.000000,109.91,1,1,RECONCILIATION SUCCESSFUL,INTEGRITY VERIFIED,INTEGRITY VERIFIED
32243,25739,2025-04-27 16:48:48.000000,110.0,1,1,RECONCILIATION SUCCESSFUL,INTEGRITY VERIFIED,INTEGRITY VERIFIED
48905,39034,2026-04-18 00:05:30.000000,110.0,1,1,RECONCILIATION SUCCESSFUL,INTEGRITY VERIFIED,INTEGRITY VERIFIED
66884,53479,2023-03-04 17:29:19.000000,244.17,2,2,RECONCILIATION SUCCESSFUL,INTEGRITY VERIFIED,INTEGRITY VERIFIED
110959,88869,2026-06-03 18:12:16.000000,117.6,1,1,RECONCILIATION SUCCESSFUL,INTEGRITY VERIFIED,INTEGRITY VERIFIED
55441,44282,2026-04-10 07:18:51.000000,117.7,1,1,RECONCILIATION SUCCESSFUL,INTEGRITY VERIFIED,INTEGRITY VERIFIED
44010,35114,2026-06-10 04:47:06.000000,119.99,1,1,RECONCILIATION SUCCESSFUL,INTEGRITY VERIFIED,INTEGRITY VERIFIED
82161,65751,2025-11-20 13:17:16.000000,121.0,1,1,RECONCILIATION SUCCESSFUL,INTEGRITY VERIFIED,INTEGRITY VERIFIED
27939,22327,2025-11-20 06:25:03.000000,132.0,1,1,RECONCILIATION SUCCESSFUL,INTEGRITY VERIFIED,INTEGRITY VERIFIED
106767,85563,2025-08-21 22:39:37.000000,139.99,1,1,RECONCILIATION SUCCESSFUL,INTEGRITY VERIFIED,INTEGRITY VERIFIED
26906,21507,2024-11-19 21:51:59.000000,140.0,1,1,RECONCILIATION SUCCESSFUL,INTEGRITY VERIFIED,INTEGRITY VERIFIED
680,554,2026-04-25 04:53:37.000000,147.5,1,1,RECONCILIATION SUCCESSFUL,INTEGRITY VERIFIED,INTEGRITY VERIFIED
4443,3510,2023-08-24 09:36:28.000000,155.0,1,1,RECONCILIATION SUCCESSFUL,INTEGRITY VERIFIED,INTEGRITY VERIFIED
96750,77572,2021-07-11 00:20:29.000000,333.0,2,2,RECONCILIATION SUCCESSFUL,INTEGRITY VERIFIED,INTEGRITY VERIFIED
83688,66967,2025-07-08 01:56:00.000000,156.87,1,1,RECONCILIATION SUCCESSFUL,INTEGRITY VERIFIED,INTEGRITY VERIFIED
48566,38780,2023-11-06 21:30:29.000000,156.87,1,1,RECONCILIATION SUCCESSFUL,INTEGRITY VERIFIED,INTEGRITY VERIFIED
27123,21683,2026-06-08 11:12:01.000000,158.33,1,1,RECONCILIATION SUCCESSFUL,INTEGRITY VERIFIED,INTEGRITY VERIFIED
36752,29336,2025-10-20 21:55:57.000000,159.99,1,1,RECONCILIATION SUCCESSFUL,INTEGRITY VERIFIED,INTEGRITY VERIFIED
21228,16975,2021-01-24 21:34:50.000000,161.0,1,1,RECONCILIATION SUCCESSFUL,INTEGRITY VERIFIED,INTEGRITY VERIFIED
21769,17372,2021-04-16 09:38:53.000000,161.0,1,1,RECONCILIATION SUCCESSFUL,INTEGRITY VERIFIED,INTEGRITY VERIFIED
80020,63965,2025-09-07 21:04:34.000000,169.0,1,1,RECONCILIATION SUCCESSFUL,INTEGRITY VERIFIED,INTEGRITY VERIFIED
4663,3694,2026-06-16 01:55:44.895843,169.0,1,1,RECONCILIATION SUCCESSFUL,INTEGRITY VERIFIED,INTEGRITY VERIFIED
57074,45634,2026-04-06 05:49:59.000000,441.0,2,2,RECONCILIATION SUCCESSFUL,INTEGRITY VERIFIED,INTEGRITY VERIFIED
70941,56736,2025-07-13 23:44:15.000000,178.0,1,1,RECONCILIATION SUCCESSFUL,INTEGRITY VERIFIED,INTEGRITY VERIFIED
113137,90579,2024-01-05 00:02:10.000000,178.0,1,1,RECONCILIATION SUCCESSFUL,INTEGRITY VERIFIED,INTEGRITY VERIFIED
103831,83244,2024-09-20 23:12:18.000000,185.0,1,1,RECONCILIATION SUCCESSFUL,INTEGRITY VERIFIED,INTEGRITY VERIFIED
44655,35609,2026-02-09 17:29:18.000000,189.0,1,1,RECONCILIATION SUCCESSFUL,INTEGRITY VERIFIED,INTEGRITY VERIFIED
77435,61900,2025-07-01 05:58:59.000000,195.0,1,1,RECONCILIATION SUCCESSFUL,INTEGRITY VERIFIED,INTEGRITY VERIFIED
79428,63490,2021-03-15 01:03:00.000000,195.0,1,1,RECONCILIATION SUCCESSFUL,INTEGRITY VERIFIED,INTEGRITY VERIFIED
59012,47147,2025-11-23 00:19:49.000000,195.0,1,1,RECONCILIATION SUCCESSFUL,INTEGRITY VERIFIED,INTEGRITY VERIFIED
60365,48211,2026-06-06 10:04:07.000000,265.99,1,1,RECONCILIATION SUCCESSFUL,INTEGRITY VERIFIED,INTEGRITY VERIFIED
19817,15823,2023-09-22 18:12:28.000000,300.0,1,1,RECONCILIATION SUCCESSFUL,INTEGRITY VERIFIED,INTEGRITY VERIFIED
110591,88571,2024-11-28 12:06:34.000000,308.0,1,1,RECONCILIATION SUCCESSFUL,INTEGRITY VERIFIED,INTEGRITY VERIFIED
79187,63290,2025-10-25 10:38:03.000000,345.0,1,1,RECONCILIATION SUCCESSFUL,INTEGRITY VERIFIED,INTEGRITY VERIFIED
112343,89954,2022-09-07 03:36:09.000000,399.0,1,1,RECONCILIATION SUCCESSFUL,INTEGRITY VERIFIED,INTEGRITY VERIFIED
61364,49021,2024-05-10 09:08:20.000000,449.0,1,1,RECONCILIATION SUCCESSFUL,INTEGRITY VERIFIED,INTEGRITY VERIFIED
60469,48294,2025-06-16 07:45:12.000000,795.0,1,1,RECONCILIATION SUCCESSFUL,INTEGRITY VERIFIED,INTEGRITY VERIFIED
-6,34532,2026-06-16 13:43:00.000000,259.0,3,3,RECONCILIATION SUCCESSFUL,INTEGRITY VERIFIED,INTEGRITY VERIFIED
-7,45487,2026-06-16 09:19:00.000000,156.0,1,1,RECONCILIATION SUCCESSFUL,INTEGRITY VERIFIED,INTEGRITY VERIFIED
-40,65927,2026-06-16 12:03:00.000000,274.0,3,3,RECONCILIATION SUCCESSFUL,INTEGRITY VERIFIED,INTEGRITY VERIFIED
-53,43693,2026-06-16 14:57:00.000000,195.0,1,1,RECONCILIATION SUCCESSFUL,INTEGRITY VERIFIED,INTEGRITY VERIFIED
-54,91369,2026-06-16 15:42:00.000000,163.0,1,1,RECONCILIATION SUCCESSFUL,INTEGRITY VERIFIED,INTEGRITY VERIFIED
-113,90295,2026-06-16 09:01:00.000000,91.0,1,1,RECONCILIATION SUCCESSFUL,INTEGRITY VERIFIED,INTEGRITY VERIFIED
-122,59699,2026-06-16 09:39:00.000000,383.0,3,3,RECONCILIATION SUCCESSFUL,INTEGRITY VERIFIED,INTEGRITY VERIFIED
-129,21337,2026-06-16 13:25:00.000000,381.0,3,3,RECONCILIATION SUCCESSFUL,INTEGRITY VERIFIED,INTEGRITY VERIFIED
-140,9042,2026-06-16 16:44:00.000000,175.0,2,2,RECONCILIATION SUCCESSFUL,INTEGRITY VERIFIED,INTEGRITY VERIFIED
-148,66896,2026-06-16 14:58:00.000000,271.0,2,2,RECONCILIATION SUCCESSFUL,INTEGRITY VERIFIED,INTEGRITY VERIFIED
-150,60012,2026-06-16 13:58:00.000000,69.0,1,1,RECONCILIATION SUCCESSFUL,INTEGRITY VERIFIED,INTEGRITY VERIFIED
-151,54809,2026-06-16 17:57:00.000000,471.0,3,3,RECONCILIATION SUCCESSFUL,INTEGRITY VERIFIED,INTEGRITY VERIFIED
-154,1456,2026-06-16 11:48:00.000000,231.0,2,2,RECONCILIATION SUCCESSFUL,INTEGRITY VERIFIED,INTEGRITY VERIFIED
-210,17932,2026-06-16 17:48:00.000000,324.0,3,3,RECONCILIATION SUCCESSFUL,INTEGRITY VERIFIED,INTEGRITY VERIFIED
-211,76201,2026-06-16 11:25:00.000000,182.0,1,1,RECONCILIATION SUCCESSFUL,INTEGRITY VERIFIED,INTEGRITY VERIFIED
-221,17842,2026-06-16 17:30:00.000000,348.0,3,3,RECONCILIATION SUCCESSFUL,INTEGRITY VERIFIED,INTEGRITY VERIFIED
-234,52124,2026-06-16 17:56:00.000000,349.0,2,2,RECONCILIATION SUCCESSFUL,INTEGRITY VERIFIED,INTEGRITY VERIFIED
-253,53446,2026-06-16 14:30:00.000000,174.0,2,2,RECONCILIATION SUCCESSFUL,INTEGRITY VERIFIED,VARIANCE DETECTED
-285,40541,2026-06-16 11:36:00.000000,40.0,1,1,RECONCILIATION SUCCESSFUL,INTEGRITY VERIFIED,INTEGRITY VERIFIED
-294,56209,2026-06-16 10:07:00.000000,99.0,1,1,RECONCILIATION SUCCESSFUL,INTEGRITY VERIFIED,INTEGRITY VERIFIED
103728,83154,2025-10-06 12:47:31.000000,2.95,1,1,RECONCILIATION SUCCESSFUL,INTEGRITY VERIFIED,INTEGRITY VERIFIED
106759,85558,2024-08-12 05:03:41.000000,186.93,3,3,RECONCILIATION SUCCESSFUL,INTEGRITY VERIFIED,INTEGRITY VERIFIED
118145,94588,2023-10-14 12:15:29.000000,23.49,2,2,RECONCILIATION SUCCESSFUL,INTEGRITY VERIFIED,INTEGRITY VERIFIED
85724,68607,2024-11-12 22:03:59.000000,218.8,3,3,RECONCILIATION SUCCESSFUL,INTEGRITY VERIFIED,INTEGRITY VERIFIED
84046,67268,2021-07-21 04:19:10.000000,108.57,4,4,RECONCILIATION SUCCESSFUL,INTEGRITY VERIFIED,INTEGRITY VERIFIED
5788,4582,2025-06-12 02:48:56.000000,31.39,2,2,RECONCILIATION SUCCESSFUL,INTEGRITY VERIFIED,INTEGRITY VERIFIED
106994,85732,2021-04-17 23:48:03.000000,6.5,1,1,RECONCILIATION SUCCESSFUL,INTEGRITY VERIFIED,INTEGRITY VERIFIED
5819,4606,2022-10-31 12:40:02.000000,6.83,1,1,RECONCILIATION SUCCESSFUL,INTEGRITY VERIFIED,INTEGRITY VERIFIED
35546,28374,2025-08-07 15:00:55.000000,328.44,4,4,RECONCILIATION SUCCESSFUL,INTEGRITY VERIFIED,INTEGRITY VERIFIED
12678,10080,2024-12-23 19:37:33.000000,6.99,1,1,RECONCILIATION SUCCESSFUL,INTEGRITY VERIFIED,INTEGRITY VERIFIED
89360,71517,2024-10-03 12:48:10.000000,6.99,1,1,RECONCILIATION SUCCESSFUL,INTEGRITY VERIFIED,INTEGRITY VERIFIED
36805,29381,2024-09-03 14:08:35.000000,106.0,3,3,RECONCILIATION SUCCESSFUL,INTEGRITY VERIFIED,INTEGRITY VERIFIED
16756,13344,2021-07-29 22:28:43.000000,63.94,3,3,RECONCILIATION SUCCESSFUL,INTEGRITY VERIFIED,INTEGRITY VERIFIED
120967,96843,2024-12-21 19:02:08.000000,7.99,1,1,RECONCILIATION SUCCESSFUL,INTEGRITY VERIFIED,INTEGRITY VERIFIED
6726,5361,2024-07-06 12:46:57.000000,429.98,4,4,RECONCILIATION SUCCESSFUL,INTEGRITY VERIFIED,INTEGRITY VERIFIED
60950,48665,2025-12-06 08:49:49.000000,43.66,2,2,RECONCILIATION SUCCESSFUL,INTEGRITY VERIFIED,INTEGRITY VERIFIED
83042,66451,2024-10-16 21:51:03.000000,56.95,2,2,RECONCILIATION SUCCESSFUL,INTEGRITY VERIFIED,INTEGRITY VERIFIED
116235,93063,2022-10-03 14:42:07.000000,47.5,2,2,RECONCILIATION SUCCESSFUL,INTEGRITY VERIFIED,INTEGRITY VERIFIED
38337,30598,2026-04-19 19:32:02.000000,41.65,2,2,RECONCILIATION SUCCESSFUL,INTEGRITY VERIFIED,INTEGRITY VERIFIED
44841,35766,2023-06-02 06:32:52.000000,172.63,4,4,RECONCILIATION SUCCESSFUL,INTEGRITY VERIFIED,INTEGRITY VERIFIED
59968,47898,2025-12-09 13:15:53.000000,8.99,1,1,RECONCILIATION SUCCESSFUL,INTEGRITY VERIFIED,INTEGRITY VERIFIED
42461,33878,2025-01-06 11:57:32.000000,8.99,1,1,RECONCILIATION SUCCESSFUL,INTEGRITY VERIFIED,INTEGRITY VERIFIED
65378,52210,2023-12-12 10:51:39.000000,18.98,2,2,RECONCILIATION SUCCESSFUL,INTEGRITY VERIFIED,INTEGRITY VERIFIED
46371,37042,2026-05-15 09:28:26.000000,183.03,4,4,RECONCILIATION SUCCESSFUL,INTEGRITY VERIFIED,INTEGRITY VERIFIED
55041,43968,2021-04-20 18:16:44.000000,333.01,4,4,RECONCILIATION SUCCESSFUL,INTEGRITY VERIFIED,INTEGRITY VERIFIED
21570,17230,2025-10-26 14:50:51.000000,347.92,4,4,RECONCILIATION SUCCESSFUL,INTEGRITY VERIFIED,INTEGRITY VERIFIED
9747,7771,2025-08-22 12:26:48.000000,74.94,3,3,RECONCILIATION SUCCESSFUL,INTEGRITY VERIFIED,INTEGRITY VERIFIED
121028,96892,2022-12-24 11:29:12.000000,42.99,2,2,RECONCILIATION SUCCESSFUL,INTEGRITY VERIFIED,INTEGRITY VERIFIED
49940,39893,2025-12-20 16:51:12.000000,38.98,2,2,RECONCILIATION SUCCESSFUL,INTEGRITY VERIFIED,INTEGRITY VERIFIED
83514,66840,2026-06-15 13:38:00.847918,79.89,2,2,RECONCILIATION SUCCESSFUL,INTEGRITY VERIFIED,INTEGRITY VERIFIED
93146,74622,2025-12-15 18:09:25.000000,20.96,2,2,RECONCILIATION SUCCESSFUL,INTEGRITY VERIFIED,INTEGRITY VERIFIED
31045,24794,2026-05-27 12:12:56.000000,167.93,4,4,RECONCILIATION SUCCESSFUL,INTEGRITY VERIFIED,INTEGRITY VERIFIED
88373,70700,2024-05-31 19:59:48.000000,140.65,4,4,RECONCILIATION SUCCESSFUL,INTEGRITY VERIFIED,INTEGRITY VERIFIED
15793,12601,2025-12-12 19:57:48.000000,39.95,2,2,RECONCILIATION SUCCESSFUL,INTEGRITY VERIFIED,INTEGRITY VERIFIED
72565,58020,2024-01-18 07:19:27.000000,129.39,4,4,RECONCILIATION SUCCESSFUL,INTEGRITY VERIFIED,INTEGRITY VERIFIED
91639,73364,2025-06-09 02:14:04.000000,27.26,2,2,RECONCILIATION SUCCESSFUL,INTEGRITY VERIFIED,INTEGRITY VERIFIED
105172,84297,2026-01-05 20:37:26.000000,58.68,2,2,RECONCILIATION SUCCESSFUL,INTEGRITY VERIFIED,INTEGRITY VERIFIED
23199,18528,2025-01-28 12:13:23.000000,10.69,1,1,RECONCILIATION SUCCESSFUL,INTEGRITY VERIFIED,INTEGRITY VERIFIED
71857,57468,2024-05-09 02:30:19.000000,794.75,4,4,RECONCILIATION SUCCESSFUL,INTEGRITY VERIFIED,INTEGRITY VERIFIED
53952,43091,2024-07-06 12:01:47.000000,164.26,4,4,RECONCILIATION SUCCESSFUL,INTEGRITY VERIFIED,INTEGRITY VERIFIED
15329,12226,2024-01-12 11:26:13.000000,22.94,2,2,RECONCILIATION SUCCESSFUL,INTEGRITY VERIFIED,INTEGRITY VERIFIED
64769,51744,2023-06-01 04:10:02.000000,120.86,3,3,RECONCILIATION SUCCESSFUL,INTEGRITY VERIFIED,INTEGRITY VERIFIED
115358,92352,2026-05-05 10:56:25.000000,10.99,1,1,RECONCILIATION SUCCESSFUL,INTEGRITY VERIFIED,INTEGRITY VERIFIED
64091,51207,2025-12-30 22:10:29.000000,10.99,1,1,RECONCILIATION SUCCESSFUL,INTEGRITY VERIFIED,INTEGRITY VERIFIED
69629,55685,2026-03-05 22:24:32.000000,136.25,3,3,RECONCILIATION SUCCESSFUL,INTEGRITY VERIFIED,INTEGRITY VERIFIED
99883,80121,2025-09-05 00:51:20.000000,11.49,1,1,RECONCILIATION SUCCESSFUL,INTEGRITY VERIFIED,INTEGRITY VERIFIED
6371,5051,2026-06-15 19:54:45.807368,11.86,1,1,RECONCILIATION SUCCESSFUL,INTEGRITY VERIFIED,INTEGRITY VERIFIED
18351,14614,2025-12-04 02:14:26.000000,11.95,1,1,RECONCILIATION SUCCESSFUL,INTEGRITY VERIFIED,INTEGRITY VERIFIED
22757,18177,2026-06-07 22:17:03.000000,11.95,1,1,RECONCILIATION SUCCESSFUL,INTEGRITY VERIFIED,INTEGRITY VERIFIED
29524,23594,2025-07-21 14:24:41.000000,11.95,1,1,RECONCILIATION SUCCESSFUL,INTEGRITY VERIFIED,INTEGRITY VERIFIED
110976,88883,2026-04-18 17:19:37.000000,11.99,1,1,RECONCILIATION SUCCESSFUL,INTEGRITY VERIFIED,INTEGRITY VERIFIED
40487,32332,2025-01-16 20:15:02.000000,96.99,3,3,RECONCILIATION SUCCESSFUL,INTEGRITY VERIFIED,INTEGRITY VERIFIED
19715,15738,2021-11-16 13:50:29.000000,51.5,2,2,RECONCILIATION SUCCESSFUL,INTEGRITY VERIFIED,INTEGRITY VERIFIED
28302,22627,2024-12-12 06:56:54.000000,100.41,4,4,RECONCILIATION SUCCESSFUL,INTEGRITY VERIFIED,INTEGRITY VERIFIED
113031,90484,2026-06-11 02:17:10.000000,32.89,2,2,RECONCILIATION SUCCESSFUL,INTEGRITY VERIFIED,INTEGRITY VERIFIED
94489,75734,2022-10-17 05:28:27.000000,54.84,3,3,RECONCILIATION SUCCESSFUL,INTEGRITY VERIFIED,INTEGRITY VERIFIED
77162,61686,2025-11-29 11:08:23.000000,12.99,1,1,RECONCILIATION SUCCESSFUL,INTEGRITY VERIFIED,INTEGRITY VERIFIED
119706,95807,2026-05-04 03:21:46.000000,77.98,2,2,RECONCILIATION SUCCESSFUL,INTEGRITY VERIFIED,INTEGRITY VERIFIED
124009,99298,2024-10-16 04:11:34.000000,12.99,1,1,RECONCILIATION SUCCESSFUL,INTEGRITY VERIFIED,INTEGRITY VERIFIED
15841,12634,2026-05-23 21:19:05.000000,49.88,2,2,RECONCILIATION SUCCESSFUL,INTEGRITY VERIFIED,INTEGRITY VERIFIED
66956,53550,2026-06-15 14:45:48.457204,104.5,2,2,RECONCILIATION SUCCESSFUL,INTEGRITY VERIFIED,INTEGRITY VERIFIED
18577,14800,2026-05-22 00:45:27.000000,194.49,4,4,RECONCILIATION SUCCESSFUL,INTEGRITY VERIFIED,INTEGRITY VERIFIED
49429,39438,2026-02-11 08:47:58.000000,13.75,1,1,RECONCILIATION SUCCESSFUL,INTEGRITY VERIFIED,INTEGRITY VERIFIED
121076,96928,2024-05-01 10:55:01.000000,13.79,1,1,RECONCILIATION SUCCESSFUL,INTEGRITY VERIFIED,INTEGRITY VERIFIED
48702,38877,2023-01-25 11:26:29.000000,182.9,3,3,RECONCILIATION SUCCESSFUL,INTEGRITY VERIFIED,INTEGRITY VERIFIED
7714,6173,2021-01-25 14:38:52.000000,13.95,1,1,RECONCILIATION SUCCESSFUL,INTEGRITY VERIFIED,INTEGRITY VERIFIED
95688,76707,2022-02-07 21:24:20.000000,14.0,1,1,RECONCILIATION SUCCESSFUL,INTEGRITY VERIFIED,INTEGRITY VERIFIED
82645,66122,2024-06-06 17:15:26.000000,14.5,1,1,RECONCILIATION SUCCESSFUL,INTEGRITY VERIFIED,INTEGRITY VERIFIED
65442,52257,2024-06-16 18:40:40.000000,42.65,2,2,RECONCILIATION SUCCESSFUL,INTEGRITY VERIFIED,INTEGRITY VERIFIED
9711,7747,2021-08-10 10:19:02.000000,156.88,3,3,RECONCILIATION SUCCESSFUL,INTEGRITY VERIFIED,INTEGRITY VERIFIED
69333,55454,2025-12-28 01:02:55.000000,299.95,4,4,RECONCILIATION SUCCESSFUL,INTEGRITY VERIFIED,INTEGRITY VERIFIED
49089,39152,2025-03-14 00:14:09.000000,14.99,1,1,RECONCILIATION SUCCESSFUL,INTEGRITY VERIFIED,INTEGRITY VERIFIED
11914,9477,2024-04-07 00:56:58.000000,66.98,2,2,RECONCILIATION SUCCESSFUL,INTEGRITY VERIFIED,INTEGRITY VERIFIED
50451,40333,2024-04-04 22:13:12.000000,208.26,4,4,RECONCILIATION SUCCESSFUL,INTEGRITY VERIFIED,INTEGRITY VERIFIED
92542,74113,2023-04-10 10:02:21.000000,165.02,4,4,RECONCILIATION SUCCESSFUL,INTEGRITY VERIFIED,INTEGRITY VERIFIED
26702,21337,2026-05-18 09:09:01.000000,15.0,1,1,RECONCILIATION SUCCESSFUL,INTEGRITY VERIFIED,INTEGRITY VERIFIED
115710,92631,2024-05-22 17:30:51.000000,112.95,4,4,RECONCILIATION SUCCESSFUL,INTEGRITY VERIFIED,INTEGRITY VERIFIED
124636,99783,2026-05-25 07:57:44.000000,80.99,3,3,RECONCILIATION SUCCESSFUL,INTEGRITY VERIFIED,INTEGRITY VERIFIED
6675,5315,2025-01-21 13:56:08.000000,77.0,2,2,RECONCILIATION SUCCESSFUL,INTEGRITY VERIFIED,INTEGRITY VERIFIED
89393,71547,2025-09-06 22:24:26.000000,15.52,1,1,RECONCILIATION SUCCESSFUL,INTEGRITY VERIFIED,INTEGRITY VERIFIED
7757,6209,2024-10-08 01:58:29.000000,106.94,4,4,RECONCILIATION SUCCESSFUL,INTEGRITY VERIFIED,INTEGRITY VERIFIED
8694,6948,2025-04-08 12:34:56.000000,254.98,4,4,RECONCILIATION SUCCESSFUL,INTEGRITY VERIFIED,INTEGRITY VERIFIED
118874,95158,2026-06-04 00:54:05.000000,40.99,2,2,RECONCILIATION SUCCESSFUL,INTEGRITY VERIFIED,INTEGRITY VERIFIED
15555,12420,2026-04-25 23:17:34.000000,246.99,4,4,RECONCILIATION SUCCESSFUL,INTEGRITY VERIFIED,INTEGRITY VERIFIED
76265,60985,2024-11-02 11:19:03.000000,150.85,4,4,RECONCILIATION SUCCESSFUL,INTEGRITY VERIFIED,INTEGRITY VERIFIED
34411,27468,2026-04-22 14:41:34.000000,95.49,2,2,RECONCILIATION SUCCESSFUL,INTEGRITY VERIFIED,INTEGRITY VERIFIED
102545,82203,2025-03-11 04:53:50.000000,127.49,4,4,RECONCILIATION SUCCESSFUL,INTEGRITY VERIFIED,INTEGRITY VERIFIED
115707,92629,2025-09-05 08:08:30.000000,16.0,1,1,RECONCILIATION SUCCESSFUL,INTEGRITY VERIFIED,INTEGRITY VERIFIED
108972,87293,2019-02-16 14:09:33.000000,51.79,2,2,RECONCILIATION SUCCESSFUL,INTEGRITY VERIFIED,INTEGRITY VERIFIED
87109,69722,2025-10-12 13:28:28.000000,65.99,3,3,RECONCILIATION SUCCESSFUL,INTEGRITY VERIFIED,INTEGRITY VERIFIED
88784,71037,2025-03-28 19:14:12.000000,16.22,1,1,RECONCILIATION SUCCESSFUL,INTEGRITY VERIFIED,INTEGRITY VERIFIED
14091,11219,2026-06-14 21:42:43.919215,36.24,2,2,RECONCILIATION SUCCESSFUL,INTEGRITY VERIFIED,INTEGRITY VERIFIED
34752,27761,2025-08-21 17:01:47.000000,49.36,2,2,RECONCILIATION SUCCESSFUL,INTEGRITY VERIFIED,INTEGRITY VERIFIED
56689,45299,2025-02-24 21:38:25.000000,256.49,2,2,RECONCILIATION SUCCESSFUL,INTEGRITY VERIFIED,INTEGRITY VERIFIED
67101,53666,2025-07-11 20:05:43.000000,98.48,3,3,RECONCILIATION SUCCESSFUL,INTEGRITY VERIFIED,INTEGRITY VERIFIED
68269,54639,2023-09-23 08:52:48.000000,17.05,1,1,RECONCILIATION SUCCESSFUL,INTEGRITY VERIFIED,INTEGRITY VERIFIED
66615,53270,2020-08-28 16:33:30.000000,17.05,1,1,RECONCILIATION SUCCESSFUL,INTEGRITY VERIFIED,INTEGRITY VERIFIED
90904,72760,2023-01-12 02:14:39.000000,129.26,3,3,RECONCILIATION SUCCESSFUL,INTEGRITY VERIFIED,INTEGRITY VERIFIED
88296,70637,2026-02-07 14:56:10.000000,37.99,2,2,RECONCILIATION SUCCESSFUL,INTEGRITY VERIFIED,INTEGRITY VERIFIED
55013,43948,2026-05-16 16:21:43.000000,64.98,2,2,RECONCILIATION SUCCESSFUL,INTEGRITY VERIFIED,INTEGRITY VERIFIED
123997,99288,2026-06-14 21:57:06.000000,18.0,1,1,RECONCILIATION SUCCESSFUL,INTEGRITY VERIFIED,INTEGRITY VERIFIED
81910,65553,2024-10-11 05:08:11.000000,95.38,2,2,RECONCILIATION SUCCESSFUL,INTEGRITY VERIFIED,INTEGRITY VERIFIED
9150,7293,2023-11-11 02:06:18.000000,50.0,2,2,RECONCILIATION SUCCESSFUL,INTEGRITY VERIFIED,INTEGRITY VERIFIED
38438,30685,2026-01-16 10:46:35.000000,173.6,3,3,RECONCILIATION SUCCESSFUL,INTEGRITY VERIFIED,INTEGRITY VERIFIED
53480,42703,2023-10-11 16:22:01.000000,171.9,4,4,RECONCILIATION SUCCESSFUL,INTEGRITY VERIFIED,INTEGRITY VERIFIED
54665,43660,2024-08-17 15:50:38.000000,109.93,4,4,RECONCILIATION SUCCESSFUL,INTEGRITY VERIFIED,INTEGRITY VERIFIED
44576,35548,2024-10-20 23:58:24.000000,19.97,1,1,RECONCILIATION SUCCESSFUL,INTEGRITY VERIFIED,INTEGRITY VERIFIED
68400,54740,2023-07-19 11:08:02.000000,193.97,4,4,RECONCILIATION SUCCESSFUL,INTEGRITY VERIFIED,INTEGRITY VERIFIED
74994,59966,2023-06-08 19:26:57.000000,19.97,1,1,RECONCILIATION SUCCESSFUL,INTEGRITY VERIFIED,INTEGRITY VERIFIED
92965,74474,2025-11-23 12:39:44.000000,19.99,1,1,RECONCILIATION SUCCESSFUL,INTEGRITY VERIFIED,INTEGRITY VERIFIED
33183,26477,2021-05-23 01:01:06.000000,19.99,1,1,RECONCILIATION SUCCESSFUL,INTEGRITY VERIFIED,INTEGRITY VERIFIED
35161,28078,2026-05-27 00:49:15.000000,118.84,2,2,RECONCILIATION SUCCESSFUL,INTEGRITY VERIFIED,INTEGRITY VERIFIED
41905,33422,2026-06-14 11:22:32.000000,19.99,1,1,RECONCILIATION SUCCESSFUL,INTEGRITY VERIFIED,INTEGRITY VERIFIED
54103,43219,2026-06-14 01:11:31.000000,49.98,2,2,RECONCILIATION SUCCESSFUL,INTEGRITY VERIFIED,INTEGRITY VERIFIED
44424,35438,2022-10-03 13:41:25.000000,20.0,1,1,RECONCILIATION SUCCESSFUL,INTEGRITY VERIFIED,INTEGRITY VERIFIED
92038,73701,2025-01-08 14:38:32.000000,20.0,1,1,RECONCILIATION SUCCESSFUL,INTEGRITY VERIFIED,INTEGRITY VERIFIED
68258,54630,2026-04-22 08:30:00.000000,85.98,3,3,RECONCILIATION SUCCESSFUL,INTEGRITY VERIFIED,INTEGRITY VERIFIED
54593,43603,2021-04-28 07:28:32.000000,71.82,3,3,RECONCILIATION SUCCESSFUL,INTEGRITY VERIFIED,INTEGRITY VERIFIED
114285,91518,2025-12-03 18:44:00.000000,119.95,2,2,RECONCILIATION SUCCESSFUL,INTEGRITY VERIFIED,INTEGRITY VERIFIED
27293,21818,2021-10-05 17:35:19.000000,46.0,2,2,RECONCILIATION SUCCESSFUL,INTEGRITY VERIFIED,INTEGRITY VERIFIED
106177,85089,2022-06-22 15:35:57.000000,367.45,4,4,RECONCILIATION SUCCESSFUL,INTEGRITY VERIFIED,INTEGRITY VERIFIED
114213,91466,2024-11-02 17:45:30.000000,22.45,1,1,RECONCILIATION SUCCESSFUL,INTEGRITY VERIFIED,INTEGRITY VERIFIED
9616,7671,2026-04-04 12:47:53.000000,303.25,4,4,RECONCILIATION SUCCESSFUL,INTEGRITY VERIFIED,INTEGRITY VERIFIED
85326,68276,2025-09-10 01:47:23.000000,46.56,2,2,RECONCILIATION SUCCESSFUL,INTEGRITY VERIFIED,INTEGRITY VERIFIED
108571,86957,2026-03-06 03:30:10.000000,246.62,4,4,RECONCILIATION SUCCESSFUL,INTEGRITY VERIFIED,INTEGRITY VERIFIED
82962,66376,2026-02-14 03:15:01.000000,64.44,2,2,RECONCILIATION SUCCESSFUL,INTEGRITY VERIFIED,INTEGRITY VERIFIED
54814,43792,2023-10-22 08:08:14.000000,24.0,1,1,RECONCILIATION SUCCESSFUL,INTEGRITY VERIFIED,INTEGRITY VERIFIED
8434,6738,2022-01-28 21:04:45.000000,69.61,2,2,RECONCILIATION SUCCESSFUL,INTEGRITY VERIFIED,INTEGRITY VERIFIED
107443,86094,2024-12-30 13:41:59.000000,24.0,1,1,RECONCILIATION SUCCESSFUL,INTEGRITY VERIFIED,INTEGRITY VERIFIED
51948,41460,2024-12-17 15:42:57.000000,125.99,4,4,RECONCILIATION SUCCESSFUL,INTEGRITY VERIFIED,INTEGRITY VERIFIED
74041,59223,2023-07-27 09:24:47.000000,85.43,2,2,RECONCILIATION SUCCESSFUL,INTEGRITY VERIFIED,INTEGRITY VERIFIED
2335,1855,2020-11-03 05:40:27.000000,309.47,4,4,RECONCILIATION SUCCESSFUL,INTEGRITY VERIFIED,INTEGRITY VERIFIED
94899,76071,2026-04-22 08:38:58.000000,306.64,4,4,RECONCILIATION SUCCESSFUL,INTEGRITY VERIFIED,INTEGRITY VERIFIED
67292,53817,2025-10-10 13:16:54.000000,108.13,3,3,RECONCILIATION SUCCESSFUL,INTEGRITY VERIFIED,INTEGRITY VERIFIED
34445,27497,2021-12-13 05:48:00.000000,24.91,1,1,RECONCILIATION SUCCESSFUL,INTEGRITY VERIFIED,INTEGRITY VERIFIED
42836,34178,2025-06-15 02:32:20.000000,49.95,2,2,RECONCILIATION SUCCESSFUL,INTEGRITY VERIFIED,INTEGRITY VERIFIED
56959,45532,2026-05-26 02:27:52.000000,24.95,1,1,RECONCILIATION SUCCESSFUL,INTEGRITY VERIFIED,INTEGRITY VERIFIED
3621,2891,2026-06-15 07:55:43.959823,118.97,3,3,RECONCILIATION SUCCESSFUL,INTEGRITY VERIFIED,INTEGRITY VERIFIED
44205,35260,2025-10-12 16:49:47.000000,253.99,2,2,RECONCILIATION SUCCESSFUL,INTEGRITY VERIFIED,INTEGRITY VERIFIED
90299,72263,2024-12-03 00:03:26.000000,24.99,1,1,RECONCILIATION SUCCESSFUL,INTEGRITY VERIFIED,INTEGRITY VERIFIED
85148,68128,2024-10-28 14:14:47.000000,138.58,4,4,RECONCILIATION SUCCESSFUL,INTEGRITY VERIFIED,INTEGRITY VERIFIED
108401,86826,2021-08-02 13:39:22.000000,24.99,1,1,RECONCILIATION SUCCESSFUL,INTEGRITY VERIFIED,INTEGRITY VERIFIED
9423,7516,2024-07-06 11:22:59.000000,267.68,4,4,RECONCILIATION SUCCESSFUL,INTEGRITY VERIFIED,INTEGRITY VERIFIED
25905,20697,2025-04-15 14:30:17.000000,54.95,2,2,RECONCILIATION SUCCESSFUL,INTEGRITY VERIFIED,INTEGRITY VERIFIED
29717,23740,2022-03-05 05:45:18.000000,25.0,1,1,RECONCILIATION SUCCESSFUL,INTEGRITY VERIFIED,INTEGRITY VERIFIED
58578,46809,2024-05-22 11:25:40.000000,204.0,4,4,RECONCILIATION SUCCESSFUL,INTEGRITY VERIFIED,INTEGRITY VERIFIED
18445,14683,2024-03-28 21:07:48.000000,94.5,2,2,RECONCILIATION SUCCESSFUL,INTEGRITY VERIFIED,INTEGRITY VERIFIED
42235,33695,2024-04-16 23:27:06.000000,290.99,2,2,RECONCILIATION SUCCESSFUL,INTEGRITY VERIFIED,INTEGRITY VERIFIED
71808,57428,2023-10-16 14:11:56.000000,80.38,2,2,RECONCILIATION SUCCESSFUL,INTEGRITY VERIFIED,INTEGRITY VERIFIED
101361,81279,2025-03-22 02:00:52.000000,95.95,3,3,RECONCILIATION SUCCESSFUL,INTEGRITY VERIFIED,INTEGRITY VERIFIED
105867,84855,2023-06-20 21:12:10.000000,51.47,2,2,RECONCILIATION SUCCESSFUL,INTEGRITY VERIFIED,INTEGRITY VERIFIED
33298,26563,2025-10-10 10:46:01.000000,124.0,2,2,RECONCILIATION SUCCESSFUL,INTEGRITY VERIFIED,INTEGRITY VERIFIED
60948,48661,2022-09-04 20:27:27.000000,25.0,1,1,RECONCILIATION SUCCESSFUL,INTEGRITY VERIFIED,INTEGRITY VERIFIED
81750,65423,2025-11-11 03:36:26.000000,316.98,4,4,RECONCILIATION SUCCESSFUL,INTEGRITY VERIFIED,INTEGRITY VERIFIED
95695,76714,2026-02-20 23:55:17.000000,64.98,2,2,RECONCILIATION SUCCESSFUL,INTEGRITY VERIFIED,INTEGRITY VERIFIED
102682,82341,2026-03-30 17:25:23.000000,25.0,1,1,RECONCILIATION SUCCESSFUL,INTEGRITY VERIFIED,INTEGRITY VERIFIED
106032,84973,2024-12-24 05:14:00.000000,54.0,2,2,RECONCILIATION SUCCESSFUL,INTEGRITY VERIFIED,INTEGRITY VERIFIED
48480,38717,2025-10-16 13:05:13.000000,175.0,2,2,RECONCILIATION SUCCESSFUL,INTEGRITY VERIFIED,INTEGRITY VERIFIED
85402,68341,2024-09-10 12:48:31.000000,54.99,2,2,RECONCILIATION SUCCESSFUL,INTEGRITY VERIFIED,INTEGRITY VERIFIED
98417,78913,2026-05-05 17:44:44.000000,494.66,4,4,RECONCILIATION SUCCESSFUL,INTEGRITY VERIFIED,INTEGRITY VERIFIED
99604,79893,2025-12-04 14:31:04.000000,134.0,2,2,RECONCILIATION SUCCESSFUL,INTEGRITY VERIFIED,INTEGRITY VERIFIED
101440,81333,2023-09-05 22:07:49.000000,145.25,4,4,RECONCILIATION SUCCESSFUL,INTEGRITY VERIFIED,INTEGRITY VERIFIED
3101,2480,2025-12-26 23:49:52.000000,25.2,1,1,RECONCILIATION SUCCESSFUL,INTEGRITY VERIFIED,INTEGRITY VERIFIED
12126,9656,2024-11-23 14:50:11.000000,25.48,1,1,RECONCILIATION SUCCESSFUL,INTEGRITY VERIFIED,INTEGRITY VERIFIED
70645,56491,2025-04-20 17:44:39.000000,60.5,2,2,RECONCILIATION SUCCESSFUL,INTEGRITY VERIFIED,INTEGRITY VERIFIED
54206,43296,2024-01-27 20:37:23.000000,25.52,1,1,RECONCILIATION SUCCESSFUL,INTEGRITY VERIFIED,INTEGRITY VERIFIED
107935,86478,2021-05-31 18:20:44.000000,26.0,1,1,RECONCILIATION SUCCESSFUL,INTEGRITY VERIFIED,INTEGRITY VERIFIED
112793,90290,2023-06-19 20:39:58.000000,60.99,2,2,RECONCILIATION SUCCESSFUL,INTEGRITY VERIFIED,INTEGRITY VERIFIED
24634,19668,2020-04-26 11:04:00.000000,69.94,2,2,RECONCILIATION SUCCESSFUL,INTEGRITY VERIFIED,INTEGRITY VERIFIED
88653,70935,2021-11-17 18:26:23.000000,27.0,1,1,RECONCILIATION SUCCESSFUL,INTEGRITY VERIFIED,INTEGRITY VERIFIED
63834,51014,2023-08-20 02:13:43.000000,239.83,4,4,RECONCILIATION SUCCESSFUL,INTEGRITY VERIFIED,INTEGRITY VERIFIED
22749,18171,2023-02-21 06:38:12.000000,103.94,3,3,RECONCILIATION SUCCESSFUL,INTEGRITY VERIFIED,INTEGRITY VERIFIED
69624,55683,2026-01-31 13:04:46.000000,146.45,3,3,RECONCILIATION SUCCESSFUL,INTEGRITY VERIFIED,INTEGRITY VERIFIED
52866,42191,2024-09-10 00:18:57.000000,27.8,1,1,RECONCILIATION SUCCESSFUL,INTEGRITY VERIFIED,INTEGRITY VERIFIED
112101,89769,2026-06-11 02:01:07.866434,86.0,2,2,RECONCILIATION SUCCESSFUL,INTEGRITY VERIFIED,INTEGRITY VERIFIED
122671,98227,2024-11-27 19:36:58.000000,362.0,3,3,RECONCILIATION SUCCESSFUL,INTEGRITY VERIFIED,INTEGRITY VERIFIED
69217,55366,2026-05-29 05:30:26.000000,354.99,4,4,RECONCILIATION SUCCESSFUL,INTEGRITY VERIFIED,INTEGRITY VERIFIED
79577,63602,2023-01-17 14:05:56.000000,28.49,1,1,RECONCILIATION SUCCESSFUL,INTEGRITY VERIFIED,INTEGRITY VERIFIED
124421,99625,2026-06-02 02:53:25.000000,63.97,2,2,RECONCILIATION SUCCESSFUL,INTEGRITY VERIFIED,INTEGRITY VERIFIED
61168,48860,2022-09-21 03:20:16.000000,146.02,4,4,RECONCILIATION SUCCESSFUL,INTEGRITY VERIFIED,INTEGRITY VERIFIED
68237,54606,2026-04-27 03:17:23.000000,29.0,1,1,RECONCILIATION SUCCESSFUL,INTEGRITY VERIFIED,INTEGRITY VERIFIED
28822,23033,2023-08-29 22:30:11.000000,98.91,2,2,RECONCILIATION SUCCESSFUL,INTEGRITY VERIFIED,INTEGRITY VERIFIED
107094,85826,2026-04-01 02:58:55.000000,29.9,1,1,RECONCILIATION SUCCESSFUL,INTEGRITY VERIFIED,INTEGRITY VERIFIED
64779,51747,2023-03-25 15:20:04.000000,150.32,3,3,RECONCILIATION SUCCESSFUL,INTEGRITY VERIFIED,INTEGRITY VERIFIED
89922,71955,2026-01-11 22:28:31.000000,29.95,1,1,RECONCILIATION SUCCESSFUL,INTEGRITY VERIFIED,INTEGRITY VERIFIED
98090,78645,2023-07-01 03:43:56.000000,72.9,2,2,RECONCILIATION SUCCESSFUL,INTEGRITY VERIFIED,INTEGRITY VERIFIED
107463,86111,2024-12-14 16:41:45.000000,29.99,1,1,RECONCILIATION SUCCESSFUL,INTEGRITY VERIFIED,INTEGRITY VERIFIED
16926,13477,2024-12-11 07:05:34.000000,93.99,2,2,RECONCILIATION SUCCESSFUL,INTEGRITY VERIFIED,INTEGRITY VERIFIED
42697,34072,2026-02-22 06:20:16.000000,29.99,1,1,RECONCILIATION SUCCESSFUL,INTEGRITY VERIFIED,INTEGRITY VERIFIED
74471,59557,2022-01-22 10:31:03.000000,131.66,3,3,RECONCILIATION SUCCESSFUL,INTEGRITY VERIFIED,INTEGRITY VERIFIED
32269,25757,2026-06-11 20:35:43.000000,30.0,1,1,RECONCILIATION SUCCESSFUL,INTEGRITY VERIFIED,INTEGRITY VERIFIED
51791,41358,2026-04-07 22:15:57.000000,261.95,4,4,RECONCILIATION SUCCESSFUL,INTEGRITY VERIFIED,INTEGRITY VERIFIED
105321,84421,2022-01-08 16:16:11.000000,30.2,1,1,RECONCILIATION SUCCESSFUL,INTEGRITY VERIFIED,INTEGRITY VERIFIED
92675,74240,2021-03-21 09:54:35.000000,30.4,1,1,RECONCILIATION SUCCESSFUL,INTEGRITY VERIFIED,INTEGRITY VERIFIED
68829,55062,2026-05-04 14:52:48.000000,79.95,2,2,RECONCILIATION SUCCESSFUL,INTEGRITY VERIFIED,INTEGRITY VERIFIED
120281,96279,2022-05-24 02:35:13.000000,269.9,4,4,RECONCILIATION SUCCESSFUL,INTEGRITY VERIFIED,INTEGRITY VERIFIED
49857,39825,2024-12-07 13:38:38.000000,538.97,4,4,RECONCILIATION SUCCESSFUL,INTEGRITY VERIFIED,INTEGRITY VERIFIED
75559,60428,2025-11-20 22:18:37.000000,86.99,2,2,RECONCILIATION SUCCESSFUL,INTEGRITY VERIFIED,INTEGRITY VERIFIED
32719,26135,2025-03-20 15:33:02.000000,66.99,2,2,RECONCILIATION SUCCESSFUL,INTEGRITY VERIFIED,INTEGRITY VERIFIED
108645,87020,2025-11-19 07:01:50.000000,182.0,4,4,RECONCILIATION SUCCESSFUL,INTEGRITY VERIFIED,INTEGRITY VERIFIED
33764,26937,2025-08-25 02:28:14.000000,77.07,2,2,RECONCILIATION SUCCESSFUL,INTEGRITY VERIFIED,INTEGRITY VERIFIED
51123,40836,2026-04-16 01:52:18.000000,112.49,2,2,RECONCILIATION SUCCESSFUL,INTEGRITY VERIFIED,INTEGRITY VERIFIED
19173,15312,2026-06-11 19:41:58.000000,32.99,1,1,RECONCILIATION SUCCESSFUL,INTEGRITY VERIFIED,INTEGRITY VERIFIED
28748,22977,2023-08-07 23:53:11.000000,112.99,2,2,RECONCILIATION SUCCESSFUL,INTEGRITY VERIFIED,INTEGRITY VERIFIED
21677,17302,2023-03-09 05:36:44.000000,33.0,1,1,RECONCILIATION SUCCESSFUL,INTEGRITY VERIFIED,INTEGRITY VERIFIED
117791,94316,2025-06-30 08:09:39.000000,223.97,4,4,RECONCILIATION SUCCESSFUL,INTEGRITY VERIFIED,INTEGRITY VERIFIED
20451,16345,2025-02-12 09:44:49.000000,33.6,1,1,RECONCILIATION SUCCESSFUL,INTEGRITY VERIFIED,INTEGRITY VERIFIED
14832,11839,2026-06-06 15:56:55.000000,33.6,1,1,RECONCILIATION SUCCESSFUL,INTEGRITY VERIFIED,INTEGRITY VERIFIED
101916,81708,2025-08-22 06:22:55.000000,33.95,1,1,RECONCILIATION SUCCESSFUL,INTEGRITY VERIFIED,INTEGRITY VERIFIED
105907,84884,2023-11-10 03:16:05.000000,83.93,2,2,RECONCILIATION SUCCESSFUL,INTEGRITY VERIFIED,INTEGRITY VERIFIED
103319,82851,2025-08-06 07:30:23.000000,88.68,2,2,RECONCILIATION SUCCESSFUL,INTEGRITY VERIFIED,INTEGRITY VERIFIED
22437,17903,2023-09-02 19:45:24.000000,74.43,2,2,RECONCILIATION SUCCESSFUL,INTEGRITY VERIFIED,INTEGRITY VERIFIED
50810,40590,2025-06-19 11:39:39.000000,34.99,1,1,RECONCILIATION SUCCESSFUL,INTEGRITY VERIFIED,INTEGRITY VERIFIED
104640,83866,2025-11-07 16:33:19.000000,250.16,4,4,RECONCILIATION SUCCESSFUL,INTEGRITY VERIFIED,INTEGRITY VERIFIED
95283,76365,2023-08-16 10:20:41.000000,141.0,2,2,RECONCILIATION SUCCESSFUL,INTEGRITY VERIFIED,INTEGRITY VERIFIED
116738,93450,2025-12-30 23:35:25.000000,134.0,2,2,RECONCILIATION SUCCESSFUL,INTEGRITY VERIFIED,INTEGRITY VERIFIED
122029,97702,2025-02-20 03:14:38.000000,270.73,4,4,RECONCILIATION SUCCESSFUL,INTEGRITY VERIFIED,INTEGRITY VERIFIED
84714,67781,2023-08-18 17:50:49.000000,35.8,1,1,RECONCILIATION SUCCESSFUL,INTEGRITY VERIFIED,INTEGRITY VERIFIED
61619,49222,2023-04-17 08:58:18.000000,36.0,1,1,RECONCILIATION SUCCESSFUL,INTEGRITY VERIFIED,INTEGRITY VERIFIED
74494,59573,2024-12-05 12:35:35.000000,115.0,2,2,RECONCILIATION SUCCESSFUL,INTEGRITY VERIFIED,INTEGRITY VERIFIED
7583,6067,2023-12-18 02:47:30.000000,37.45,1,1,RECONCILIATION SUCCESSFUL,INTEGRITY VERIFIED,INTEGRITY VERIFIED
112801,90295,2025-06-20 16:40:18.000000,150.36,2,2,RECONCILIATION SUCCESSFUL,INTEGRITY VERIFIED,INTEGRITY VERIFIED
6173,4903,2025-08-12 21:43:43.000000,152.49,3,3,RECONCILIATION SUCCESSFUL,INTEGRITY VERIFIED,INTEGRITY VERIFIED
50,35,2026-05-23 06:42:21.000000,231.89,4,4,RECONCILIATION SUCCESSFUL,INTEGRITY VERIFIED,INTEGRITY VERIFIED
72399,57883,2022-11-17 13:43:48.000000,177.0,3,3,RECONCILIATION SUCCESSFUL,INTEGRITY VERIFIED,INTEGRITY VERIFIED
32456,25920,2026-03-27 19:37:16.000000,90.12,2,2,RECONCILIATION SUCCESSFUL,INTEGRITY VERIFIED,INTEGRITY VERIFIED
23624,18874,2025-03-17 05:59:05.000000,186.68,2,2,RECONCILIATION SUCCESSFUL,INTEGRITY VERIFIED,INTEGRITY VERIFIED
21267,17005,2026-06-11 13:40:41.389625,216.99,3,3,RECONCILIATION SUCCESSFUL,INTEGRITY VERIFIED,INTEGRITY VERIFIED
41586,33166,2024-01-31 02:58:24.000000,79.49,2,2,RECONCILIATION SUCCESSFUL,INTEGRITY VERIFIED,INTEGRITY VERIFIED
103308,82839,2025-02-08 05:34:53.000000,84.43,2,2,RECONCILIATION SUCCESSFUL,INTEGRITY VERIFIED,INTEGRITY VERIFIED
62025,49549,2026-04-28 05:38:02.000000,39.83,1,1,RECONCILIATION SUCCESSFUL,INTEGRITY VERIFIED,INTEGRITY VERIFIED
105795,84795,2026-03-28 08:55:30.000000,39.88,1,1,RECONCILIATION SUCCESSFUL,INTEGRITY VERIFIED,INTEGRITY VERIFIED
102910,82512,2025-05-01 03:53:43.000000,39.95,1,1,RECONCILIATION SUCCESSFUL,INTEGRITY VERIFIED,INTEGRITY VERIFIED
111243,89094,2026-04-13 22:34:02.000000,39.98,1,1,RECONCILIATION SUCCESSFUL,INTEGRITY VERIFIED,INTEGRITY VERIFIED
39705,31707,2023-12-16 22:51:49.000000,159.97,2,2,RECONCILIATION SUCCESSFUL,INTEGRITY VERIFIED,INTEGRITY VERIFIED
76386,61077,2025-06-21 09:12:05.000000,91.85,2,2,RECONCILIATION SUCCESSFUL,INTEGRITY VERIFIED,INTEGRITY VERIFIED
87153,69755,2024-02-06 18:26:58.000000,39.99,1,1,RECONCILIATION SUCCESSFUL,INTEGRITY VERIFIED,INTEGRITY VERIFIED
124091,99377,2024-01-18 03:26:58.000000,39.99,1,1,RECONCILIATION SUCCESSFUL,INTEGRITY VERIFIED,INTEGRITY VERIFIED
38385,30637,2024-06-09 13:07:14.000000,40.0,1,1,RECONCILIATION SUCCESSFUL,INTEGRITY VERIFIED,INTEGRITY VERIFIED
87774,70250,2024-12-21 23:00:21.000000,40.6,1,1,RECONCILIATION SUCCESSFUL,INTEGRITY VERIFIED,INTEGRITY VERIFIED
66795,53409,2026-01-08 00:01:09.000000,90.55,2,2,RECONCILIATION SUCCESSFUL,INTEGRITY VERIFIED,INTEGRITY VERIFIED
33642,26844,2025-07-09 08:07:26.000000,40.6,1,1,RECONCILIATION SUCCESSFUL,INTEGRITY VERIFIED,INTEGRITY VERIFIED
55774,44576,2021-06-24 19:35:20.000000,41.99,1,1,RECONCILIATION SUCCESSFUL,INTEGRITY VERIFIED,INTEGRITY VERIFIED
57716,46127,2022-05-09 17:00:04.000000,42.01,1,1,RECONCILIATION SUCCESSFUL,INTEGRITY VERIFIED,INTEGRITY VERIFIED
37033,29565,2025-01-21 12:54:07.000000,84.58,2,2,RECONCILIATION SUCCESSFUL,INTEGRITY VERIFIED,INTEGRITY VERIFIED
116986,93672,2024-12-21 22:06:07.000000,42.95,1,1,RECONCILIATION SUCCESSFUL,INTEGRITY VERIFIED,INTEGRITY VERIFIED
124729,99852,2025-06-15 11:51:00.000000,42.99,1,1,RECONCILIATION SUCCESSFUL,INTEGRITY VERIFIED,INTEGRITY VERIFIED
26596,21254,2026-06-15 20:34:27.272302,43.14,1,1,RECONCILIATION SUCCESSFUL,INTEGRITY VERIFIED,INTEGRITY VERIFIED
10143,8088,2024-05-04 17:35:57.000000,43.97,1,1,RECONCILIATION SUCCESSFUL,INTEGRITY VERIFIED,INTEGRITY VERIFIED
60701,48475,2023-07-20 16:43:10.000000,44.0,1,1,RECONCILIATION SUCCESSFUL,INTEGRITY VERIFIED,INTEGRITY VERIFIED
63102,50417,2024-05-03 08:08:48.000000,44.0,1,1,RECONCILIATION SUCCESSFUL,INTEGRITY VERIFIED,INTEGRITY VERIFIED
38914,31086,2026-04-15 19:10:52.000000,44.0,1,1,RECONCILIATION SUCCESSFUL,INTEGRITY VERIFIED,INTEGRITY VERIFIED
96648,77497,2020-11-18 12:20:42.000000,44.51,1,1,RECONCILIATION SUCCESSFUL,INTEGRITY VERIFIED,INTEGRITY VERIFIED
42111,33585,2025-02-10 18:12:11.000000,44.93,1,1,RECONCILIATION SUCCESSFUL,INTEGRITY VERIFIED,INTEGRITY VERIFIED
25474,20344,2026-04-12 19:26:23.000000,44.99,1,1,RECONCILIATION SUCCESSFUL,INTEGRITY VERIFIED,INTEGRITY VERIFIED
98906,79300,2026-03-11 23:29:49.000000,95.94,2,2,RECONCILIATION SUCCESSFUL,INTEGRITY VERIFIED,INTEGRITY VERIFIED
17210,13684,2022-02-28 16:20:30.000000,46.5,1,1,RECONCILIATION SUCCESSFUL,INTEGRITY VERIFIED,INTEGRITY VERIFIED
117135,93805,2023-03-29 20:53:24.000000,47.0,1,1,RECONCILIATION SUCCESSFUL,INTEGRITY VERIFIED,INTEGRITY VERIFIED
39975,31917,2025-08-16 23:54:28.000000,47.07,1,1,RECONCILIATION SUCCESSFUL,INTEGRITY VERIFIED,INTEGRITY VERIFIED
105547,84607,2026-05-28 08:02:44.000000,334.5,3,3,RECONCILIATION SUCCESSFUL,INTEGRITY VERIFIED,INTEGRITY VERIFIED
74569,59645,2026-03-25 06:21:47.000000,47.99,1,1,RECONCILIATION SUCCESSFUL,INTEGRITY VERIFIED,INTEGRITY VERIFIED
36470,29102,2021-07-25 17:56:00.000000,48.0,1,1,RECONCILIATION SUCCESSFUL,INTEGRITY VERIFIED,INTEGRITY VERIFIED
47876,38255,2023-12-07 10:51:06.000000,48.0,1,1,RECONCILIATION SUCCESSFUL,INTEGRITY VERIFIED,INTEGRITY VERIFIED
113545,90896,2026-03-22 20:57:07.000000,48.0,1,1,RECONCILIATION SUCCESSFUL,INTEGRITY VERIFIED,INTEGRITY VERIFIED
10596,8437,2026-06-05 16:17:17.000000,292.3,3,3,RECONCILIATION SUCCESSFUL,INTEGRITY VERIFIED,INTEGRITY VERIFIED
12304,9805,2025-12-30 09:37:57.000000,48.3,1,1,RECONCILIATION SUCCESSFUL,INTEGRITY VERIFIED,INTEGRITY VERIFIED
86310,69101,2026-05-11 13:05:14.000000,48.95,1,1,RECONCILIATION SUCCESSFUL,INTEGRITY VERIFIED,INTEGRITY VERIFIED
77447,61911,2024-12-25 21:57:30.000000,48.99,1,1,RECONCILIATION SUCCESSFUL,INTEGRITY VERIFIED,INTEGRITY VERIFIED
43457,34681,2025-09-11 00:09:40.000000,49.5,1,1,RECONCILIATION SUCCESSFUL,INTEGRITY VERIFIED,INTEGRITY VERIFIED
11636,9246,2022-10-16 08:41:09.000000,49.5,1,1,RECONCILIATION SUCCESSFUL,INTEGRITY VERIFIED,INTEGRITY VERIFIED
23642,18890,2023-10-09 20:35:13.000000,49.5,1,1,RECONCILIATION SUCCESSFUL,INTEGRITY VERIFIED,INTEGRITY VERIFIED
79589,63612,2026-06-08 04:12:44.000000,324.5,3,3,RECONCILIATION SUCCESSFUL,INTEGRITY VERIFIED,INTEGRITY VERIFIED
59056,47198,2026-03-10 01:24:16.000000,148.5,2,2,RECONCILIATION SUCCESSFUL,INTEGRITY VERIFIED,INTEGRITY VERIFIED
104230,83528,2025-08-14 21:53:16.000000,193.06,3,3,RECONCILIATION SUCCESSFUL,INTEGRITY VERIFIED,INTEGRITY VERIFIED
106806,85589,2025-06-27 23:21:10.000000,133.83,2,2,RECONCILIATION SUCCESSFUL,INTEGRITY VERIFIED,INTEGRITY VERIFIED
115939,92825,2023-06-12 04:08:05.000000,49.99,1,1,RECONCILIATION SUCCESSFUL,INTEGRITY VERIFIED,INTEGRITY VERIFIED
73073,58451,2025-11-04 19:56:50.000000,119.99,2,2,RECONCILIATION SUCCESSFUL,INTEGRITY VERIFIED,INTEGRITY VERIFIED
88900,71141,2023-11-26 23:53:06.000000,291.83,4,4,RECONCILIATION SUCCESSFUL,INTEGRITY VERIFIED,INTEGRITY VERIFIED
48419,38674,2026-01-23 03:21:12.000000,50.0,1,1,RECONCILIATION SUCCESSFUL,INTEGRITY VERIFIED,INTEGRITY VERIFIED
12840,10195,2025-07-21 02:26:03.000000,50.0,1,1,RECONCILIATION SUCCESSFUL,INTEGRITY VERIFIED,INTEGRITY VERIFIED
18088,14414,2025-11-07 09:42:50.000000,138.08,2,2,RECONCILIATION SUCCESSFUL,INTEGRITY VERIFIED,INTEGRITY VERIFIED
41686,33251,2025-04-17 04:04:57.000000,52.0,1,1,RECONCILIATION SUCCESSFUL,INTEGRITY VERIFIED,INTEGRITY VERIFIED
26214,20936,2026-04-21 19:12:28.000000,363.53,4,4,RECONCILIATION SUCCESSFUL,INTEGRITY VERIFIED,INTEGRITY VERIFIED
2661,2120,2025-04-18 15:46:42.000000,112.59,2,2,RECONCILIATION SUCCESSFUL,INTEGRITY VERIFIED,INTEGRITY VERIFIED
50239,40137,2023-06-23 13:55:51.000000,53.0,1,1,RECONCILIATION SUCCESSFUL,INTEGRITY VERIFIED,INTEGRITY VERIFIED
96517,77383,2024-09-28 03:10:48.000000,144.63,2,2,RECONCILIATION SUCCESSFUL,INTEGRITY VERIFIED,INTEGRITY VERIFIED
69571,55640,2023-07-28 21:27:54.000000,53.94,1,1,RECONCILIATION SUCCESSFUL,INTEGRITY VERIFIED,INTEGRITY VERIFIED
83980,67207,2025-06-22 23:49:16.000000,143.94,2,2,RECONCILIATION SUCCESSFUL,INTEGRITY VERIFIED,INTEGRITY VERIFIED
1195,949,2025-02-14 13:04:30.000000,353.0,2,2,RECONCILIATION SUCCESSFUL,INTEGRITY VERIFIED,INTEGRITY VERIFIED
88719,70993,2026-04-11 22:34:45.000000,54.0,1,1,RECONCILIATION SUCCESSFUL,INTEGRITY VERIFIED,INTEGRITY VERIFIED
108962,87283,2026-06-15 11:31:44.778094,144.45,2,2,RECONCILIATION SUCCESSFUL,INTEGRITY VERIFIED,INTEGRITY VERIFIED
22897,18288,2026-05-19 06:19:53.000000,55.0,1,1,RECONCILIATION SUCCESSFUL,INTEGRITY VERIFIED,INTEGRITY VERIFIED
67535,54025,2026-03-25 14:11:40.000000,55.0,1,1,RECONCILIATION SUCCESSFUL,INTEGRITY VERIFIED,INTEGRITY VERIFIED
76891,61483,2019-12-25 23:50:56.000000,55.0,1,1,RECONCILIATION SUCCESSFUL,INTEGRITY VERIFIED,INTEGRITY VERIFIED
25910,20700,2024-03-15 21:15:27.000000,55.0,1,1,RECONCILIATION SUCCESSFUL,INTEGRITY VERIFIED,INTEGRITY VERIFIED
30744,24546,2022-11-24 22:33:21.000000,55.0,1,1,RECONCILIATION SUCCESSFUL,INTEGRITY VERIFIED,INTEGRITY VERIFIED
122822,98354,2025-02-15 22:17:31.000000,55.38,1,1,RECONCILIATION SUCCESSFUL,INTEGRITY VERIFIED,INTEGRITY VERIFIED
111235,89087,2024-07-09 01:50:12.000000,170.53,2,2,RECONCILIATION SUCCESSFUL,INTEGRITY VERIFIED,INTEGRITY VERIFIED
39319,31407,2026-03-27 07:58:07.000000,55.5,1,1,RECONCILIATION SUCCESSFUL,INTEGRITY VERIFIED,INTEGRITY VERIFIED
44510,35498,2022-10-11 11:00:24.000000,232.0,2,2,RECONCILIATION SUCCESSFUL,INTEGRITY VERIFIED,INTEGRITY VERIFIED
104706,83920,2022-12-23 20:46:23.000000,57.99,1,1,RECONCILIATION SUCCESSFUL,INTEGRITY VERIFIED,INTEGRITY VERIFIED
95783,76790,2026-06-05 07:42:32.000000,58.0,1,1,RECONCILIATION SUCCESSFUL,INTEGRITY VERIFIED,INTEGRITY VERIFIED
96806,77617,2024-07-31 03:16:35.000000,254.95,2,2,RECONCILIATION SUCCESSFUL,INTEGRITY VERIFIED,INTEGRITY VERIFIED
84803,67845,2022-02-20 17:00:44.000000,58.97,1,1,RECONCILIATION SUCCESSFUL,INTEGRITY VERIFIED,INTEGRITY VERIFIED
22132,17656,2022-04-01 23:47:48.000000,58.99,1,1,RECONCILIATION SUCCESSFUL,INTEGRITY VERIFIED,INTEGRITY VERIFIED
108211,86679,2026-06-09 14:14:09.000000,59.0,1,1,RECONCILIATION SUCCESSFUL,INTEGRITY VERIFIED,INTEGRITY VERIFIED
66137,52863,2025-06-14 00:54:55.000000,59.52,1,1,RECONCILIATION SUCCESSFUL,INTEGRITY VERIFIED,INTEGRITY VERIFIED
113330,90728,2026-01-16 21:34:01.000000,209.0,2,2,RECONCILIATION SUCCESSFUL,INTEGRITY VERIFIED,INTEGRITY VERIFIED
96852,77646,2025-08-02 12:01:06.000000,60.99,1,1,RECONCILIATION SUCCESSFUL,INTEGRITY VERIFIED,INTEGRITY VERIFIED
33667,26865,2026-02-16 14:01:13.000000,61.0,1,1,RECONCILIATION SUCCESSFUL,INTEGRITY VERIFIED,INTEGRITY VERIFIED
56767,45367,2024-05-14 03:14:31.000000,176.74,2,2,RECONCILIATION SUCCESSFUL,INTEGRITY VERIFIED,INTEGRITY VERIFIED
115732,92651,2025-10-30 06:57:56.000000,62.36,1,1,RECONCILIATION SUCCESSFUL,INTEGRITY VERIFIED,INTEGRITY VERIFIED
28407,22707,2019-10-22 12:16:18.000000,63.65,1,1,RECONCILIATION SUCCESSFUL,INTEGRITY VERIFIED,INTEGRITY VERIFIED
14124,11251,2026-06-13 17:12:16.408378,64.0,1,1,RECONCILIATION SUCCESSFUL,INTEGRITY VERIFIED,INTEGRITY VERIFIED
49850,39819,2020-04-14 16:22:27.000000,64.17,1,1,RECONCILIATION SUCCESSFUL,INTEGRITY VERIFIED,INTEGRITY VERIFIED
63985,51125,2025-08-10 10:01:44.000000,64.5,1,1,RECONCILIATION SUCCESSFUL,INTEGRITY VERIFIED,INTEGRITY VERIFIED
2152,1721,2019-06-15 18:34:50.000000,64.99,1,1,RECONCILIATION SUCCESSFUL,INTEGRITY VERIFIED,INTEGRITY VERIFIED
50156,40057,2025-03-23 18:06:08.000000,65.0,1,1,RECONCILIATION SUCCESSFUL,INTEGRITY VERIFIED,INTEGRITY VERIFIED
69192,55349,2025-07-18 11:16:20.000000,65.0,1,1,RECONCILIATION SUCCESSFUL,INTEGRITY VERIFIED,INTEGRITY VERIFIED
63026,50359,2022-05-28 13:46:06.000000,66.0,1,1,RECONCILIATION SUCCESSFUL,INTEGRITY VERIFIED,INTEGRITY VERIFIED
29353,23455,2025-11-09 15:40:53.000000,165.88,2,2,RECONCILIATION SUCCESSFUL,INTEGRITY VERIFIED,INTEGRITY VERIFIED
69179,55334,2025-10-04 08:35:21.000000,67.95,1,1,RECONCILIATION SUCCESSFUL,INTEGRITY VERIFIED,INTEGRITY VERIFIED
56383,45050,2026-06-13 17:23:54.817450,163.0,2,2,RECONCILIATION SUCCESSFUL,INTEGRITY VERIFIED,INTEGRITY VERIFIED
90515,72434,2026-05-04 20:32:42.000000,68.0,1,1,RECONCILIATION SUCCESSFUL,INTEGRITY VERIFIED,INTEGRITY VERIFIED
10016,7985,2024-01-15 18:39:24.000000,162.0,2,2,RECONCILIATION SUCCESSFUL,INTEGRITY VERIFIED,INTEGRITY VERIFIED
31331,25028,2026-06-12 06:04:34.653609,69.5,1,1,RECONCILIATION SUCCESSFUL,INTEGRITY VERIFIED,INTEGRITY VERIFIED
110897,88810,2026-06-14 17:47:55.408797,69.9,1,1,RECONCILIATION SUCCESSFUL,INTEGRITY VERIFIED,INTEGRITY VERIFIED
44288,35329,2023-10-26 01:26:16.000000,69.95,1,1,RECONCILIATION SUCCESSFUL,INTEGRITY VERIFIED,INTEGRITY VERIFIED
42680,34051,2026-03-16 16:48:50.000000,69.99,1,1,RECONCILIATION SUCCESSFUL,INTEGRITY VERIFIED,INTEGRITY VERIFIED
9608,7664,2023-09-03 18:59:57.000000,161.73,2,2,RECONCILIATION SUCCESSFUL,INTEGRITY VERIFIED,INTEGRITY VERIFIED
38877,31057,2025-02-11 07:30:32.000000,283.99,2,2,RECONCILIATION SUCCESSFUL,INTEGRITY VERIFIED,INTEGRITY VERIFIED
81493,65203,2025-03-30 05:47:13.000000,78.0,1,1,RECONCILIATION SUCCESSFUL,INTEGRITY VERIFIED,INTEGRITY VERIFIED
116457,93238,2025-07-29 03:33:41.000000,189.0,2,2,RECONCILIATION SUCCESSFUL,INTEGRITY VERIFIED,INTEGRITY VERIFIED
14176,11293,2026-06-13 15:15:39.014224,267.9,2,2,RECONCILIATION SUCCESSFUL,INTEGRITY VERIFIED,INTEGRITY VERIFIED
71441,57140,2022-02-05 02:08:42.000000,83.3,1,1,RECONCILIATION SUCCESSFUL,INTEGRITY VERIFIED,INTEGRITY VERIFIED
71871,57476,2024-12-14 11:54:42.000000,85.9,1,1,RECONCILIATION SUCCESSFUL,INTEGRITY VERIFIED,INTEGRITY VERIFIED
40245,32137,2023-07-17 05:10:45.000000,87.89,1,1,RECONCILIATION SUCCESSFUL,INTEGRITY VERIFIED,INTEGRITY VERIFIED
124607,99763,2020-02-17 11:59:00.000000,283.4,3,3,RECONCILIATION SUCCESSFUL,INTEGRITY VERIFIED,INTEGRITY VERIFIED
70033,56015,2026-03-23 13:07:53.000000,88.0,1,1,RECONCILIATION SUCCESSFUL,INTEGRITY VERIFIED,INTEGRITY VERIFIED
36068,28772,2026-04-06 13:33:08.000000,88.0,1,1,RECONCILIATION SUCCESSFUL,INTEGRITY VERIFIED,INTEGRITY VERIFIED
14425,11509,2020-05-26 19:12:57.000000,88.0,1,1,RECONCILIATION SUCCESSFUL,INTEGRITY VERIFIED,INTEGRITY VERIFIED
38610,30832,2025-09-22 18:23:56.000000,89.5,1,1,RECONCILIATION SUCCESSFUL,INTEGRITY VERIFIED,INTEGRITY VERIFIED
9768,7794,2026-04-07 12:52:23.000000,90.0,1,1,RECONCILIATION SUCCESSFUL,INTEGRITY VERIFIED,INTEGRITY VERIFIED
54030,43163,2021-06-06 05:03:36.000000,90.45,1,1,RECONCILIATION SUCCESSFUL,INTEGRITY VERIFIED,INTEGRITY VERIFIED
105001,84150,2024-05-23 08:03:23.000000,96.0,1,1,RECONCILIATION SUCCESSFUL,INTEGRITY VERIFIED,INTEGRITY VERIFIED
9488,7566,2025-04-23 13:37:47.000000,98.0,1,1,RECONCILIATION SUCCESSFUL,INTEGRITY VERIFIED,INTEGRITY VERIFIED
48077,38408,2025-02-24 02:52:19.000000,98.0,1,1,RECONCILIATION SUCCESSFUL,INTEGRITY VERIFIED,INTEGRITY VERIFIED
72826,58256,2026-05-16 04:13:56.000000,274.0,2,2,RECONCILIATION SUCCESSFUL,INTEGRITY VERIFIED,INTEGRITY VERIFIED
20737,16569,2024-12-25 20:41:38.000000,98.0,1,1,RECONCILIATION SUCCESSFUL,INTEGRITY VERIFIED,INTEGRITY VERIFIED
94986,76134,2022-09-25 07:54:48.000000,98.0,1,1,RECONCILIATION SUCCESSFUL,INTEGRITY VERIFIED,INTEGRITY VERIFIED
101051,81013,2026-06-14 18:01:50.678874,99.0,1,1,RECONCILIATION SUCCESSFUL,INTEGRITY VERIFIED,INTEGRITY VERIFIED
95997,76957,2026-01-31 03:28:24.000000,99.99,1,1,RECONCILIATION SUCCESSFUL,INTEGRITY VERIFIED,INTEGRITY VERIFIED
49997,39932,2022-08-09 19:10:06.000000,99.99,1,1,RECONCILIATION SUCCESSFUL,INTEGRITY VERIFIED,INTEGRITY VERIFIED
109614,87815,2026-01-24 18:39:06.000000,103.68,1,1,RECONCILIATION SUCCESSFUL,INTEGRITY VERIFIED,INTEGRITY VERIFIED
32062,25606,2025-07-30 08:03:00.000000,109.0,1,1,RECONCILIATION SUCCESSFUL,INTEGRITY VERIFIED,INTEGRITY VERIFIED
102949,82545,2026-02-23 04:51:17.000000,477.95,2,2,RECONCILIATION SUCCESSFUL,INTEGRITY VERIFIED,INTEGRITY VERIFIED
58261,46561,2023-09-08 00:10:07.000000,115.0,1,1,RECONCILIATION SUCCESSFUL,INTEGRITY VERIFIED,INTEGRITY VERIFIED
25701,20524,2023-03-23 12:51:36.000000,117.6,1,1,RECONCILIATION SUCCESSFUL,INTEGRITY VERIFIED,INTEGRITY VERIFIED
10420,8292,2025-11-20 06:14:22.000000,128.0,1,1,RECONCILIATION SUCCESSFUL,INTEGRITY VERIFIED,INTEGRITY VERIFIED
64103,51218,2025-11-27 01:35:22.000000,132.0,1,1,RECONCILIATION SUCCESSFUL,INTEGRITY VERIFIED,INTEGRITY VERIFIED
99012,79393,2024-07-14 06:56:26.000000,132.0,1,1,RECONCILIATION SUCCESSFUL,INTEGRITY VERIFIED,INTEGRITY VERIFIED
97251,77944,2025-06-25 03:35:32.000000,132.0,1,1,RECONCILIATION SUCCESSFUL,INTEGRITY VERIFIED,INTEGRITY VERIFIED
30625,24446,2021-10-08 23:09:23.000000,142.78,1,1,RECONCILIATION SUCCESSFUL,INTEGRITY VERIFIED,INTEGRITY VERIFIED
119306,95486,2024-12-18 00:55:41.000000,156.87,1,1,RECONCILIATION SUCCESSFUL,INTEGRITY VERIFIED,INTEGRITY VERIFIED
79803,63777,2026-02-18 14:23:52.000000,179.99,1,1,RECONCILIATION SUCCESSFUL,INTEGRITY VERIFIED,INTEGRITY VERIFIED
7728,6186,2025-05-23 22:43:06.000000,184.95,1,1,RECONCILIATION SUCCESSFUL,INTEGRITY VERIFIED,INTEGRITY VERIFIED
37473,29923,2024-01-13 00:39:23.000000,198.0,1,1,RECONCILIATION SUCCESSFUL,INTEGRITY VERIFIED,INTEGRITY VERIFIED
20899,16705,2023-10-14 03:12:24.000000,198.0,1,1,RECONCILIATION SUCCESSFUL,INTEGRITY VERIFIED,INTEGRITY VERIFIED
29966,23940,2026-06-11 04:16:07.000000,228.0,1,1,RECONCILIATION SUCCESSFUL,INTEGRITY VERIFIED,INTEGRITY VERIFIED
83249,66609,2024-01-17 16:25:56.000000,229.0,1,1,RECONCILIATION SUCCESSFUL,INTEGRITY VERIFIED,INTEGRITY VERIFIED
24897,19884,2023-04-12 22:28:05.000000,269.0,1,1,RECONCILIATION SUCCESSFUL,INTEGRITY VERIFIED,INTEGRITY VERIFIED
85079,68080,2020-12-20 08:09:20.000000,280.0,1,1,RECONCILIATION SUCCESSFUL,INTEGRITY VERIFIED,INTEGRITY VERIFIED
81229,64984,2026-04-02 19:32:11.000000,374.0,1,1,RECONCILIATION SUCCESSFUL,INTEGRITY VERIFIED,INTEGRITY VERIFIED
-10,17741,2026-06-16 15:18:00.000000,97.0,1,1,RECONCILIATION SUCCESSFUL,INTEGRITY VERIFIED,INTEGRITY VERIFIED
-29,80347,2026-06-16 17:31:00.000000,383.0,3,3,RECONCILIATION SUCCESSFUL,INTEGRITY VERIFIED,INTEGRITY VERIFIED
-62,17592,2026-06-16 10:28:00.000000,280.0,2,2,RECONCILIATION SUCCESSFUL,INTEGRITY VERIFIED,VARIANCE DETECTED
-69,66138,2026-06-16 14:49:00.000000,147.0,1,1,RECONCILIATION SUCCESSFUL,INTEGRITY VERIFIED,INTEGRITY VERIFIED
-70,10294,2026-06-16 16:26:00.000000,106.0,1,1,RECONCILIATION SUCCESSFUL,INTEGRITY VERIFIED,INTEGRITY VERIFIED
-89,14715,2026-06-16 14:35:00.000000,157.0,1,1,RECONCILIATION SUCCESSFUL,INTEGRITY VERIFIED,INTEGRITY VERIFIED
-114,54697,2026-06-16 16:48:00.000000,248.0,2,2,RECONCILIATION SUCCESSFUL,INTEGRITY VERIFIED,VARIANCE DETECTED
-133,16288,2026-06-16 15:32:00.000000,147.0,2,2,RECONCILIATION SUCCESSFUL,INTEGRITY VERIFIED,INTEGRITY VERIFIED
-143,15752,2026-06-16 17:08:00.000000,389.0,3,3,RECONCILIATION SUCCESSFUL,INTEGRITY VERIFIED,INTEGRITY VERIFIED
-220,19078,2026-06-16 17:04:00.000000,288.0,3,3,RECONCILIATION SUCCESSFUL,INTEGRITY VERIFIED,INTEGRITY VERIFIED
-237,19441,2026-06-16 09:11:00.000000,189.0,2,2,RECONCILIATION SUCCESSFUL,INTEGRITY VERIFIED,VARIANCE DETECTED
-271,17469,2026-06-16 12:20:00.000000,34.0,1,1,RECONCILIATION SUCCESSFUL,INTEGRITY VERIFIED,INTEGRITY VERIFIED
-272,54969,2026-06-16 15:02:00.000000,136.0,1,1,RECONCILIATION SUCCESSFUL,INTEGRITY VERIFIED,INTEGRITY VERIFIED
85916,68781,2026-03-25 18:30:30.000000,2.95,1,1,RECONCILIATION SUCCESSFUL,INTEGRITY VERIFIED,INTEGRITY VERIFIED
22825,18231,2024-10-14 19:02:32.000000,58.29,2,2,RECONCILIATION SUCCESSFUL,INTEGRITY VERIFIED,INTEGRITY VERIFIED
79091,63219,2026-04-18 00:06:25.000000,63.97,4,4,RECONCILIATION SUCCESSFUL,INTEGRITY VERIFIED,INTEGRITY VERIFIED
10725,8552,2026-06-01 15:45:11.000000,194.38,4,4,RECONCILIATION SUCCESSFUL,INTEGRITY VERIFIED,INTEGRITY VERIFIED
85378,68317,2022-10-05 17:04:00.000000,379.49,4,4,RECONCILIATION SUCCESSFUL,INTEGRITY VERIFIED,INTEGRITY VERIFIED
122635,98198,2020-11-06 10:53:31.000000,45.9,3,3,RECONCILIATION SUCCESSFUL,INTEGRITY VERIFIED,INTEGRITY VERIFIED
105839,84837,2022-05-12 02:30:45.000000,249.49,4,4,RECONCILIATION SUCCESSFUL,INTEGRITY VERIFIED,INTEGRITY VERIFIED
48983,39085,2025-04-07 23:53:20.000000,236.56,3,3,RECONCILIATION SUCCESSFUL,INTEGRITY VERIFIED,INTEGRITY VERIFIED
9998,7971,2023-11-26 06:43:30.000000,6.25,1,1,RECONCILIATION SUCCESSFUL,INTEGRITY VERIFIED,INTEGRITY VERIFIED
96472,77351,2025-06-19 20:23:26.000000,105.5,3,3,RECONCILIATION SUCCESSFUL,INTEGRITY VERIFIED,INTEGRITY VERIFIED
19165,15301,2024-09-23 16:11:29.000000,6.83,1,1,RECONCILIATION SUCCESSFUL,INTEGRITY VERIFIED,INTEGRITY VERIFIED
28390,22698,2023-06-05 21:25:22.000000,136.79,4,4,RECONCILIATION SUCCESSFUL,INTEGRITY VERIFIED,INTEGRITY VERIFIED
45544,36361,2025-10-03 17:03:04.000000,112.99,3,3,RECONCILIATION SUCCESSFUL,INTEGRITY VERIFIED,INTEGRITY VERIFIED
55316,44188,2026-05-11 00:23:52.000000,7.0,1,1,RECONCILIATION SUCCESSFUL,INTEGRITY VERIFIED,INTEGRITY VERIFIED
26200,20924,2024-09-27 04:23:04.000000,76.9,4,4,RECONCILIATION SUCCESSFUL,INTEGRITY VERIFIED,INTEGRITY VERIFIED
8684,6942,2024-08-02 23:12:34.000000,63.5,3,3,RECONCILIATION SUCCESSFUL,INTEGRITY VERIFIED,INTEGRITY VERIFIED
66337,53039,2025-08-16 04:05:35.000000,8.75,1,1,RECONCILIATION SUCCESSFUL,INTEGRITY VERIFIED,INTEGRITY VERIFIED
104966,84121,2022-11-13 08:08:42.000000,8.75,1,1,RECONCILIATION SUCCESSFUL,INTEGRITY VERIFIED,INTEGRITY VERIFIED
105257,84376,2025-10-07 18:13:34.000000,8.75,1,1,RECONCILIATION SUCCESSFUL,INTEGRITY VERIFIED,INTEGRITY VERIFIED
96423,77313,2025-02-22 23:09:06.000000,90.89,3,3,RECONCILIATION SUCCESSFUL,INTEGRITY VERIFIED,INTEGRITY VERIFIED
117279,93930,2026-04-02 07:17:09.000000,256.32,4,4,RECONCILIATION SUCCESSFUL,INTEGRITY VERIFIED,INTEGRITY VERIFIED
122381,97985,2025-03-21 09:31:07.000000,8.99,1,1,RECONCILIATION SUCCESSFUL,INTEGRITY VERIFIED,INTEGRITY VERIFIED
38839,31031,2024-11-21 17:56:35.000000,295.52,4,4,RECONCILIATION SUCCESSFUL,INTEGRITY VERIFIED,INTEGRITY VERIFIED
72793,58224,2025-03-05 23:22:12.000000,58.4,2,2,RECONCILIATION SUCCESSFUL,INTEGRITY VERIFIED,INTEGRITY VERIFIED
40881,32622,2023-03-03 14:16:37.000000,34.45,2,2,RECONCILIATION SUCCESSFUL,INTEGRITY VERIFIED,INTEGRITY VERIFIED
104341,83624,2025-10-24 09:04:01.000000,56.65,2,2,RECONCILIATION SUCCESSFUL,INTEGRITY VERIFIED,INTEGRITY VERIFIED
73869,59086,2026-05-30 09:06:42.000000,538.78,4,4,RECONCILIATION SUCCESSFUL,INTEGRITY VERIFIED,INTEGRITY VERIFIED
94116,75454,2024-07-28 11:23:07.000000,163.89,4,4,RECONCILIATION SUCCESSFUL,INTEGRITY VERIFIED,INTEGRITY VERIFIED
74085,59254,2021-06-12 02:50:08.000000,49.94,2,2,RECONCILIATION SUCCESSFUL,INTEGRITY VERIFIED,INTEGRITY VERIFIED
77282,61779,2021-06-06 12:33:39.000000,9.99,1,1,RECONCILIATION SUCCESSFUL,INTEGRITY VERIFIED,INTEGRITY VERIFIED
46853,37439,2025-12-04 07:59:20.000000,51.99,2,2,RECONCILIATION SUCCESSFUL,INTEGRITY VERIFIED,INTEGRITY VERIFIED
35914,28644,2026-06-16 00:05:05.014184,153.78,4,4,RECONCILIATION SUCCESSFUL,INTEGRITY VERIFIED,INTEGRITY VERIFIED
81182,64943,2024-07-08 10:03:08.000000,9.99,1,1,RECONCILIATION SUCCESSFUL,INTEGRITY VERIFIED,INTEGRITY VERIFIED
11859,9433,2024-10-26 15:39:27.000000,116.86,4,4,RECONCILIATION SUCCESSFUL,INTEGRITY VERIFIED,INTEGRITY VERIFIED
119522,95648,2025-05-07 04:20:46.000000,213.69,4,4,RECONCILIATION SUCCESSFUL,INTEGRITY VERIFIED,INTEGRITY VERIFIED
81971,65593,2026-06-14 15:45:21.000000,10.36,1,1,RECONCILIATION SUCCESSFUL,INTEGRITY VERIFIED,INTEGRITY VERIFIED
55911,44683,2021-08-06 21:41:01.000000,46.17,2,2,RECONCILIATION SUCCESSFUL,INTEGRITY VERIFIED,INTEGRITY VERIFIED
11810,9383,2026-01-14 21:39:16.000000,182.98,4,4,RECONCILIATION SUCCESSFUL,INTEGRITY VERIFIED,INTEGRITY VERIFIED
37511,29951,2023-01-28 12:07:50.000000,344.92,3,3,RECONCILIATION SUCCESSFUL,INTEGRITY VERIFIED,INTEGRITY VERIFIED
45187,36058,2026-01-20 22:50:56.000000,10.99,1,1,RECONCILIATION SUCCESSFUL,INTEGRITY VERIFIED,INTEGRITY VERIFIED
75900,60702,2020-03-25 11:29:35.000000,10.99,1,1,RECONCILIATION SUCCESSFUL,INTEGRITY VERIFIED,INTEGRITY VERIFIED
59990,47922,2024-10-04 08:26:34.000000,124.99,3,3,RECONCILIATION SUCCESSFUL,INTEGRITY VERIFIED,INTEGRITY VERIFIED
85711,68599,2025-01-30 10:52:27.000000,88.62,4,4,RECONCILIATION SUCCESSFUL,INTEGRITY VERIFIED,INTEGRITY VERIFIED
53327,42586,2022-05-15 12:06:36.000000,332.53,4,4,RECONCILIATION SUCCESSFUL,INTEGRITY VERIFIED,INTEGRITY VERIFIED
29896,23882,2026-06-16 07:47:22.000000,11.14,1,1,RECONCILIATION SUCCESSFUL,INTEGRITY VERIFIED,INTEGRITY VERIFIED
120487,96445,2022-10-10 03:03:29.000000,11.14,1,1,RECONCILIATION SUCCESSFUL,INTEGRITY VERIFIED,INTEGRITY VERIFIED
28771,22991,2023-12-06 20:10:06.000000,101.87,4,4,RECONCILIATION SUCCESSFUL,INTEGRITY VERIFIED,INTEGRITY VERIFIED
44446,35452,2024-01-10 19:37:20.000000,11.95,1,1,RECONCILIATION SUCCESSFUL,INTEGRITY VERIFIED,INTEGRITY VERIFIED
44886,35797,2021-04-08 17:38:58.000000,49.93,3,3,RECONCILIATION SUCCESSFUL,INTEGRITY VERIFIED,INTEGRITY VERIFIED
73226,58574,2021-03-10 10:03:52.000000,129.99,2,2,RECONCILIATION SUCCESSFUL,INTEGRITY VERIFIED,INTEGRITY VERIFIED
103834,83247,2025-04-27 16:11:19.000000,64.13,4,4,RECONCILIATION SUCCESSFUL,INTEGRITY VERIFIED,INTEGRITY VERIFIED
73102,58471,2023-10-04 16:35:34.000000,11.99,1,1,RECONCILIATION SUCCESSFUL,INTEGRITY VERIFIED,INTEGRITY VERIFIED
7610,6092,2023-02-25 15:50:21.000000,304.5,4,4,RECONCILIATION SUCCESSFUL,INTEGRITY VERIFIED,INTEGRITY VERIFIED
92618,74183,2025-10-13 07:39:13.000000,168.2,3,3,RECONCILIATION SUCCESSFUL,INTEGRITY VERIFIED,INTEGRITY VERIFIED
120330,96320,2026-06-04 05:08:33.000000,58.5,2,2,RECONCILIATION SUCCESSFUL,INTEGRITY VERIFIED,INTEGRITY VERIFIED
59755,47731,2025-09-24 18:52:19.000000,12.0,1,1,RECONCILIATION SUCCESSFUL,INTEGRITY VERIFIED,INTEGRITY VERIFIED
25055,20013,2026-06-15 20:07:52.445579,76.5,2,2,RECONCILIATION SUCCESSFUL,INTEGRITY VERIFIED,INTEGRITY VERIFIED
55431,44278,2021-03-01 19:25:38.000000,12.0,1,1,RECONCILIATION SUCCESSFUL,INTEGRITY VERIFIED,INTEGRITY VERIFIED
26697,21334,2024-05-05 22:10:51.000000,126.78,4,4,RECONCILIATION SUCCESSFUL,INTEGRITY VERIFIED,INTEGRITY VERIFIED
48545,38764,2025-11-16 22:34:46.000000,148.5,4,4,RECONCILIATION SUCCESSFUL,INTEGRITY VERIFIED,INTEGRITY VERIFIED
86872,69553,2026-03-31 01:19:01.000000,12.5,1,1,RECONCILIATION SUCCESSFUL,INTEGRITY VERIFIED,INTEGRITY VERIFIED
20765,16589,2024-07-24 15:26:52.000000,12.51,1,1,RECONCILIATION SUCCESSFUL,INTEGRITY VERIFIED,INTEGRITY VERIFIED
9099,7257,2023-04-21 20:32:52.000000,64.64,2,2,RECONCILIATION SUCCESSFUL,INTEGRITY VERIFIED,INTEGRITY VERIFIED
91264,73061,2024-09-01 15:37:52.000000,69.94,3,3,RECONCILIATION SUCCESSFUL,INTEGRITY VERIFIED,INTEGRITY VERIFIED
120962,96838,2026-05-13 18:50:20.000000,12.97,1,1,RECONCILIATION SUCCESSFUL,INTEGRITY VERIFIED,INTEGRITY VERIFIED
59983,47913,2024-03-10 04:29:34.000000,100.99,2,2,RECONCILIATION SUCCESSFUL,INTEGRITY VERIFIED,INTEGRITY VERIFIED
59563,47598,2026-03-18 16:14:13.000000,169.92,3,3,RECONCILIATION SUCCESSFUL,INTEGRITY VERIFIED,INTEGRITY VERIFIED
67768,54228,2022-04-20 04:54:27.000000,210.99,2,2,RECONCILIATION SUCCESSFUL,INTEGRITY VERIFIED,INTEGRITY VERIFIED
45553,36365,2025-08-08 11:20:48.000000,12.99,1,1,RECONCILIATION SUCCESSFUL,INTEGRITY VERIFIED,INTEGRITY VERIFIED
83676,66958,2026-06-16 03:35:48.000000,119.81,2,2,RECONCILIATION SUCCESSFUL,INTEGRITY VERIFIED,INTEGRITY VERIFIED
80063,64000,2025-12-10 13:17:50.000000,13.93,1,1,RECONCILIATION SUCCESSFUL,INTEGRITY VERIFIED,INTEGRITY VERIFIED
41919,33430,2023-10-16 04:37:55.000000,141.99,3,3,RECONCILIATION SUCCESSFUL,INTEGRITY VERIFIED,INTEGRITY VERIFIED
71120,56879,2026-06-12 01:37:59.552047,14.0,1,1,RECONCILIATION SUCCESSFUL,INTEGRITY VERIFIED,INTEGRITY VERIFIED
33085,26394,2022-08-23 16:44:22.000000,84.67,4,4,RECONCILIATION SUCCESSFUL,INTEGRITY VERIFIED,INTEGRITY VERIFIED
99296,79612,2025-10-22 22:50:23.000000,32.4,2,2,RECONCILIATION SUCCESSFUL,INTEGRITY VERIFIED,INTEGRITY VERIFIED
110871,88795,2025-10-01 14:11:58.000000,116.46,4,4,RECONCILIATION SUCCESSFUL,INTEGRITY VERIFIED,INTEGRITY VERIFIED
30394,24268,2023-05-19 17:04:46.000000,34.89,2,2,RECONCILIATION SUCCESSFUL,INTEGRITY VERIFIED,INTEGRITY VERIFIED
98528,78999,2022-10-19 15:13:26.000000,42.85,2,2,RECONCILIATION SUCCESSFUL,INTEGRITY VERIFIED,INTEGRITY VERIFIED
103936,83316,2025-01-06 14:18:25.000000,199.22,4,4,RECONCILIATION SUCCESSFUL,INTEGRITY VERIFIED,INTEGRITY VERIFIED
114149,91404,2024-12-07 15:38:48.000000,83.95,2,2,RECONCILIATION SUCCESSFUL,INTEGRITY VERIFIED,INTEGRITY VERIFIED
118173,94608,2024-11-07 20:59:39.000000,237.98,3,3,RECONCILIATION SUCCESSFUL,INTEGRITY VERIFIED,INTEGRITY VERIFIED
69845,55854,2023-12-04 09:48:27.000000,174.94,2,2,RECONCILIATION SUCCESSFUL,INTEGRITY VERIFIED,INTEGRITY VERIFIED
108296,86747,2025-12-28 09:42:10.000000,113.0,2,2,RECONCILIATION SUCCESSFUL,INTEGRITY VERIFIED,INTEGRITY VERIFIED
103262,82806,2021-07-07 05:42:28.000000,15.0,1,1,RECONCILIATION SUCCESSFUL,INTEGRITY VERIFIED,INTEGRITY VERIFIED
47143,37672,2024-01-15 18:32:39.000000,76.33,2,2,RECONCILIATION SUCCESSFUL,INTEGRITY VERIFIED,INTEGRITY VERIFIED
101688,81531,2023-10-17 10:40:22.000000,330.94,4,4,RECONCILIATION SUCCESSFUL,INTEGRITY VERIFIED,INTEGRITY VERIFIED
101592,81457,2025-05-24 22:44:38.000000,40.95,2,2,RECONCILIATION SUCCESSFUL,INTEGRITY VERIFIED,INTEGRITY VERIFIED
110859,88786,2025-10-26 08:01:31.000000,170.93,4,4,RECONCILIATION SUCCESSFUL,INTEGRITY VERIFIED,INTEGRITY VERIFIED
56458,45112,2026-01-28 23:23:04.000000,15.99,1,1,RECONCILIATION SUCCESSFUL,INTEGRITY VERIFIED,INTEGRITY VERIFIED
15332,12228,2024-11-18 07:55:12.000000,15.99,1,1,RECONCILIATION SUCCESSFUL,INTEGRITY VERIFIED,INTEGRITY VERIFIED
70877,56688,2021-04-24 13:49:50.000000,172.86,2,2,RECONCILIATION SUCCESSFUL,INTEGRITY VERIFIED,INTEGRITY VERIFIED
11498,9135,2026-04-06 08:59:49.000000,127.65,3,3,RECONCILIATION SUCCESSFUL,INTEGRITY VERIFIED,INTEGRITY VERIFIED
15368,12257,2026-06-12 20:18:58.000000,16.74,1,1,RECONCILIATION SUCCESSFUL,INTEGRITY VERIFIED,INTEGRITY VERIFIED
58736,46932,2025-09-09 09:15:49.000000,59.49,2,2,RECONCILIATION SUCCESSFUL,INTEGRITY VERIFIED,INTEGRITY VERIFIED
120089,96132,2025-01-08 19:38:55.000000,16.99,1,1,RECONCILIATION SUCCESSFUL,INTEGRITY VERIFIED,INTEGRITY VERIFIED
12746,10121,2022-05-04 15:32:34.000000,16.99,1,1,RECONCILIATION SUCCESSFUL,INTEGRITY VERIFIED,INTEGRITY VERIFIED
110171,88250,2024-09-01 05:58:06.000000,124.49,2,2,RECONCILIATION SUCCESSFUL,INTEGRITY VERIFIED,INTEGRITY VERIFIED
10540,8386,2026-04-21 07:01:19.000000,17.0,1,1,RECONCILIATION SUCCESSFUL,INTEGRITY VERIFIED,INTEGRITY VERIFIED
107125,85853,2021-08-11 11:56:06.000000,17.0,1,1,RECONCILIATION SUCCESSFUL,INTEGRITY VERIFIED,INTEGRITY VERIFIED
22957,18339,2022-08-28 23:36:32.000000,17.0,1,1,RECONCILIATION SUCCESSFUL,INTEGRITY VERIFIED,INTEGRITY VERIFIED
36731,29318,2024-08-13 11:29:49.000000,17.0,1,1,RECONCILIATION SUCCESSFUL,INTEGRITY VERIFIED,INTEGRITY VERIFIED
52347,41792,2026-02-27 04:42:24.000000,90.62,4,4,RECONCILIATION SUCCESSFUL,INTEGRITY VERIFIED,INTEGRITY VERIFIED
105241,84363,2025-09-03 23:51:14.000000,153.93,4,4,RECONCILIATION SUCCESSFUL,INTEGRITY VERIFIED,INTEGRITY VERIFIED
38923,31098,2026-04-28 10:20:38.000000,142.59,4,4,RECONCILIATION SUCCESSFUL,INTEGRITY VERIFIED,INTEGRITY VERIFIED
27796,22223,2020-04-30 12:46:09.000000,18.0,1,1,RECONCILIATION SUCCESSFUL,INTEGRITY VERIFIED,INTEGRITY VERIFIED
61712,49294,2026-05-22 14:17:30.000000,165.14,4,4,RECONCILIATION SUCCESSFUL,INTEGRITY VERIFIED,INTEGRITY VERIFIED
75353,60265,2026-03-10 06:56:46.000000,18.0,1,1,RECONCILIATION SUCCESSFUL,INTEGRITY VERIFIED,INTEGRITY VERIFIED
12381,9862,2021-04-12 00:33:18.000000,117.99,2,2,RECONCILIATION SUCCESSFUL,INTEGRITY VERIFIED,INTEGRITY VERIFIED
8443,6746,2025-02-04 07:19:43.000000,100.8,2,2,RECONCILIATION SUCCESSFUL,INTEGRITY VERIFIED,INTEGRITY VERIFIED
54860,43825,2025-09-05 20:48:07.000000,227.06,4,4,RECONCILIATION SUCCESSFUL,INTEGRITY VERIFIED,INTEGRITY VERIFIED
2066,1651,2025-02-05 23:45:12.000000,175.38,4,4,RECONCILIATION SUCCESSFUL,INTEGRITY VERIFIED,INTEGRITY VERIFIED
85719,68604,2022-12-19 14:55:01.000000,18.99,1,1,RECONCILIATION SUCCESSFUL,INTEGRITY VERIFIED,INTEGRITY VERIFIED
85398,68338,2025-09-13 04:14:48.000000,155.49,3,3,RECONCILIATION SUCCESSFUL,INTEGRITY VERIFIED,INTEGRITY VERIFIED
98410,78907,2025-08-10 21:06:54.000000,19.6,1,1,RECONCILIATION SUCCESSFUL,INTEGRITY VERIFIED,INTEGRITY VERIFIED
47227,37737,2025-02-21 04:45:48.000000,164.95,3,3,RECONCILIATION SUCCESSFUL,INTEGRITY VERIFIED,INTEGRITY VERIFIED
108697,87065,2024-02-25 03:48:44.000000,49.94,2,2,RECONCILIATION SUCCESSFUL,INTEGRITY VERIFIED,INTEGRITY VERIFIED
45869,36622,2025-07-23 23:52:29.000000,92.41,3,3,RECONCILIATION SUCCESSFUL,INTEGRITY VERIFIED,INTEGRITY VERIFIED
106833,85603,2026-02-06 05:32:46.000000,19.99,1,1,RECONCILIATION SUCCESSFUL,INTEGRITY VERIFIED,INTEGRITY VERIFIED
112241,89870,2023-09-12 16:27:49.000000,89.98,2,2,RECONCILIATION SUCCESSFUL,INTEGRITY VERIFIED,INTEGRITY VERIFIED
1789,1434,2023-05-12 10:46:17.000000,166.89,3,3,RECONCILIATION SUCCESSFUL,INTEGRITY VERIFIED,INTEGRITY VERIFIED
33419,26647,2025-05-15 06:22:53.000000,48.94,2,2,RECONCILIATION SUCCESSFUL,INTEGRITY VERIFIED,INTEGRITY VERIFIED
44943,35850,2025-08-26 23:36:02.000000,121.94,3,3,RECONCILIATION SUCCESSFUL,INTEGRITY VERIFIED,INTEGRITY VERIFIED
102070,81824,2025-12-08 11:58:44.000000,73.97,3,3,RECONCILIATION SUCCESSFUL,INTEGRITY VERIFIED,INTEGRITY VERIFIED
31602,25253,2025-03-27 04:12:02.000000,19.99,1,1,RECONCILIATION SUCCESSFUL,INTEGRITY VERIFIED,INTEGRITY VERIFIED
75524,60400,2026-01-23 16:14:40.000000,19.99,1,1,RECONCILIATION SUCCESSFUL,INTEGRITY VERIFIED,INTEGRITY VERIFIED
92269,73870,2026-03-21 22:33:55.000000,221.94,4,4,RECONCILIATION SUCCESSFUL,INTEGRITY VERIFIED,INTEGRITY VERIFIED
104930,84099,2023-08-18 08:10:24.000000,19.99,1,1,RECONCILIATION SUCCESSFUL,INTEGRITY VERIFIED,INTEGRITY VERIFIED
120047,96098,2023-08-25 13:09:21.000000,89.98,2,2,RECONCILIATION SUCCESSFUL,INTEGRITY VERIFIED,INTEGRITY VERIFIED
60356,48204,2026-03-01 17:52:19.000000,300.0,2,2,RECONCILIATION SUCCESSFUL,INTEGRITY VERIFIED,INTEGRITY VERIFIED
19337,15442,2024-02-15 23:27:19.000000,145.0,2,2,RECONCILIATION SUCCESSFUL,INTEGRITY VERIFIED,INTEGRITY VERIFIED
111124,89005,2023-10-29 14:24:46.000000,146.66,4,4,RECONCILIATION SUCCESSFUL,INTEGRITY VERIFIED,INTEGRITY VERIFIED
23302,18613,2021-11-25 10:18:55.000000,184.76,2,2,RECONCILIATION SUCCESSFUL,INTEGRITY VERIFIED,INTEGRITY VERIFIED
13104,10407,2026-06-05 18:09:35.000000,134.04,4,4,RECONCILIATION SUCCESSFUL,INTEGRITY VERIFIED,INTEGRITY VERIFIED
1704,1360,2020-09-15 07:36:35.000000,396.46,4,4,RECONCILIATION SUCCESSFUL,INTEGRITY VERIFIED,INTEGRITY VERIFIED
2019,1621,2020-11-05 15:41:34.000000,21.6,1,1,RECONCILIATION SUCCESSFUL,INTEGRITY VERIFIED,INTEGRITY VERIFIED
94141,75478,2024-03-01 11:07:09.000000,21.99,1,1,RECONCILIATION SUCCESSFUL,INTEGRITY VERIFIED,INTEGRITY VERIFIED
89751,71808,2025-02-02 22:12:47.000000,126.99,3,3,RECONCILIATION SUCCESSFUL,INTEGRITY VERIFIED,INTEGRITY VERIFIED
81662,65348,2025-10-25 12:27:55.000000,22.45,1,1,RECONCILIATION SUCCESSFUL,INTEGRITY VERIFIED,INTEGRITY VERIFIED
4863,3844,2022-02-28 20:05:24.000000,47.5,2,2,RECONCILIATION SUCCESSFUL,INTEGRITY VERIFIED,INTEGRITY VERIFIED
19250,15368,2026-02-07 20:04:39.000000,56.5,2,2,RECONCILIATION SUCCESSFUL,INTEGRITY VERIFIED,INTEGRITY VERIFIED
73372,58685,2023-08-17 21:28:55.000000,22.5,1,1,RECONCILIATION SUCCESSFUL,INTEGRITY VERIFIED,INTEGRITY VERIFIED
83732,67008,2025-04-06 21:34:13.000000,262.49,4,4,RECONCILIATION SUCCESSFUL,INTEGRITY VERIFIED,INTEGRITY VERIFIED
48720,38892,2023-12-10 19:59:20.000000,63.98,2,2,RECONCILIATION SUCCESSFUL,INTEGRITY VERIFIED,INTEGRITY VERIFIED
42042,33524,2024-10-22 01:08:22.000000,168.63,4,4,RECONCILIATION SUCCESSFUL,INTEGRITY VERIFIED,INTEGRITY VERIFIED
66862,53463,2025-02-09 07:23:54.000000,81.76,2,2,RECONCILIATION SUCCESSFUL,INTEGRITY VERIFIED,INTEGRITY VERIFIED
93851,75212,2026-02-03 23:33:07.000000,23.97,1,1,RECONCILIATION SUCCESSFUL,INTEGRITY VERIFIED,INTEGRITY VERIFIED
106095,85017,2022-02-13 09:41:09.000000,423.0,2,2,RECONCILIATION SUCCESSFUL,INTEGRITY VERIFIED,INTEGRITY VERIFIED
45409,36249,2019-07-27 08:03:11.000000,24.0,1,1,RECONCILIATION SUCCESSFUL,INTEGRITY VERIFIED,INTEGRITY VERIFIED
52527,41923,2026-02-19 19:44:58.000000,24.0,1,1,RECONCILIATION SUCCESSFUL,INTEGRITY VERIFIED,INTEGRITY VERIFIED
77517,61974,2020-07-20 05:46:21.000000,163.94,4,4,RECONCILIATION SUCCESSFUL,INTEGRITY VERIFIED,INTEGRITY VERIFIED
30687,24501,2024-12-29 18:24:40.000000,49.88,2,2,RECONCILIATION SUCCESSFUL,INTEGRITY VERIFIED,INTEGRITY VERIFIED
64690,51682,2025-12-04 22:31:26.000000,52.89,2,2,RECONCILIATION SUCCESSFUL,INTEGRITY VERIFIED,INTEGRITY VERIFIED
86973,69618,2021-12-15 02:22:09.000000,59.9,2,2,RECONCILIATION SUCCESSFUL,INTEGRITY VERIFIED,INTEGRITY VERIFIED
3854,3054,2025-07-28 03:38:11.000000,24.95,1,1,RECONCILIATION SUCCESSFUL,INTEGRITY VERIFIED,INTEGRITY VERIFIED
4131,3283,2026-04-08 13:11:18.000000,122.99,2,2,RECONCILIATION SUCCESSFUL,INTEGRITY VERIFIED,INTEGRITY VERIFIED
71625,57280,2025-09-22 04:26:16.000000,74.98,2,2,RECONCILIATION SUCCESSFUL,INTEGRITY VERIFIED,INTEGRITY VERIFIED
1960,1572,2025-08-19 15:08:01.000000,24.99,1,1,RECONCILIATION SUCCESSFUL,INTEGRITY VERIFIED,INTEGRITY VERIFIED
17359,13808,2025-04-18 04:08:38.000000,68.99,2,2,RECONCILIATION SUCCESSFUL,INTEGRITY VERIFIED,INTEGRITY VERIFIED
28016,22396,2023-10-02 06:40:18.000000,114.49,2,2,RECONCILIATION SUCCESSFUL,INTEGRITY VERIFIED,INTEGRITY VERIFIED
39061,31206,2025-07-06 04:01:06.000000,56.97,2,2,RECONCILIATION SUCCESSFUL,INTEGRITY VERIFIED,INTEGRITY VERIFIED
85843,68714,2026-04-03 00:40:54.000000,283.6,4,4,RECONCILIATION SUCCESSFUL,INTEGRITY VERIFIED,INTEGRITY VERIFIED
94108,75447,2025-05-15 02:21:23.000000,25.0,1,1,RECONCILIATION SUCCESSFUL,INTEGRITY VERIFIED,INTEGRITY VERIFIED
80418,64304,2025-06-05 21:06:40.000000,143.13,2,2,RECONCILIATION SUCCESSFUL,INTEGRITY VERIFIED,INTEGRITY VERIFIED
95641,76669,2024-03-14 05:15:54.000000,171.71,4,4,RECONCILIATION SUCCESSFUL,INTEGRITY VERIFIED,INTEGRITY VERIFIED
106392,85281,2025-02-24 07:23:32.000000,25.0,1,1,RECONCILIATION SUCCESSFUL,INTEGRITY VERIFIED,INTEGRITY VERIFIED
70274,56203,2026-06-16 01:54:50.053849,25.0,1,1,RECONCILIATION SUCCESSFUL,INTEGRITY VERIFIED,INTEGRITY VERIFIED
97173,77886,2022-06-29 15:52:50.000000,391.09,4,4,RECONCILIATION SUCCESSFUL,INTEGRITY VERIFIED,INTEGRITY VERIFIED
101468,81360,2021-10-15 02:13:13.000000,54.95,2,2,RECONCILIATION SUCCESSFUL,INTEGRITY VERIFIED,INTEGRITY VERIFIED
116779,93493,2022-08-20 23:26:46.000000,121.5,3,3,RECONCILIATION SUCCESSFUL,INTEGRITY VERIFIED,INTEGRITY VERIFIED
43234,34506,2022-09-30 03:29:40.000000,195.16,3,3,RECONCILIATION SUCCESSFUL,INTEGRITY VERIFIED,INTEGRITY VERIFIED
67913,54356,2019-07-08 21:41:29.000000,25.0,1,1,RECONCILIATION SUCCESSFUL,INTEGRITY VERIFIED,INTEGRITY VERIFIED
99941,80174,2020-12-30 06:13:30.000000,64.83,2,2,RECONCILIATION SUCCESSFUL,INTEGRITY VERIFIED,INTEGRITY VERIFIED
122551,98133,2023-12-11 07:32:11.000000,25.5,1,1,RECONCILIATION SUCCESSFUL,INTEGRITY VERIFIED,INTEGRITY VERIFIED
68885,55102,2025-04-23 17:57:29.000000,167.61,3,3,RECONCILIATION SUCCESSFUL,INTEGRITY VERIFIED,INTEGRITY VERIFIED
39562,31595,2025-10-20 06:21:08.000000,95.49,2,2,RECONCILIATION SUCCESSFUL,INTEGRITY VERIFIED,INTEGRITY VERIFIED
38801,30998,2021-03-14 12:05:30.000000,26.0,1,1,RECONCILIATION SUCCESSFUL,INTEGRITY VERIFIED,INTEGRITY VERIFIED
43994,35103,2026-04-26 09:23:28.000000,91.0,2,2,RECONCILIATION SUCCESSFUL,INTEGRITY VERIFIED,INTEGRITY VERIFIED
103209,82757,2025-11-17 00:35:38.000000,71.37,2,2,RECONCILIATION SUCCESSFUL,INTEGRITY VERIFIED,INTEGRITY VERIFIED
48871,39008,2022-10-28 17:20:04.000000,26.95,1,1,RECONCILIATION SUCCESSFUL,INTEGRITY VERIFIED,INTEGRITY VERIFIED
5727,4532,2022-03-16 01:35:57.000000,26.95,1,1,RECONCILIATION SUCCESSFUL,INTEGRITY VERIFIED,INTEGRITY VERIFIED
58621,46840,2025-01-12 03:51:17.000000,26.95,1,1,RECONCILIATION SUCCESSFUL,INTEGRITY VERIFIED,INTEGRITY VERIFIED
54157,43260,2026-03-06 18:37:01.000000,269.43,4,4,RECONCILIATION SUCCESSFUL,INTEGRITY VERIFIED,INTEGRITY VERIFIED
48079,38409,2024-09-04 12:07:25.000000,70.99,2,2,RECONCILIATION SUCCESSFUL,INTEGRITY VERIFIED,INTEGRITY VERIFIED
21386,17085,2024-12-08 10:38:01.000000,27.0,1,1,RECONCILIATION SUCCESSFUL,INTEGRITY VERIFIED,INTEGRITY VERIFIED
28858,23062,2025-12-26 06:18:28.000000,66.0,2,2,RECONCILIATION SUCCESSFUL,INTEGRITY VERIFIED,INTEGRITY VERIFIED
18491,14725,2023-06-22 17:46:30.000000,27.0,1,1,RECONCILIATION SUCCESSFUL,INTEGRITY VERIFIED,INTEGRITY VERIFIED
35303,28185,2026-04-20 18:21:19.000000,27.45,1,1,RECONCILIATION SUCCESSFUL,INTEGRITY VERIFIED,INTEGRITY VERIFIED
56873,45462,2026-04-02 06:49:31.000000,97.59,2,2,RECONCILIATION SUCCESSFUL,INTEGRITY VERIFIED,INTEGRITY VERIFIED
21106,16884,2022-12-20 09:50:06.000000,73.0,2,2,RECONCILIATION SUCCESSFUL,INTEGRITY VERIFIED,INTEGRITY VERIFIED
25980,20758,2026-05-22 08:27:15.000000,107.86,2,2,RECONCILIATION SUCCESSFUL,INTEGRITY VERIFIED,INTEGRITY VERIFIED
123771,99117,2026-04-08 10:10:56.000000,90.0,2,2,RECONCILIATION SUCCESSFUL,INTEGRITY VERIFIED,INTEGRITY VERIFIED
114495,91699,2024-10-29 10:50:16.000000,77.95,2,2,RECONCILIATION SUCCESSFUL,INTEGRITY VERIFIED,INTEGRITY VERIFIED
107800,86378,2021-11-02 15:20:19.000000,63.81,2,2,RECONCILIATION SUCCESSFUL,INTEGRITY VERIFIED,INTEGRITY VERIFIED
118105,94562,2024-04-02 14:13:29.000000,28.97,1,1,RECONCILIATION SUCCESSFUL,INTEGRITY VERIFIED,INTEGRITY VERIFIED
123366,98785,2022-04-28 19:57:12.000000,62.94,2,2,RECONCILIATION SUCCESSFUL,INTEGRITY VERIFIED,INTEGRITY VERIFIED
50250,40148,2025-03-22 21:13:10.000000,152.45,4,4,RECONCILIATION SUCCESSFUL,INTEGRITY VERIFIED,INTEGRITY VERIFIED
540,449,2025-09-04 17:56:30.000000,29.45,1,1,RECONCILIATION SUCCESSFUL,INTEGRITY VERIFIED,INTEGRITY VERIFIED
19414,15497,2024-03-31 00:53:51.000000,187.9,2,2,RECONCILIATION SUCCESSFUL,INTEGRITY VERIFIED,INTEGRITY VERIFIED
31129,24864,2025-05-19 18:54:28.000000,237.94,4,4,RECONCILIATION SUCCESSFUL,INTEGRITY VERIFIED,INTEGRITY VERIFIED
33855,27005,2021-01-13 08:15:59.000000,29.98,1,1,RECONCILIATION SUCCESSFUL,INTEGRITY VERIFIED,INTEGRITY VERIFIED
62050,49571,2026-04-11 17:53:25.000000,29.99,1,1,RECONCILIATION SUCCESSFUL,INTEGRITY VERIFIED,INTEGRITY VERIFIED
67838,54281,2025-11-29 21:00:11.000000,29.99,1,1,RECONCILIATION SUCCESSFUL,INTEGRITY VERIFIED,INTEGRITY VERIFIED
96953,77715,2026-06-14 20:18:18.000000,30.0,1,1,RECONCILIATION SUCCESSFUL,INTEGRITY VERIFIED,INTEGRITY VERIFIED
36025,28737,2025-10-02 05:45:16.000000,74.0,2,2,RECONCILIATION SUCCESSFUL,INTEGRITY VERIFIED,INTEGRITY VERIFIED
72806,58237,2021-11-21 05:12:45.000000,30.0,1,1,RECONCILIATION SUCCESSFUL,INTEGRITY VERIFIED,INTEGRITY VERIFIED
79936,63894,2025-05-29 14:09:51.000000,30.2,1,1,RECONCILIATION SUCCESSFUL,INTEGRITY VERIFIED,INTEGRITY VERIFIED
52747,42091,2022-09-22 08:16:32.000000,30.2,1,1,RECONCILIATION SUCCESSFUL,INTEGRITY VERIFIED,INTEGRITY VERIFIED
23801,19013,2025-09-02 14:41:00.000000,31.07,1,1,RECONCILIATION SUCCESSFUL,INTEGRITY VERIFIED,INTEGRITY VERIFIED
42087,33558,2025-11-11 14:26:48.000000,31.07,1,1,RECONCILIATION SUCCESSFUL,INTEGRITY VERIFIED,INTEGRITY VERIFIED
108165,86648,2023-10-31 05:44:16.000000,138.08,3,3,RECONCILIATION SUCCESSFUL,INTEGRITY VERIFIED,INTEGRITY VERIFIED
46546,37188,2021-04-10 03:55:26.000000,31.81,1,1,RECONCILIATION SUCCESSFUL,INTEGRITY VERIFIED,INTEGRITY VERIFIED
52573,41951,2024-03-12 04:57:27.000000,105.99,2,2,RECONCILIATION SUCCESSFUL,INTEGRITY VERIFIED,INTEGRITY VERIFIED
49012,39104,2024-08-04 13:03:27.000000,33.0,1,1,RECONCILIATION SUCCESSFUL,INTEGRITY VERIFIED,INTEGRITY VERIFIED
48570,38782,2022-08-01 20:15:35.000000,183.6,2,2,RECONCILIATION SUCCESSFUL,INTEGRITY VERIFIED,INTEGRITY VERIFIED
89533,71652,2026-04-28 01:06:01.000000,99.9,2,2,RECONCILIATION SUCCESSFUL,INTEGRITY VERIFIED,INTEGRITY VERIFIED
21227,16973,2025-02-16 13:49:38.000000,152.99,3,3,RECONCILIATION SUCCESSFUL,INTEGRITY VERIFIED,INTEGRITY VERIFIED
55073,43995,2022-08-15 20:25:25.000000,34.0,1,1,RECONCILIATION SUCCESSFUL,INTEGRITY VERIFIED,INTEGRITY VERIFIED
80719,64571,2025-10-14 06:21:09.000000,90.49,2,2,RECONCILIATION SUCCESSFUL,INTEGRITY VERIFIED,INTEGRITY VERIFIED
77066,61614,2023-02-01 07:08:36.000000,35.0,1,1,RECONCILIATION SUCCESSFUL,INTEGRITY VERIFIED,INTEGRITY VERIFIED
78942,63089,2026-05-21 01:08:00.000000,206.98,4,4,RECONCILIATION SUCCESSFUL,INTEGRITY VERIFIED,INTEGRITY VERIFIED
10313,8216,2025-11-11 15:38:17.000000,35.0,1,1,RECONCILIATION SUCCESSFUL,INTEGRITY VERIFIED,INTEGRITY VERIFIED
77261,61765,2026-02-28 20:24:30.000000,222.73,4,4,RECONCILIATION SUCCESSFUL,INTEGRITY VERIFIED,INTEGRITY VERIFIED
91491,73253,2026-02-23 01:58:14.000000,35.8,1,1,RECONCILIATION SUCCESSFUL,INTEGRITY VERIFIED,INTEGRITY VERIFIED
102122,81866,2021-11-28 15:53:20.000000,143.8,3,3,RECONCILIATION SUCCESSFUL,INTEGRITY VERIFIED,INTEGRITY VERIFIED
59166,47277,2024-04-01 05:54:12.000000,36.0,1,1,RECONCILIATION SUCCESSFUL,INTEGRITY VERIFIED,INTEGRITY VERIFIED
83658,66949,2023-07-20 03:19:32.000000,93.19,2,2,RECONCILIATION SUCCESSFUL,INTEGRITY VERIFIED,INTEGRITY VERIFIED
4688,3713,2023-02-03 03:52:52.000000,36.0,1,1,RECONCILIATION SUCCESSFUL,INTEGRITY VERIFIED,INTEGRITY VERIFIED
17660,14051,2020-04-12 10:47:30.000000,36.0,1,1,RECONCILIATION SUCCESSFUL,INTEGRITY VERIFIED,INTEGRITY VERIFIED
54954,43894,2023-03-20 07:50:28.000000,163.5,3,3,RECONCILIATION SUCCESSFUL,INTEGRITY VERIFIED,INTEGRITY VERIFIED
115613,92552,2022-05-16 20:25:16.000000,330.28,3,3,RECONCILIATION SUCCESSFUL,INTEGRITY VERIFIED,INTEGRITY VERIFIED
19854,15856,2022-07-17 01:47:48.000000,79.44,2,2,RECONCILIATION SUCCESSFUL,INTEGRITY VERIFIED,INTEGRITY VERIFIED
54744,43730,2022-11-08 13:47:17.000000,103.76,2,2,RECONCILIATION SUCCESSFUL,INTEGRITY VERIFIED,INTEGRITY VERIFIED
65382,52213,2025-10-02 14:14:51.000000,36.95,1,1,RECONCILIATION SUCCESSFUL,INTEGRITY VERIFIED,INTEGRITY VERIFIED
53157,42436,2023-10-26 22:58:14.000000,92.0,2,2,RECONCILIATION SUCCESSFUL,INTEGRITY VERIFIED,INTEGRITY VERIFIED
110734,88681,2025-12-28 07:59:59.000000,38.0,1,1,RECONCILIATION SUCCESSFUL,INTEGRITY VERIFIED,INTEGRITY VERIFIED
86594,69338,2020-12-22 07:32:17.000000,202.95,2,2,RECONCILIATION SUCCESSFUL,INTEGRITY VERIFIED,INTEGRITY VERIFIED
78465,62721,2024-11-24 00:08:42.000000,107.5,2,2,RECONCILIATION SUCCESSFUL,INTEGRITY VERIFIED,INTEGRITY VERIFIED
111165,89035,2026-05-22 13:20:42.000000,39.5,1,1,RECONCILIATION SUCCESSFUL,INTEGRITY VERIFIED,INTEGRITY VERIFIED
10258,8178,2024-01-20 12:11:17.000000,39.5,1,1,RECONCILIATION SUCCESSFUL,INTEGRITY VERIFIED,INTEGRITY VERIFIED
38416,30666,2024-02-17 01:50:46.000000,39.98,1,1,RECONCILIATION SUCCESSFUL,INTEGRITY VERIFIED,INTEGRITY VERIFIED
124572,99737,2020-09-26 23:48:27.000000,107.99,2,2,RECONCILIATION SUCCESSFUL,INTEGRITY VERIFIED,INTEGRITY VERIFIED
75401,60305,2023-06-03 05:33:12.000000,39.99,1,1,RECONCILIATION SUCCESSFUL,INTEGRITY VERIFIED,INTEGRITY VERIFIED
98229,78754,2025-04-25 02:20:27.000000,39.99,1,1,RECONCILIATION SUCCESSFUL,INTEGRITY VERIFIED,INTEGRITY VERIFIED
34233,27316,2024-08-02 03:25:12.000000,118.0,2,2,RECONCILIATION SUCCESSFUL,INTEGRITY VERIFIED,INTEGRITY VERIFIED
118221,94647,2022-07-04 10:40:39.000000,112.85,2,2,RECONCILIATION SUCCESSFUL,INTEGRITY VERIFIED,INTEGRITY VERIFIED
113711,91034,2026-06-14 22:20:37.000000,41.8,1,1,RECONCILIATION SUCCESSFUL,INTEGRITY VERIFIED,INTEGRITY VERIFIED
44374,35401,2022-06-28 07:31:00.000000,41.99,1,1,RECONCILIATION SUCCESSFUL,INTEGRITY VERIFIED,INTEGRITY VERIFIED
26379,21080,2026-05-26 18:01:30.000000,42.0,1,1,RECONCILIATION SUCCESSFUL,INTEGRITY VERIFIED,INTEGRITY VERIFIED
72299,57811,2021-09-30 16:28:08.000000,237.99,2,2,RECONCILIATION SUCCESSFUL,INTEGRITY VERIFIED,INTEGRITY VERIFIED
21554,17219,2024-01-23 22:55:49.000000,43.15,1,1,RECONCILIATION SUCCESSFUL,INTEGRITY VERIFIED,INTEGRITY VERIFIED
12059,9601,2023-11-30 21:18:17.000000,362.99,3,3,RECONCILIATION SUCCESSFUL,INTEGRITY VERIFIED,INTEGRITY VERIFIED
19561,15612,2025-02-24 00:39:35.000000,44.0,1,1,RECONCILIATION SUCCESSFUL,INTEGRITY VERIFIED,INTEGRITY VERIFIED
6773,5398,2024-10-12 12:47:15.000000,44.42,1,1,RECONCILIATION SUCCESSFUL,INTEGRITY VERIFIED,INTEGRITY VERIFIED
54803,43782,2026-02-23 13:22:10.000000,44.99,1,1,RECONCILIATION SUCCESSFUL,INTEGRITY VERIFIED,INTEGRITY VERIFIED
93209,74681,2026-04-04 00:39:58.000000,45.0,1,1,RECONCILIATION SUCCESSFUL,INTEGRITY VERIFIED,INTEGRITY VERIFIED
5786,4579,2022-11-30 18:42:46.000000,524.45,3,3,RECONCILIATION SUCCESSFUL,INTEGRITY VERIFIED,INTEGRITY VERIFIED
21212,16961,2026-01-15 23:29:39.000000,45.08,1,1,RECONCILIATION SUCCESSFUL,INTEGRITY VERIFIED,INTEGRITY VERIFIED
39274,31367,2025-10-29 00:05:08.000000,231.0,2,2,RECONCILIATION SUCCESSFUL,INTEGRITY VERIFIED,INTEGRITY VERIFIED
21240,16986,2019-11-17 21:49:56.000000,46.0,1,1,RECONCILIATION SUCCESSFUL,INTEGRITY VERIFIED,INTEGRITY VERIFIED
74222,59360,2021-06-29 12:40:21.000000,46.0,1,1,RECONCILIATION SUCCESSFUL,INTEGRITY VERIFIED,INTEGRITY VERIFIED
13262,10525,2026-03-20 14:50:18.000000,46.0,1,1,RECONCILIATION SUCCESSFUL,INTEGRITY VERIFIED,INTEGRITY VERIFIED
103678,83118,2026-05-23 23:37:18.000000,228.93,4,4,RECONCILIATION SUCCESSFUL,INTEGRITY VERIFIED,INTEGRITY VERIFIED
117107,93772,2024-09-27 05:40:38.000000,95.5,2,2,RECONCILIATION SUCCESSFUL,INTEGRITY VERIFIED,INTEGRITY VERIFIED
68389,54731,2026-04-23 13:17:07.000000,46.5,1,1,RECONCILIATION SUCCESSFUL,INTEGRITY VERIFIED,INTEGRITY VERIFIED
1288,1027,2025-08-16 05:15:10.000000,176.0,2,2,RECONCILIATION SUCCESSFUL,INTEGRITY VERIFIED,INTEGRITY VERIFIED
90139,72137,2025-09-14 20:37:45.000000,47.07,1,1,RECONCILIATION SUCCESSFUL,INTEGRITY VERIFIED,INTEGRITY VERIFIED
66061,52800,2026-06-12 01:39:32.000000,99.74,2,2,RECONCILIATION SUCCESSFUL,INTEGRITY VERIFIED,INTEGRITY VERIFIED
101085,81039,2024-05-29 06:00:59.000000,48.4,1,1,RECONCILIATION SUCCESSFUL,INTEGRITY VERIFIED,INTEGRITY VERIFIED
62029,49552,2025-02-04 16:43:12.000000,49.45,1,1,RECONCILIATION SUCCESSFUL,INTEGRITY VERIFIED,INTEGRITY VERIFIED
15679,12517,2025-09-14 22:29:13.000000,49.5,1,1,RECONCILIATION SUCCESSFUL,INTEGRITY VERIFIED,INTEGRITY VERIFIED
29121,23271,2026-03-27 13:43:52.000000,325.62,4,4,RECONCILIATION SUCCESSFUL,INTEGRITY VERIFIED,INTEGRITY VERIFIED
94822,76016,2023-05-11 03:58:12.000000,49.5,1,1,RECONCILIATION SUCCESSFUL,INTEGRITY VERIFIED,INTEGRITY VERIFIED
47366,37842,2025-10-08 05:14:37.000000,202.94,3,3,RECONCILIATION SUCCESSFUL,INTEGRITY VERIFIED,INTEGRITY VERIFIED
70989,56772,2025-02-11 04:38:01.000000,49.95,1,1,RECONCILIATION SUCCESSFUL,INTEGRITY VERIFIED,INTEGRITY VERIFIED
40305,32186,2019-08-01 11:26:41.000000,49.99,1,1,RECONCILIATION SUCCESSFUL,INTEGRITY VERIFIED,INTEGRITY VERIFIED
76886,61480,2026-06-06 18:41:02.000000,49.99,1,1,RECONCILIATION SUCCESSFUL,INTEGRITY VERIFIED,INTEGRITY VERIFIED
108543,86936,2025-12-23 07:13:32.000000,49.99,1,1,RECONCILIATION SUCCESSFUL,INTEGRITY VERIFIED,INTEGRITY VERIFIED
36227,28900,2025-01-05 08:05:40.000000,220.99,2,2,RECONCILIATION SUCCESSFUL,INTEGRITY VERIFIED,INTEGRITY VERIFIED
104206,83509,2025-04-24 17:51:01.000000,52.5,1,1,RECONCILIATION SUCCESSFUL,INTEGRITY VERIFIED,INTEGRITY VERIFIED
56038,44783,2026-01-18 18:45:23.000000,54.0,1,1,RECONCILIATION SUCCESSFUL,INTEGRITY VERIFIED,INTEGRITY VERIFIED
62024,49548,2024-02-15 20:44:22.000000,54.0,1,1,RECONCILIATION SUCCESSFUL,INTEGRITY VERIFIED,INTEGRITY VERIFIED
44154,35229,2024-04-08 01:16:54.000000,453.4,2,2,RECONCILIATION SUCCESSFUL,INTEGRITY VERIFIED,INTEGRITY VERIFIED
108508,86909,2026-05-17 05:08:51.000000,858.2,4,4,RECONCILIATION SUCCESSFUL,INTEGRITY VERIFIED,INTEGRITY VERIFIED
22344,17826,2025-12-20 08:45:36.000000,119.9,2,2,RECONCILIATION SUCCESSFUL,INTEGRITY VERIFIED,INTEGRITY VERIFIED
123144,98611,2022-10-25 05:43:02.000000,308.23,3,3,RECONCILIATION SUCCESSFUL,INTEGRITY VERIFIED,INTEGRITY VERIFIED
116224,93054,2025-12-29 01:25:03.000000,110.95,2,2,RECONCILIATION SUCCESSFUL,INTEGRITY VERIFIED,INTEGRITY VERIFIED
103030,82616,2025-09-30 11:31:48.000000,55.0,1,1,RECONCILIATION SUCCESSFUL,INTEGRITY VERIFIED,INTEGRITY VERIFIED
68950,55155,2025-02-13 08:18:22.000000,168.39,2,2,RECONCILIATION SUCCESSFUL,INTEGRITY VERIFIED,INTEGRITY VERIFIED
26754,21381,2026-04-15 20:06:50.000000,58.5,1,1,RECONCILIATION SUCCESSFUL,INTEGRITY VERIFIED,INTEGRITY VERIFIED
55789,44590,2023-10-19 06:08:45.000000,58.97,1,1,RECONCILIATION SUCCESSFUL,INTEGRITY VERIFIED,INTEGRITY VERIFIED
116022,92889,2023-12-22 21:03:17.000000,124.0,2,2,RECONCILIATION SUCCESSFUL,INTEGRITY VERIFIED,INTEGRITY VERIFIED
100203,80382,2025-07-13 17:04:18.000000,338.07,3,3,RECONCILIATION SUCCESSFUL,INTEGRITY VERIFIED,INTEGRITY VERIFIED
9639,7692,2024-12-28 22:54:59.000000,59.95,1,1,RECONCILIATION SUCCESSFUL,INTEGRITY VERIFIED,INTEGRITY VERIFIED
29672,23703,2023-06-09 09:33:38.000000,60.0,1,1,RECONCILIATION SUCCESSFUL,INTEGRITY VERIFIED,INTEGRITY VERIFIED
72151,57690,2024-03-12 05:58:14.000000,60.27,1,1,RECONCILIATION SUCCESSFUL,INTEGRITY VERIFIED,INTEGRITY VERIFIED
52906,42224,2025-08-12 15:44:15.000000,62.0,1,1,RECONCILIATION SUCCESSFUL,INTEGRITY VERIFIED,INTEGRITY VERIFIED
98258,78783,2025-04-18 17:44:28.000000,461.0,2,2,RECONCILIATION SUCCESSFUL,INTEGRITY VERIFIED,INTEGRITY VERIFIED
123973,99271,2026-06-14 12:42:16.094566,63.65,1,1,RECONCILIATION SUCCESSFUL,INTEGRITY VERIFIED,INTEGRITY VERIFIED
93665,75058,2023-04-18 11:11:02.000000,64.95,1,1,RECONCILIATION SUCCESSFUL,INTEGRITY VERIFIED,INTEGRITY VERIFIED
16815,13392,2026-06-15 15:51:32.557610,64.95,1,1,RECONCILIATION SUCCESSFUL,INTEGRITY VERIFIED,INTEGRITY VERIFIED
29832,23834,2025-05-22 07:30:38.000000,64.99,1,1,RECONCILIATION SUCCESSFUL,INTEGRITY VERIFIED,INTEGRITY VERIFIED
59523,47573,2025-08-24 08:22:35.000000,65.0,1,1,RECONCILIATION SUCCESSFUL,INTEGRITY VERIFIED,INTEGRITY VERIFIED
17225,13692,2019-09-19 18:26:49.000000,65.0,1,1,RECONCILIATION SUCCESSFUL,INTEGRITY VERIFIED,INTEGRITY VERIFIED
299,239,2024-11-17 05:45:16.000000,265.0,2,2,RECONCILIATION SUCCESSFUL,INTEGRITY VERIFIED,INTEGRITY VERIFIED
46061,36795,2026-03-27 00:03:21.000000,67.95,1,1,RECONCILIATION SUCCESSFUL,INTEGRITY VERIFIED,INTEGRITY VERIFIED
32659,26081,2025-06-28 13:35:04.000000,68.0,1,1,RECONCILIATION SUCCESSFUL,INTEGRITY VERIFIED,INTEGRITY VERIFIED
46865,37447,2023-08-26 22:04:43.000000,68.96,1,1,RECONCILIATION SUCCESSFUL,INTEGRITY VERIFIED,INTEGRITY VERIFIED
74027,59210,2021-08-30 18:10:13.000000,68.96,1,1,RECONCILIATION SUCCESSFUL,INTEGRITY VERIFIED,INTEGRITY VERIFIED
89900,71932,2024-06-20 17:54:44.000000,333.5,2,2,RECONCILIATION SUCCESSFUL,INTEGRITY VERIFIED,INTEGRITY VERIFIED
66759,53382,2021-05-06 04:18:08.000000,69.5,1,1,RECONCILIATION SUCCESSFUL,INTEGRITY VERIFIED,INTEGRITY VERIFIED
111099,88986,2024-01-18 20:35:17.000000,148.91,2,2,RECONCILIATION SUCCESSFUL,INTEGRITY VERIFIED,INTEGRITY VERIFIED
49566,39554,2022-05-20 01:03:26.000000,299.99,3,3,RECONCILIATION SUCCESSFUL,INTEGRITY VERIFIED,INTEGRITY VERIFIED
75825,60645,2025-04-07 22:37:38.000000,78.0,1,1,RECONCILIATION SUCCESSFUL,INTEGRITY VERIFIED,INTEGRITY VERIFIED
47968,38329,2026-04-05 19:18:09.000000,194.0,2,2,RECONCILIATION SUCCESSFUL,INTEGRITY VERIFIED,INTEGRITY VERIFIED
110246,88310,2021-10-17 14:46:27.000000,79.0,1,1,RECONCILIATION SUCCESSFUL,INTEGRITY VERIFIED,INTEGRITY VERIFIED
8246,6586,2023-12-19 01:20:05.000000,79.5,1,1,RECONCILIATION SUCCESSFUL,INTEGRITY VERIFIED,INTEGRITY VERIFIED
124083,99372,2023-06-03 02:08:21.000000,79.99,1,1,RECONCILIATION SUCCESSFUL,INTEGRITY VERIFIED,INTEGRITY VERIFIED
74794,59799,2020-09-28 15:11:51.000000,79.99,1,1,RECONCILIATION SUCCESSFUL,INTEGRITY VERIFIED,INTEGRITY VERIFIED
73719,58963,2025-11-18 21:36:15.000000,310.0,2,2,RECONCILIATION SUCCESSFUL,INTEGRITY VERIFIED,INTEGRITY VERIFIED
79250,63339,2026-06-16 02:14:59.631852,84.0,1,1,RECONCILIATION SUCCESSFUL,INTEGRITY VERIFIED,INTEGRITY VERIFIED
66405,53093,2026-06-09 06:31:41.000000,84.0,1,1,RECONCILIATION SUCCESSFUL,INTEGRITY VERIFIED,INTEGRITY VERIFIED
46836,37428,2023-07-30 00:38:52.000000,84.12,1,1,RECONCILIATION SUCCESSFUL,INTEGRITY VERIFIED,INTEGRITY VERIFIED
84697,67765,2024-09-09 17:19:53.000000,85.0,1,1,RECONCILIATION SUCCESSFUL,INTEGRITY VERIFIED,INTEGRITY VERIFIED
84863,67898,2023-05-12 05:44:10.000000,87.89,1,1,RECONCILIATION SUCCESSFUL,INTEGRITY VERIFIED,INTEGRITY VERIFIED
56269,44957,2026-05-22 20:15:46.000000,88.0,1,1,RECONCILIATION SUCCESSFUL,INTEGRITY VERIFIED,INTEGRITY VERIFIED
61265,48942,2026-03-16 03:59:07.000000,88.0,1,1,RECONCILIATION SUCCESSFUL,INTEGRITY VERIFIED,INTEGRITY VERIFIED
103078,82657,2026-04-20 09:48:25.000000,309.5,2,2,RECONCILIATION SUCCESSFUL,INTEGRITY VERIFIED,INTEGRITY VERIFIED
75934,60724,2020-10-24 17:24:19.000000,90.45,1,1,RECONCILIATION SUCCESSFUL,INTEGRITY VERIFIED,INTEGRITY VERIFIED
91734,73444,2026-03-16 19:33:19.000000,94.95,1,1,RECONCILIATION SUCCESSFUL,INTEGRITY VERIFIED,INTEGRITY VERIFIED
49864,39828,2025-05-02 17:43:01.000000,95.0,1,1,RECONCILIATION SUCCESSFUL,INTEGRITY VERIFIED,INTEGRITY VERIFIED
23554,18805,2021-12-20 13:11:28.000000,98.0,1,1,RECONCILIATION SUCCESSFUL,INTEGRITY VERIFIED,INTEGRITY VERIFIED
56818,45413,2021-07-11 13:21:15.000000,98.0,1,1,RECONCILIATION SUCCESSFUL,INTEGRITY VERIFIED,INTEGRITY VERIFIED
67334,53849,2020-06-01 19:21:20.000000,98.08,1,1,RECONCILIATION SUCCESSFUL,INTEGRITY VERIFIED,INTEGRITY VERIFIED
51921,41443,2024-12-31 21:36:50.000000,99.0,1,1,RECONCILIATION SUCCESSFUL,INTEGRITY VERIFIED,INTEGRITY VERIFIED
120530,96477,2025-03-06 05:11:08.000000,99.0,1,1,RECONCILIATION SUCCESSFUL,INTEGRITY VERIFIED,INTEGRITY VERIFIED
42564,33974,2024-10-10 07:05:51.000000,99.99,1,1,RECONCILIATION SUCCESSFUL,INTEGRITY VERIFIED,INTEGRITY VERIFIED
102435,82117,2025-09-26 21:56:45.000000,108.0,1,1,RECONCILIATION SUCCESSFUL,INTEGRITY VERIFIED,INTEGRITY VERIFIED
93604,75012,2025-07-08 02:00:06.000000,108.99,1,1,RECONCILIATION SUCCESSFUL,INTEGRITY VERIFIED,INTEGRITY VERIFIED
27142,21701,2021-03-14 11:48:25.000000,108.99,1,1,RECONCILIATION SUCCESSFUL,INTEGRITY VERIFIED,INTEGRITY VERIFIED
73225,58574,2026-04-09 06:22:19.000000,109.0,1,1,RECONCILIATION SUCCESSFUL,INTEGRITY VERIFIED,INTEGRITY VERIFIED
50906,40658,2026-02-21 11:18:26.000000,109.0,1,1,RECONCILIATION SUCCESSFUL,INTEGRITY VERIFIED,INTEGRITY VERIFIED
114506,91707,2023-11-23 22:16:44.000000,115.0,1,1,RECONCILIATION SUCCESSFUL,INTEGRITY VERIFIED,INTEGRITY VERIFIED
118911,95182,2022-01-03 08:39:17.000000,117.6,1,1,RECONCILIATION SUCCESSFUL,INTEGRITY VERIFIED,INTEGRITY VERIFIED
90286,72249,2026-05-28 13:08:53.000000,119.95,1,1,RECONCILIATION SUCCESSFUL,INTEGRITY VERIFIED,INTEGRITY VERIFIED
90304,72266,2020-02-09 22:44:42.000000,119.95,1,1,RECONCILIATION SUCCESSFUL,INTEGRITY VERIFIED,INTEGRITY VERIFIED
106115,85035,2022-10-03 19:55:00.000000,126.0,1,1,RECONCILIATION SUCCESSFUL,INTEGRITY VERIFIED,INTEGRITY VERIFIED
123288,98722,2025-11-16 23:24:40.000000,126.0,1,1,RECONCILIATION SUCCESSFUL,INTEGRITY VERIFIED,INTEGRITY VERIFIED
55365,44226,2025-09-01 19:22:45.000000,150.0,1,1,RECONCILIATION SUCCESSFUL,INTEGRITY VERIFIED,INTEGRITY VERIFIED
101692,81534,2024-12-21 14:55:24.000000,158.0,1,1,RECONCILIATION SUCCESSFUL,INTEGRITY VERIFIED,INTEGRITY VERIFIED
82683,66156,2023-11-16 20:13:20.000000,159.0,1,1,RECONCILIATION SUCCESSFUL,INTEGRITY VERIFIED,INTEGRITY VERIFIED
62608,50031,2022-05-14 17:24:59.000000,160.0,1,1,RECONCILIATION SUCCESSFUL,INTEGRITY VERIFIED,INTEGRITY VERIFIED
115900,92791,2024-10-12 01:03:57.000000,162.0,1,1,RECONCILIATION SUCCESSFUL,INTEGRITY VERIFIED,INTEGRITY VERIFIED
14658,11701,2022-01-04 06:01:02.000000,169.99,1,1,RECONCILIATION SUCCESSFUL,INTEGRITY VERIFIED,INTEGRITY VERIFIED
58358,46637,2021-08-05 07:11:51.000000,171.0,1,1,RECONCILIATION SUCCESSFUL,INTEGRITY VERIFIED,INTEGRITY VERIFIED
69733,55769,2023-04-21 10:50:29.000000,178.0,1,1,RECONCILIATION SUCCESSFUL,INTEGRITY VERIFIED,INTEGRITY VERIFIED
115727,92648,2026-04-22 12:59:53.000000,178.0,1,1,RECONCILIATION SUCCESSFUL,INTEGRITY VERIFIED,INTEGRITY VERIFIED
45623,36426,2020-04-10 11:28:24.000000,178.0,1,1,RECONCILIATION SUCCESSFUL,INTEGRITY VERIFIED,INTEGRITY VERIFIED
38407,30659,2024-04-23 06:21:53.000000,179.99,1,1,RECONCILIATION SUCCESSFUL,INTEGRITY VERIFIED,INTEGRITY VERIFIED
101194,81124,2026-02-17 22:05:13.000000,185.0,1,1,RECONCILIATION SUCCESSFUL,INTEGRITY VERIFIED,INTEGRITY VERIFIED
63885,51052,2023-01-10 02:49:19.000000,196.18,1,1,RECONCILIATION SUCCESSFUL,INTEGRITY VERIFIED,INTEGRITY VERIFIED
44444,35451,2024-04-09 12:54:11.000000,198.0,1,1,RECONCILIATION SUCCESSFUL,INTEGRITY VERIFIED,INTEGRITY VERIFIED
70419,56317,2023-06-07 06:11:37.000000,199.0,1,1,RECONCILIATION SUCCESSFUL,INTEGRITY VERIFIED,INTEGRITY VERIFIED
5627,4450,2023-03-11 15:57:29.000000,207.28,1,1,RECONCILIATION SUCCESSFUL,INTEGRITY VERIFIED,INTEGRITY VERIFIED
11278,8961,2025-12-11 18:34:18.000000,731.5,3,3,RECONCILIATION SUCCESSFUL,INTEGRITY VERIFIED,INTEGRITY VERIFIED
120711,96622,2025-10-10 14:15:08.000000,228.0,1,1,RECONCILIATION SUCCESSFUL,INTEGRITY VERIFIED,INTEGRITY VERIFIED
113364,90750,2026-05-31 01:16:52.000000,229.0,1,1,RECONCILIATION SUCCESSFUL,INTEGRITY VERIFIED,INTEGRITY VERIFIED
101264,81193,2025-09-28 07:33:11.000000,345.0,1,1,RECONCILIATION SUCCESSFUL,INTEGRITY VERIFIED,INTEGRITY VERIFIED
-1,78441,2026-06-16 12:50:00.000000,339.0,2,2,RECONCILIATION SUCCESSFUL,INTEGRITY VERIFIED,INTEGRITY VERIFIED
-30,63894,2026-06-16 15:49:00.000000,316.0,3,3,RECONCILIATION SUCCESSFUL,INTEGRITY VERIFIED,INTEGRITY VERIFIED
-35,29124,2026-06-16 15:31:00.000000,309.0,3,3,RECONCILIATION SUCCESSFUL,INTEGRITY VERIFIED,VARIANCE DETECTED
-37,31004,2026-06-16 17:05:00.000000,144.0,2,2,RECONCILIATION SUCCESSFUL,INTEGRITY VERIFIED,INTEGRITY VERIFIED
-39,48860,2026-06-16 14:15:00.000000,303.0,3,3,RECONCILIATION SUCCESSFUL,INTEGRITY VERIFIED,INTEGRITY VERIFIED
-49,40288,2026-06-16 11:27:00.000000,270.0,2,2,RECONCILIATION SUCCESSFUL,INTEGRITY VERIFIED,INTEGRITY VERIFIED
-73,22164,2026-06-16 15:55:00.000000,86.0,1,1,RECONCILIATION SUCCESSFUL,INTEGRITY VERIFIED,INTEGRITY VERIFIED
-74,39408,2026-06-16 09:55:00.000000,183.0,2,2,RECONCILIATION SUCCESSFUL,INTEGRITY VERIFIED,INTEGRITY VERIFIED
-88,12487,2026-06-16 12:53:00.000000,438.0,3,3,RECONCILIATION SUCCESSFUL,INTEGRITY VERIFIED,VARIANCE DETECTED
-117,49571,2026-06-16 12:57:00.000000,348.0,2,2,RECONCILIATION SUCCESSFUL,INTEGRITY VERIFIED,VARIANCE DETECTED
-147,20696,2026-06-16 11:19:00.000000,133.0,2,2,RECONCILIATION SUCCESSFUL,INTEGRITY VERIFIED,INTEGRITY VERIFIED
-155,10187,2026-06-16 09:43:00.000000,200.0,2,2,RECONCILIATION SUCCESSFUL,INTEGRITY VERIFIED,VARIANCE DETECTED
-156,29319,2026-06-16 16:28:00.000000,500.0,3,3,RECONCILIATION SUCCESSFUL,INTEGRITY VERIFIED,INTEGRITY VERIFIED
-164,45369,2026-06-16 16:04:00.000000,197.0,1,1,RECONCILIATION SUCCESSFUL,INTEGRITY VERIFIED,INTEGRITY VERIFIED
-185,51744,2026-06-16 13:25:00.000000,314.0,3,3,RECONCILIATION SUCCESSFUL,INTEGRITY VERIFIED,VARIANCE DETECTED
-193,67034,2026-06-16 11:35:00.000000,90.0,1,1,RECONCILIATION SUCCESSFUL,INTEGRITY VERIFIED,INTEGRITY VERIFIED
-213,4522,2026-06-16 16:59:00.000000,163.0,2,2,RECONCILIATION SUCCESSFUL,INTEGRITY VERIFIED,VARIANCE DETECTED
-224,24480,2026-06-16 14:22:00.000000,181.0,1,1,RECONCILIATION SUCCESSFUL,INTEGRITY VERIFIED,INTEGRITY VERIFIED
-232,40836,2026-06-16 13:36:00.000000,216.0,3,3,RECONCILIATION SUCCESSFUL,INTEGRITY VERIFIED,VARIANCE DETECTED
-254,87422,2026-06-16 16:35:00.000000,167.0,2,2,RECONCILIATION SUCCESSFUL,INTEGRITY VERIFIED,VARIANCE DETECTED
-262,35438,2026-06-16 17:04:00.000000,124.0,2,2,RECONCILIATION SUCCESSFUL,INTEGRITY VERIFIED,INTEGRITY VERIFIED
62274,49739,2024-11-27 16:13:40.000000,142.96,4,4,RECONCILIATION SUCCESSFUL,INTEGRITY VERIFIED,INTEGRITY VERIFIED
119061,95286,2026-06-08 16:32:58.000000,17.95,2,2,RECONCILIATION SUCCESSFUL,INTEGRITY VERIFIED,INTEGRITY VERIFIED
44905,35811,2026-01-23 22:54:26.000000,71.35,3,3,RECONCILIATION SUCCESSFUL,INTEGRITY VERIFIED,INTEGRITY VERIFIED
116864,93560,2025-11-01 23:32:47.000000,52.62,4,4,RECONCILIATION SUCCESSFUL,INTEGRITY VERIFIED,INTEGRITY VERIFIED
86602,69345,2024-01-25 00:35:21.000000,160.2,3,3,RECONCILIATION SUCCESSFUL,INTEGRITY VERIFIED,INTEGRITY VERIFIED
106960,85707,2026-05-28 10:22:52.000000,5.0,1,1,RECONCILIATION SUCCESSFUL,INTEGRITY VERIFIED,INTEGRITY VERIFIED
68787,55032,2026-04-01 07:46:21.000000,124.39,4,4,RECONCILIATION SUCCESSFUL,INTEGRITY VERIFIED,INTEGRITY VERIFIED
34902,27879,2026-02-09 16:43:00.000000,198.87,4,4,RECONCILIATION SUCCESSFUL,INTEGRITY VERIFIED,INTEGRITY VERIFIED
37280,29771,2024-05-21 00:48:47.000000,125.99,2,2,RECONCILIATION SUCCESSFUL,INTEGRITY VERIFIED,INTEGRITY VERIFIED
25942,20730,2024-06-10 04:07:12.000000,117.99,2,2,RECONCILIATION SUCCESSFUL,INTEGRITY VERIFIED,INTEGRITY VERIFIED
71608,57265,2024-09-02 17:50:26.000000,34.99,2,2,RECONCILIATION SUCCESSFUL,INTEGRITY VERIFIED,INTEGRITY VERIFIED
76128,60880,2022-02-20 01:25:19.000000,20.94,2,2,RECONCILIATION SUCCESSFUL,INTEGRITY VERIFIED,INTEGRITY VERIFIED
95674,76697,2024-10-13 01:08:44.000000,65.97,3,3,RECONCILIATION SUCCESSFUL,INTEGRITY VERIFIED,INTEGRITY VERIFIED
46868,37449,2020-10-31 11:05:58.000000,107.38,4,4,RECONCILIATION SUCCESSFUL,INTEGRITY VERIFIED,INTEGRITY VERIFIED
29837,23836,2022-08-09 17:41:55.000000,8.99,1,1,RECONCILIATION SUCCESSFUL,INTEGRITY VERIFIED,INTEGRITY VERIFIED
63334,50615,2026-01-09 19:55:22.000000,36.78,2,2,RECONCILIATION SUCCESSFUL,INTEGRITY VERIFIED,INTEGRITY VERIFIED
116077,92938,2023-07-18 22:12:46.000000,9.9,1,1,RECONCILIATION SUCCESSFUL,INTEGRITY VERIFIED,INTEGRITY VERIFIED
86377,69161,2021-09-25 16:25:38.000000,99.79,3,3,RECONCILIATION SUCCESSFUL,INTEGRITY VERIFIED,INTEGRITY VERIFIED
114696,91854,2025-11-04 01:26:18.000000,34.49,2,2,RECONCILIATION SUCCESSFUL,INTEGRITY VERIFIED,INTEGRITY VERIFIED
61383,49041,2026-01-02 11:02:27.000000,60.69,2,2,RECONCILIATION SUCCESSFUL,INTEGRITY VERIFIED,INTEGRITY VERIFIED
97613,78241,2026-06-16 03:38:53.068659,64.78,2,2,RECONCILIATION SUCCESSFUL,INTEGRITY VERIFIED,INTEGRITY VERIFIED
17073,13586,2026-05-27 19:07:45.000000,11.0,1,1,RECONCILIATION SUCCESSFUL,INTEGRITY VERIFIED,INTEGRITY VERIFIED
15234,12148,2026-04-16 05:21:54.000000,23.09,2,2,RECONCILIATION SUCCESSFUL,INTEGRITY VERIFIED,INTEGRITY VERIFIED
54151,43257,2025-10-22 12:13:59.000000,132.9,4,4,RECONCILIATION SUCCESSFUL,INTEGRITY VERIFIED,INTEGRITY VERIFIED
107714,86312,2021-10-25 10:05:34.000000,11.25,1,1,RECONCILIATION SUCCESSFUL,INTEGRITY VERIFIED,INTEGRITY VERIFIED
99096,79459,2026-01-27 16:58:06.000000,152.43,3,3,RECONCILIATION SUCCESSFUL,INTEGRITY VERIFIED,INTEGRITY VERIFIED
26249,20963,2022-09-10 00:29:06.000000,51.45,2,2,RECONCILIATION SUCCESSFUL,INTEGRITY VERIFIED,INTEGRITY VERIFIED
47230,37738,2026-05-25 04:26:18.000000,11.99,1,1,RECONCILIATION SUCCESSFUL,INTEGRITY VERIFIED,INTEGRITY VERIFIED
54596,43604,2025-07-30 00:59:35.000000,255.0,4,4,RECONCILIATION SUCCESSFUL,INTEGRITY VERIFIED,INTEGRITY VERIFIED
1597,1257,2026-02-28 01:08:58.000000,65.88,3,3,RECONCILIATION SUCCESSFUL,INTEGRITY VERIFIED,INTEGRITY VERIFIED
6508,5156,2026-04-04 06:01:41.000000,37.0,2,2,RECONCILIATION SUCCESSFUL,INTEGRITY VERIFIED,INTEGRITY VERIFIED
81494,65205,2024-02-25 01:52:44.000000,49.99,2,2,RECONCILIATION SUCCESSFUL,INTEGRITY VERIFIED,INTEGRITY VERIFIED
3091,2473,2025-07-29 12:38:27.000000,241.06,4,4,RECONCILIATION SUCCESSFUL,INTEGRITY VERIFIED,INTEGRITY VERIFIED
18476,14715,2020-09-09 16:58:12.000000,286.35,4,4,RECONCILIATION SUCCESSFUL,INTEGRITY VERIFIED,INTEGRITY VERIFIED
103371,82896,2026-02-28 20:35:11.000000,12.0,1,1,RECONCILIATION SUCCESSFUL,INTEGRITY VERIFIED,INTEGRITY VERIFIED
52038,41536,2024-10-07 13:53:10.000000,419.55,4,4,RECONCILIATION SUCCESSFUL,INTEGRITY VERIFIED,INTEGRITY VERIFIED
73213,58561,2025-08-04 10:07:36.000000,12.51,1,1,RECONCILIATION SUCCESSFUL,INTEGRITY VERIFIED,INTEGRITY VERIFIED
34040,27169,2024-04-02 18:06:11.000000,33.79,2,2,RECONCILIATION SUCCESSFUL,INTEGRITY VERIFIED,INTEGRITY VERIFIED
68460,54787,2025-12-03 22:23:26.000000,33.98,2,2,RECONCILIATION SUCCESSFUL,INTEGRITY VERIFIED,INTEGRITY VERIFIED
17094,13601,2026-03-08 07:27:14.000000,127.99,4,4,RECONCILIATION SUCCESSFUL,INTEGRITY VERIFIED,INTEGRITY VERIFIED
1039,829,2023-09-17 07:54:53.000000,12.99,1,1,RECONCILIATION SUCCESSFUL,INTEGRITY VERIFIED,INTEGRITY VERIFIED
46896,37469,2026-05-19 14:14:20.000000,76.94,2,2,RECONCILIATION SUCCESSFUL,INTEGRITY VERIFIED,INTEGRITY VERIFIED
62407,49848,2026-04-26 04:39:57.000000,13.0,1,1,RECONCILIATION SUCCESSFUL,INTEGRITY VERIFIED,INTEGRITY VERIFIED
110152,88232,2022-07-19 10:15:19.000000,38.31,2,2,RECONCILIATION SUCCESSFUL,INTEGRITY VERIFIED,INTEGRITY VERIFIED
64864,51818,2026-03-17 00:51:00.000000,34.77,2,2,RECONCILIATION SUCCESSFUL,INTEGRITY VERIFIED,INTEGRITY VERIFIED
47442,37904,2025-12-04 10:36:18.000000,13.93,1,1,RECONCILIATION SUCCESSFUL,INTEGRITY VERIFIED,INTEGRITY VERIFIED
102648,82300,2023-08-17 12:47:02.000000,35.95,2,2,RECONCILIATION SUCCESSFUL,INTEGRITY VERIFIED,INTEGRITY VERIFIED
105328,84428,2023-07-03 09:13:21.000000,218.92,3,3,RECONCILIATION SUCCESSFUL,INTEGRITY VERIFIED,INTEGRITY VERIFIED
66589,53252,2022-08-21 14:47:42.000000,184.6,2,2,RECONCILIATION SUCCESSFUL,INTEGRITY VERIFIED,INTEGRITY VERIFIED
95088,76210,2026-05-13 16:30:28.000000,152.64,3,3,RECONCILIATION SUCCESSFUL,INTEGRITY VERIFIED,INTEGRITY VERIFIED
49159,39215,2023-04-02 11:04:06.000000,209.97,4,4,RECONCILIATION SUCCESSFUL,INTEGRITY VERIFIED,INTEGRITY VERIFIED
39918,31879,2023-10-08 02:17:31.000000,59.9,2,2,RECONCILIATION SUCCESSFUL,INTEGRITY VERIFIED,INTEGRITY VERIFIED
116759,93474,2026-02-16 01:14:09.000000,229.85,4,4,RECONCILIATION SUCCESSFUL,INTEGRITY VERIFIED,INTEGRITY VERIFIED
79328,63408,2022-07-26 20:38:44.000000,40.0,2,2,RECONCILIATION SUCCESSFUL,INTEGRITY VERIFIED,INTEGRITY VERIFIED
44414,35429,2025-09-21 01:08:07.000000,30.86,2,2,RECONCILIATION SUCCESSFUL,INTEGRITY VERIFIED,INTEGRITY VERIFIED
116358,93160,2024-05-21 07:02:34.000000,38.51,2,2,RECONCILIATION SUCCESSFUL,INTEGRITY VERIFIED,INTEGRITY VERIFIED
38201,30487,2026-01-12 13:27:40.000000,15.9,1,1,RECONCILIATION SUCCESSFUL,INTEGRITY VERIFIED,INTEGRITY VERIFIED
48043,38380,2026-05-17 22:28:47.000000,15.95,1,1,RECONCILIATION SUCCESSFUL,INTEGRITY VERIFIED,INTEGRITY VERIFIED
50911,40662,2026-02-25 13:50:44.000000,15.95,1,1,RECONCILIATION SUCCESSFUL,INTEGRITY VERIFIED,INTEGRITY VERIFIED
95856,76848,2025-10-08 02:33:41.000000,510.93,4,4,RECONCILIATION SUCCESSFUL,INTEGRITY VERIFIED,INTEGRITY VERIFIED
42020,33504,2023-12-15 11:08:41.000000,16.0,1,1,RECONCILIATION SUCCESSFUL,INTEGRITY VERIFIED,INTEGRITY VERIFIED
97668,78297,2023-12-17 12:55:39.000000,168.64,4,4,RECONCILIATION SUCCESSFUL,INTEGRITY VERIFIED,INTEGRITY VERIFIED
114005,91286,2023-07-12 10:40:51.000000,287.49,4,4,RECONCILIATION SUCCESSFUL,INTEGRITY VERIFIED,INTEGRITY VERIFIED
60105,48001,2022-11-16 02:03:39.000000,76.49,2,2,RECONCILIATION SUCCESSFUL,INTEGRITY VERIFIED,INTEGRITY VERIFIED
103970,83342,2026-06-13 22:40:22.403591,501.49,4,4,RECONCILIATION SUCCESSFUL,INTEGRITY VERIFIED,INTEGRITY VERIFIED
119128,95322,2025-12-29 09:42:24.000000,185.61,4,4,RECONCILIATION SUCCESSFUL,INTEGRITY VERIFIED,INTEGRITY VERIFIED
80231,64138,2025-11-29 21:45:08.000000,58.4,2,2,RECONCILIATION SUCCESSFUL,INTEGRITY VERIFIED,INTEGRITY VERIFIED
95166,76280,2025-05-28 14:35:40.000000,175.94,4,4,RECONCILIATION SUCCESSFUL,INTEGRITY VERIFIED,INTEGRITY VERIFIED
85990,68849,2025-03-16 05:59:13.000000,163.23,4,4,RECONCILIATION SUCCESSFUL,INTEGRITY VERIFIED,INTEGRITY VERIFIED
66092,52826,2020-02-26 01:13:14.000000,123.45,3,3,RECONCILIATION SUCCESSFUL,INTEGRITY VERIFIED,INTEGRITY VERIFIED
85681,68574,2026-01-19 14:28:39.000000,16.99,1,1,RECONCILIATION SUCCESSFUL,INTEGRITY VERIFIED,INTEGRITY VERIFIED
33729,26912,2025-04-07 23:43:44.000000,16.99,1,1,RECONCILIATION SUCCESSFUL,INTEGRITY VERIFIED,INTEGRITY VERIFIED
108653,87026,2025-12-29 00:17:33.000000,16.99,1,1,RECONCILIATION SUCCESSFUL,INTEGRITY VERIFIED,INTEGRITY VERIFIED
27261,21790,2024-08-07 16:29:00.000000,61.99,2,2,RECONCILIATION SUCCESSFUL,INTEGRITY VERIFIED,INTEGRITY VERIFIED
48166,38481,2023-06-19 12:19:06.000000,17.0,1,1,RECONCILIATION SUCCESSFUL,INTEGRITY VERIFIED,INTEGRITY VERIFIED
119582,95704,2022-06-11 13:56:49.000000,441.15,3,3,RECONCILIATION SUCCESSFUL,INTEGRITY VERIFIED,INTEGRITY VERIFIED
47459,37916,2025-06-01 22:16:04.000000,17.9,1,1,RECONCILIATION SUCCESSFUL,INTEGRITY VERIFIED,INTEGRITY VERIFIED
7253,5798,2023-03-09 04:05:59.000000,115.36,4,4,RECONCILIATION SUCCESSFUL,INTEGRITY VERIFIED,INTEGRITY VERIFIED
111844,89558,2025-09-10 12:19:17.000000,17.95,1,1,RECONCILIATION SUCCESSFUL,INTEGRITY VERIFIED,INTEGRITY VERIFIED
49831,39797,2026-04-19 07:43:32.000000,18.0,1,1,RECONCILIATION SUCCESSFUL,INTEGRITY VERIFIED,INTEGRITY VERIFIED
107092,85824,2025-02-05 13:53:31.000000,286.57,4,4,RECONCILIATION SUCCESSFUL,INTEGRITY VERIFIED,INTEGRITY VERIFIED
63403,50675,2026-06-04 02:35:53.000000,83.5,2,2,RECONCILIATION SUCCESSFUL,INTEGRITY VERIFIED,INTEGRITY VERIFIED
33185,26479,2025-12-07 18:17:21.000000,321.13,4,4,RECONCILIATION SUCCESSFUL,INTEGRITY VERIFIED,INTEGRITY VERIFIED
102872,82477,2026-06-15 16:48:16.145546,19.95,1,1,RECONCILIATION SUCCESSFUL,INTEGRITY VERIFIED,INTEGRITY VERIFIED
83268,66630,2025-10-23 14:53:22.000000,147.95,3,3,RECONCILIATION SUCCESSFUL,INTEGRITY VERIFIED,INTEGRITY VERIFIED
8091,6460,2023-02-08 09:49:50.000000,19.99,1,1,RECONCILIATION SUCCESSFUL,INTEGRITY VERIFIED,INTEGRITY VERIFIED
38094,30414,2024-03-08 00:47:52.000000,91.99,2,2,RECONCILIATION SUCCESSFUL,INTEGRITY VERIFIED,INTEGRITY VERIFIED
42838,34180,2024-11-24 05:09:43.000000,19.99,1,1,RECONCILIATION SUCCESSFUL,INTEGRITY VERIFIED,INTEGRITY VERIFIED
90237,72213,2022-07-27 09:12:39.000000,49.98,2,2,RECONCILIATION SUCCESSFUL,INTEGRITY VERIFIED,INTEGRITY VERIFIED
64238,51325,2026-01-25 07:12:10.000000,137.94,3,3,RECONCILIATION SUCCESSFUL,INTEGRITY VERIFIED,INTEGRITY VERIFIED
72458,57937,2023-03-01 07:07:00.000000,47.98,2,2,RECONCILIATION SUCCESSFUL,INTEGRITY VERIFIED,INTEGRITY VERIFIED
118972,95225,2026-06-11 18:28:59.000000,47.99,2,2,RECONCILIATION SUCCESSFUL,INTEGRITY VERIFIED,INTEGRITY VERIFIED
98511,78987,2023-10-16 00:17:48.000000,20.0,1,1,RECONCILIATION SUCCESSFUL,INTEGRITY VERIFIED,INTEGRITY VERIFIED
107826,86397,2022-08-06 10:29:23.000000,274.22,4,4,RECONCILIATION SUCCESSFUL,INTEGRITY VERIFIED,INTEGRITY VERIFIED
44721,35659,2024-08-12 09:07:11.000000,20.0,1,1,RECONCILIATION SUCCESSFUL,INTEGRITY VERIFIED,INTEGRITY VERIFIED
123160,98621,2023-10-27 22:01:37.000000,21.9,1,1,RECONCILIATION SUCCESSFUL,INTEGRITY VERIFIED,INTEGRITY VERIFIED
97766,78371,2026-03-19 07:26:09.000000,56.98,2,2,RECONCILIATION SUCCESSFUL,INTEGRITY VERIFIED,INTEGRITY VERIFIED
60847,48586,2021-02-17 07:22:05.000000,21.99,1,1,RECONCILIATION SUCCESSFUL,INTEGRITY VERIFIED,INTEGRITY VERIFIED
91364,73148,2025-01-28 09:13:54.000000,22.0,1,1,RECONCILIATION SUCCESSFUL,INTEGRITY VERIFIED,INTEGRITY VERIFIED
78989,63132,2024-06-11 09:28:09.000000,92.0,2,2,RECONCILIATION SUCCESSFUL,INTEGRITY VERIFIED,INTEGRITY VERIFIED
30317,24205,2023-11-13 03:45:56.000000,22.5,1,1,RECONCILIATION SUCCESSFUL,INTEGRITY VERIFIED,INTEGRITY VERIFIED
249,205,2026-01-12 18:02:25.000000,22.88,1,1,RECONCILIATION SUCCESSFUL,INTEGRITY VERIFIED,INTEGRITY VERIFIED
59957,47890,2023-08-11 02:42:10.000000,22.99,1,1,RECONCILIATION SUCCESSFUL,INTEGRITY VERIFIED,INTEGRITY VERIFIED
54753,43738,2025-05-28 16:39:29.000000,110.93,3,3,RECONCILIATION SUCCESSFUL,INTEGRITY VERIFIED,INTEGRITY VERIFIED
32341,25827,2025-12-23 13:08:15.000000,51.31,2,2,RECONCILIATION SUCCESSFUL,INTEGRITY VERIFIED,INTEGRITY VERIFIED
110045,88141,2024-04-25 10:43:19.000000,23.99,1,1,RECONCILIATION SUCCESSFUL,INTEGRITY VERIFIED,INTEGRITY VERIFIED
5978,4738,2021-10-05 00:31:28.000000,24.0,1,1,RECONCILIATION SUCCESSFUL,INTEGRITY VERIFIED,INTEGRITY VERIFIED
101902,81697,2025-11-09 06:29:25.000000,293.35,2,2,RECONCILIATION SUCCESSFUL,INTEGRITY VERIFIED,INTEGRITY VERIFIED
10830,8626,2024-07-25 23:00:33.000000,24.95,1,1,RECONCILIATION SUCCESSFUL,INTEGRITY VERIFIED,INTEGRITY VERIFIED
35121,28047,2024-12-05 14:06:10.000000,24.95,1,1,RECONCILIATION SUCCESSFUL,INTEGRITY VERIFIED,INTEGRITY VERIFIED
119339,95511,2022-12-07 18:31:08.000000,24.98,1,1,RECONCILIATION SUCCESSFUL,INTEGRITY VERIFIED,INTEGRITY VERIFIED
29166,23309,2023-07-30 14:03:48.000000,24.99,1,1,RECONCILIATION SUCCESSFUL,INTEGRITY VERIFIED,INTEGRITY VERIFIED
52860,42186,2025-06-22 17:12:29.000000,58.59,2,2,RECONCILIATION SUCCESSFUL,INTEGRITY VERIFIED,INTEGRITY VERIFIED
82845,66283,2023-12-29 17:27:15.000000,77.99,2,2,RECONCILIATION SUCCESSFUL,INTEGRITY VERIFIED,INTEGRITY VERIFIED
79685,63680,2024-09-16 17:31:02.000000,24.99,1,1,RECONCILIATION SUCCESSFUL,INTEGRITY VERIFIED,INTEGRITY VERIFIED
69622,55681,2026-02-21 23:52:44.000000,24.99,1,1,RECONCILIATION SUCCESSFUL,INTEGRITY VERIFIED,INTEGRITY VERIFIED
16694,13288,2026-01-25 21:32:28.000000,24.99,1,1,RECONCILIATION SUCCESSFUL,INTEGRITY VERIFIED,INTEGRITY VERIFIED
116830,93531,2025-11-18 23:30:48.000000,24.99,1,1,RECONCILIATION SUCCESSFUL,INTEGRITY VERIFIED,INTEGRITY VERIFIED
17720,14104,2025-05-30 03:08:39.000000,61.99,2,2,RECONCILIATION SUCCESSFUL,INTEGRITY VERIFIED,INTEGRITY VERIFIED
20348,16269,2025-11-11 21:03:52.000000,274.75,4,4,RECONCILIATION SUCCESSFUL,INTEGRITY VERIFIED,INTEGRITY VERIFIED
72551,58011,2025-08-25 20:20:52.000000,175.0,2,2,RECONCILIATION SUCCESSFUL,INTEGRITY VERIFIED,INTEGRITY VERIFIED
99712,79981,2022-03-04 03:53:17.000000,127.85,4,4,RECONCILIATION SUCCESSFUL,INTEGRITY VERIFIED,INTEGRITY VERIFIED
33816,26977,2025-06-10 05:45:12.000000,73.99,2,2,RECONCILIATION SUCCESSFUL,INTEGRITY VERIFIED,INTEGRITY VERIFIED
63328,50607,2026-04-13 20:50:26.000000,492.36,4,4,RECONCILIATION SUCCESSFUL,INTEGRITY VERIFIED,INTEGRITY VERIFIED
64784,51754,2023-04-29 13:34:26.000000,25.0,1,1,RECONCILIATION SUCCESSFUL,INTEGRITY VERIFIED,INTEGRITY VERIFIED
110174,88250,2024-09-11 07:02:28.000000,69.0,2,2,RECONCILIATION SUCCESSFUL,INTEGRITY VERIFIED,INTEGRITY VERIFIED
18791,14982,2025-04-11 19:30:00.000000,365.0,3,3,RECONCILIATION SUCCESSFUL,INTEGRITY VERIFIED,INTEGRITY VERIFIED
19929,15913,2024-03-08 04:33:04.000000,74.5,2,2,RECONCILIATION SUCCESSFUL,INTEGRITY VERIFIED,INTEGRITY VERIFIED
44082,35175,2023-12-05 17:55:27.000000,214.5,2,2,RECONCILIATION SUCCESSFUL,INTEGRITY VERIFIED,INTEGRITY VERIFIED
101278,81204,2024-05-06 11:17:54.000000,254.0,2,2,RECONCILIATION SUCCESSFUL,INTEGRITY VERIFIED,INTEGRITY VERIFIED
120430,96399,2025-12-29 08:18:43.000000,25.0,1,1,RECONCILIATION SUCCESSFUL,INTEGRITY VERIFIED,INTEGRITY VERIFIED
3471,2761,2025-12-16 23:21:34.000000,168.42,4,4,RECONCILIATION SUCCESSFUL,INTEGRITY VERIFIED,INTEGRITY VERIFIED
10435,8305,2025-12-28 16:32:37.000000,110.0,3,3,RECONCILIATION SUCCESSFUL,INTEGRITY VERIFIED,INTEGRITY VERIFIED
87064,69691,2024-04-27 11:56:39.000000,25.48,1,1,RECONCILIATION SUCCESSFUL,INTEGRITY VERIFIED,INTEGRITY VERIFIED
44492,35486,2022-06-26 10:34:04.000000,25.5,1,1,RECONCILIATION SUCCESSFUL,INTEGRITY VERIFIED,INTEGRITY VERIFIED
118641,94972,2025-11-11 12:32:20.000000,25.98,1,1,RECONCILIATION SUCCESSFUL,INTEGRITY VERIFIED,INTEGRITY VERIFIED
33569,26785,2021-02-03 17:00:08.000000,26.0,1,1,RECONCILIATION SUCCESSFUL,INTEGRITY VERIFIED,INTEGRITY VERIFIED
70264,56197,2022-08-24 16:58:28.000000,26.0,1,1,RECONCILIATION SUCCESSFUL,INTEGRITY VERIFIED,INTEGRITY VERIFIED
78372,62657,2023-11-27 19:43:25.000000,26.0,1,1,RECONCILIATION SUCCESSFUL,INTEGRITY VERIFIED,INTEGRITY VERIFIED
23087,18436,2023-04-08 04:12:32.000000,226.0,2,2,RECONCILIATION SUCCESSFUL,INTEGRITY VERIFIED,INTEGRITY VERIFIED
106220,85135,2023-08-07 17:17:52.000000,183.93,3,3,RECONCILIATION SUCCESSFUL,INTEGRITY VERIFIED,INTEGRITY VERIFIED
73557,58839,2024-12-27 14:16:44.000000,102.2,2,2,RECONCILIATION SUCCESSFUL,INTEGRITY VERIFIED,INTEGRITY VERIFIED
82073,65677,2026-06-16 05:11:19.507137,485.47,3,3,RECONCILIATION SUCCESSFUL,INTEGRITY VERIFIED,INTEGRITY VERIFIED
27529,22009,2024-02-07 00:00:57.000000,27.7,1,1,RECONCILIATION SUCCESSFUL,INTEGRITY VERIFIED,INTEGRITY VERIFIED
93797,75167,2023-07-30 04:50:18.000000,364.96,4,4,RECONCILIATION SUCCESSFUL,INTEGRITY VERIFIED,INTEGRITY VERIFIED
91420,73198,2026-06-15 04:26:14.000000,130.98,3,3,RECONCILIATION SUCCESSFUL,INTEGRITY VERIFIED,INTEGRITY VERIFIED
26556,21222,2024-09-06 09:46:57.000000,76.95,2,2,RECONCILIATION SUCCESSFUL,INTEGRITY VERIFIED,INTEGRITY VERIFIED
95073,76201,2026-05-17 16:30:05.000000,111.99,2,2,RECONCILIATION SUCCESSFUL,INTEGRITY VERIFIED,INTEGRITY VERIFIED
34965,27933,2024-07-22 14:42:19.000000,318.93,4,4,RECONCILIATION SUCCESSFUL,INTEGRITY VERIFIED,INTEGRITY VERIFIED
25834,20638,2025-02-19 11:29:51.000000,70.0,2,2,RECONCILIATION SUCCESSFUL,INTEGRITY VERIFIED,INTEGRITY VERIFIED
77110,61651,2020-10-18 08:32:26.000000,28.0,1,1,RECONCILIATION SUCCESSFUL,INTEGRITY VERIFIED,INTEGRITY VERIFIED
75083,60040,2026-01-02 17:21:51.000000,28.0,1,1,RECONCILIATION SUCCESSFUL,INTEGRITY VERIFIED,INTEGRITY VERIFIED
88746,71012,2021-04-24 03:31:51.000000,300.91,4,4,RECONCILIATION SUCCESSFUL,INTEGRITY VERIFIED,INTEGRITY VERIFIED
122355,97962,2026-03-15 18:11:15.000000,28.49,1,1,RECONCILIATION SUCCESSFUL,INTEGRITY VERIFIED,INTEGRITY VERIFIED
12352,9840,2024-11-30 18:25:52.000000,172.94,4,4,RECONCILIATION SUCCESSFUL,INTEGRITY VERIFIED,INTEGRITY VERIFIED
45982,36723,2026-03-22 07:02:40.000000,84.9,2,2,RECONCILIATION SUCCESSFUL,INTEGRITY VERIFIED,INTEGRITY VERIFIED
3415,2709,2025-05-13 07:58:39.000000,72.89,2,2,RECONCILIATION SUCCESSFUL,INTEGRITY VERIFIED,INTEGRITY VERIFIED
71159,56918,2024-09-21 23:55:54.000000,294.93,4,4,RECONCILIATION SUCCESSFUL,INTEGRITY VERIFIED,INTEGRITY VERIFIED
115406,92394,2024-11-18 07:04:25.000000,199.98,2,2,RECONCILIATION SUCCESSFUL,INTEGRITY VERIFIED,INTEGRITY VERIFIED
67166,53725,2024-03-26 07:49:28.000000,139.98,2,2,RECONCILIATION SUCCESSFUL,INTEGRITY VERIFIED,INTEGRITY VERIFIED
118005,94474,2025-09-19 01:42:08.000000,69.98,2,2,RECONCILIATION SUCCESSFUL,INTEGRITY VERIFIED,INTEGRITY VERIFIED
13976,11127,2026-06-12 10:07:00.000000,60.89,2,2,RECONCILIATION SUCCESSFUL,INTEGRITY VERIFIED,INTEGRITY VERIFIED
50272,40173,2022-09-04 00:02:30.000000,29.99,1,1,RECONCILIATION SUCCESSFUL,INTEGRITY VERIFIED,INTEGRITY VERIFIED
88581,70871,2025-03-31 22:32:27.000000,128.99,2,2,RECONCILIATION SUCCESSFUL,INTEGRITY VERIFIED,INTEGRITY VERIFIED
122002,97683,2024-08-16 16:28:01.000000,65.99,2,2,RECONCILIATION SUCCESSFUL,INTEGRITY VERIFIED,INTEGRITY VERIFIED
112379,89980,2024-05-23 00:44:23.000000,68.99,2,2,RECONCILIATION SUCCESSFUL,INTEGRITY VERIFIED,INTEGRITY VERIFIED
7113,5676,2024-02-25 09:48:57.000000,189.95,2,2,RECONCILIATION SUCCESSFUL,INTEGRITY VERIFIED,INTEGRITY VERIFIED
29918,23901,2026-03-06 07:22:27.000000,109.0,2,2,RECONCILIATION SUCCESSFUL,INTEGRITY VERIFIED,INTEGRITY VERIFIED
89277,71441,2026-03-06 10:11:06.000000,141.0,3,3,RECONCILIATION SUCCESSFUL,INTEGRITY VERIFIED,INTEGRITY VERIFIED
88674,70953,2025-08-21 07:16:17.000000,30.2,1,1,RECONCILIATION SUCCESSFUL,INTEGRITY VERIFIED,INTEGRITY VERIFIED
47295,37789,2025-08-07 16:55:34.000000,30.4,1,1,RECONCILIATION SUCCESSFUL,INTEGRITY VERIFIED,INTEGRITY VERIFIED
52737,42082,2026-06-01 20:32:49.000000,31.81,1,1,RECONCILIATION SUCCESSFUL,INTEGRITY VERIFIED,INTEGRITY VERIFIED
65145,52039,2024-05-06 22:16:03.000000,31.99,1,1,RECONCILIATION SUCCESSFUL,INTEGRITY VERIFIED,INTEGRITY VERIFIED
94470,75724,2026-06-13 06:16:13.763196,32.5,1,1,RECONCILIATION SUCCESSFUL,INTEGRITY VERIFIED,INTEGRITY VERIFIED
10265,8181,2024-09-10 00:30:10.000000,169.45,4,4,RECONCILIATION SUCCESSFUL,INTEGRITY VERIFIED,INTEGRITY VERIFIED
68488,54807,2022-02-11 12:18:28.000000,32.99,1,1,RECONCILIATION SUCCESSFUL,INTEGRITY VERIFIED,INTEGRITY VERIFIED
20716,16558,2026-03-06 09:17:02.000000,32.99,1,1,RECONCILIATION SUCCESSFUL,INTEGRITY VERIFIED,INTEGRITY VERIFIED
114103,91369,2022-01-08 20:43:45.000000,267.77,4,4,RECONCILIATION SUCCESSFUL,INTEGRITY VERIFIED,INTEGRITY VERIFIED
76138,60886,2022-12-23 06:04:17.000000,33.75,1,1,RECONCILIATION SUCCESSFUL,INTEGRITY VERIFIED,INTEGRITY VERIFIED
66103,52837,2021-06-11 18:15:06.000000,33.95,1,1,RECONCILIATION SUCCESSFUL,INTEGRITY VERIFIED,INTEGRITY VERIFIED
20070,16030,2021-07-14 20:40:43.000000,33.95,1,1,RECONCILIATION SUCCESSFUL,INTEGRITY VERIFIED,INTEGRITY VERIFIED
47914,38288,2020-12-17 20:31:12.000000,75.63,2,2,RECONCILIATION SUCCESSFUL,INTEGRITY VERIFIED,INTEGRITY VERIFIED
108766,87117,2024-08-07 19:14:43.000000,34.45,1,1,RECONCILIATION SUCCESSFUL,INTEGRITY VERIFIED,INTEGRITY VERIFIED
9072,7239,2026-01-09 06:28:35.000000,685.65,4,4,RECONCILIATION SUCCESSFUL,INTEGRITY VERIFIED,INTEGRITY VERIFIED
75422,60321,2026-06-10 18:17:20.301523,257.2,4,4,RECONCILIATION SUCCESSFUL,INTEGRITY VERIFIED,INTEGRITY VERIFIED
31642,25286,2024-01-21 13:29:12.000000,565.45,4,4,RECONCILIATION SUCCESSFUL,INTEGRITY VERIFIED,INTEGRITY VERIFIED
75745,60574,2026-06-15 17:54:36.239963,34.95,1,1,RECONCILIATION SUCCESSFUL,INTEGRITY VERIFIED,INTEGRITY VERIFIED
60679,48461,2026-04-29 01:18:51.000000,34.95,1,1,RECONCILIATION SUCCESSFUL,INTEGRITY VERIFIED,INTEGRITY VERIFIED
118793,95089,2020-07-21 21:43:20.000000,283.95,3,3,RECONCILIATION SUCCESSFUL,INTEGRITY VERIFIED,INTEGRITY VERIFIED
32057,25603,2024-05-15 12:48:12.000000,274.02,4,4,RECONCILIATION SUCCESSFUL,INTEGRITY VERIFIED,INTEGRITY VERIFIED
5693,4504,2026-05-25 19:00:53.000000,34.99,1,1,RECONCILIATION SUCCESSFUL,INTEGRITY VERIFIED,INTEGRITY VERIFIED
20377,16294,2025-06-05 04:35:22.000000,34.99,1,1,RECONCILIATION SUCCESSFUL,INTEGRITY VERIFIED,INTEGRITY VERIFIED
80007,63954,2023-04-15 02:50:43.000000,85.0,2,2,RECONCILIATION SUCCESSFUL,INTEGRITY VERIFIED,INTEGRITY VERIFIED
123638,99008,2026-05-07 03:17:56.000000,35.0,1,1,RECONCILIATION SUCCESSFUL,INTEGRITY VERIFIED,INTEGRITY VERIFIED
113995,91277,2026-06-16 06:22:04.000000,35.73,1,1,RECONCILIATION SUCCESSFUL,INTEGRITY VERIFIED,INTEGRITY VERIFIED
115198,92231,2025-01-27 00:20:20.000000,79.9,2,2,RECONCILIATION SUCCESSFUL,INTEGRITY VERIFIED,INTEGRITY VERIFIED
22694,18117,2026-04-09 10:23:39.000000,97.95,2,2,RECONCILIATION SUCCESSFUL,INTEGRITY VERIFIED,INTEGRITY VERIFIED
92489,74065,2025-02-16 11:55:22.000000,229.94,2,2,RECONCILIATION SUCCESSFUL,INTEGRITY VERIFIED,INTEGRITY VERIFIED
58061,46396,2023-09-13 10:17:07.000000,120.2,2,2,RECONCILIATION SUCCESSFUL,INTEGRITY VERIFIED,INTEGRITY VERIFIED
25504,20367,2026-03-03 09:42:00.000000,289.44,4,4,RECONCILIATION SUCCESSFUL,INTEGRITY VERIFIED,INTEGRITY VERIFIED
99842,80095,2021-08-31 01:39:25.000000,37.84,1,1,RECONCILIATION SUCCESSFUL,INTEGRITY VERIFIED,INTEGRITY VERIFIED
78723,62921,2025-12-22 05:34:56.000000,87.48,2,2,RECONCILIATION SUCCESSFUL,INTEGRITY VERIFIED,INTEGRITY VERIFIED
41827,33359,2023-02-11 09:36:50.000000,99.99,2,2,RECONCILIATION SUCCESSFUL,INTEGRITY VERIFIED,INTEGRITY VERIFIED
89659,71738,2025-08-03 22:25:08.000000,37.99,1,1,RECONCILIATION SUCCESSFUL,INTEGRITY VERIFIED,INTEGRITY VERIFIED
100446,80546,2024-02-01 22:49:23.000000,38.19,1,1,RECONCILIATION SUCCESSFUL,INTEGRITY VERIFIED,INTEGRITY VERIFIED
7796,6240,2025-04-02 05:15:46.000000,88.98,2,2,RECONCILIATION SUCCESSFUL,INTEGRITY VERIFIED,INTEGRITY VERIFIED
78403,62679,2026-06-03 08:42:26.000000,39.0,1,1,RECONCILIATION SUCCESSFUL,INTEGRITY VERIFIED,INTEGRITY VERIFIED
113540,90893,2023-11-25 17:35:20.000000,81.45,2,2,RECONCILIATION SUCCESSFUL,INTEGRITY VERIFIED,INTEGRITY VERIFIED
37361,29839,2025-12-07 08:13:10.000000,79.44,2,2,RECONCILIATION SUCCESSFUL,INTEGRITY VERIFIED,INTEGRITY VERIFIED
102927,82527,2025-04-03 04:39:04.000000,39.5,1,1,RECONCILIATION SUCCESSFUL,INTEGRITY VERIFIED,INTEGRITY VERIFIED
16470,13124,2020-03-05 10:18:29.000000,39.5,1,1,RECONCILIATION SUCCESSFUL,INTEGRITY VERIFIED,INTEGRITY VERIFIED
8144,6497,2026-05-23 05:31:16.000000,229.5,4,4,RECONCILIATION SUCCESSFUL,INTEGRITY VERIFIED,INTEGRITY VERIFIED
29783,23800,2025-08-24 01:37:02.000000,268.98,3,3,RECONCILIATION SUCCESSFUL,INTEGRITY VERIFIED,INTEGRITY VERIFIED
83855,67106,2019-08-15 10:53:15.000000,39.99,1,1,RECONCILIATION SUCCESSFUL,INTEGRITY VERIFIED,INTEGRITY VERIFIED
43219,34491,2025-10-03 18:58:16.000000,39.99,1,1,RECONCILIATION SUCCESSFUL,INTEGRITY VERIFIED,INTEGRITY VERIFIED
14743,11765,2022-04-19 03:35:06.000000,39.99,1,1,RECONCILIATION SUCCESSFUL,INTEGRITY VERIFIED,INTEGRITY VERIFIED
16133,12857,2026-03-13 22:01:58.000000,39.99,1,1,RECONCILIATION SUCCESSFUL,INTEGRITY VERIFIED,INTEGRITY VERIFIED
25448,20326,2025-08-05 13:25:06.000000,39.99,1,1,RECONCILIATION SUCCESSFUL,INTEGRITY VERIFIED,INTEGRITY VERIFIED
27229,21774,2025-10-13 21:54:54.000000,108.99,2,2,RECONCILIATION SUCCESSFUL,INTEGRITY VERIFIED,INTEGRITY VERIFIED
39651,31667,2023-08-15 16:32:49.000000,179.98,2,2,RECONCILIATION SUCCESSFUL,INTEGRITY VERIFIED,INTEGRITY VERIFIED
69184,55338,2022-08-27 12:45:08.000000,89.98,2,2,RECONCILIATION SUCCESSFUL,INTEGRITY VERIFIED,INTEGRITY VERIFIED
115174,92215,2025-06-20 01:19:48.000000,88.95,2,2,RECONCILIATION SUCCESSFUL,INTEGRITY VERIFIED,INTEGRITY VERIFIED
19788,15800,2026-04-11 05:15:07.000000,40.49,1,1,RECONCILIATION SUCCESSFUL,INTEGRITY VERIFIED,INTEGRITY VERIFIED
33527,26742,2026-01-29 08:48:51.000000,40.6,1,1,RECONCILIATION SUCCESSFUL,INTEGRITY VERIFIED,INTEGRITY VERIFIED
63336,50618,2026-03-16 16:18:15.000000,87.94,2,2,RECONCILIATION SUCCESSFUL,INTEGRITY VERIFIED,INTEGRITY VERIFIED
116009,92876,2026-05-28 07:59:00.000000,182.0,2,2,RECONCILIATION SUCCESSFUL,INTEGRITY VERIFIED,INTEGRITY VERIFIED
40000,31941,2025-12-06 05:09:06.000000,42.01,1,1,RECONCILIATION SUCCESSFUL,INTEGRITY VERIFIED,INTEGRITY VERIFIED
108214,86680,2026-05-04 03:55:12.000000,42.5,1,1,RECONCILIATION SUCCESSFUL,INTEGRITY VERIFIED,INTEGRITY VERIFIED
35057,27995,2026-05-25 08:13:10.000000,42.99,1,1,RECONCILIATION SUCCESSFUL,INTEGRITY VERIFIED,INTEGRITY VERIFIED
52396,41837,2023-10-13 12:27:11.000000,42.99,1,1,RECONCILIATION SUCCESSFUL,INTEGRITY VERIFIED,INTEGRITY VERIFIED
98758,79174,2024-12-21 06:36:44.000000,42.99,1,1,RECONCILIATION SUCCESSFUL,INTEGRITY VERIFIED,INTEGRITY VERIFIED
33821,26981,2026-04-27 07:16:29.000000,200.99,2,2,RECONCILIATION SUCCESSFUL,INTEGRITY VERIFIED,INTEGRITY VERIFIED
88531,70817,2023-03-07 12:57:30.000000,42.99,1,1,RECONCILIATION SUCCESSFUL,INTEGRITY VERIFIED,INTEGRITY VERIFIED
97452,78117,2023-02-01 21:49:22.000000,42.99,1,1,RECONCILIATION SUCCESSFUL,INTEGRITY VERIFIED,INTEGRITY VERIFIED
77866,62257,2026-01-14 18:39:15.000000,43.2,1,1,RECONCILIATION SUCCESSFUL,INTEGRITY VERIFIED,INTEGRITY VERIFIED
94218,75527,2023-07-27 09:56:27.000000,201.97,2,2,RECONCILIATION SUCCESSFUL,INTEGRITY VERIFIED,INTEGRITY VERIFIED
29433,23519,2025-12-13 05:15:41.000000,43.97,1,1,RECONCILIATION SUCCESSFUL,INTEGRITY VERIFIED,INTEGRITY VERIFIED
44268,35320,2026-03-05 05:52:58.000000,44.42,1,1,RECONCILIATION SUCCESSFUL,INTEGRITY VERIFIED,INTEGRITY VERIFIED
96692,77527,2021-10-14 05:03:24.000000,44.99,1,1,RECONCILIATION SUCCESSFUL,INTEGRITY VERIFIED,INTEGRITY VERIFIED
66670,53309,2024-08-28 12:36:42.000000,44.99,1,1,RECONCILIATION SUCCESSFUL,INTEGRITY VERIFIED,INTEGRITY VERIFIED
66358,53055,2019-11-28 02:08:00.000000,45.0,1,1,RECONCILIATION SUCCESSFUL,INTEGRITY VERIFIED,INTEGRITY VERIFIED
20076,16034,2026-02-24 08:08:34.000000,107.0,2,2,RECONCILIATION SUCCESSFUL,INTEGRITY VERIFIED,INTEGRITY VERIFIED
31477,25148,2026-04-02 04:23:37.000000,45.0,1,1,RECONCILIATION SUCCESSFUL,INTEGRITY VERIFIED,INTEGRITY VERIFIED
24466,19533,2026-05-12 18:24:27.000000,45.0,1,1,RECONCILIATION SUCCESSFUL,INTEGRITY VERIFIED,INTEGRITY VERIFIED
94519,75755,2024-07-31 02:39:01.000000,45.0,1,1,RECONCILIATION SUCCESSFUL,INTEGRITY VERIFIED,INTEGRITY VERIFIED
50162,40063,2026-06-13 16:35:55.529150,250.37,4,4,RECONCILIATION SUCCESSFUL,INTEGRITY VERIFIED,INTEGRITY VERIFIED
100249,80414,2023-12-26 13:48:00.000000,135.41,2,2,RECONCILIATION SUCCESSFUL,INTEGRITY VERIFIED,INTEGRITY VERIFIED
61732,49310,2020-01-01 19:07:37.000000,46.0,1,1,RECONCILIATION SUCCESSFUL,INTEGRITY VERIFIED,INTEGRITY VERIFIED
53484,42706,2023-05-03 20:25:48.000000,46.0,1,1,RECONCILIATION SUCCESSFUL,INTEGRITY VERIFIED,INTEGRITY VERIFIED
92653,74219,2026-06-08 05:48:03.000000,46.5,1,1,RECONCILIATION SUCCESSFUL,INTEGRITY VERIFIED,INTEGRITY VERIFIED
45601,36406,2025-10-15 08:05:47.000000,147.0,2,2,RECONCILIATION SUCCESSFUL,INTEGRITY VERIFIED,INTEGRITY VERIFIED
105580,84640,2023-03-17 19:31:19.000000,124.5,2,2,RECONCILIATION SUCCESSFUL,INTEGRITY VERIFIED,INTEGRITY VERIFIED
8040,6423,2024-04-26 18:40:44.000000,49.5,1,1,RECONCILIATION SUCCESSFUL,INTEGRITY VERIFIED,INTEGRITY VERIFIED
89148,71336,2023-02-20 05:17:34.000000,139.45,2,2,RECONCILIATION SUCCESSFUL,INTEGRITY VERIFIED,INTEGRITY VERIFIED
71975,57563,2019-08-02 02:39:31.000000,49.99,1,1,RECONCILIATION SUCCESSFUL,INTEGRITY VERIFIED,INTEGRITY VERIFIED
72383,57874,2026-06-14 17:44:24.721540,49.99,1,1,RECONCILIATION SUCCESSFUL,INTEGRITY VERIFIED,INTEGRITY VERIFIED
26377,21079,2025-09-26 16:24:43.000000,102.0,2,2,RECONCILIATION SUCCESSFUL,INTEGRITY VERIFIED,INTEGRITY VERIFIED
16323,13006,2026-04-21 11:35:56.000000,50.0,1,1,RECONCILIATION SUCCESSFUL,INTEGRITY VERIFIED,INTEGRITY VERIFIED
35675,28479,2026-05-08 21:19:22.000000,319.0,2,2,RECONCILIATION SUCCESSFUL,INTEGRITY VERIFIED,INTEGRITY VERIFIED
118419,94815,2025-06-30 10:37:24.000000,50.0,1,1,RECONCILIATION SUCCESSFUL,INTEGRITY VERIFIED,INTEGRITY VERIFIED
41341,32979,2025-02-23 09:19:52.000000,50.41,1,1,RECONCILIATION SUCCESSFUL,INTEGRITY VERIFIED,INTEGRITY VERIFIED
118,96,2024-08-01 15:03:07.000000,105.46,2,2,RECONCILIATION SUCCESSFUL,INTEGRITY VERIFIED,INTEGRITY VERIFIED
70162,56116,2025-08-11 00:12:28.000000,50.99,1,1,RECONCILIATION SUCCESSFUL,INTEGRITY VERIFIED,INTEGRITY VERIFIED
119802,95896,2021-09-02 14:12:54.000000,150.98,2,2,RECONCILIATION SUCCESSFUL,INTEGRITY VERIFIED,INTEGRITY VERIFIED
35000,27958,2023-06-24 12:26:28.000000,179.99,2,2,RECONCILIATION SUCCESSFUL,INTEGRITY VERIFIED,INTEGRITY VERIFIED
20295,16230,2025-01-11 08:14:37.000000,52.0,1,1,RECONCILIATION SUCCESSFUL,INTEGRITY VERIFIED,INTEGRITY VERIFIED
52718,42065,2025-06-29 11:44:36.000000,258.9,4,4,RECONCILIATION SUCCESSFUL,INTEGRITY VERIFIED,INTEGRITY VERIFIED
83219,66592,2026-06-06 21:54:09.000000,105.97,2,2,RECONCILIATION SUCCESSFUL,INTEGRITY VERIFIED,INTEGRITY VERIFIED
38528,30759,2024-09-03 08:45:13.000000,457.86,4,4,RECONCILIATION SUCCESSFUL,INTEGRITY VERIFIED,INTEGRITY VERIFIED
113692,91019,2023-06-11 17:08:15.000000,53.95,1,1,RECONCILIATION SUCCESSFUL,INTEGRITY VERIFIED,INTEGRITY VERIFIED
86118,68943,2025-04-02 05:21:09.000000,53.97,1,1,RECONCILIATION SUCCESSFUL,INTEGRITY VERIFIED,INTEGRITY VERIFIED
12919,10257,2023-06-08 22:39:31.000000,54.0,1,1,RECONCILIATION SUCCESSFUL,INTEGRITY VERIFIED,INTEGRITY VERIFIED
29222,23356,2025-07-10 02:09:40.000000,55.0,1,1,RECONCILIATION SUCCESSFUL,INTEGRITY VERIFIED,INTEGRITY VERIFIED
111063,88960,2024-02-06 03:54:06.000000,134.99,2,2,RECONCILIATION SUCCESSFUL,INTEGRITY VERIFIED,INTEGRITY VERIFIED
5713,4522,2025-12-04 21:03:22.000000,55.0,1,1,RECONCILIATION SUCCESSFUL,INTEGRITY VERIFIED,INTEGRITY VERIFIED
24117,19275,2025-01-29 03:46:48.000000,57.0,1,1,RECONCILIATION SUCCESSFUL,INTEGRITY VERIFIED,INTEGRITY VERIFIED
53334,42591,2026-03-23 06:58:34.000000,58.0,1,1,RECONCILIATION SUCCESSFUL,INTEGRITY VERIFIED,INTEGRITY VERIFIED
24709,19730,2022-01-09 10:04:55.000000,58.99,1,1,RECONCILIATION SUCCESSFUL,INTEGRITY VERIFIED,INTEGRITY VERIFIED
19203,15340,2022-04-01 02:32:57.000000,59.0,1,1,RECONCILIATION SUCCESSFUL,INTEGRITY VERIFIED,INTEGRITY VERIFIED
79579,63603,2024-03-17 18:37:04.000000,59.95,1,1,RECONCILIATION SUCCESSFUL,INTEGRITY VERIFIED,INTEGRITY VERIFIED
46780,37381,2024-06-20 17:06:32.000000,151.76,2,2,RECONCILIATION SUCCESSFUL,INTEGRITY VERIFIED,INTEGRITY VERIFIED
98606,79063,2024-03-10 15:46:24.000000,59.99,1,1,RECONCILIATION SUCCESSFUL,INTEGRITY VERIFIED,INTEGRITY VERIFIED
104946,84108,2022-02-24 06:59:50.000000,60.0,1,1,RECONCILIATION SUCCESSFUL,INTEGRITY VERIFIED,INTEGRITY VERIFIED
24184,19325,2023-07-18 17:08:49.000000,60.0,1,1,RECONCILIATION SUCCESSFUL,INTEGRITY VERIFIED,INTEGRITY VERIFIED
103787,83204,2025-04-16 23:43:49.000000,60.27,1,1,RECONCILIATION SUCCESSFUL,INTEGRITY VERIFIED,INTEGRITY VERIFIED
86767,69472,2025-11-24 05:40:11.000000,62.0,1,1,RECONCILIATION SUCCESSFUL,INTEGRITY VERIFIED,INTEGRITY VERIFIED
64710,51697,2026-03-27 23:02:15.000000,63.99,1,1,RECONCILIATION SUCCESSFUL,INTEGRITY VERIFIED,INTEGRITY VERIFIED
60833,48576,2022-10-31 19:52:08.000000,64.95,1,1,RECONCILIATION SUCCESSFUL,INTEGRITY VERIFIED,INTEGRITY VERIFIED
114208,91459,2026-02-06 23:06:53.000000,462.98,4,4,RECONCILIATION SUCCESSFUL,INTEGRITY VERIFIED,INTEGRITY VERIFIED
29626,23670,2025-12-24 10:48:52.000000,65.0,1,1,RECONCILIATION SUCCESSFUL,INTEGRITY VERIFIED,INTEGRITY VERIFIED
5009,3961,2026-02-20 09:41:12.000000,66.0,1,1,RECONCILIATION SUCCESSFUL,INTEGRITY VERIFIED,INTEGRITY VERIFIED
8284,6615,2022-09-05 08:40:08.000000,67.98,1,1,RECONCILIATION SUCCESSFUL,INTEGRITY VERIFIED,INTEGRITY VERIFIED
64678,51673,2025-05-08 10:36:47.000000,68.0,1,1,RECONCILIATION SUCCESSFUL,INTEGRITY VERIFIED,INTEGRITY VERIFIED
82867,66299,2023-11-03 19:34:19.000000,68.69,1,1,RECONCILIATION SUCCESSFUL,INTEGRITY VERIFIED,INTEGRITY VERIFIED
85081,68081,2025-06-29 06:10:38.000000,69.0,1,1,RECONCILIATION SUCCESSFUL,INTEGRITY VERIFIED,INTEGRITY VERIFIED
29331,23440,2023-10-28 12:42:03.000000,159.94,2,2,RECONCILIATION SUCCESSFUL,INTEGRITY VERIFIED,INTEGRITY VERIFIED
56445,45102,2026-06-15 04:44:50.000000,69.95,1,1,RECONCILIATION SUCCESSFUL,INTEGRITY VERIFIED,INTEGRITY VERIFIED
64008,51151,2024-04-17 09:12:02.000000,69.99,1,1,RECONCILIATION SUCCESSFUL,INTEGRITY VERIFIED,INTEGRITY VERIFIED
36763,29345,2023-02-10 08:22:20.000000,69.99,1,1,RECONCILIATION SUCCESSFUL,INTEGRITY VERIFIED,INTEGRITY VERIFIED
49384,39408,2026-04-23 00:53:25.000000,69.99,1,1,RECONCILIATION SUCCESSFUL,INTEGRITY VERIFIED,INTEGRITY VERIFIED
47193,37710,2025-05-12 14:34:00.000000,70.74,1,1,RECONCILIATION SUCCESSFUL,INTEGRITY VERIFIED,INTEGRITY VERIFIED
14197,11312,2023-04-25 19:53:55.000000,471.0,4,4,RECONCILIATION SUCCESSFUL,INTEGRITY VERIFIED,INTEGRITY VERIFIED
61986,49514,2024-07-10 09:10:25.000000,77.38,1,1,RECONCILIATION SUCCESSFUL,INTEGRITY VERIFIED,INTEGRITY VERIFIED
96193,77112,2026-06-04 02:42:14.000000,156.0,2,2,RECONCILIATION SUCCESSFUL,INTEGRITY VERIFIED,INTEGRITY VERIFIED
53781,42940,2025-08-20 02:52:22.000000,79.5,1,1,RECONCILIATION SUCCESSFUL,INTEGRITY VERIFIED,INTEGRITY VERIFIED
40265,32153,2025-09-25 13:55:55.000000,79.5,1,1,RECONCILIATION SUCCESSFUL,INTEGRITY VERIFIED,INTEGRITY VERIFIED
56621,45237,2026-03-29 21:31:01.000000,79.99,1,1,RECONCILIATION SUCCESSFUL,INTEGRITY VERIFIED,INTEGRITY VERIFIED
65475,52289,2024-07-18 20:56:41.000000,81.4,1,1,RECONCILIATION SUCCESSFUL,INTEGRITY VERIFIED,INTEGRITY VERIFIED
75143,60093,2024-03-22 16:44:55.000000,85.0,1,1,RECONCILIATION SUCCESSFUL,INTEGRITY VERIFIED,INTEGRITY VERIFIED
111255,89103,2025-11-04 12:07:29.000000,85.74,1,1,RECONCILIATION SUCCESSFUL,INTEGRITY VERIFIED,INTEGRITY VERIFIED
94438,75699,2025-06-19 01:40:24.000000,85.9,1,1,RECONCILIATION SUCCESSFUL,INTEGRITY VERIFIED,INTEGRITY VERIFIED
90266,72232,2025-12-02 07:27:37.000000,345.1,2,2,RECONCILIATION SUCCESSFUL,INTEGRITY VERIFIED,INTEGRITY VERIFIED
98434,78929,2026-06-07 09:14:04.000000,86.25,1,1,RECONCILIATION SUCCESSFUL,INTEGRITY VERIFIED,INTEGRITY VERIFIED
57997,46353,2025-01-14 16:39:50.000000,87.89,1,1,RECONCILIATION SUCCESSFUL,INTEGRITY VERIFIED,INTEGRITY VERIFIED
25937,20726,2025-05-14 09:59:10.000000,88.0,1,1,RECONCILIATION SUCCESSFUL,INTEGRITY VERIFIED,INTEGRITY VERIFIED
116171,93008,2021-10-05 03:13:10.000000,88.0,1,1,RECONCILIATION SUCCESSFUL,INTEGRITY VERIFIED,INTEGRITY VERIFIED
6365,5043,2025-11-08 12:19:26.000000,89.5,1,1,RECONCILIATION SUCCESSFUL,INTEGRITY VERIFIED,INTEGRITY VERIFIED
118206,94635,2026-04-06 12:46:20.000000,90.0,1,1,RECONCILIATION SUCCESSFUL,INTEGRITY VERIFIED,INTEGRITY VERIFIED
74822,59827,2026-02-23 04:54:00.000000,90.0,1,1,RECONCILIATION SUCCESSFUL,INTEGRITY VERIFIED,INTEGRITY VERIFIED
29601,23652,2025-02-27 04:00:31.000000,90.0,1,1,RECONCILIATION SUCCESSFUL,INTEGRITY VERIFIED,INTEGRITY VERIFIED
50945,40688,2022-04-15 08:56:21.000000,90.0,1,1,RECONCILIATION SUCCESSFUL,INTEGRITY VERIFIED,INTEGRITY VERIFIED
108932,87257,2024-11-13 12:45:12.000000,94.0,1,1,RECONCILIATION SUCCESSFUL,INTEGRITY VERIFIED,INTEGRITY VERIFIED
94726,75928,2024-08-12 05:27:55.000000,193.0,2,2,RECONCILIATION SUCCESSFUL,INTEGRITY VERIFIED,INTEGRITY VERIFIED
45849,36601,2022-10-06 16:39:37.000000,98.0,1,1,RECONCILIATION SUCCESSFUL,INTEGRITY VERIFIED,INTEGRITY VERIFIED
86502,69265,2025-04-15 05:53:45.000000,98.0,1,1,RECONCILIATION SUCCESSFUL,INTEGRITY VERIFIED,INTEGRITY VERIFIED
17907,14260,2023-01-03 14:52:25.000000,98.0,1,1,RECONCILIATION SUCCESSFUL,INTEGRITY VERIFIED,INTEGRITY VERIFIED
113471,90839,2023-03-18 18:26:15.000000,99.99,1,1,RECONCILIATION SUCCESSFUL,INTEGRITY VERIFIED,INTEGRITY VERIFIED
71192,56945,2023-03-22 11:35:43.000000,100.99,1,1,RECONCILIATION SUCCESSFUL,INTEGRITY VERIFIED,INTEGRITY VERIFIED
80535,64408,2021-12-31 01:36:43.000000,101.0,1,1,RECONCILIATION SUCCESSFUL,INTEGRITY VERIFIED,INTEGRITY VERIFIED
46639,37266,2024-04-07 10:16:46.000000,105.38,1,1,RECONCILIATION SUCCESSFUL,INTEGRITY VERIFIED,INTEGRITY VERIFIED
14435,11518,2026-03-04 15:22:57.000000,105.56,1,1,RECONCILIATION SUCCESSFUL,INTEGRITY VERIFIED,INTEGRITY VERIFIED
27944,22332,2025-06-05 02:40:09.000000,109.0,1,1,RECONCILIATION SUCCESSFUL,INTEGRITY VERIFIED,INTEGRITY VERIFIED
94235,75534,2025-10-26 11:20:14.000000,109.0,1,1,RECONCILIATION SUCCESSFUL,INTEGRITY VERIFIED,INTEGRITY VERIFIED
80740,64590,2023-08-15 11:59:55.000000,109.91,1,1,RECONCILIATION SUCCESSFUL,INTEGRITY VERIFIED,INTEGRITY VERIFIED
78123,62462,2023-01-07 12:32:38.000000,112.86,1,1,RECONCILIATION SUCCESSFUL,INTEGRITY VERIFIED,INTEGRITY VERIFIED
35860,28607,2025-11-18 19:38:44.000000,241.38,2,2,RECONCILIATION SUCCESSFUL,INTEGRITY VERIFIED,INTEGRITY VERIFIED
116316,93132,2025-08-20 07:35:31.000000,119.95,1,1,RECONCILIATION SUCCESSFUL,INTEGRITY VERIFIED,INTEGRITY VERIFIED
32716,26130,2025-09-03 19:03:30.000000,128.0,1,1,RECONCILIATION SUCCESSFUL,INTEGRITY VERIFIED,INTEGRITY VERIFIED
99065,79437,2026-03-28 03:42:18.000000,132.0,1,1,RECONCILIATION SUCCESSFUL,INTEGRITY VERIFIED,INTEGRITY VERIFIED
48132,38455,2026-06-14 01:40:52.014402,148.0,1,1,RECONCILIATION SUCCESSFUL,INTEGRITY VERIFIED,INTEGRITY VERIFIED
109201,87487,2025-11-27 17:37:42.000000,148.0,1,1,RECONCILIATION SUCCESSFUL,INTEGRITY VERIFIED,INTEGRITY VERIFIED
109344,87609,2024-10-21 18:12:26.000000,149.0,1,1,RECONCILIATION SUCCESSFUL,INTEGRITY VERIFIED,INTEGRITY VERIFIED
54026,43159,2026-03-02 21:02:23.000000,161.0,1,1,RECONCILIATION SUCCESSFUL,INTEGRITY VERIFIED,INTEGRITY VERIFIED
10522,8373,2025-10-29 10:15:29.000000,162.0,1,1,RECONCILIATION SUCCESSFUL,INTEGRITY VERIFIED,INTEGRITY VERIFIED
53722,42893,2026-04-26 14:18:59.000000,333.95,2,2,RECONCILIATION SUCCESSFUL,INTEGRITY VERIFIED,INTEGRITY VERIFIED
118480,94858,2024-11-29 14:47:10.000000,169.99,1,1,RECONCILIATION SUCCESSFUL,INTEGRITY VERIFIED,INTEGRITY VERIFIED
2553,2038,2026-04-19 18:05:09.000000,170.98,1,1,RECONCILIATION SUCCESSFUL,INTEGRITY VERIFIED,INTEGRITY VERIFIED
119955,96023,2024-11-14 06:32:48.000000,176.0,1,1,RECONCILIATION SUCCESSFUL,INTEGRITY VERIFIED,INTEGRITY VERIFIED
74485,59566,2026-04-21 09:45:02.000000,178.0,1,1,RECONCILIATION SUCCESSFUL,INTEGRITY VERIFIED,INTEGRITY VERIFIED
64798,51767,2025-12-29 08:37:32.000000,185.0,1,1,RECONCILIATION SUCCESSFUL,INTEGRITY VERIFIED,INTEGRITY VERIFIED
14550,11609,2026-06-12 17:42:05.733496,189.5,1,1,RECONCILIATION SUCCESSFUL,INTEGRITY VERIFIED,INTEGRITY VERIFIED
118311,94722,2026-05-12 23:43:38.000000,194.0,1,1,RECONCILIATION SUCCESSFUL,INTEGRITY VERIFIED,INTEGRITY VERIFIED
79638,63648,2022-11-28 23:17:11.000000,196.0,1,1,RECONCILIATION SUCCESSFUL,INTEGRITY VERIFIED,INTEGRITY VERIFIED
16340,13023,2022-01-02 16:22:21.000000,206.0,1,1,RECONCILIATION SUCCESSFUL,INTEGRITY VERIFIED,INTEGRITY VERIFIED
25569,20414,2025-04-29 12:40:02.000000,207.28,1,1,RECONCILIATION SUCCESSFUL,INTEGRITY VERIFIED,INTEGRITY VERIFIED
25045,20004,2026-06-15 21:35:33.297648,209.99,1,1,RECONCILIATION SUCCESSFUL,INTEGRITY VERIFIED,INTEGRITY VERIFIED
85339,68287,2024-08-08 06:56:56.000000,220.0,1,1,RECONCILIATION SUCCESSFUL,INTEGRITY VERIFIED,INTEGRITY VERIFIED
103921,83308,2023-07-13 13:08:36.000000,280.0,1,1,RECONCILIATION SUCCESSFUL,INTEGRITY VERIFIED,INTEGRITY VERIFIED
70165,56119,2025-01-28 06:37:05.000000,287.64,1,1,RECONCILIATION SUCCESSFUL,INTEGRITY VERIFIED,INTEGRITY VERIFIED
17390,13842,2024-09-04 20:35:58.000000,345.0,1,1,RECONCILIATION SUCCESSFUL,INTEGRITY VERIFIED,INTEGRITY VERIFIED
-2,62462,2026-06-16 14:27:00.000000,46.0,1,1,RECONCILIATION SUCCESSFUL,INTEGRITY VERIFIED,INTEGRITY VERIFIED
-34,49514,2026-06-16 13:06:00.000000,211.0,2,2,RECONCILIATION SUCCESSFUL,INTEGRITY VERIFIED,INTEGRITY VERIFIED
-41,45390,2026-06-16 10:41:00.000000,351.0,3,3,RECONCILIATION SUCCESSFUL,INTEGRITY VERIFIED,INTEGRITY VERIFIED
-48,92475,2026-06-16 15:12:00.000000,125.0,1,1,RECONCILIATION SUCCESSFUL,INTEGRITY VERIFIED,INTEGRITY VERIFIED
-67,20823,2026-06-16 11:30:00.000000,230.0,2,2,RECONCILIATION SUCCESSFUL,INTEGRITY VERIFIED,INTEGRITY VERIFIED
-72,20700,2026-06-16 15:20:00.000000,285.0,2,2,RECONCILIATION SUCCESSFUL,INTEGRITY VERIFIED,VARIANCE DETECTED
-107,52760,2026-06-16 13:45:00.000000,167.0,1,1,RECONCILIATION SUCCESSFUL,INTEGRITY VERIFIED,INTEGRITY VERIFIED
-110,93647,2026-06-16 11:22:00.000000,212.0,2,2,RECONCILIATION SUCCESSFUL,INTEGRITY VERIFIED,INTEGRITY VERIFIED
-116,14975,2026-06-16 10:47:00.000000,134.0,1,1,RECONCILIATION SUCCESSFUL,INTEGRITY VERIFIED,INTEGRITY VERIFIED
-118,14620,2026-06-16 12:34:00.000000,50.0,1,1,RECONCILIATION SUCCESSFUL,INTEGRITY VERIFIED,INTEGRITY VERIFIED
-132,97345,2026-06-16 11:52:00.000000,305.0,2,2,RECONCILIATION SUCCESSFUL,INTEGRITY VERIFIED,INTEGRITY VERIFIED
-146,51435,2026-06-16 12:29:00.000000,47.0,1,1,RECONCILIATION SUCCESSFUL,INTEGRITY VERIFIED,INTEGRITY VERIFIED
-152,88184,2026-06-16 12:12:00.000000,42.0,1,1,RECONCILIATION SUCCESSFUL,INTEGRITY VERIFIED,INTEGRITY VERIFIED
-170,68101,2026-06-16 17:14:00.000000,158.0,2,2,RECONCILIATION SUCCESSFUL,INTEGRITY VERIFIED,INTEGRITY VERIFIED
-173,20937,2026-06-16 17:40:00.000000,71.0,2,2,RECONCILIATION SUCCESSFUL,INTEGRITY VERIFIED,INTEGRITY VERIFIED
-188,2024,2026-06-16 11:22:00.000000,184.0,1,1,RECONCILIATION SUCCESSFUL,INTEGRITY VERIFIED,INTEGRITY VERIFIED
-197,33236,2026-06-16 13:03:00.000000,52.0,1,1,RECONCILIATION SUCCESSFUL,INTEGRITY VERIFIED,INTEGRITY VERIFIED
-219,40619,2026-06-16 14:07:00.000000,503.0,3,3,RECONCILIATION SUCCESSFUL,INTEGRITY VERIFIED,VARIANCE DETECTED
-227,49589,2026-06-16 09:28:00.000000,115.0,1,1,RECONCILIATION SUCCESSFUL,INTEGRITY VERIFIED,INTEGRITY VERIFIED
-239,24042,2026-06-16 13:17:00.000000,128.0,1,1,RECONCILIATION SUCCESSFUL,INTEGRITY VERIFIED,INTEGRITY VERIFIED
-275,48209,2026-06-16 11:36:00.000000,282.0,2,2,RECONCILIATION SUCCESSFUL,INTEGRITY VERIFIED,INTEGRITY VERIFIED
-421,10794,2026-06-18 13:07:00.000000,422.0,3,3,RECONCILIATION SUCCESSFUL,INTEGRITY VERIFIED,INTEGRITY VERIFIED
-496,24523,2026-06-18 10:27:00.000000,46.0,1,1,RECONCILIATION SUCCESSFUL,INTEGRITY VERIFIED,INTEGRITY VERIFIED
-330,11398,2026-06-17 10:52:00.000000,128.0,2,2,RECONCILIATION SUCCESSFUL,INTEGRITY VERIFIED,VARIANCE DETECTED
-491,93057,2026-06-18 12:27:00.000000,221.0,2,2,RECONCILIATION SUCCESSFUL,INTEGRITY VERIFIED,INTEGRITY VERIFIED
-430,41358,2026-06-18 16:32:00.000000,251.0,3,3,RECONCILIATION SUCCESSFUL,INTEGRITY VERIFIED,INTEGRITY VERIFIED
-335,98785,2026-06-17 12:23:00.000000,115.0,2,2,RECONCILIATION SUCCESSFUL,INTEGRITY VERIFIED,INTEGRITY VERIFIED
-417,49938,2026-06-18 09:44:00.000000,148.0,1,1,RECONCILIATION SUCCESSFUL,INTEGRITY VERIFIED,INTEGRITY VERIFIED
-489,47573,2026-06-18 15:00:00.000000,315.0,3,3,RECONCILIATION SUCCESSFUL,INTEGRITY VERIFIED,INTEGRITY VERIFIED
-317,51224,2026-06-17 17:53:00.000000,379.0,3,3,RECONCILIATION SUCCESSFUL,INTEGRITY VERIFIED,VARIANCE DETECTED
-474,13684,2026-06-18 09:02:00.000000,395.0,3,3,RECONCILIATION SUCCESSFUL,INTEGRITY VERIFIED,INTEGRITY VERIFIED
-485,61507,2026-06-18 11:34:00.000000,215.0,2,2,RECONCILIATION SUCCESSFUL,INTEGRITY VERIFIED,INTEGRITY VERIFIED
-411,45185,2026-06-18 14:19:00.000000,222.0,2,2,RECONCILIATION SUCCESSFUL,INTEGRITY VERIFIED,VARIANCE DETECTED
-320,52687,2026-06-17 16:44:00.000000,297.0,2,2,RECONCILIATION SUCCESSFUL,INTEGRITY VERIFIED,VARIANCE DETECTED
-481,51707,2026-06-18 14:07:00.000000,200.0,1,1,RECONCILIATION SUCCESSFUL,INTEGRITY VERIFIED,INTEGRITY VERIFIED
-363,94561,2026-06-17 09:04:00.000000,169.0,2,2,RECONCILIATION SUCCESSFUL,INTEGRITY VERIFIED,VARIANCE DETECTED
-445,43470,2026-06-18 10:03:00.000000,392.0,3,3,RECONCILIATION SUCCESSFUL,INTEGRITY VERIFIED,INTEGRITY VERIFIED
-470,97333,2026-06-18 17:37:00.000000,214.0,2,2,RECONCILIATION SUCCESSFUL,INTEGRITY VERIFIED,INTEGRITY VERIFIED
-468,22832,2026-06-18 15:20:00.000000,345.0,2,2,RECONCILIATION SUCCESSFUL,INTEGRITY VERIFIED,INTEGRITY VERIFIED
-425,87418,2026-06-18 10:50:00.000000,167.0,2,2,RECONCILIATION SUCCESSFUL,INTEGRITY VERIFIED,INTEGRITY VERIFIED
-492,77086,2026-06-18 16:43:00.000000,321.0,3,3,RECONCILIATION SUCCESSFUL,INTEGRITY VERIFIED,INTEGRITY VERIFIED
-394,84533,2026-06-17 12:17:00.000000,104.0,1,1,RECONCILIATION SUCCESSFUL,INTEGRITY VERIFIED,INTEGRITY VERIFIED
-478,51183,2026-06-18 16:54:00.000000,252.0,3,3,RECONCILIATION SUCCESSFUL,INTEGRITY VERIFIED,INTEGRITY VERIFIED
-467,43835,2026-06-18 11:49:00.000000,213.0,2,2,RECONCILIATION SUCCESSFUL,INTEGRITY VERIFIED,INTEGRITY VERIFIED
-443,3055,2026-06-18 16:22:00.000000,321.0,3,3,RECONCILIATION SUCCESSFUL,INTEGRITY VERIFIED,INTEGRITY VERIFIED
-356,56339,2026-06-17 17:00:00.000000,129.0,2,2,RECONCILIATION SUCCESSFUL,INTEGRITY VERIFIED,VARIANCE DETECTED
-437,72232,2026-06-18 10:07:00.000000,400.0,3,3,RECONCILIATION SUCCESSFUL,INTEGRITY VERIFIED,INTEGRITY VERIFIED
-484,91211,2026-06-18 14:29:00.000000,137.0,2,2,RECONCILIATION SUCCESSFUL,INTEGRITY VERIFIED,INTEGRITY VERIFIED
-428,773,2026-06-18 17:27:00.000000,184.0,1,1,RECONCILIATION SUCCESSFUL,INTEGRITY VERIFIED,INTEGRITY VERIFIED
-456,83154,2026-06-18 16:40:00.000000,229.0,3,3,RECONCILIATION SUCCESSFUL,INTEGRITY VERIFIED,VARIANCE DETECTED
-473,30637,2026-06-18 10:56:00.000000,380.0,3,3,RECONCILIATION SUCCESSFUL,INTEGRITY VERIFIED,INTEGRITY VERIFIED
-458,80533,2026-06-18 10:09:00.000000,433.0,3,3,RECONCILIATION SUCCESSFUL,INTEGRITY VERIFIED,INTEGRITY VERIFIED
-475,97510,2026-06-18 11:35:00.000000,354.0,2,2,RECONCILIATION SUCCESSFUL,INTEGRITY VERIFIED,VARIANCE DETECTED
-432,89013,2026-06-18 09:55:00.000000,94.0,2,2,RECONCILIATION SUCCESSFUL,INTEGRITY VERIFIED,INTEGRITY VERIFIED
-451,83204,2026-06-18 15:57:00.000000,393.0,3,3,RECONCILIATION SUCCESSFUL,INTEGRITY VERIFIED,INTEGRITY VERIFIED
-392,6579,2026-06-17 13:33:00.000000,394.0,3,3,RECONCILIATION SUCCESSFUL,INTEGRITY VERIFIED,VARIANCE DETECTED
-341,87999,2026-06-17 13:36:00.000000,119.0,2,2,RECONCILIATION SUCCESSFUL,INTEGRITY VERIFIED,VARIANCE DETECTED
-434,83244,2026-06-18 12:48:00.000000,156.0,1,1,RECONCILIATION SUCCESSFUL,INTEGRITY VERIFIED,INTEGRITY VERIFIED
-469,75902,2026-06-18 11:41:00.000000,173.0,3,3,RECONCILIATION SUCCESSFUL,INTEGRITY VERIFIED,INTEGRITY VERIFIED
-459,89268,2026-06-18 16:56:00.000000,189.0,1,1,RECONCILIATION SUCCESSFUL,INTEGRITY VERIFIED,INTEGRITY VERIFIED
-500,14260,2026-06-18 12:25:00.000000,270.0,2,2,RECONCILIATION SUCCESSFUL,INTEGRITY VERIFIED,VARIANCE DETECTED
-439,70890,2026-06-18 13:35:00.000000,25.0,1,1,RECONCILIATION SUCCESSFUL,INTEGRITY VERIFIED,INTEGRITY VERIFIED
-490,35825,2026-06-18 17:39:00.000000,482.0,3,3,RECONCILIATION SUCCESSFUL,INTEGRITY VERIFIED,INTEGRITY VERIFIED
-342,51435,2026-06-17 09:58:00.000000,312.0,2,2,RECONCILIATION SUCCESSFUL,INTEGRITY VERIFIED,VARIANCE DETECTED
-488,40900,2026-06-18 09:05:00.000000,339.0,3,3,RECONCILIATION SUCCESSFUL,INTEGRITY VERIFIED,VARIANCE DETECTED
-447,10603,2026-06-18 17:57:00.000000,173.0,2,2,RECONCILIATION SUCCESSFUL,INTEGRITY VERIFIED,VARIANCE DETECTED
-480,5361,2026-06-18 15:31:00.000000,377.0,3,3,RECONCILIATION SUCCESSFUL,INTEGRITY VERIFIED,VARIANCE DETECTED
-431,91404,2026-06-18 09:17:00.000000,74.0,1,1,RECONCILIATION SUCCESSFUL,INTEGRITY VERIFIED,INTEGRITY VERIFIED
-472,70061,2026-06-18 12:52:00.000000,307.0,3,3,RECONCILIATION SUCCESSFUL,INTEGRITY VERIFIED,INTEGRITY VERIFIED
-449,76307,2026-06-18 16:44:00.000000,56.0,1,1,RECONCILIATION SUCCESSFUL,INTEGRITY VERIFIED,INTEGRITY VERIFIED
-413,85926,2026-06-18 09:03:00.000000,74.0,2,2,RECONCILIATION SUCCESSFUL,INTEGRITY VERIFIED,INTEGRITY VERIFIED
-418,31966,2026-06-18 10:09:00.000000,338.0,2,2,RECONCILIATION SUCCESSFUL,INTEGRITY VERIFIED,VARIANCE DETECTED
-460,71808,2026-06-18 11:41:00.000000,273.0,2,2,RECONCILIATION SUCCESSFUL,INTEGRITY VERIFIED,VARIANCE DETECTED
-403,93584,2026-06-18 17:10:00.000000,144.0,1,1,RECONCILIATION SUCCESSFUL,INTEGRITY VERIFIED,INTEGRITY VERIFIED
-477,69729,2026-06-18 14:25:00.000000,170.0,2,2,RECONCILIATION SUCCESSFUL,INTEGRITY VERIFIED,INTEGRITY VERIFIED
-333,74112,2026-06-17 13:51:00.000000,282.0,2,2,RECONCILIATION SUCCESSFUL,INTEGRITY VERIFIED,VARIANCE DETECTED
-409,22387,2026-06-18 17:00:00.000000,96.0,1,1,RECONCILIATION SUCCESSFUL,INTEGRITY VERIFIED,INTEGRITY VERIFIED
-438,92585,2026-06-18 17:30:00.000000,243.0,2,2,RECONCILIATION SUCCESSFUL,INTEGRITY VERIFIED,VARIANCE DETECTED
-397,52474,2026-06-17 11:02:00.000000,437.0,3,3,RECONCILIATION SUCCESSFUL,INTEGRITY VERIFIED,VARIANCE DETECTED
-389,19060,2026-06-17 14:35:00.000000,194.0,1,1,RECONCILIATION SUCCESSFUL,INTEGRITY VERIFIED,INTEGRITY VERIFIED
-429,586,2026-06-18 13:58:00.000000,177.0,2,2,RECONCILIATION SUCCESSFUL,INTEGRITY VERIFIED,INTEGRITY VERIFIED
-463,97608,2026-06-18 13:39:00.000000,346.0,3,3,RECONCILIATION SUCCESSFUL,INTEGRITY VERIFIED,VARIANCE DETECTED
-419,70357,2026-06-18 13:22:00.000000,272.0,2,2,RECONCILIATION SUCCESSFUL,INTEGRITY VERIFIED,VARIANCE DETECTED
-466,46029,2026-06-18 16:40:00.000000,121.0,1,1,RECONCILIATION SUCCESSFUL,INTEGRITY VERIFIED,INTEGRITY VERIFIED
-482,13281,2026-06-18 09:28:00.000000,229.0,2,2,RECONCILIATION SUCCESSFUL,INTEGRITY VERIFIED,INTEGRITY VERIFIED
-464,13197,2026-06-18 10:04:00.000000,392.0,3,3,RECONCILIATION SUCCESSFUL,INTEGRITY VERIFIED,INTEGRITY VERIFIED
-415,4561,2026-06-18 12:57:00.000000,167.0,3,3,RECONCILIATION SUCCESSFUL,INTEGRITY VERIFIED,VARIANCE DETECTED
-453,92876,2026-06-18 10:45:00.000000,204.0,2,2,RECONCILIATION SUCCESSFUL,INTEGRITY VERIFIED,VARIANCE DETECTED
-412,388,2026-06-18 09:47:00.000000,267.0,2,2,RECONCILIATION SUCCESSFUL,INTEGRITY VERIFIED,INTEGRITY VERIFIED
-486,87293,2026-06-18 12:06:00.000000,129.0,2,2,RECONCILIATION SUCCESSFUL,INTEGRITY VERIFIED,VARIANCE DETECTED
-457,11550,2026-06-18 16:46:00.000000,164.0,1,1,RECONCILIATION SUCCESSFUL,INTEGRITY VERIFIED,INTEGRITY VERIFIED
-440,8960,2026-06-18 10:40:00.000000,327.0,3,3,RECONCILIATION SUCCESSFUL,INTEGRITY VERIFIED,INTEGRITY VERIFIED
-427,84207,2026-06-18 14:03:00.000000,343.0,2,2,RECONCILIATION SUCCESSFUL,INTEGRITY VERIFIED,VARIANCE DETECTED
-406,53274,2026-06-18 16:46:00.000000,295.0,3,3,RECONCILIATION SUCCESSFUL,INTEGRITY VERIFIED,INTEGRITY VERIFIED
-495,30965,2026-06-18 15:21:00.000000,241.0,2,2,RECONCILIATION SUCCESSFUL,INTEGRITY VERIFIED,VARIANCE DETECTED
-423,11437,2026-06-18 15:49:00.000000,69.0,1,1,RECONCILIATION SUCCESSFUL,INTEGRITY VERIFIED,INTEGRITY VERIFIED
-493,29921,2026-06-18 16:41:00.000000,383.0,3,3,RECONCILIATION SUCCESSFUL,INTEGRITY VERIFIED,INTEGRITY VERIFIED
-426,85428,2026-06-18 16:10:00.000000,240.0,2,2,RECONCILIATION SUCCESSFUL,INTEGRITY VERIFIED,INTEGRITY VERIFIED
-471,50954,2026-06-18 16:54:00.000000,328.0,2,2,RECONCILIATION SUCCESSFUL,INTEGRITY VERIFIED,VARIANCE DETECTED
-420,17958,2026-06-18 12:01:00.000000,195.0,3,3,RECONCILIATION SUCCESSFUL,INTEGRITY VERIFIED,INTEGRITY VERIFIED
-441,80432,2026-06-18 11:30:00.000000,109.0,1,1,RECONCILIATION SUCCESSFUL,INTEGRITY VERIFIED,INTEGRITY VERIFIED
-444,65366,2026-06-18 15:12:00.000000,256.0,3,3,RECONCILIATION SUCCESSFUL,INTEGRITY VERIFIED,INTEGRITY VERIFIED
-404,35800,2026-06-18 11:18:00.000000,178.0,2,2,RECONCILIATION SUCCESSFUL,INTEGRITY VERIFIED,INTEGRITY VERIFIED
-378,51747,2026-06-17 17:28:00.000000,307.0,2,2,RECONCILIATION SUCCESSFUL,INTEGRITY VERIFIED,VARIANCE DETECTED
-494,51014,2026-06-18 14:21:00.000000,279.0,2,2,RECONCILIATION SUCCESSFUL,INTEGRITY VERIFIED,INTEGRITY VERIFIED
-461,54538,2026-06-18 12:28:00.000000,160.0,2,2,RECONCILIATION SUCCESSFUL,INTEGRITY VERIFIED,INTEGRITY VERIFIED
-483,39181,2026-06-18 11:00:00.000000,34.0,1,1,RECONCILIATION SUCCESSFUL,INTEGRITY VERIFIED,INTEGRITY VERIFIED
-303,29908,2026-06-17 12:01:00.000000,67.0,1,1,RECONCILIATION SUCCESSFUL,INTEGRITY VERIFIED,INTEGRITY VERIFIED
-388,56087,2026-06-17 15:56:00.000000,431.0,3,3,RECONCILIATION SUCCESSFUL,INTEGRITY VERIFIED,VARIANCE DETECTED
-339,96367,2026-06-17 09:08:00.000000,96.0,2,2,RECONCILIATION SUCCESSFUL,INTEGRITY VERIFIED,VARIANCE DETECTED
-346,13201,2026-06-17 09:32:00.000000,161.0,2,2,RECONCILIATION SUCCESSFUL,INTEGRITY VERIFIED,VARIANCE DETECTED
-465,3388,2026-06-18 17:44:00.000000,216.0,2,2,RECONCILIATION SUCCESSFUL,INTEGRITY VERIFIED,INTEGRITY VERIFIED
-416,23455,2026-06-18 15:54:00.000000,369.0,3,3,RECONCILIATION SUCCESSFUL,INTEGRITY VERIFIED,VARIANCE DETECTED
-462,8478,2026-06-18 15:34:00.000000,314.0,3,3,RECONCILIATION SUCCESSFUL,INTEGRITY VERIFIED,VARIANCE DETECTED
-402,13169,2026-06-18 09:42:00.000000,37.0,1,1,RECONCILIATION SUCCESSFUL,INTEGRITY VERIFIED,INTEGRITY VERIFIED
-435,92825,2026-06-18 15:14:00.000000,158.0,2,2,RECONCILIATION SUCCESSFUL,INTEGRITY VERIFIED,INTEGRITY VERIFIED
-365,9161,2026-06-17 16:25:00.000000,294.0,2,2,RECONCILIATION SUCCESSFUL,INTEGRITY VERIFIED,VARIANCE DETECTED
-407,46746,2026-06-18 16:07:00.000000,38.0,1,1,RECONCILIATION SUCCESSFUL,INTEGRITY VERIFIED,INTEGRITY VERIFIED
-452,51612,2026-06-18 11:31:00.000000,486.0,3,3,RECONCILIATION SUCCESSFUL,INTEGRITY VERIFIED,VARIANCE DETECTED
-497,5875,2026-06-18 15:02:00.000000,169.0,2,2,RECONCILIATION SUCCESSFUL,INTEGRITY VERIFIED,VARIANCE DETECTED
-450,46232,2026-06-18 15:36:00.000000,419.0,3,3,RECONCILIATION SUCCESSFUL,INTEGRITY VERIFIED,INTEGRITY VERIFIED
-401,31138,2026-06-18 17:31:00.000000,289.0,2,2,RECONCILIATION SUCCESSFUL,INTEGRITY VERIFIED,INTEGRITY VERIFIED
-414,40024,2026-06-18 13:56:00.000000,111.0,1,1,RECONCILIATION SUCCESSFUL,INTEGRITY VERIFIED,INTEGRITY VERIFIED
-455,4522,2026-06-18 17:47:00.000000,98.0,1,1,RECONCILIATION SUCCESSFUL,INTEGRITY VERIFIED,INTEGRITY VERIFIED
-311,21222,2026-06-17 14:45:00.000000,274.0,3,3,RECONCILIATION SUCCESSFUL,INTEGRITY VERIFIED,VARIANCE DETECTED
-328,63488,2026-06-17 10:04:00.000000,144.0,1,1,RECONCILIATION SUCCESSFUL,INTEGRITY VERIFIED,INTEGRITY VERIFIED
-442,78807,2026-06-18 14:05:00.000000,161.0,2,2,RECONCILIATION SUCCESSFUL,INTEGRITY VERIFIED,VARIANCE DETECTED
-476,82872,2026-06-18 09:55:00.000000,137.0,2,2,RECONCILIATION SUCCESSFUL,INTEGRITY VERIFIED,VARIANCE DETECTED
-408,98198,2026-06-18 12:25:00.000000,444.0,3,3,RECONCILIATION SUCCESSFUL,INTEGRITY VERIFIED,INTEGRITY VERIFIED
-498,25459,2026-06-18 09:22:00.000000,273.0,2,2,RECONCILIATION SUCCESSFUL,INTEGRITY VERIFIED,INTEGRITY VERIFIED
-479,84947,2026-06-18 13:04:00.000000,129.0,2,2,RECONCILIATION SUCCESSFUL,INTEGRITY VERIFIED,INTEGRITY VERIFIED
-422,18561,2026-06-18 11:35:00.000000,260.0,3,3,RECONCILIATION SUCCESSFUL,INTEGRITY VERIFIED,VARIANCE DETECTED
-454,97114,2026-06-18 16:16:00.000000,223.0,2,2,RECONCILIATION SUCCESSFUL,INTEGRITY VERIFIED,VARIANCE DETECTED
-374,53287,2026-06-17 11:40:00.000000,476.0,3,3,RECONCILIATION SUCCESSFUL,INTEGRITY VERIFIED,INTEGRITY VERIFIED
-405,37626,2026-06-18 11:02:00.000000,33.0,1,1,RECONCILIATION SUCCESSFUL,INTEGRITY VERIFIED,INTEGRITY VERIFIED
-433,44235,2026-06-18 14:59:00.000000,152.0,1,1,RECONCILIATION SUCCESSFUL,INTEGRITY VERIFIED,INTEGRITY VERIFIED
-410,39938,2026-06-18 17:18:00.000000,156.0,1,1,RECONCILIATION SUCCESSFUL,INTEGRITY VERIFIED,INTEGRITY VERIFIED
-436,78497,2026-06-18 09:03:00.000000,39.0,1,1,RECONCILIATION SUCCESSFUL,INTEGRITY VERIFIED,INTEGRITY VERIFIED
-446,63290,2026-06-18 15:35:00.000000,210.0,3,3,RECONCILIATION SUCCESSFUL,INTEGRITY VERIFIED,VARIANCE DETECTED
-499,75025,2026-06-18 16:35:00.000000,191.0,1,1,RECONCILIATION SUCCESSFUL,INTEGRITY VERIFIED,INTEGRITY VERIFIED
-424,63237,2026-06-18 15:30:00.000000,181.0,3,3,RECONCILIATION SUCCESSFUL,INTEGRITY VERIFIED,VARIANCE DETECTED
-487,84071,2026-06-18 10:03:00.000000,221.0,2,2,RECONCILIATION SUCCESSFUL,INTEGRITY VERIFIED,VARIANCE DETECTED
-324,44960,2026-06-17 14:20:00.000000,167.0,1,1,RECONCILIATION SUCCESSFUL,INTEGRITY VERIFIED,INTEGRITY VERIFIED
-448,32438,2026-06-18 14:52:00.000000,141.0,2,2,RECONCILIATION SUCCESSFUL,INTEGRITY VERIFIED,VARIANCE DETECTED
