order_id,user_id,order_date,gross_revenue,refund_amount,total_item_count,total_returned_items,net_revenue,refund_value_rate,refund_count_rate,refund_type
18314,14584,2019-08-14 18:36:14.000000,2.95,0.0,1,0,2.95,0.0,0.0,NO REFUND
71999,57579,2024-06-07 10:59:09.000000,42.68,0.0,2,0,42.68,0.0,0.0,NO REFUND
80599,64457,2026-06-12 18:47:58.000000,207.6,0.0,4,0,207.6,0.0,0.0,NO REFUND
63451,50704,2025-11-13 06:42:42.000000,5.0,0.0,1,0,5.0,0.0,0.0,NO REFUND
35520,28355,2023-07-26 23:08:46.000000,242.45,0.0,4,0,242.45,0.0,0.0,NO REFUND
26099,20853,2025-04-22 10:50:02.000000,75.94,0.0,2,0,75.94,0.0,0.0,NO REFUND
60167,48046,2024-05-31 14:35:11.000000,5.99,0.0,1,0,5.99,0.0,0.0,NO REFUND
47475,37927,2023-12-30 09:19:19.000000,38.9,0.0,2,0,38.9,0.0,0.0,NO REFUND
69922,55927,2025-07-15 22:37:27.000000,42.0,0.0,3,0,42.0,0.0,0.0,NO REFUND
71375,57091,2026-06-14 20:41:01.661598,6.25,0.0,1,0,6.25,0.0,0.0,NO REFUND
31802,25407,2025-10-18 13:24:11.000000,48.55,0.0,2,0,48.55,0.0,0.0,NO REFUND
35149,28071,2024-10-12 06:31:33.000000,65.34,0.0,3,0,65.34,0.0,0.0,NO REFUND
52837,42166,2024-04-19 02:15:42.000000,50.39,0.0,2,0,50.39,0.0,0.0,NO REFUND
24387,19480,2024-05-26 05:48:34.000000,490.43,490.43,4,4,0.0,1.0,1.0,FULLY REFUNDED
8375,6690,2024-04-03 17:38:46.000000,116.93,0.0,4,0,116.93,0.0,0.0,NO REFUND
106708,85518,2025-09-26 21:55:32.000000,6.99,0.0,1,0,6.99,0.0,0.0,NO REFUND
95064,76193,2024-01-19 19:18:15.000000,6.99,0.0,1,0,6.99,0.0,0.0,NO REFUND
34740,27750,2026-01-14 04:06:04.000000,183.49,0.0,4,0,183.49,0.0,0.0,NO REFUND
109829,87990,2024-10-08 12:00:16.000000,140.95,0.0,4,0,140.95,0.0,0.0,NO REFUND
837,674,2026-06-13 10:28:52.000000,40.46,0.0,3,0,40.46,0.0,0.0,NO REFUND
62833,50205,2023-06-13 05:22:48.000000,7.0,0.0,1,0,7.0,0.0,0.0,NO REFUND
20120,16075,2025-08-23 13:15:08.000000,227.11,0.0,3,0,227.11,0.0,0.0,NO REFUND
105428,84508,2026-06-04 06:10:03.000000,7.9,0.0,1,0,7.9,0.0,0.0,NO REFUND
117695,94251,2025-04-05 16:48:44.000000,125.98,0.0,4,0,125.98,0.0,0.0,NO REFUND
29202,23340,2025-05-09 02:24:35.000000,7.99,0.0,1,0,7.99,0.0,0.0,NO REFUND
25605,20441,2024-12-17 20:37:22.000000,68.0,0.0,2,0,68.0,0.0,0.0,NO REFUND
78958,63107,2023-08-11 04:58:14.000000,146.85,0.0,2,0,146.85,0.0,0.0,NO REFUND
26158,20895,2026-04-23 17:28:00.000000,122.34,0.0,4,0,122.34,0.0,0.0,NO REFUND
35569,28392,2025-06-17 01:15:56.000000,8.99,0.0,1,0,8.99,0.0,0.0,NO REFUND
76911,61497,2023-07-22 05:02:56.000000,524.03,0.0,4,0,524.03,0.0,0.0,NO REFUND
54696,43689,2026-06-16 05:09:36.000000,228.49,0.0,4,0,228.49,0.0,0.0,NO REFUND
67675,54142,2025-12-05 05:44:47.000000,138.28,0.0,4,0,138.28,0.0,0.0,NO REFUND
22494,17957,2026-06-01 17:32:59.000000,98.69,0.0,4,0,98.69,0.0,0.0,NO REFUND
62664,50068,2025-08-23 20:01:32.000000,9.95,0.0,1,0,9.95,0.0,0.0,NO REFUND
105981,84932,2026-05-21 12:13:05.000000,189.43,0.0,4,0,189.43,0.0,0.0,NO REFUND
118562,94916,2023-08-15 00:21:23.000000,59.94,0.0,2,0,59.94,0.0,0.0,NO REFUND
73235,58582,2026-02-12 08:26:06.000000,9.99,9.99,1,1,0.0,1.0,1.0,FULLY REFUNDED
37456,29908,2022-04-22 08:16:16.000000,9.99,0.0,1,0,9.99,0.0,0.0,NO REFUND
100507,80595,2024-12-09 05:12:29.000000,128.95,0.0,4,0,128.95,0.0,0.0,NO REFUND
69986,55978,2024-12-30 23:26:19.000000,10.0,0.0,1,0,10.0,0.0,0.0,NO REFUND
95157,76269,2024-06-03 01:14:32.000000,176.85,0.0,4,0,176.85,0.0,0.0,NO REFUND
14751,11767,2024-04-23 21:53:05.000000,35.69,35.69,2,2,0.0,1.0,1.0,FULLY REFUNDED
35842,28595,2026-04-22 03:20:34.000000,10.69,10.69,1,1,0.0,1.0,1.0,FULLY REFUNDED
38304,30574,2024-11-26 15:47:32.000000,10.97,0.0,1,0,10.97,0.0,0.0,NO REFUND
6442,5109,2022-01-01 02:48:12.000000,106.09,0.0,4,0,106.09,0.0,0.0,NO REFUND
68631,54913,2023-05-12 03:04:40.000000,286.22,0.0,3,0,286.22,0.0,0.0,NO REFUND
12854,10206,2025-01-04 20:10:10.000000,11.25,0.0,1,0,11.25,0.0,0.0,NO REFUND
36775,29356,2025-03-26 01:50:29.000000,11.86,0.0,1,0,11.86,0.0,0.0,NO REFUND
111574,89365,2024-07-06 21:22:55.000000,11.95,0.0,1,0,11.95,0.0,0.0,NO REFUND
90423,72362,2022-12-08 19:32:57.000000,39.94,0.0,2,0,39.94,0.0,0.0,NO REFUND
96725,77553,2026-04-17 06:48:06.000000,80.99,0.0,3,0,80.99,0.0,0.0,NO REFUND
51213,40910,2026-06-07 21:19:21.000000,93.98,0.0,4,0,93.98,0.0,0.0,NO REFUND
70497,56380,2020-06-14 03:50:04.000000,46.99,46.99,2,2,0.0,1.0,1.0,FULLY REFUNDED
96477,77354,2024-05-08 23:29:00.000000,11.99,0.0,1,0,11.99,0.0,0.0,NO REFUND
106430,85315,2023-07-08 21:45:40.000000,61.96,0.0,4,0,61.96,0.0,0.0,NO REFUND
23645,18892,2025-03-25 20:55:56.000000,230.0,0.0,2,0,230.0,0.0,0.0,NO REFUND
44199,35258,2023-06-27 08:03:16.000000,361.98,361.98,3,3,0.0,1.0,1.0,FULLY REFUNDED
38078,30403,2023-12-16 16:14:35.000000,160.94,0.0,2,0,160.94,0.0,0.0,NO REFUND
96975,77729,2021-03-12 12:51:56.000000,57.13,0.0,2,0,57.13,0.0,0.0,NO REFUND
40468,32314,2021-10-13 04:58:49.000000,32.19,0.0,2,0,32.19,0.0,0.0,NO REFUND
12728,10111,2025-12-06 23:26:05.000000,12.9,0.0,1,0,12.9,0.0,0.0,NO REFUND
69668,55712,2024-02-19 13:03:57.000000,37.99,0.0,2,0,37.99,0.0,0.0,NO REFUND
66286,52990,2026-06-12 03:12:54.000000,13.01,0.0,1,0,13.01,0.0,0.0,NO REFUND
99244,79576,2024-09-18 15:34:40.000000,33.74,0.0,2,0,33.74,0.0,0.0,NO REFUND
73494,58781,2020-10-19 02:08:08.000000,13.75,0.0,1,0,13.75,0.0,0.0,NO REFUND
69432,55535,2026-06-11 21:26:11.000000,173.11,0.0,4,0,173.11,0.0,0.0,NO REFUND
42845,34186,2026-02-09 06:43:12.000000,342.87,342.87,4,4,0.0,1.0,1.0,FULLY REFUNDED
56249,44940,2026-04-01 07:25:26.000000,71.91,0.0,3,0,71.91,0.0,0.0,NO REFUND
68584,54880,2026-05-16 21:25:19.000000,324.93,0.0,4,0,324.93,0.0,0.0,NO REFUND
99468,79776,2024-11-18 09:29:45.000000,248.98,248.98,4,4,0.0,1.0,1.0,FULLY REFUNDED
3851,3051,2026-01-01 12:47:45.000000,123.18,123.18,3,3,0.0,1.0,1.0,FULLY REFUNDED
100642,80693,2026-04-08 07:34:11.000000,156.19,0.0,3,0,156.19,0.0,0.0,NO REFUND
115537,92495,2026-06-04 21:41:55.000000,54.39,54.39,2,2,0.0,1.0,1.0,FULLY REFUNDED
48221,38522,2025-09-28 17:05:33.000000,263.24,0.0,4,0,263.24,0.0,0.0,NO REFUND
90727,72608,2025-08-25 21:30:34.000000,14.67,0.0,1,0,14.67,0.0,0.0,NO REFUND
18682,14885,2020-12-07 05:16:59.000000,145.83,145.83,3,3,0.0,1.0,1.0,FULLY REFUNDED
16802,13382,2025-07-07 19:28:22.000000,46.95,0.0,2,0,46.95,0.0,0.0,NO REFUND
50288,40189,2026-05-14 18:07:34.000000,42.14,0.0,2,0,42.14,0.0,0.0,NO REFUND
74218,59355,2025-07-02 19:49:20.000000,112.96,0.0,4,0,112.96,0.0,0.0,NO REFUND
12959,10294,2020-08-23 16:17:18.000000,14.99,0.0,1,0,14.99,0.0,0.0,NO REFUND
87922,70352,2021-11-14 16:18:07.000000,134.47,0.0,4,0,134.47,0.0,0.0,NO REFUND
109050,87368,2026-06-02 06:45:56.000000,152.99,0.0,3,0,152.99,0.0,0.0,NO REFUND
27836,22252,2026-01-20 10:11:22.000000,112.26,112.26,3,3,0.0,1.0,1.0,FULLY REFUNDED
6527,5175,2025-05-02 05:27:55.000000,119.33,0.0,4,0,119.33,0.0,0.0,NO REFUND
96165,77086,2025-02-24 04:44:29.000000,14.99,0.0,1,0,14.99,0.0,0.0,NO REFUND
37010,29548,2025-05-29 11:50:00.000000,15.0,0.0,1,0,15.0,0.0,0.0,NO REFUND
76508,61174,2025-12-31 18:31:21.000000,69.68,0.0,2,0,69.68,0.0,0.0,NO REFUND
111380,89204,2025-03-30 13:37:23.000000,142.75,0.0,4,0,142.75,0.0,0.0,NO REFUND
1547,1214,2026-06-14 09:39:57.000000,15.9,0.0,1,0,15.9,0.0,0.0,NO REFUND
110832,88763,2026-04-04 09:42:48.000000,15.9,0.0,1,0,15.9,0.0,0.0,NO REFUND
95949,76916,2023-04-28 07:35:09.000000,15.95,0.0,1,0,15.95,0.0,0.0,NO REFUND
97283,77970,2024-11-23 01:14:08.000000,125.99,0.0,2,0,125.99,0.0,0.0,NO REFUND
22587,18033,2021-05-28 10:16:42.000000,45.94,0.0,2,0,45.94,0.0,0.0,NO REFUND
93677,75067,2026-05-13 01:10:23.000000,140.55,0.0,4,0,140.55,0.0,0.0,NO REFUND
16688,13281,2026-05-28 03:40:32.000000,269.59,269.59,4,4,0.0,1.0,1.0,FULLY REFUNDED
68143,54534,2025-02-05 23:40:09.000000,15.99,0.0,1,0,15.99,0.0,0.0,NO REFUND
25150,20091,2025-01-11 05:32:20.000000,16.0,0.0,1,0,16.0,0.0,0.0,NO REFUND
97348,78029,2026-05-08 11:48:07.000000,178.74,0.0,4,0,178.74,0.0,0.0,NO REFUND
63815,50998,2026-04-09 18:27:56.000000,16.95,0.0,1,0,16.95,0.0,0.0,NO REFUND
15826,12624,2022-08-02 00:45:21.000000,51.94,0.0,2,0,51.94,0.0,0.0,NO REFUND
121616,97361,2024-09-24 17:22:11.000000,43.5,0.0,2,0,43.5,0.0,0.0,NO REFUND
103049,82631,2023-04-14 11:02:31.000000,274.31,0.0,4,0,274.31,0.0,0.0,NO REFUND
53004,42315,2021-10-20 03:20:58.000000,17.56,0.0,1,0,17.56,0.0,0.0,NO REFUND
91560,73300,2026-04-05 20:45:26.000000,17.9,0.0,1,0,17.9,0.0,0.0,NO REFUND
62865,50230,2022-09-24 21:14:17.000000,269.93,269.93,3,3,0.0,1.0,1.0,FULLY REFUNDED
35557,28382,2025-10-25 15:47:13.000000,266.98,0.0,4,0,266.98,0.0,0.0,NO REFUND
59750,47727,2024-04-04 23:01:04.000000,188.99,0.0,2,0,188.99,0.0,0.0,NO REFUND
118685,95009,2025-01-26 23:20:39.000000,51.97,0.0,2,0,51.97,0.0,0.0,NO REFUND
51110,40828,2025-10-19 21:46:30.000000,46.0,0.0,2,0,46.0,0.0,0.0,NO REFUND
73165,58517,2023-02-03 17:10:30.000000,18.0,18.0,1,1,0.0,1.0,1.0,FULLY REFUNDED
80764,64604,2024-10-18 18:47:39.000000,293.53,0.0,4,0,293.53,0.0,0.0,NO REFUND
56067,44805,2026-05-16 08:35:57.000000,183.76,0.0,4,0,183.76,0.0,0.0,NO REFUND
28912,23104,2026-06-14 20:56:04.869511,232.05,232.05,4,4,0.0,1.0,1.0,FULLY REFUNDED
112158,89809,2025-05-06 02:46:44.000000,273.4,0.0,4,0,273.4,0.0,0.0,NO REFUND
38809,31004,2026-06-14 06:41:06.000000,18.99,0.0,1,0,18.99,0.0,0.0,NO REFUND
38358,30611,2024-01-10 18:46:25.000000,19.0,0.0,1,0,19.0,0.0,0.0,NO REFUND
43004,34311,2025-03-10 18:22:30.000000,78.95,78.95,3,3,0.0,1.0,1.0,FULLY REFUNDED
82514,66015,2024-08-08 21:23:09.000000,194.0,0.0,3,0,194.0,0.0,0.0,NO REFUND
14313,11409,2024-11-29 15:04:44.000000,120.49,120.49,4,4,0.0,1.0,1.0,FULLY REFUNDED
73436,58737,2022-10-13 15:35:00.000000,167.95,0.0,2,0,167.95,0.0,0.0,NO REFUND
82730,66195,2025-12-16 10:57:52.000000,19.97,19.97,1,1,0.0,1.0,1.0,FULLY REFUNDED
99783,80040,2022-04-10 02:34:26.000000,305.47,0.0,4,0,305.47,0.0,0.0,NO REFUND
1939,1552,2020-04-26 08:12:26.000000,128.97,0.0,3,0,128.97,0.0,0.0,NO REFUND
35834,28590,2024-04-03 08:34:07.000000,386.47,0.0,4,0,386.47,0.0,0.0,NO REFUND
87520,70041,2026-03-02 12:46:23.000000,68.0,0.0,2,0,68.0,0.0,0.0,NO REFUND
66752,53373,2026-06-09 00:50:25.000000,475.92,0.0,4,0,475.92,0.0,0.0,NO REFUND
40151,32059,2025-12-28 14:52:29.000000,20.8,0.0,1,0,20.8,0.0,0.0,NO REFUND
30838,24617,2025-05-17 03:59:59.000000,65.88,0.0,2,0,65.88,0.0,0.0,NO REFUND
123243,98688,2024-03-25 21:11:23.000000,20.99,20.99,1,1,0.0,1.0,1.0,FULLY REFUNDED
123460,98861,2026-03-09 04:54:21.000000,109.79,0.0,2,0,109.79,0.0,0.0,NO REFUND
80618,64472,2025-04-07 19:54:10.000000,21.9,0.0,1,0,21.9,0.0,0.0,NO REFUND
94784,75985,2024-11-08 21:59:03.000000,106.79,0.0,3,0,106.79,0.0,0.0,NO REFUND
68678,54949,2023-01-20 02:16:50.000000,22.0,0.0,1,0,22.0,0.0,0.0,NO REFUND
52921,42235,2024-03-02 20:35:54.000000,22.0,0.0,1,0,22.0,0.0,0.0,NO REFUND
36822,29394,2023-09-04 20:08:49.000000,264.66,0.0,4,0,264.66,0.0,0.0,NO REFUND
82296,65863,2024-04-08 09:12:26.000000,234.71,0.0,4,0,234.71,0.0,0.0,NO REFUND
22764,18185,2026-03-12 08:43:29.000000,56.99,0.0,2,0,56.99,0.0,0.0,NO REFUND
52609,41981,2022-09-23 13:34:38.000000,22.45,0.0,1,0,22.45,0.0,0.0,NO REFUND
60036,47956,2023-05-03 07:38:33.000000,47.95,47.95,2,2,0.0,1.0,1.0,FULLY REFUNDED
66391,53082,2025-10-01 01:49:11.000000,22.97,0.0,1,0,22.97,0.0,0.0,NO REFUND
56653,45264,2021-03-09 09:12:03.000000,47.98,0.0,2,0,47.98,0.0,0.0,NO REFUND
16418,13079,2023-04-21 04:05:36.000000,129.47,0.0,4,0,129.47,0.0,0.0,NO REFUND
75458,60347,2022-04-08 14:15:32.000000,50.9,0.0,2,0,50.9,0.0,0.0,NO REFUND
87881,70326,2025-02-16 04:46:37.000000,72.99,0.0,2,0,72.99,0.0,0.0,NO REFUND
88639,70918,2026-03-25 06:30:47.000000,23.0,0.0,1,0,23.0,0.0,0.0,NO REFUND
115904,92793,2023-12-10 10:14:09.000000,23.7,0.0,1,0,23.7,0.0,0.0,NO REFUND
62497,49930,2025-12-05 11:23:31.000000,111.98,0.0,2,0,111.98,0.0,0.0,NO REFUND
2547,2034,2020-06-28 14:19:36.000000,111.44,0.0,4,0,111.44,0.0,0.0,NO REFUND
14109,11230,2026-01-01 21:49:01.000000,521.47,0.0,4,0,521.47,0.0,0.0,NO REFUND
100544,80619,2025-12-15 06:20:46.000000,24.0,0.0,1,0,24.0,0.0,0.0,NO REFUND
17267,13732,2022-10-21 02:16:57.000000,125.74,0.0,4,0,125.74,0.0,0.0,NO REFUND
42473,33892,2024-12-04 22:58:36.000000,65.41,0.0,2,0,65.41,0.0,0.0,NO REFUND
58112,46442,2023-11-20 00:34:20.000000,106.33,0.0,2,0,106.33,0.0,0.0,NO REFUND
90395,72337,2022-09-07 07:22:37.000000,24.95,0.0,1,0,24.95,0.0,0.0,NO REFUND
26549,21215,2023-02-23 07:31:43.000000,24.98,24.98,1,1,0.0,1.0,1.0,FULLY REFUNDED
75484,60371,2022-04-07 21:12:23.000000,200.23,0.0,4,0,200.23,0.0,0.0,NO REFUND
103597,83063,2026-02-21 18:57:21.000000,24.99,0.0,1,0,24.99,0.0,0.0,NO REFUND
109882,88026,2024-03-15 17:56:45.000000,181.15,0.0,4,0,181.15,0.0,0.0,NO REFUND
52278,41733,2020-06-19 09:45:44.000000,25.0,0.0,1,0,25.0,0.0,0.0,NO REFUND
65594,52390,2025-03-04 11:42:18.000000,25.0,0.0,1,0,25.0,0.0,0.0,NO REFUND
91526,73276,2022-10-29 21:16:05.000000,25.0,0.0,1,0,25.0,0.0,0.0,NO REFUND
906,728,2020-03-28 14:30:10.000000,132.5,0.0,3,0,132.5,0.0,0.0,NO REFUND
11047,8807,2020-06-14 14:58:28.000000,25.0,0.0,1,0,25.0,0.0,0.0,NO REFUND
27140,21701,2020-09-10 21:10:47.000000,25.0,0.0,1,0,25.0,0.0,0.0,NO REFUND
33156,26457,2021-06-12 00:41:13.000000,223.57,0.0,4,0,223.57,0.0,0.0,NO REFUND
99398,79712,2026-06-01 13:04:51.000000,212.0,0.0,4,0,212.0,0.0,0.0,NO REFUND
113240,90659,2024-01-15 19:25:21.000000,25.0,0.0,1,0,25.0,0.0,0.0,NO REFUND
117445,94049,2024-12-19 20:35:25.000000,193.26,0.0,3,0,193.26,0.0,0.0,NO REFUND
23996,19171,2023-03-15 13:42:19.000000,25.0,0.0,1,0,25.0,0.0,0.0,NO REFUND
63180,50485,2024-11-28 12:24:58.000000,25.0,0.0,1,0,25.0,0.0,0.0,NO REFUND
95465,76512,2025-08-15 23:22:30.000000,144.23,0.0,4,0,144.23,0.0,0.0,NO REFUND
107765,86351,2023-02-28 11:49:25.000000,304.99,0.0,2,0,304.99,0.0,0.0,NO REFUND
98563,79031,2024-11-16 13:48:31.000000,74.5,74.5,2,2,0.0,1.0,1.0,FULLY REFUNDED
20428,16332,2025-09-07 08:44:20.000000,340.47,0.0,4,0,340.47,0.0,0.0,NO REFUND
81437,65155,2026-01-29 16:20:03.000000,25.0,0.0,1,0,25.0,0.0,0.0,NO REFUND
85982,68842,2025-01-28 14:59:41.000000,212.4,0.0,3,0,212.4,0.0,0.0,NO REFUND
87128,69736,2026-06-01 05:11:59.000000,25.0,0.0,1,0,25.0,0.0,0.0,NO REFUND
116007,92875,2024-05-14 16:16:36.000000,107.99,0.0,3,0,107.99,0.0,0.0,NO REFUND
109515,87739,2026-05-22 17:24:52.000000,105.25,0.0,2,0,105.25,0.0,0.0,NO REFUND
16653,13260,2026-03-07 06:21:36.000000,89.67,0.0,2,0,89.67,0.0,0.0,NO REFUND
64026,51164,2025-08-28 13:01:11.000000,25.5,0.0,1,0,25.5,0.0,0.0,NO REFUND
109923,88062,2026-02-03 12:56:08.000000,194.55,0.0,4,0,194.55,0.0,0.0,NO REFUND
113062,90515,2021-10-08 10:20:03.000000,58.98,0.0,2,0,58.98,0.0,0.0,NO REFUND
5584,4415,2025-11-21 05:28:38.000000,26.0,0.0,1,0,26.0,0.0,0.0,NO REFUND
23823,19032,2026-03-17 07:45:24.000000,26.0,0.0,1,0,26.0,0.0,0.0,NO REFUND
42357,33796,2026-05-12 15:56:12.000000,400.65,0.0,2,0,400.65,0.0,0.0,NO REFUND
47685,38081,2026-03-04 07:49:19.000000,27.0,0.0,1,0,27.0,0.0,0.0,NO REFUND
12419,9897,2026-04-09 03:03:00.000000,82.95,0.0,2,0,82.95,0.0,0.0,NO REFUND
69792,55812,2026-01-31 20:13:28.000000,375.0,0.0,4,0,375.0,0.0,0.0,NO REFUND
56235,44932,2025-07-07 20:52:19.000000,27.7,0.0,1,0,27.7,0.0,0.0,NO REFUND
23529,18785,2025-05-11 17:47:24.000000,127.98,0.0,2,0,127.98,0.0,0.0,NO REFUND
13246,10513,2024-05-27 17:36:27.000000,28.82,0.0,1,0,28.82,0.0,0.0,NO REFUND
69537,55616,2026-03-21 10:21:44.000000,64.95,0.0,2,0,64.95,0.0,0.0,NO REFUND
59283,47377,2025-06-17 20:23:03.000000,218.95,0.0,4,0,218.95,0.0,0.0,NO REFUND
122337,97953,2021-07-08 01:11:44.000000,156.51,0.0,2,0,156.51,0.0,0.0,NO REFUND
51748,41331,2026-04-18 07:31:01.000000,182.41,0.0,4,0,182.41,0.0,0.0,NO REFUND
60832,48574,2026-04-26 14:42:06.000000,29.41,0.0,1,0,29.41,0.0,0.0,NO REFUND
61097,48790,2024-02-19 00:12:33.000000,127.95,0.0,2,0,127.95,0.0,0.0,NO REFUND
22467,17933,2023-07-29 09:01:11.000000,168.94,0.0,3,0,168.94,0.0,0.0,NO REFUND
95925,76899,2024-11-30 02:12:44.000000,142.94,0.0,3,0,142.94,0.0,0.0,NO REFUND
87692,70173,2023-07-18 10:11:19.000000,71.98,0.0,2,0,71.98,0.0,0.0,NO REFUND
25603,20439,2023-02-22 15:17:52.000000,29.99,0.0,1,0,29.99,0.0,0.0,NO REFUND
53672,42861,2023-10-05 10:31:40.000000,63.99,0.0,2,0,63.99,0.0,0.0,NO REFUND
10584,8428,2022-04-13 16:43:23.000000,70.0,0.0,2,0,70.0,0.0,0.0,NO REFUND
28534,22808,2023-05-14 08:47:07.000000,30.2,0.0,1,0,30.2,0.0,0.0,NO REFUND
21007,16795,2025-06-17 05:45:27.000000,100.4,0.0,2,0,100.4,0.0,0.0,NO REFUND
97912,78497,2025-04-26 06:18:27.000000,31.95,0.0,1,0,31.95,0.0,0.0,NO REFUND
78522,62761,2020-06-17 18:26:44.000000,31.99,0.0,1,0,31.99,0.0,0.0,NO REFUND
68393,54738,2026-04-08 15:35:29.000000,122.98,0.0,2,0,122.98,0.0,0.0,NO REFUND
103636,83095,2025-01-24 11:49:37.000000,206.07,206.07,3,3,0.0,1.0,1.0,FULLY REFUNDED
5165,4093,2024-01-15 12:18:40.000000,86.99,0.0,2,0,86.99,0.0,0.0,NO REFUND
61013,48722,2022-01-29 08:00:47.000000,164.81,0.0,4,0,164.81,0.0,0.0,NO REFUND
55304,44180,2025-03-05 01:25:07.000000,33.6,0.0,1,0,33.6,0.0,0.0,NO REFUND
63907,51068,2026-05-04 13:05:04.000000,70.94,0.0,2,0,70.94,0.0,0.0,NO REFUND
120657,96578,2024-01-31 22:14:07.000000,74.31,0.0,2,0,74.31,0.0,0.0,NO REFUND
104834,84029,2022-04-01 19:51:52.000000,34.95,0.0,1,0,34.95,0.0,0.0,NO REFUND
107089,85820,2022-08-02 16:27:41.000000,34.95,0.0,1,0,34.95,0.0,0.0,NO REFUND
21181,16941,2023-05-04 08:17:33.000000,34.95,0.0,1,0,34.95,0.0,0.0,NO REFUND
41211,32884,2025-08-28 07:48:19.000000,34.95,0.0,1,0,34.95,0.0,0.0,NO REFUND
71622,57278,2025-08-16 22:54:01.000000,287.97,0.0,3,0,287.97,0.0,0.0,NO REFUND
83586,66896,2020-10-16 17:00:08.000000,35.0,0.0,1,0,35.0,0.0,0.0,NO REFUND
103042,82624,2022-08-08 20:15:12.000000,80.0,0.0,2,0,80.0,0.0,0.0,NO REFUND
113633,90967,2024-10-01 14:17:14.000000,173.0,0.0,3,0,173.0,0.0,0.0,NO REFUND
1838,1476,2024-05-15 17:09:44.000000,36.0,0.0,1,0,36.0,0.0,0.0,NO REFUND
46405,37070,2024-08-04 16:12:56.000000,36.99,0.0,1,0,36.99,0.0,0.0,NO REFUND
2082,1661,2024-11-02 08:52:36.000000,143.46,0.0,2,0,143.46,0.0,0.0,NO REFUND
122469,98063,2020-12-14 20:18:38.000000,382.73,0.0,2,0,382.73,0.0,0.0,NO REFUND
60169,48047,2025-03-25 05:26:23.000000,75.99,0.0,2,0,75.99,0.0,0.0,NO REFUND
69671,55717,2022-06-02 02:27:09.000000,38.0,0.0,1,0,38.0,0.0,0.0,NO REFUND
97997,78568,2025-07-22 14:54:12.000000,282.49,0.0,3,0,282.49,0.0,0.0,NO REFUND
103340,82868,2024-02-15 09:51:55.000000,38.19,0.0,1,0,38.19,0.0,0.0,NO REFUND
13584,10798,2026-04-30 13:41:06.000000,80.42,0.0,2,0,80.42,0.0,0.0,NO REFUND
110355,88391,2022-04-02 00:58:31.000000,116.63,0.0,2,0,116.63,0.0,0.0,NO REFUND
108202,86673,2026-05-21 20:42:33.000000,213.97,0.0,4,0,213.97,0.0,0.0,NO REFUND
5294,4182,2026-03-15 03:41:00.000000,98.95,0.0,2,0,98.95,0.0,0.0,NO REFUND
53369,42613,2024-06-15 20:02:17.000000,122.8,0.0,2,0,122.8,0.0,0.0,NO REFUND
39013,31173,2025-01-12 16:45:32.000000,39.5,0.0,1,0,39.5,0.0,0.0,NO REFUND
74179,59319,2022-12-12 23:02:48.000000,39.88,0.0,1,0,39.88,0.0,0.0,NO REFUND
46068,36799,2022-09-04 22:38:22.000000,39.88,39.88,1,1,0.0,1.0,1.0,FULLY REFUNDED
109845,87999,2024-11-23 06:05:25.000000,39.88,0.0,1,0,39.88,0.0,0.0,NO REFUND
61645,49240,2024-09-08 10:29:42.000000,39.95,0.0,1,0,39.95,0.0,0.0,NO REFUND
76884,61479,2022-03-22 01:38:11.000000,39.99,0.0,1,0,39.99,0.0,0.0,NO REFUND
88273,70619,2026-01-29 19:56:19.000000,39.99,0.0,1,0,39.99,0.0,0.0,NO REFUND
22256,17756,2025-11-30 17:39:56.000000,39.99,0.0,1,0,39.99,0.0,0.0,NO REFUND
39200,31313,2025-03-12 06:07:48.000000,39.99,0.0,1,0,39.99,0.0,0.0,NO REFUND
58464,46717,2022-09-11 10:00:32.000000,39.99,0.0,1,0,39.99,0.0,0.0,NO REFUND
87780,70254,2026-04-26 19:38:23.000000,39.99,0.0,1,0,39.99,0.0,0.0,NO REFUND
123996,99288,2026-01-13 10:44:00.000000,39.99,0.0,1,0,39.99,0.0,0.0,NO REFUND
16210,12924,2025-12-29 14:00:04.000000,39.99,39.99,1,1,0.0,1.0,1.0,FULLY REFUNDED
17412,13866,2020-03-23 12:57:56.000000,81.99,0.0,2,0,81.99,0.0,0.0,NO REFUND
116554,93303,2024-10-17 02:18:50.000000,40.28,0.0,1,0,40.28,0.0,0.0,NO REFUND
83558,66879,2023-10-14 17:53:54.000000,40.49,0.0,1,0,40.49,0.0,0.0,NO REFUND
45572,36382,2024-03-08 22:11:30.000000,149.9,149.9,2,2,0.0,1.0,1.0,FULLY REFUNDED
70533,56406,2026-04-02 05:42:44.000000,332.43,0.0,3,0,332.43,0.0,0.0,NO REFUND
45210,36079,2023-09-15 08:16:05.000000,42.0,42.0,1,1,0.0,1.0,1.0,FULLY REFUNDED
40705,32490,2023-12-27 12:51:51.000000,42.99,0.0,1,0,42.99,0.0,0.0,NO REFUND
101967,81745,2021-05-18 17:08:59.000000,42.99,0.0,1,0,42.99,0.0,0.0,NO REFUND
11374,9042,2024-06-27 22:17:46.000000,263.99,0.0,2,0,263.99,0.0,0.0,NO REFUND
73693,58942,2024-06-28 16:03:56.000000,44.0,0.0,1,0,44.0,0.0,0.0,NO REFUND
42324,33768,2020-01-04 20:06:23.000000,44.51,0.0,1,0,44.51,0.0,0.0,NO REFUND
79888,63850,2022-08-31 16:47:51.000000,44.99,44.99,1,1,0.0,1.0,1.0,FULLY REFUNDED
106313,85214,2025-10-02 23:11:49.000000,45.08,0.0,1,0,45.08,0.0,0.0,NO REFUND
98345,78853,2021-11-30 01:42:54.000000,45.99,0.0,1,0,45.99,0.0,0.0,NO REFUND
63259,50556,2024-04-17 14:35:24.000000,46.0,0.0,1,0,46.0,0.0,0.0,NO REFUND
43059,34359,2026-06-04 14:25:56.000000,46.5,0.0,1,0,46.5,0.0,0.0,NO REFUND
76173,60910,2025-05-12 22:13:22.000000,46.88,0.0,1,0,46.88,0.0,0.0,NO REFUND
54228,43311,2023-01-04 05:14:34.000000,47.99,0.0,1,0,47.99,0.0,0.0,NO REFUND
50109,40024,2024-09-02 10:06:23.000000,48.0,0.0,1,0,48.0,0.0,0.0,NO REFUND
113857,91149,2026-06-19 02:35:13.203007,258.0,0.0,3,0,258.0,0.0,0.0,NO REFUND
68904,55119,2023-07-28 15:35:03.000000,149.49,0.0,2,0,149.49,0.0,0.0,NO REFUND
81318,65054,2025-06-10 17:46:14.000000,49.5,0.0,1,0,49.5,0.0,0.0,NO REFUND
67547,54035,2026-04-15 20:59:18.000000,49.5,49.5,1,1,0.0,1.0,1.0,FULLY REFUNDED
36516,29141,2024-10-09 04:36:16.000000,49.5,0.0,1,0,49.5,0.0,0.0,NO REFUND
52297,41756,2023-06-01 10:23:37.000000,49.5,0.0,1,0,49.5,0.0,0.0,NO REFUND
85540,68456,2025-10-13 18:53:20.000000,263.95,0.0,4,0,263.95,0.0,0.0,NO REFUND
25088,20038,2024-04-08 21:11:58.000000,103.95,0.0,2,0,103.95,0.0,0.0,NO REFUND
27825,22243,2026-06-13 11:17:49.000000,49.95,0.0,1,0,49.95,0.0,0.0,NO REFUND
15324,12222,2025-09-26 21:54:57.000000,144.93,0.0,2,0,144.93,0.0,0.0,NO REFUND
80245,64149,2024-06-05 17:43:08.000000,49.99,0.0,1,0,49.99,0.0,0.0,NO REFUND
92730,74284,2025-08-25 21:13:07.000000,49.99,0.0,1,0,49.99,0.0,0.0,NO REFUND
26305,21013,2025-01-19 08:35:45.000000,308.99,0.0,2,0,308.99,0.0,0.0,NO REFUND
63548,50789,2025-04-11 19:03:29.000000,49.99,0.0,1,0,49.99,0.0,0.0,NO REFUND
24239,19367,2025-03-10 02:27:20.000000,50.0,0.0,1,0,50.0,0.0,0.0,NO REFUND
91796,73503,2024-05-29 07:44:19.000000,252.0,0.0,3,0,252.0,0.0,0.0,NO REFUND
74938,59914,2024-08-15 00:05:49.000000,50.0,0.0,1,0,50.0,0.0,0.0,NO REFUND
73106,58474,2026-05-07 10:49:49.000000,53.02,0.0,1,0,53.02,0.0,0.0,NO REFUND
54777,43756,2024-12-31 16:12:05.000000,108.72,108.72,2,2,0.0,1.0,1.0,FULLY REFUNDED
120552,96496,2022-08-12 03:19:03.000000,53.95,0.0,1,0,53.95,0.0,0.0,NO REFUND
47271,37771,2025-10-19 06:53:43.000000,54.0,0.0,1,0,54.0,0.0,0.0,NO REFUND
12078,9615,2024-03-01 16:59:19.000000,253.0,253.0,2,2,0.0,1.0,1.0,FULLY REFUNDED
78768,62951,2024-01-08 23:04:38.000000,54.0,0.0,1,0,54.0,0.0,0.0,NO REFUND
85933,68800,2025-07-22 01:16:21.000000,143.0,0.0,2,0,143.0,0.0,0.0,NO REFUND
95492,76539,2022-03-03 12:37:12.000000,54.0,0.0,1,0,54.0,0.0,0.0,NO REFUND
109992,88104,2025-06-10 13:44:52.000000,54.0,0.0,1,0,54.0,0.0,0.0,NO REFUND
120178,96204,2025-07-29 04:51:34.000000,54.0,0.0,1,0,54.0,0.0,0.0,NO REFUND
102112,81856,2023-10-05 05:44:53.000000,128.92,128.92,2,2,0.0,1.0,1.0,FULLY REFUNDED
15845,12635,2021-02-20 19:58:46.000000,55.0,0.0,1,0,55.0,0.0,0.0,NO REFUND
56589,45207,2026-01-20 03:16:58.000000,401.5,0.0,2,0,401.5,0.0,0.0,NO REFUND
103037,82620,2021-05-03 03:06:43.000000,110.0,0.0,2,0,110.0,0.0,0.0,NO REFUND
109367,87625,2025-05-04 02:03:46.000000,55.0,0.0,1,0,55.0,0.0,0.0,NO REFUND
31095,24839,2024-09-06 02:11:45.000000,57.5,0.0,1,0,57.5,0.0,0.0,NO REFUND
2827,2243,2025-04-18 08:36:29.000000,57.95,0.0,1,0,57.95,0.0,0.0,NO REFUND
123967,99268,2026-02-09 10:40:47.000000,57.99,0.0,1,0,57.99,0.0,0.0,NO REFUND
110206,88276,2023-04-09 10:19:14.000000,58.0,0.0,1,0,58.0,0.0,0.0,NO REFUND
70373,56281,2022-08-28 19:20:31.000000,147.99,0.0,2,0,147.99,0.0,0.0,NO REFUND
68991,55196,2021-11-26 11:58:00.000000,59.5,0.0,1,0,59.5,0.0,0.0,NO REFUND
84799,67842,2023-01-23 17:45:33.000000,59.5,0.0,1,0,59.5,0.0,0.0,NO REFUND
34573,27597,2024-11-16 17:36:16.000000,120.99,0.0,2,0,120.99,0.0,0.0,NO REFUND
115086,92145,2026-04-24 22:07:55.000000,140.84,0.0,2,0,140.84,0.0,0.0,NO REFUND
38631,30845,2025-07-15 14:13:21.000000,62.0,0.0,1,0,62.0,0.0,0.0,NO REFUND
99381,79688,2026-02-09 04:25:39.000000,133.94,0.0,2,0,133.94,0.0,0.0,NO REFUND
120071,96117,2019-09-20 08:46:24.000000,63.99,0.0,1,0,63.99,0.0,0.0,NO REFUND
112419,90012,2026-05-31 08:21:28.000000,64.95,0.0,1,0,64.95,0.0,0.0,NO REFUND
83465,66800,2021-03-25 17:20:43.000000,65.0,0.0,1,0,65.0,0.0,0.0,NO REFUND
35344,28218,2025-05-29 03:45:17.000000,66.0,0.0,1,0,66.0,0.0,0.0,NO REFUND
13470,10704,2026-06-15 15:36:43.000000,68.0,0.0,1,0,68.0,0.0,0.0,NO REFUND
8711,6956,2022-05-16 06:18:38.000000,68.0,0.0,1,0,68.0,0.0,0.0,NO REFUND
100610,80673,2026-03-13 03:32:33.000000,69.5,0.0,1,0,69.5,0.0,0.0,NO REFUND
108814,87153,2026-04-24 23:27:08.000000,69.5,0.0,1,0,69.5,0.0,0.0,NO REFUND
3309,2630,2025-12-06 18:37:16.000000,69.99,0.0,1,0,69.99,0.0,0.0,NO REFUND
7375,5898,2025-12-14 14:19:59.000000,69.99,0.0,1,0,69.99,0.0,0.0,NO REFUND
20265,16205,2025-10-28 05:12:52.000000,75.0,0.0,1,0,75.0,0.0,0.0,NO REFUND
111502,89311,2025-03-21 00:17:56.000000,78.0,0.0,1,0,78.0,0.0,0.0,NO REFUND
68060,54467,2022-08-10 15:34:40.000000,337.99,0.0,3,0,337.99,0.0,0.0,NO REFUND
65130,52030,2025-04-29 05:13:25.000000,199.81,0.0,2,0,199.81,0.0,0.0,NO REFUND
58741,46934,2025-08-18 21:15:32.000000,79.99,0.0,1,0,79.99,0.0,0.0,NO REFUND
62757,50149,2025-07-26 21:46:39.000000,81.38,0.0,1,0,81.38,0.0,0.0,NO REFUND
57833,46226,2021-08-26 14:24:15.000000,88.0,88.0,1,1,0.0,1.0,1.0,FULLY REFUNDED
80739,64590,2024-04-16 12:20:40.000000,89.0,0.0,1,0,89.0,0.0,0.0,NO REFUND
66895,53493,2025-09-28 22:49:02.000000,89.5,0.0,1,0,89.5,0.0,0.0,NO REFUND
115623,92560,2024-02-02 21:47:34.000000,89.5,0.0,1,0,89.5,0.0,0.0,NO REFUND
85989,68848,2023-12-18 04:49:40.000000,89.5,0.0,1,0,89.5,0.0,0.0,NO REFUND
14380,11475,2023-08-31 21:24:44.000000,89.99,0.0,1,0,89.99,0.0,0.0,NO REFUND
52822,42153,2024-07-21 04:34:23.000000,90.0,0.0,1,0,90.0,0.0,0.0,NO REFUND
32230,25731,2022-08-21 23:53:18.000000,90.68,0.0,1,0,90.68,0.0,0.0,NO REFUND
35130,28055,2026-04-04 23:26:52.000000,92.0,0.0,1,0,92.0,0.0,0.0,NO REFUND
58156,46473,2023-05-19 16:25:41.000000,97.0,0.0,1,0,97.0,0.0,0.0,NO REFUND
26340,21046,2025-12-06 10:48:42.000000,97.95,0.0,1,0,97.95,0.0,0.0,NO REFUND
83116,66513,2026-06-13 02:39:47.059506,98.0,0.0,1,0,98.0,0.0,0.0,NO REFUND
78916,63064,2025-03-13 14:46:55.000000,98.0,0.0,1,0,98.0,0.0,0.0,NO REFUND
67136,53695,2023-07-04 15:49:57.000000,98.0,0.0,1,0,98.0,0.0,0.0,NO REFUND
84654,67728,2023-02-19 10:44:52.000000,98.0,0.0,1,0,98.0,0.0,0.0,NO REFUND
7192,5746,2024-03-27 03:12:53.000000,296.02,0.0,2,0,296.02,0.0,0.0,NO REFUND
77832,62227,2024-07-03 02:26:29.000000,98.85,0.0,1,0,98.85,0.0,0.0,NO REFUND
49242,39285,2025-08-03 09:35:37.000000,98.95,0.0,1,0,98.95,0.0,0.0,NO REFUND
117564,94137,2026-05-31 20:54:54.000000,99.0,99.0,1,1,0.0,1.0,1.0,FULLY REFUNDED
79343,63420,2023-11-25 10:51:10.000000,105.56,0.0,1,0,105.56,0.0,0.0,NO REFUND
88939,71177,2024-08-06 20:01:45.000000,108.99,0.0,1,0,108.99,0.0,0.0,NO REFUND
74709,59741,2025-09-15 06:12:54.000000,109.0,0.0,1,0,109.0,0.0,0.0,NO REFUND
34178,27271,2024-02-17 22:01:34.000000,115.0,0.0,1,0,115.0,0.0,0.0,NO REFUND
23557,18808,2020-03-16 04:41:58.000000,299.95,0.0,2,0,299.95,0.0,0.0,NO REFUND
62602,50025,2022-04-07 16:00:11.000000,119.95,119.95,1,1,0.0,1.0,1.0,FULLY REFUNDED
52577,41955,2024-08-28 11:38:59.000000,124.99,0.0,1,0,124.99,0.0,0.0,NO REFUND
79684,63679,2025-09-08 01:08:00.000000,126.63,0.0,1,0,126.63,0.0,0.0,NO REFUND
69604,55661,2022-06-23 16:57:42.000000,132.0,0.0,1,0,132.0,0.0,0.0,NO REFUND
38861,31050,2026-05-26 23:49:52.000000,140.0,0.0,1,0,140.0,0.0,0.0,NO REFUND
100537,80616,2026-06-16 04:10:39.749990,140.0,0.0,1,0,140.0,0.0,0.0,NO REFUND
116924,93619,2025-11-10 23:48:48.000000,148.0,0.0,1,0,148.0,0.0,0.0,NO REFUND
104464,83715,2026-04-13 03:51:06.000000,297.5,297.5,2,2,0.0,1.0,1.0,FULLY REFUNDED
2601,2076,2026-06-12 20:16:57.000000,169.0,0.0,1,0,169.0,0.0,0.0,NO REFUND
567,471,2021-12-04 07:17:04.000000,170.98,0.0,1,0,170.98,0.0,0.0,NO REFUND
36768,29349,2024-04-13 03:27:14.000000,171.0,0.0,1,0,171.0,0.0,0.0,NO REFUND
118665,94994,2025-12-27 00:29:11.000000,176.0,0.0,1,0,176.0,0.0,0.0,NO REFUND
40379,32236,2026-05-15 15:17:32.000000,209.0,0.0,1,0,209.0,0.0,0.0,NO REFUND
82077,65679,2026-05-29 21:52:23.000000,652.99,652.99,2,2,0.0,1.0,1.0,FULLY REFUNDED
9970,7953,2024-04-10 16:18:26.000000,264.0,0.0,1,0,264.0,0.0,0.0,NO REFUND
47236,37742,2025-08-19 20:54:51.000000,299.0,0.0,1,0,299.0,0.0,0.0,NO REFUND
49257,39298,2020-09-12 01:38:04.000000,300.0,0.0,1,0,300.0,0.0,0.0,NO REFUND
49645,39629,2024-11-10 13:32:16.000000,300.0,0.0,1,0,300.0,0.0,0.0,NO REFUND
13867,11036,2024-08-04 04:40:31.000000,339.0,0.0,1,0,339.0,0.0,0.0,NO REFUND
23254,18579,2026-01-14 19:24:43.000000,399.0,0.0,1,0,399.0,0.0,0.0,NO REFUND
-93,40502,2026-06-16 17:01:00.000000,300.0,105.0,2,1,195.0,0.35,0.5,PARTIALLY REFUNDED
-111,1616,2026-06-16 14:26:00.000000,126.0,0.0,3,0,126.0,0.0,0.0,NO REFUND
-130,31938,2026-06-16 13:04:00.000000,183.0,0.0,1,0,183.0,0.0,0.0,NO REFUND
-149,87561,2026-06-16 11:24:00.000000,369.0,175.0,3,1,194.0,0.4743,0.3333,PARTIALLY REFUNDED
-177,39607,2026-06-16 17:10:00.000000,422.0,0.0,3,0,422.0,0.0,0.0,NO REFUND
-204,87641,2026-06-16 17:49:00.000000,249.0,0.0,3,0,249.0,0.0,0.0,NO REFUND
-218,99841,2026-06-16 13:24:00.000000,269.0,94.0,3,1,175.0,0.3494,0.3333,PARTIALLY REFUNDED
-231,29908,2026-06-16 14:25:00.000000,194.0,194.0,1,1,0.0,1.0,1.0,FULLY REFUNDED
-259,58816,2026-06-16 12:15:00.000000,392.0,0.0,3,0,392.0,0.0,0.0,NO REFUND
-274,57987,2026-06-16 13:40:00.000000,76.0,0.0,1,0,76.0,0.0,0.0,NO REFUND
-286,82757,2026-06-16 14:53:00.000000,265.0,0.0,2,0,265.0,0.0,0.0,NO REFUND
-288,25565,2026-06-16 16:57:00.000000,355.0,0.0,3,0,355.0,0.0,0.0,NO REFUND
-289,33098,2026-06-16 09:56:00.000000,184.0,108.0,2,1,76.0,0.587,0.5,PARTIALLY REFUNDED
25234,20140,2023-05-25 03:23:35.000000,70.72,0.0,4,0,70.72,0.0,0.0,NO REFUND
68124,54518,2022-07-31 14:40:57.000000,18.94,0.0,2,0,18.94,0.0,0.0,NO REFUND
13073,10385,2024-09-16 06:22:55.000000,53.99,0.0,2,0,53.99,0.0,0.0,NO REFUND
69344,55460,2019-09-19 07:33:09.000000,120.78,0.0,3,0,120.78,0.0,0.0,NO REFUND
71945,57538,2026-03-05 08:29:17.000000,341.49,0.0,4,0,341.49,0.0,0.0,NO REFUND
86891,69567,2025-12-13 15:10:28.000000,20.0,0.0,2,0,20.0,0.0,0.0,NO REFUND
121164,96990,2026-03-25 03:37:38.000000,7.01,7.01,1,1,0.0,1.0,1.0,FULLY REFUNDED
53805,42960,2026-04-06 08:51:01.000000,69.97,0.0,4,0,69.97,0.0,0.0,NO REFUND
34972,27938,2024-03-23 16:26:37.000000,51.48,0.0,3,0,51.48,0.0,0.0,NO REFUND
62102,49616,2025-11-18 17:20:23.000000,19.49,0.0,2,0,19.49,0.0,0.0,NO REFUND
76749,61364,2025-05-21 04:59:45.000000,158.68,0.0,3,0,158.68,0.0,0.0,NO REFUND
10480,8340,2023-09-01 03:15:42.000000,818.96,0.0,4,0,818.96,0.0,0.0,NO REFUND
22283,17782,2024-11-12 00:53:27.000000,82.68,0.0,2,0,82.68,0.0,0.0,NO REFUND
44130,35214,2025-10-30 23:16:25.000000,54.93,0.0,3,0,54.93,0.0,0.0,NO REFUND
33997,27129,2023-08-08 11:52:45.000000,41.97,0.0,3,0,41.97,0.0,0.0,NO REFUND
84512,67618,2023-11-30 04:33:38.000000,124.96,124.96,3,3,0.0,1.0,1.0,FULLY REFUNDED
100013,80236,2025-06-25 08:21:48.000000,81.97,81.97,3,3,0.0,1.0,1.0,FULLY REFUNDED
99567,79866,2026-06-01 21:15:46.000000,9.12,0.0,1,0,9.12,0.0,0.0,NO REFUND
38851,31043,2023-12-11 21:50:11.000000,74.89,0.0,2,0,74.89,0.0,0.0,NO REFUND
118168,94604,2026-04-10 05:22:49.000000,9.9,0.0,1,0,9.9,0.0,0.0,NO REFUND
62437,49870,2022-12-16 09:26:51.000000,226.88,0.0,4,0,226.88,0.0,0.0,NO REFUND
66016,52763,2026-03-15 14:39:22.000000,97.93,0.0,4,0,97.93,0.0,0.0,NO REFUND
35289,28175,2024-11-09 13:45:31.000000,93.83,0.0,2,0,93.83,0.0,0.0,NO REFUND
6233,4945,2024-01-27 10:42:21.000000,110.95,0.0,3,0,110.95,0.0,0.0,NO REFUND
41781,33330,2024-05-21 00:15:13.000000,10.0,0.0,1,0,10.0,0.0,0.0,NO REFUND
113495,90857,2024-12-31 15:24:54.000000,113.04,0.0,3,0,113.04,0.0,0.0,NO REFUND
101706,81544,2026-01-25 22:10:38.000000,142.48,0.0,4,0,142.48,0.0,0.0,NO REFUND
7677,6146,2022-12-16 05:45:03.000000,68.49,0.0,3,0,68.49,0.0,0.0,NO REFUND
53435,42664,2025-11-24 08:15:15.000000,75.39,0.0,4,0,75.39,0.0,0.0,NO REFUND
73818,59036,2023-06-06 19:39:52.000000,60.49,0.0,2,0,60.49,0.0,0.0,NO REFUND
37169,29673,2024-01-26 07:07:38.000000,196.96,0.0,4,0,196.96,0.0,0.0,NO REFUND
119611,95724,2024-10-01 09:07:57.000000,25.49,0.0,2,0,25.49,0.0,0.0,NO REFUND
31794,25397,2019-05-25 23:30:33.000000,112.03,112.03,2,2,0.0,1.0,1.0,FULLY REFUNDED
94693,75902,2026-01-29 23:37:51.000000,289.6,0.0,3,0,289.6,0.0,0.0,NO REFUND
106863,85632,2025-03-24 18:49:58.000000,11.49,11.49,1,1,0.0,1.0,1.0,FULLY REFUNDED
24740,19755,2026-02-20 05:54:37.000000,71.92,0.0,2,0,71.92,0.0,0.0,NO REFUND
34561,27589,2024-12-01 04:03:24.000000,103.89,0.0,4,0,103.89,0.0,0.0,NO REFUND
90785,72652,2026-06-14 18:22:16.667054,269.85,0.0,4,0,269.85,0.0,0.0,NO REFUND
35605,28417,2026-01-24 11:13:58.000000,11.99,0.0,1,0,11.99,0.0,0.0,NO REFUND
59318,47402,2024-03-29 07:59:14.000000,11.99,0.0,1,0,11.99,0.0,0.0,NO REFUND
92518,74092,2024-10-11 18:33:54.000000,196.99,0.0,4,0,196.99,0.0,0.0,NO REFUND
50575,40419,2025-09-17 11:32:39.000000,12.0,0.0,1,0,12.0,0.0,0.0,NO REFUND
92534,74107,2024-02-22 20:35:47.000000,37.98,37.98,2,2,0.0,1.0,1.0,FULLY REFUNDED
24419,19502,2021-09-23 22:59:11.000000,164.98,0.0,4,0,164.98,0.0,0.0,NO REFUND
51592,41204,2020-05-27 10:43:02.000000,175.98,0.0,4,0,175.98,0.0,0.0,NO REFUND
52657,42019,2022-07-21 23:45:19.000000,162.49,0.0,3,0,162.49,0.0,0.0,NO REFUND
79113,63236,2026-02-08 13:51:25.000000,12.51,0.0,1,0,12.51,0.0,0.0,NO REFUND
29072,23238,2025-01-03 18:14:26.000000,198.75,0.0,4,0,198.75,0.0,0.0,NO REFUND
71336,57055,2020-08-28 00:49:17.000000,111.89,0.0,3,0,111.89,0.0,0.0,NO REFUND
54771,43750,2024-10-06 19:07:36.000000,234.29,0.0,4,0,234.29,0.0,0.0,NO REFUND
46034,36764,2024-12-20 06:23:09.000000,37.95,0.0,2,0,37.95,0.0,0.0,NO REFUND
45045,35944,2023-03-02 03:49:26.000000,127.86,127.86,2,2,0.0,1.0,1.0,FULLY REFUNDED
73832,59054,2025-10-18 09:55:25.000000,68.43,0.0,2,0,68.43,0.0,0.0,NO REFUND
16233,12945,2021-12-21 14:09:05.000000,101.52,101.52,2,2,0.0,1.0,1.0,FULLY REFUNDED
43332,34583,2026-03-15 18:39:29.000000,13.95,0.0,1,0,13.95,0.0,0.0,NO REFUND
5417,4286,2025-07-15 00:25:25.000000,152.96,0.0,4,0,152.96,0.0,0.0,NO REFUND
96937,77706,2023-04-18 12:42:25.000000,68.49,0.0,2,0,68.49,0.0,0.0,NO REFUND
94264,75557,2025-10-28 13:27:12.000000,290.94,0.0,4,0,290.94,0.0,0.0,NO REFUND
17919,14266,2020-07-29 04:01:58.000000,86.5,0.0,3,0,86.5,0.0,0.0,NO REFUND
88766,71026,2022-02-21 09:56:06.000000,88.65,88.65,3,3,0.0,1.0,1.0,FULLY REFUNDED
28046,22418,2020-11-14 10:11:21.000000,14.67,0.0,1,0,14.67,0.0,0.0,NO REFUND
28212,22557,2026-05-31 12:05:29.000000,141.88,0.0,4,0,141.88,0.0,0.0,NO REFUND
67446,53947,2025-12-20 13:23:55.000000,37.94,0.0,2,0,37.94,0.0,0.0,NO REFUND
106028,84971,2026-04-05 04:28:08.000000,39.95,0.0,2,0,39.95,0.0,0.0,NO REFUND
108916,87244,2024-03-23 00:17:57.000000,174.95,0.0,2,0,174.95,0.0,0.0,NO REFUND
44440,35448,2021-05-23 23:21:06.000000,221.46,0.0,4,0,221.46,0.0,0.0,NO REFUND
100086,80293,2026-04-08 10:01:07.000000,107.99,0.0,3,0,107.99,0.0,0.0,NO REFUND
76868,61465,2024-12-22 03:46:10.000000,14.99,0.0,1,0,14.99,0.0,0.0,NO REFUND
84561,67654,2026-02-10 15:02:31.000000,43.49,0.0,2,0,43.49,0.0,0.0,NO REFUND
107878,86431,2026-05-15 15:51:06.000000,14.99,0.0,1,0,14.99,0.0,0.0,NO REFUND
2519,2016,2025-08-02 11:40:25.000000,59.98,0.0,2,0,59.98,0.0,0.0,NO REFUND
24714,19735,2024-05-01 14:31:00.000000,62.98,0.0,2,0,62.98,0.0,0.0,NO REFUND
45734,36511,2026-05-14 00:58:58.000000,66.99,0.0,2,0,66.99,0.0,0.0,NO REFUND
74285,59405,2025-06-12 15:55:33.000000,14.99,0.0,1,0,14.99,0.0,0.0,NO REFUND
102740,82374,2026-05-24 17:49:26.000000,15.0,15.0,1,1,0.0,1.0,1.0,FULLY REFUNDED
38000,30333,2023-11-14 08:21:41.000000,15.0,0.0,1,0,15.0,0.0,0.0,NO REFUND
39012,31172,2025-08-10 08:05:55.000000,91.95,0.0,3,0,91.95,0.0,0.0,NO REFUND
5769,4564,2025-09-11 12:19:43.000000,113.64,0.0,2,0,113.64,0.0,0.0,NO REFUND
67811,54267,2026-05-17 00:20:50.000000,279.67,0.0,2,0,279.67,0.0,0.0,NO REFUND
32649,26073,2025-04-16 15:10:28.000000,148.77,148.77,4,4,0.0,1.0,1.0,FULLY REFUNDED
18802,14994,2024-10-03 22:58:09.000000,155.9,0.0,2,0,155.9,0.0,0.0,NO REFUND
72320,57828,2023-12-06 12:21:56.000000,15.95,0.0,1,0,15.95,0.0,0.0,NO REFUND
37414,29875,2025-07-08 05:42:47.000000,300.22,0.0,4,0,300.22,0.0,0.0,NO REFUND
81770,65438,2026-03-24 23:33:24.000000,51.17,0.0,2,0,51.17,0.0,0.0,NO REFUND
83698,66975,2026-02-28 01:37:16.000000,16.99,0.0,1,0,16.99,0.0,0.0,NO REFUND
69267,55402,2025-06-09 07:10:20.000000,16.99,0.0,1,0,16.99,0.0,0.0,NO REFUND
122970,98457,2020-03-29 14:49:26.000000,16.99,0.0,1,0,16.99,0.0,0.0,NO REFUND
40641,32447,2026-06-15 21:30:28.000000,17.0,17.0,1,1,0.0,1.0,1.0,FULLY REFUNDED
28256,22587,2021-05-05 06:19:18.000000,17.5,0.0,1,0,17.5,0.0,0.0,NO REFUND
26263,20978,2024-09-01 00:07:27.000000,115.29,0.0,4,0,115.29,0.0,0.0,NO REFUND
28688,22933,2026-05-16 12:43:37.000000,17.95,0.0,1,0,17.95,0.0,0.0,NO REFUND
39189,31306,2021-08-19 14:21:29.000000,185.93,0.0,4,0,185.93,0.0,0.0,NO REFUND
104961,84118,2023-01-09 02:21:59.000000,304.99,0.0,3,0,304.99,0.0,0.0,NO REFUND
41318,32963,2025-01-17 21:33:27.000000,42.99,42.99,2,2,0.0,1.0,1.0,FULLY REFUNDED
63832,51012,2023-08-09 22:26:29.000000,54.95,0.0,2,0,54.95,0.0,0.0,NO REFUND
60791,48539,2025-12-09 13:45:18.000000,168.97,0.0,3,0,168.97,0.0,0.0,NO REFUND
74598,59665,2025-11-12 16:43:54.000000,18.95,0.0,1,0,18.95,0.0,0.0,NO REFUND
115355,92347,2025-06-10 17:42:10.000000,42.44,0.0,2,0,42.44,0.0,0.0,NO REFUND
95789,76793,2023-12-13 20:51:58.000000,268.97,0.0,4,0,268.97,0.0,0.0,NO REFUND
16497,13138,2026-04-02 02:45:37.000000,118.08,0.0,3,0,118.08,0.0,0.0,NO REFUND
91545,73289,2025-06-23 01:36:17.000000,38.98,0.0,2,0,38.98,0.0,0.0,NO REFUND
123112,98578,2025-07-29 21:27:52.000000,18.99,0.0,1,0,18.99,0.0,0.0,NO REFUND
844,680,2025-04-28 10:40:28.000000,138.95,0.0,2,0,138.95,0.0,0.0,NO REFUND
120010,96064,2022-10-25 21:56:14.000000,19.49,0.0,1,0,19.49,0.0,0.0,NO REFUND
59295,47387,2025-09-14 02:32:25.000000,189.92,0.0,4,0,189.92,0.0,0.0,NO REFUND
113247,90664,2025-09-15 02:02:50.000000,19.5,0.0,1,0,19.5,0.0,0.0,NO REFUND
9966,7949,2026-04-18 16:17:58.000000,292.47,0.0,3,0,292.47,0.0,0.0,NO REFUND
21301,17030,2025-10-25 11:23:32.000000,41.85,0.0,2,0,41.85,0.0,0.0,NO REFUND
92909,74434,2025-08-24 18:48:18.000000,19.95,0.0,1,0,19.95,0.0,0.0,NO REFUND
82142,65734,2023-10-19 01:53:33.000000,19.95,0.0,1,0,19.95,0.0,0.0,NO REFUND
36396,29033,2025-08-04 16:57:22.000000,288.97,0.0,2,0,288.97,0.0,0.0,NO REFUND
10269,8185,2025-01-27 04:13:37.000000,19.99,0.0,1,0,19.99,0.0,0.0,NO REFUND
45796,36560,2023-12-14 16:49:58.000000,19.99,0.0,1,0,19.99,0.0,0.0,NO REFUND
9510,7589,2026-06-03 04:41:48.000000,67.98,0.0,2,0,67.98,0.0,0.0,NO REFUND
64616,51621,2026-04-16 06:51:10.000000,254.92,0.0,4,0,254.92,0.0,0.0,NO REFUND
18751,14944,2025-08-27 02:29:58.000000,340.71,340.71,4,4,0.0,1.0,1.0,FULLY REFUNDED
110794,88732,2021-10-15 21:06:17.000000,197.43,197.43,4,4,0.0,1.0,1.0,FULLY REFUNDED
1816,1462,2025-07-29 16:36:26.000000,19.99,0.0,1,0,19.99,0.0,0.0,NO REFUND
24077,19245,2025-05-13 23:38:16.000000,72.98,0.0,2,0,72.98,0.0,0.0,NO REFUND
43484,34703,2025-06-07 02:16:31.000000,99.98,0.0,2,0,99.98,0.0,0.0,NO REFUND
48690,38870,2026-06-15 22:29:41.000000,294.44,0.0,4,0,294.44,0.0,0.0,NO REFUND
65802,52575,2026-03-27 17:15:26.000000,157.49,0.0,3,0,157.49,0.0,0.0,NO REFUND
37260,29749,2024-09-07 07:02:54.000000,110.77,110.77,4,4,0.0,1.0,1.0,FULLY REFUNDED
113007,90474,2022-06-11 11:15:35.000000,110.95,0.0,2,0,110.95,0.0,0.0,NO REFUND
34921,27898,2025-12-29 20:48:01.000000,90.74,90.74,3,3,0.0,1.0,1.0,FULLY REFUNDED
85943,68808,2022-08-30 01:21:59.000000,171.99,0.0,3,0,171.99,0.0,0.0,NO REFUND
102953,82548,2026-04-25 03:00:58.000000,119.91,0.0,4,0,119.91,0.0,0.0,NO REFUND
54628,43629,2026-06-04 08:25:13.000000,164.75,0.0,3,0,164.75,0.0,0.0,NO REFUND
72691,58126,2025-07-09 03:55:51.000000,52.49,0.0,2,0,52.49,0.0,0.0,NO REFUND
37319,29801,2025-08-24 07:27:36.000000,178.69,0.0,4,0,178.69,0.0,0.0,NO REFUND
31434,25109,2025-01-24 22:22:53.000000,147.85,0.0,4,0,147.85,0.0,0.0,NO REFUND
107566,86200,2026-05-12 13:29:06.000000,72.94,0.0,2,0,72.94,0.0,0.0,NO REFUND
15688,12527,2020-12-30 16:23:14.000000,160.44,0.0,3,0,160.44,0.0,0.0,NO REFUND
64506,51533,2024-12-02 08:49:10.000000,23.7,0.0,1,0,23.7,0.0,0.0,NO REFUND
15024,11985,2025-04-02 06:25:13.000000,226.4,226.4,3,3,0.0,1.0,1.0,FULLY REFUNDED
35304,28186,2025-03-10 03:20:30.000000,246.42,0.0,4,0,246.42,0.0,0.0,NO REFUND
118758,95063,2024-08-16 15:14:32.000000,172.99,0.0,4,0,172.99,0.0,0.0,NO REFUND
4174,3308,2025-10-07 07:51:42.000000,99.0,0.0,2,0,99.0,0.0,0.0,NO REFUND
26731,21361,2021-07-26 00:03:30.000000,83.0,0.0,3,0,83.0,0.0,0.0,NO REFUND
68152,54539,2026-05-27 18:03:45.000000,144.12,0.0,4,0,144.12,0.0,0.0,NO REFUND
57314,45830,2025-03-19 04:09:20.000000,133.99,133.99,3,3,0.0,1.0,1.0,FULLY REFUNDED
8697,6949,2026-05-07 09:43:34.000000,24.74,0.0,1,0,24.74,0.0,0.0,NO REFUND
115735,92655,2025-04-05 04:51:31.000000,24.95,0.0,1,0,24.95,0.0,0.0,NO REFUND
42176,33644,2025-04-27 17:01:09.000000,24.99,0.0,1,0,24.99,0.0,0.0,NO REFUND
99420,79732,2026-04-11 20:49:57.000000,24.99,0.0,1,0,24.99,0.0,0.0,NO REFUND
27338,21856,2025-11-05 00:13:43.000000,24.99,0.0,1,0,24.99,0.0,0.0,NO REFUND
34389,27450,2023-09-30 13:22:27.000000,64.98,0.0,2,0,64.98,0.0,0.0,NO REFUND
13133,10425,2025-07-31 15:32:53.000000,25.0,0.0,1,0,25.0,0.0,0.0,NO REFUND
28841,23049,2026-05-27 20:12:37.000000,25.0,0.0,1,0,25.0,0.0,0.0,NO REFUND
68311,54664,2024-04-01 00:13:44.000000,177.88,0.0,4,0,177.88,0.0,0.0,NO REFUND
89569,71674,2025-03-14 21:21:26.000000,25.0,0.0,1,0,25.0,0.0,0.0,NO REFUND
117208,93865,2026-04-29 08:48:21.000000,25.0,0.0,1,0,25.0,0.0,0.0,NO REFUND
15749,12569,2026-06-17 09:34:07.096748,130.83,0.0,3,0,130.83,0.0,0.0,NO REFUND
33957,27102,2026-04-17 06:14:56.000000,369.0,0.0,3,0,369.0,0.0,0.0,NO REFUND
40157,32064,2024-10-01 00:26:06.000000,25.0,0.0,1,0,25.0,0.0,0.0,NO REFUND
48982,39084,2022-12-04 21:30:56.000000,80.0,0.0,2,0,80.0,0.0,0.0,NO REFUND
81284,65033,2024-06-04 12:45:40.000000,114.45,0.0,3,0,114.45,0.0,0.0,NO REFUND
81819,65483,2025-04-18 00:41:22.000000,25.0,0.0,1,0,25.0,0.0,0.0,NO REFUND
91460,73230,2026-05-22 15:04:54.000000,103.0,0.0,2,0,103.0,0.0,0.0,NO REFUND
114721,91880,2021-11-13 14:57:04.000000,179.99,0.0,4,0,179.99,0.0,0.0,NO REFUND
14525,11588,2020-04-25 10:13:12.000000,137.99,137.99,3,3,0.0,1.0,1.0,FULLY REFUNDED
71253,56999,2023-12-13 19:44:49.000000,25.0,0.0,1,0,25.0,0.0,0.0,NO REFUND
95548,76591,2022-11-07 10:49:15.000000,305.0,0.0,2,0,305.0,0.0,0.0,NO REFUND
98371,78876,2026-02-28 04:02:24.000000,135.0,0.0,2,0,135.0,0.0,0.0,NO REFUND
118003,94473,2020-07-23 04:32:05.000000,54.99,0.0,2,0,54.99,0.0,0.0,NO REFUND
92444,74020,2026-06-08 07:10:12.000000,25.2,0.0,1,0,25.2,0.0,0.0,NO REFUND
69861,55870,2026-01-05 06:36:23.000000,25.48,0.0,1,0,25.48,0.0,0.0,NO REFUND
5467,4326,2022-06-19 06:39:49.000000,120.49,120.49,2,2,0.0,1.0,1.0,FULLY REFUNDED
45573,36383,2024-04-21 16:33:17.000000,25.52,0.0,1,0,25.52,0.0,0.0,NO REFUND
87068,69695,2025-01-03 13:58:50.000000,25.98,0.0,1,0,25.98,0.0,0.0,NO REFUND
38309,30579,2026-02-08 13:49:26.000000,26.0,0.0,1,0,26.0,0.0,0.0,NO REFUND
15183,12110,2026-04-18 01:25:16.000000,26.0,0.0,1,0,26.0,0.0,0.0,NO REFUND
62691,50097,2023-07-26 09:09:56.000000,70.0,0.0,2,0,70.0,0.0,0.0,NO REFUND
87228,69823,2026-06-05 14:19:34.000000,26.47,0.0,1,0,26.47,0.0,0.0,NO REFUND
76872,61468,2025-12-04 19:21:37.000000,110.5,0.0,2,0,110.5,0.0,0.0,NO REFUND
57376,45883,2025-03-13 09:16:50.000000,160.87,0.0,3,0,160.87,0.0,0.0,NO REFUND
48822,38974,2025-09-10 16:03:09.000000,26.95,0.0,1,0,26.95,0.0,0.0,NO REFUND
67959,54388,2021-02-20 12:44:18.000000,26.95,0.0,1,0,26.95,0.0,0.0,NO REFUND
37302,29789,2025-10-27 00:45:29.000000,80.99,0.0,2,0,80.99,0.0,0.0,NO REFUND
50155,40054,2026-06-16 08:21:36.392430,27.9,0.0,1,0,27.9,0.0,0.0,NO REFUND
10602,8440,2025-08-28 07:23:28.000000,27.99,0.0,1,0,27.99,0.0,0.0,NO REFUND
120097,96140,2023-03-08 01:43:09.000000,96.68,0.0,2,0,96.68,0.0,0.0,NO REFUND
85200,68174,2025-10-30 04:06:02.000000,321.45,0.0,4,0,321.45,0.0,0.0,NO REFUND
1749,1394,2024-12-19 20:21:46.000000,92.49,0.0,2,0,92.49,0.0,0.0,NO REFUND
1892,1516,2025-10-08 04:52:52.000000,28.82,0.0,1,0,28.82,0.0,0.0,NO REFUND
50134,40039,2025-01-15 03:57:17.000000,28.82,0.0,1,0,28.82,0.0,0.0,NO REFUND
46439,37099,2021-08-01 06:32:43.000000,63.2,0.0,2,0,63.2,0.0,0.0,NO REFUND
96249,77157,2024-10-16 09:40:13.000000,268.98,0.0,4,0,268.98,0.0,0.0,NO REFUND
88533,70818,2026-05-13 00:53:33.000000,139.41,139.41,2,2,0.0,1.0,1.0,FULLY REFUNDED
95841,76836,2022-11-04 06:21:24.000000,29.45,0.0,1,0,29.45,0.0,0.0,NO REFUND
11237,8932,2026-04-25 02:53:04.000000,323.74,323.74,4,4,0.0,1.0,1.0,FULLY REFUNDED
34298,27363,2024-10-07 19:45:15.000000,29.9,0.0,1,0,29.9,0.0,0.0,NO REFUND
100673,80715,2026-06-01 15:24:09.000000,29.95,0.0,1,0,29.95,0.0,0.0,NO REFUND
91465,73233,2025-09-26 13:54:09.000000,29.95,0.0,1,0,29.95,0.0,0.0,NO REFUND
59738,47717,2023-05-02 01:20:13.000000,179.98,0.0,3,0,179.98,0.0,0.0,NO REFUND
67127,53686,2021-02-05 05:29:27.000000,29.99,0.0,1,0,29.99,0.0,0.0,NO REFUND
31299,25008,2025-02-13 04:07:21.000000,150.92,0.0,3,0,150.92,0.0,0.0,NO REFUND
31988,25547,2025-11-26 19:59:01.000000,213.98,0.0,4,0,213.98,0.0,0.0,NO REFUND
73274,58619,2026-06-16 03:27:31.346162,29.99,0.0,1,0,29.99,0.0,0.0,NO REFUND
104106,83440,2025-02-28 02:42:26.000000,29.99,0.0,1,0,29.99,0.0,0.0,NO REFUND
24175,19319,2022-06-20 05:40:33.000000,188.34,0.0,3,0,188.34,0.0,0.0,NO REFUND
11827,9399,2025-06-23 10:51:09.000000,94.95,0.0,2,0,94.95,0.0,0.0,NO REFUND
59999,47929,2025-03-18 09:04:13.000000,64.99,0.0,2,0,64.99,0.0,0.0,NO REFUND
5590,4419,2020-12-14 09:25:21.000000,130.99,130.99,3,3,0.0,1.0,1.0,FULLY REFUNDED
112320,89940,2025-09-16 16:41:11.000000,31.81,0.0,1,0,31.81,0.0,0.0,NO REFUND
36071,28777,2026-05-31 23:28:14.000000,31.81,0.0,1,0,31.81,0.0,0.0,NO REFUND
116472,93252,2025-08-17 16:59:09.000000,89.97,0.0,2,0,89.97,0.0,0.0,NO REFUND
106116,85035,2024-04-10 05:37:33.000000,31.99,0.0,1,0,31.99,0.0,0.0,NO REFUND
9676,7722,2025-12-18 05:54:17.000000,191.89,0.0,3,0,191.89,0.0,0.0,NO REFUND
35944,28671,2025-08-17 06:25:31.000000,32.0,0.0,1,0,32.0,0.0,0.0,NO REFUND
56776,45377,2023-08-23 13:12:10.000000,32.0,0.0,1,0,32.0,0.0,0.0,NO REFUND
73645,58903,2022-10-21 09:22:45.000000,318.48,0.0,3,0,318.48,0.0,0.0,NO REFUND
114613,91783,2022-10-13 22:03:34.000000,32.51,0.0,1,0,32.51,0.0,0.0,NO REFUND
67713,54178,2024-03-21 21:41:48.000000,32.51,32.51,1,1,0.0,1.0,1.0,FULLY REFUNDED
83001,66409,2026-03-28 11:01:55.000000,267.48,0.0,4,0,267.48,0.0,0.0,NO REFUND
24579,19624,2022-08-01 10:18:54.000000,32.99,0.0,1,0,32.99,0.0,0.0,NO REFUND
20720,16560,2023-01-15 04:30:41.000000,180.49,180.49,2,2,0.0,1.0,1.0,FULLY REFUNDED
31747,25359,2025-08-08 06:09:14.000000,33.0,0.0,1,0,33.0,0.0,0.0,NO REFUND
65067,51977,2025-08-05 04:38:50.000000,33.68,0.0,1,0,33.68,0.0,0.0,NO REFUND
97915,78498,2024-06-09 15:02:09.000000,33.68,0.0,1,0,33.68,0.0,0.0,NO REFUND
87624,70123,2026-03-12 12:32:12.000000,33.98,0.0,1,0,33.98,0.0,0.0,NO REFUND
102226,81957,2026-04-06 23:05:06.000000,69.79,0.0,2,0,69.79,0.0,0.0,NO REFUND
84630,67710,2023-01-24 19:01:58.000000,918.98,0.0,4,0,918.98,0.0,0.0,NO REFUND
7189,5740,2023-11-01 06:44:31.000000,152.99,0.0,3,0,152.99,0.0,0.0,NO REFUND
22893,18285,2026-03-06 21:31:12.000000,99.31,0.0,2,0,99.31,0.0,0.0,NO REFUND
24708,19730,2023-07-22 05:23:24.000000,118.87,0.0,2,0,118.87,0.0,0.0,NO REFUND
20098,16051,2026-05-26 13:02:30.000000,104.94,0.0,2,0,104.94,0.0,0.0,NO REFUND
42169,33637,2024-12-16 02:58:22.000000,154.93,0.0,2,0,154.93,0.0,0.0,NO REFUND
3752,2976,2023-09-07 23:45:43.000000,34.99,0.0,1,0,34.99,0.0,0.0,NO REFUND
124539,99707,2024-09-07 08:52:40.000000,149.48,0.0,3,0,149.48,0.0,0.0,NO REFUND
103210,82758,2024-09-06 01:01:43.000000,253.48,253.48,3,3,0.0,1.0,1.0,FULLY REFUNDED
2092,1668,2026-05-23 19:27:58.000000,79.0,0.0,2,0,79.0,0.0,0.0,NO REFUND
17385,13835,2023-04-26 02:39:58.000000,35.0,0.0,1,0,35.0,0.0,0.0,NO REFUND
14142,11264,2024-12-14 18:58:51.000000,35.0,35.0,1,1,0.0,1.0,1.0,FULLY REFUNDED
87452,69986,2026-04-01 20:36:03.000000,35.0,0.0,1,0,35.0,0.0,0.0,NO REFUND
114366,91597,2026-02-02 23:18:37.000000,36.0,0.0,1,0,36.0,0.0,0.0,NO REFUND
19712,15737,2026-06-13 18:26:13.000000,37.99,37.99,1,1,0.0,1.0,1.0,FULLY REFUNDED
36128,28829,2026-06-17 20:42:06.000000,103.0,0.0,2,0,103.0,0.0,0.0,NO REFUND
23886,19087,2025-06-14 02:47:57.000000,76.12,0.0,2,0,76.12,0.0,0.0,NO REFUND
92862,74394,2020-11-29 18:11:58.000000,302.5,0.0,4,0,302.5,0.0,0.0,NO REFUND
6107,4851,2024-09-26 14:39:30.000000,108.19,0.0,2,0,108.19,0.0,0.0,NO REFUND
91074,72905,2024-07-11 18:48:15.000000,215.78,0.0,4,0,215.78,0.0,0.0,NO REFUND
109411,87656,2022-02-02 19:05:26.000000,111.0,0.0,2,0,111.0,0.0,0.0,NO REFUND
60241,48111,2023-12-28 07:02:30.000000,39.0,0.0,1,0,39.0,0.0,0.0,NO REFUND
56779,45380,2025-08-24 18:31:47.000000,39.45,0.0,1,0,39.45,0.0,0.0,NO REFUND
56139,44855,2024-10-31 15:34:44.000000,39.5,0.0,1,0,39.5,0.0,0.0,NO REFUND
16916,13471,2021-08-27 19:40:51.000000,39.5,0.0,1,0,39.5,0.0,0.0,NO REFUND
2034,1630,2023-11-02 10:48:04.000000,109.48,0.0,2,0,109.48,0.0,0.0,NO REFUND
28154,22508,2024-02-19 18:10:35.000000,39.6,0.0,1,0,39.6,0.0,0.0,NO REFUND
89266,71431,2024-08-17 07:35:43.000000,39.9,0.0,1,0,39.9,0.0,0.0,NO REFUND
11483,9126,2026-05-24 03:26:38.000000,97.95,0.0,2,0,97.95,0.0,0.0,NO REFUND
71858,57469,2026-05-25 07:42:55.000000,39.99,0.0,1,0,39.99,0.0,0.0,NO REFUND
74971,59947,2026-04-06 12:04:10.000000,103.94,0.0,2,0,103.94,0.0,0.0,NO REFUND
5722,4529,2021-06-20 15:59:53.000000,95.65,0.0,2,0,95.65,0.0,0.0,NO REFUND
16253,12961,2024-12-02 20:02:46.000000,40.0,40.0,1,1,0.0,1.0,1.0,FULLY REFUNDED
114155,91408,2024-09-14 05:01:01.000000,89.45,0.0,2,0,89.45,0.0,0.0,NO REFUND
116070,92934,2023-12-14 06:56:10.000000,40.49,0.0,1,0,40.49,0.0,0.0,NO REFUND
31947,25517,2021-12-26 17:47:38.000000,40.49,0.0,1,0,40.49,0.0,0.0,NO REFUND
117158,93821,2026-05-11 16:33:08.000000,40.6,0.0,1,0,40.6,0.0,0.0,NO REFUND
116526,93286,2024-08-24 01:22:51.000000,41.45,0.0,1,0,41.45,0.0,0.0,NO REFUND
73648,58905,2023-08-27 11:41:05.000000,151.91,0.0,2,0,151.91,0.0,0.0,NO REFUND
95010,76151,2026-02-08 00:59:03.000000,42.0,0.0,1,0,42.0,0.0,0.0,NO REFUND
120516,96464,2025-11-15 11:19:06.000000,42.01,0.0,1,0,42.01,0.0,0.0,NO REFUND
82038,65646,2025-11-28 22:56:18.000000,107.67,0.0,2,0,107.67,0.0,0.0,NO REFUND
85018,68036,2022-10-16 02:27:22.000000,42.01,0.0,1,0,42.01,0.0,0.0,NO REFUND
117462,94060,2022-06-14 20:13:43.000000,42.99,0.0,1,0,42.99,0.0,0.0,NO REFUND
100499,80590,2026-04-03 04:57:00.000000,42.99,0.0,1,0,42.99,0.0,0.0,NO REFUND
12703,10096,2025-01-18 00:04:02.000000,43.14,0.0,1,0,43.14,0.0,0.0,NO REFUND
115428,92415,2026-04-09 19:59:47.000000,43.2,0.0,1,0,43.2,0.0,0.0,NO REFUND
123,100,2026-05-02 06:36:12.000000,44.0,0.0,1,0,44.0,0.0,0.0,NO REFUND
83188,66565,2025-11-17 22:31:28.000000,209.0,0.0,2,0,209.0,0.0,0.0,NO REFUND
64003,51145,2025-11-18 23:22:41.000000,113.9,113.9,2,2,0.0,1.0,1.0,FULLY REFUNDED
46923,37490,2023-07-03 11:40:36.000000,44.0,0.0,1,0,44.0,0.0,0.0,NO REFUND
55162,44071,2024-01-15 05:34:20.000000,44.5,0.0,1,0,44.5,0.0,0.0,NO REFUND
107653,86262,2025-05-19 17:14:47.000000,44.51,0.0,1,0,44.51,0.0,0.0,NO REFUND
42115,33589,2022-05-23 15:19:53.000000,44.99,0.0,1,0,44.99,0.0,0.0,NO REFUND
4461,3528,2025-10-31 17:24:21.000000,44.99,0.0,1,0,44.99,0.0,0.0,NO REFUND
102944,82542,2024-08-13 20:50:21.000000,44.99,0.0,1,0,44.99,0.0,0.0,NO REFUND
12828,10187,2023-02-22 13:40:43.000000,45.0,0.0,1,0,45.0,0.0,0.0,NO REFUND
46764,37371,2026-06-14 17:43:08.000000,45.0,0.0,1,0,45.0,0.0,0.0,NO REFUND
66011,52760,2026-06-12 00:23:49.000000,45.0,0.0,1,0,45.0,0.0,0.0,NO REFUND
9512,7590,2025-02-07 02:30:26.000000,45.0,45.0,1,1,0.0,1.0,1.0,FULLY REFUNDED
94977,76127,2026-06-06 18:21:57.000000,45.0,0.0,1,0,45.0,0.0,0.0,NO REFUND
100874,80873,2023-11-07 22:14:13.000000,94.11,0.0,2,0,94.11,0.0,0.0,NO REFUND
48186,38497,2021-03-19 23:54:01.000000,45.42,0.0,1,0,45.42,0.0,0.0,NO REFUND
123083,98559,2021-09-11 23:47:47.000000,45.99,45.99,1,1,0.0,1.0,1.0,FULLY REFUNDED
32172,25678,2025-03-04 20:37:37.000000,99.0,0.0,2,0,99.0,0.0,0.0,NO REFUND
106400,85289,2023-10-08 08:31:01.000000,46.0,46.0,1,1,0.0,1.0,1.0,FULLY REFUNDED
75164,60109,2024-02-29 11:10:58.000000,46.5,0.0,1,0,46.5,0.0,0.0,NO REFUND
102487,82161,2022-03-08 20:09:21.000000,46.5,0.0,1,0,46.5,0.0,0.0,NO REFUND
118035,94500,2022-09-02 21:23:48.000000,111.98,0.0,2,0,111.98,0.0,0.0,NO REFUND
123122,98591,2025-04-29 22:13:05.000000,48.0,0.0,1,0,48.0,0.0,0.0,NO REFUND
26187,20914,2025-09-17 10:36:44.000000,203.5,0.0,2,0,203.5,0.0,0.0,NO REFUND
86637,69372,2026-05-29 08:10:36.000000,49.5,0.0,1,0,49.5,0.0,0.0,NO REFUND
11346,9021,2024-12-20 01:42:00.000000,49.5,0.0,1,0,49.5,0.0,0.0,NO REFUND
53040,42339,2026-02-20 05:34:18.000000,49.5,0.0,1,0,49.5,0.0,0.0,NO REFUND
60789,48538,2025-02-07 05:27:15.000000,49.5,0.0,1,0,49.5,0.0,0.0,NO REFUND
74123,59282,2025-04-27 12:17:37.000000,216.95,216.95,3,3,0.0,1.0,1.0,FULLY REFUNDED
34897,27871,2026-03-31 04:44:09.000000,49.99,0.0,1,0,49.99,0.0,0.0,NO REFUND
92359,73943,2020-12-31 18:23:45.000000,49.99,0.0,1,0,49.99,0.0,0.0,NO REFUND
85395,68335,2025-02-15 18:37:50.000000,119.49,0.0,2,0,119.49,0.0,0.0,NO REFUND
79693,63686,2026-03-10 10:43:41.000000,49.99,49.99,1,1,0.0,1.0,1.0,FULLY REFUNDED
17816,14188,2026-04-26 00:16:05.000000,174.49,0.0,3,0,174.49,0.0,0.0,NO REFUND
35056,27994,2025-12-15 22:24:58.000000,49.99,0.0,1,0,49.99,0.0,0.0,NO REFUND
42276,33726,2026-01-28 02:48:17.000000,49.99,0.0,1,0,49.99,0.0,0.0,NO REFUND
116498,93272,2026-01-09 14:22:54.000000,305.99,0.0,4,0,305.99,0.0,0.0,NO REFUND
96749,77571,2024-08-26 01:25:06.000000,229.99,229.99,2,2,0.0,1.0,1.0,FULLY REFUNDED
79118,63237,2025-03-10 23:55:36.000000,50.41,0.0,1,0,50.41,0.0,0.0,NO REFUND
62360,49807,2025-01-16 06:46:44.000000,52.0,0.0,1,0,52.0,0.0,0.0,NO REFUND
101301,81227,2023-01-12 19:39:06.000000,52.0,0.0,1,0,52.0,0.0,0.0,NO REFUND
11471,9120,2026-02-08 02:12:46.000000,52.0,0.0,1,0,52.0,0.0,0.0,NO REFUND
121727,97453,2020-04-27 17:30:56.000000,120.69,0.0,2,0,120.69,0.0,0.0,NO REFUND
30403,24275,2025-09-30 21:10:32.000000,54.0,0.0,1,0,54.0,0.0,0.0,NO REFUND
1759,1404,2022-03-12 06:12:17.000000,162.0,0.0,2,0,162.0,0.0,0.0,NO REFUND
83304,66659,2022-05-04 17:24:09.000000,54.0,0.0,1,0,54.0,0.0,0.0,NO REFUND
4059,3234,2021-04-13 02:43:16.000000,54.5,0.0,1,0,54.5,0.0,0.0,NO REFUND
97640,78270,2023-11-14 08:48:16.000000,144.5,0.0,2,0,144.5,0.0,0.0,NO REFUND
81327,65061,2026-05-10 14:30:41.000000,55.0,0.0,1,0,55.0,0.0,0.0,NO REFUND
110356,88391,2023-05-07 14:57:25.000000,55.0,0.0,1,0,55.0,0.0,0.0,NO REFUND
69793,55812,2025-02-10 14:39:50.000000,55.0,0.0,1,0,55.0,0.0,0.0,NO REFUND
102625,82277,2026-06-19 18:24:29.080300,129.99,0.0,2,0,129.99,0.0,0.0,NO REFUND
80340,64237,2025-01-07 06:03:59.000000,57.0,0.0,1,0,57.0,0.0,0.0,NO REFUND
120283,96280,2026-06-15 16:17:38.683037,57.5,57.5,1,1,0.0,1.0,1.0,FULLY REFUNDED
44977,35880,2022-01-17 11:15:35.000000,57.95,0.0,1,0,57.95,0.0,0.0,NO REFUND
45008,35909,2026-04-13 20:39:03.000000,57.99,0.0,1,0,57.99,0.0,0.0,NO REFUND
18489,14723,2025-09-07 07:48:01.000000,58.0,0.0,1,0,58.0,0.0,0.0,NO REFUND
16484,13132,2025-10-07 22:58:31.000000,59.0,0.0,1,0,59.0,0.0,0.0,NO REFUND
95479,76521,2026-04-01 22:13:17.000000,59.45,0.0,1,0,59.45,0.0,0.0,NO REFUND
87465,69992,2025-04-16 03:56:01.000000,228.99,0.0,3,0,228.99,0.0,0.0,NO REFUND
117657,94218,2025-02-23 15:18:03.000000,137.5,0.0,2,0,137.5,0.0,0.0,NO REFUND
66,54,2024-03-01 16:20:36.000000,59.5,0.0,1,0,59.5,0.0,0.0,NO REFUND
124555,99720,2024-06-13 09:10:04.000000,60.0,0.0,1,0,60.0,0.0,0.0,NO REFUND
43385,34625,2026-06-16 03:30:29.988947,60.0,0.0,1,0,60.0,0.0,0.0,NO REFUND
119323,95498,2024-11-04 20:56:18.000000,60.99,0.0,1,0,60.99,0.0,0.0,NO REFUND
90039,72048,2023-11-03 20:03:30.000000,63.95,0.0,1,0,63.95,0.0,0.0,NO REFUND
41009,32721,2026-05-02 12:15:04.000000,65.0,65.0,1,1,0.0,1.0,1.0,FULLY REFUNDED
55783,44584,2023-02-18 15:10:38.000000,226.0,0.0,2,0,226.0,0.0,0.0,NO REFUND
39871,31843,2026-01-22 07:17:11.000000,68.0,0.0,1,0,68.0,0.0,0.0,NO REFUND
19262,15377,2024-11-17 18:38:49.000000,69.5,0.0,1,0,69.5,0.0,0.0,NO REFUND
87161,69762,2024-03-25 06:34:20.000000,238.0,0.0,2,0,238.0,0.0,0.0,NO REFUND
31123,24857,2024-08-07 10:06:53.000000,375.07,375.07,2,2,0.0,1.0,1.0,FULLY REFUNDED
82571,66069,2023-04-30 13:31:19.000000,78.0,0.0,1,0,78.0,0.0,0.0,NO REFUND
4711,3735,2023-08-06 02:22:42.000000,469.48,0.0,3,0,469.48,0.0,0.0,NO REFUND
50388,40275,2026-04-08 22:28:57.000000,79.5,0.0,1,0,79.5,0.0,0.0,NO REFUND
22240,17741,2024-05-30 03:02:31.000000,79.99,0.0,1,0,79.99,0.0,0.0,NO REFUND
25820,20629,2020-04-29 02:13:23.000000,79.99,0.0,1,0,79.99,0.0,0.0,NO REFUND
73422,58728,2025-09-19 12:59:09.000000,80.99,80.99,1,1,0.0,1.0,1.0,FULLY REFUNDED
113905,91192,2025-11-13 17:23:28.000000,199.4,0.0,2,0,199.4,0.0,0.0,NO REFUND
39450,31516,2021-03-25 08:29:43.000000,86.25,0.0,1,0,86.25,0.0,0.0,NO REFUND
7091,5655,2020-07-15 22:29:58.000000,90.0,0.0,1,0,90.0,0.0,0.0,NO REFUND
58874,47045,2026-03-10 15:37:01.000000,288.0,0.0,2,0,288.0,0.0,0.0,NO REFUND
103842,83253,2024-12-22 06:12:05.000000,91.77,0.0,1,0,91.77,0.0,0.0,NO REFUND
61589,49194,2023-05-16 17:52:52.000000,92.0,0.0,1,0,92.0,0.0,0.0,NO REFUND
63915,51072,2026-06-14 05:47:14.000000,92.56,0.0,1,0,92.56,0.0,0.0,NO REFUND
95860,76853,2022-04-04 02:54:36.000000,95.0,0.0,1,0,95.0,0.0,0.0,NO REFUND
56165,44877,2026-02-16 09:34:33.000000,97.95,0.0,1,0,97.95,0.0,0.0,NO REFUND
83556,66876,2020-01-09 10:57:51.000000,98.0,0.0,1,0,98.0,0.0,0.0,NO REFUND
50937,40682,2026-03-16 15:27:55.000000,216.0,0.0,2,0,216.0,0.0,0.0,NO REFUND
114031,91307,2026-05-15 05:06:41.000000,99.99,0.0,1,0,99.99,0.0,0.0,NO REFUND
18568,14791,2025-12-20 23:58:13.000000,103.68,0.0,1,0,103.68,0.0,0.0,NO REFUND
91158,72974,2021-05-28 14:47:48.000000,109.95,0.0,1,0,109.95,0.0,0.0,NO REFUND
36003,28717,2023-04-20 00:55:21.000000,110.0,0.0,1,0,110.0,0.0,0.0,NO REFUND
60770,48522,2026-01-07 19:08:45.000000,110.0,0.0,1,0,110.0,0.0,0.0,NO REFUND
28125,22479,2025-02-08 05:48:29.000000,119.95,0.0,1,0,119.95,0.0,0.0,NO REFUND
123088,98561,2023-12-05 23:12:57.000000,119.99,0.0,1,0,119.99,0.0,0.0,NO REFUND
105720,84737,2023-11-20 05:01:07.000000,129.99,0.0,1,0,129.99,0.0,0.0,NO REFUND
28512,22790,2025-01-13 02:01:57.000000,297.0,0.0,2,0,297.0,0.0,0.0,NO REFUND
11759,9338,2025-09-13 04:31:54.000000,149.0,0.0,1,0,149.0,0.0,0.0,NO REFUND
79225,63323,2026-02-19 23:20:26.000000,149.0,0.0,1,0,149.0,0.0,0.0,NO REFUND
115692,92612,2026-05-26 15:36:04.000000,150.0,0.0,1,0,150.0,0.0,0.0,NO REFUND
39786,31776,2021-09-19 14:49:19.000000,156.87,0.0,1,0,156.87,0.0,0.0,NO REFUND
48087,38421,2020-06-19 06:30:08.000000,162.0,0.0,1,0,162.0,0.0,0.0,NO REFUND
58506,46749,2024-09-27 11:19:49.000000,169.99,0.0,1,0,169.99,0.0,0.0,NO REFUND
486,392,2026-04-15 18:35:58.000000,170.98,0.0,1,0,170.98,0.0,0.0,NO REFUND
110177,88253,2025-03-27 22:59:41.000000,171.0,0.0,1,0,171.0,0.0,0.0,NO REFUND
18449,14684,2025-03-31 12:54:51.000000,171.95,0.0,1,0,171.95,0.0,0.0,NO REFUND
113266,90677,2022-08-20 02:49:27.000000,178.0,0.0,1,0,178.0,0.0,0.0,NO REFUND
19377,15467,2025-08-23 18:25:30.000000,178.0,178.0,1,1,0.0,1.0,1.0,FULLY REFUNDED
101999,81771,2026-03-19 19:20:28.000000,199.0,0.0,1,0,199.0,0.0,0.0,NO REFUND
29886,23878,2025-11-19 23:19:01.000000,206.0,0.0,1,0,206.0,0.0,0.0,NO REFUND
69657,55707,2020-06-30 18:09:56.000000,220.0,0.0,1,0,220.0,0.0,0.0,NO REFUND
62557,49984,2025-07-07 01:19:53.000000,220.0,0.0,1,0,220.0,0.0,0.0,NO REFUND
109837,87995,2023-07-20 01:53:15.000000,280.0,0.0,1,0,280.0,0.0,0.0,NO REFUND
84851,67887,2026-06-14 23:29:59.840796,299.0,0.0,1,0,299.0,0.0,0.0,NO REFUND
117798,94321,2020-09-06 14:21:35.000000,345.0,0.0,1,0,345.0,0.0,0.0,NO REFUND
-14,28098,2026-06-16 14:28:00.000000,33.0,0.0,1,0,33.0,0.0,0.0,NO REFUND
-17,85452,2026-06-16 14:39:00.000000,340.0,0.0,3,0,340.0,0.0,0.0,NO REFUND
-71,47178,2026-06-16 16:39:00.000000,90.0,90.0,1,1,0.0,1.0,1.0,FULLY REFUNDED
-82,31731,2026-06-16 14:45:00.000000,248.0,0.0,2,0,248.0,0.0,0.0,NO REFUND
-105,62537,2026-06-16 14:37:00.000000,91.0,0.0,3,0,91.0,0.0,0.0,NO REFUND
-128,4495,2026-06-16 13:26:00.000000,272.0,0.0,3,0,272.0,0.0,0.0,NO REFUND
-153,63618,2026-06-16 17:15:00.000000,146.0,0.0,1,0,146.0,0.0,0.0,NO REFUND
-158,66373,2026-06-16 14:19:00.000000,174.0,0.0,2,0,174.0,0.0,0.0,NO REFUND
-217,78529,2026-06-16 15:53:00.000000,204.0,0.0,2,0,204.0,0.0,0.0,NO REFUND
-223,2076,2026-06-16 16:37:00.000000,277.0,0.0,3,0,277.0,0.0,0.0,NO REFUND
-229,59296,2026-06-16 12:12:00.000000,162.0,0.0,1,0,162.0,0.0,0.0,NO REFUND
69957,55959,2024-01-06 16:46:45.000000,191.94,0.0,3,0,191.94,0.0,0.0,NO REFUND
76776,61388,2025-10-29 22:59:43.000000,2.95,2.95,1,1,0.0,1.0,1.0,FULLY REFUNDED
1353,1076,2024-10-03 19:10:15.000000,36.79,0.0,2,0,36.79,0.0,0.0,NO REFUND
74051,59230,2023-10-21 05:22:27.000000,138.8,0.0,3,0,138.8,0.0,0.0,NO REFUND
47073,37611,2023-01-21 15:20:15.000000,262.73,0.0,4,0,262.73,0.0,0.0,NO REFUND
74997,59968,2022-05-26 17:04:54.000000,4.13,0.0,1,0,4.13,0.0,0.0,NO REFUND
122249,97874,2023-11-25 07:17:12.000000,105.56,0.0,4,0,105.56,0.0,0.0,NO REFUND
7842,6278,2022-10-30 04:53:47.000000,5.95,0.0,1,0,5.95,0.0,0.0,NO REFUND
4814,3806,2025-10-19 03:22:33.000000,45.99,0.0,2,0,45.99,0.0,0.0,NO REFUND
37799,30177,2026-03-24 09:01:20.000000,31.24,0.0,2,0,31.24,0.0,0.0,NO REFUND
1915,1536,2025-12-02 00:03:24.000000,206.49,0.0,3,0,206.49,0.0,0.0,NO REFUND
33592,26805,2022-03-29 18:57:58.000000,74.3,0.0,4,0,74.3,0.0,0.0,NO REFUND
88923,71162,2023-05-15 16:08:34.000000,6.94,0.0,1,0,6.94,0.0,0.0,NO REFUND
119394,95557,2024-02-20 09:04:36.000000,203.13,0.0,2,0,203.13,0.0,0.0,NO REFUND
62670,50073,2023-06-13 15:18:46.000000,186.0,0.0,2,0,186.0,0.0,0.0,NO REFUND
122573,98150,2024-10-09 04:49:40.000000,89.46,0.0,4,0,89.46,0.0,0.0,NO REFUND
110042,88137,2025-07-19 19:46:47.000000,173.44,0.0,4,0,173.44,0.0,0.0,NO REFUND
39569,31601,2025-02-26 14:43:46.000000,7.99,0.0,1,0,7.99,0.0,0.0,NO REFUND
96958,77719,2025-01-14 13:13:09.000000,8.85,0.0,1,0,8.85,0.0,0.0,NO REFUND
14284,11386,2026-04-15 20:30:24.000000,143.04,0.0,3,0,143.04,0.0,0.0,NO REFUND
74667,59710,2026-02-20 00:40:34.000000,102.54,0.0,4,0,102.54,0.0,0.0,NO REFUND
76430,61111,2022-11-10 01:04:47.000000,249.93,0.0,4,0,249.93,0.0,0.0,NO REFUND
56790,45390,2024-07-01 02:18:23.000000,684.45,0.0,4,0,684.45,0.0,0.0,NO REFUND
71578,57246,2025-10-31 01:53:26.000000,114.93,0.0,4,0,114.93,0.0,0.0,NO REFUND
41793,33339,2023-08-28 23:13:17.000000,395.95,0.0,4,0,395.95,0.0,0.0,NO REFUND
108917,87245,2026-02-09 10:37:32.000000,127.9,0.0,3,0,127.9,0.0,0.0,NO REFUND
51243,40928,2023-12-04 20:49:07.000000,79.98,0.0,2,0,79.98,0.0,0.0,NO REFUND
22108,17632,2024-09-07 06:31:01.000000,9.99,0.0,1,0,9.99,0.0,0.0,NO REFUND
62269,49737,2025-03-23 11:13:02.000000,9.99,0.0,1,0,9.99,0.0,0.0,NO REFUND
83739,67015,2024-02-01 01:16:56.000000,129.13,0.0,4,0,129.13,0.0,0.0,NO REFUND
98853,79259,2026-05-14 17:57:49.000000,75.99,0.0,3,0,75.99,0.0,0.0,NO REFUND
116641,93377,2023-10-02 13:28:14.000000,9.99,0.0,1,0,9.99,0.0,0.0,NO REFUND
57595,46039,2026-06-15 23:24:52.920645,10.0,0.0,1,0,10.0,0.0,0.0,NO REFUND
57351,45861,2024-10-29 15:32:28.000000,10.69,0.0,1,0,10.69,0.0,0.0,NO REFUND
79287,63368,2025-07-19 13:58:18.000000,10.79,10.79,1,1,0.0,1.0,1.0,FULLY REFUNDED
41941,33447,2024-05-17 00:45:45.000000,337.99,0.0,4,0,337.99,0.0,0.0,NO REFUND
37653,30063,2026-05-19 00:43:59.000000,10.99,0.0,1,0,10.99,0.0,0.0,NO REFUND
2678,2136,2026-06-08 16:29:21.000000,10.99,0.0,1,0,10.99,0.0,0.0,NO REFUND
49017,39106,2025-06-19 07:19:35.000000,11.0,0.0,1,0,11.0,0.0,0.0,NO REFUND
64120,51231,2022-09-10 11:41:40.000000,11.0,0.0,1,0,11.0,0.0,0.0,NO REFUND
70403,56306,2022-08-06 17:52:23.000000,67.24,0.0,3,0,67.24,0.0,0.0,NO REFUND
73905,59111,2023-11-16 17:02:15.000000,33.46,0.0,2,0,33.46,0.0,0.0,NO REFUND
86349,69136,2022-10-14 00:06:46.000000,385.02,0.0,2,0,385.02,0.0,0.0,NO REFUND
21291,17022,2026-05-29 17:34:13.000000,523.35,0.0,4,0,523.35,0.0,0.0,NO REFUND
88916,71156,2026-04-01 11:25:31.000000,26.41,0.0,2,0,26.41,0.0,0.0,NO REFUND
72277,57798,2025-05-13 23:01:00.000000,11.49,0.0,1,0,11.49,0.0,0.0,NO REFUND
57545,46003,2025-02-17 13:18:35.000000,11.67,0.0,1,0,11.67,0.0,0.0,NO REFUND
33228,26512,2025-08-14 11:06:13.000000,95.8,0.0,3,0,95.8,0.0,0.0,NO REFUND
22463,17930,2025-10-14 10:34:58.000000,105.93,0.0,3,0,105.93,0.0,0.0,NO REFUND
53495,42713,2025-03-29 03:41:32.000000,11.95,0.0,1,0,11.95,0.0,0.0,NO REFUND
89191,71365,2024-10-14 14:30:59.000000,51.95,0.0,2,0,51.95,0.0,0.0,NO REFUND
95202,76307,2024-09-26 01:02:56.000000,11.95,0.0,1,0,11.95,0.0,0.0,NO REFUND
101509,81386,2024-08-23 02:24:10.000000,11.99,0.0,1,0,11.99,0.0,0.0,NO REFUND
79795,63771,2026-03-19 10:00:11.000000,11.99,11.99,1,1,0.0,1.0,1.0,FULLY REFUNDED
64242,51328,2025-12-04 13:49:11.000000,46.84,0.0,2,0,46.84,0.0,0.0,NO REFUND
86100,68936,2025-09-29 03:40:03.000000,163.99,0.0,4,0,163.99,0.0,0.0,NO REFUND
68402,54740,2025-08-27 18:13:55.000000,401.95,0.0,4,0,401.95,0.0,0.0,NO REFUND
10848,8639,2024-06-27 16:38:38.000000,55.95,0.0,2,0,55.95,0.0,0.0,NO REFUND
19007,15172,2025-03-03 13:30:10.000000,232.48,0.0,3,0,232.48,0.0,0.0,NO REFUND
55658,44461,2026-05-29 03:23:48.000000,133.0,0.0,3,0,133.0,0.0,0.0,NO REFUND
96640,77492,2019-07-28 15:08:07.000000,58.99,0.0,3,0,58.99,0.0,0.0,NO REFUND
88697,70972,2026-06-15 22:03:07.966476,147.02,0.0,3,0,147.02,0.0,0.0,NO REFUND
3189,2548,2024-11-01 11:05:34.000000,24.3,0.0,2,0,24.3,0.0,0.0,NO REFUND
36301,28961,2026-01-30 07:21:26.000000,12.14,0.0,1,0,12.14,0.0,0.0,NO REFUND
31995,25558,2025-04-17 07:57:17.000000,12.2,0.0,1,0,12.2,0.0,0.0,NO REFUND
11949,9504,2023-11-26 13:40:12.000000,12.2,0.0,1,0,12.2,0.0,0.0,NO REFUND
555,460,2023-12-12 04:43:41.000000,12.5,0.0,1,0,12.5,0.0,0.0,NO REFUND
24676,19701,2025-06-22 04:38:49.000000,132.59,0.0,2,0,132.59,0.0,0.0,NO REFUND
53712,42887,2026-06-11 23:19:37.000000,12.64,0.0,1,0,12.64,0.0,0.0,NO REFUND
94843,76031,2026-03-11 20:11:19.000000,37.98,0.0,2,0,37.98,0.0,0.0,NO REFUND
13649,10845,2026-04-30 14:00:17.000000,137.97,0.0,4,0,137.97,0.0,0.0,NO REFUND
71299,57023,2026-03-28 23:40:07.000000,222.16,0.0,4,0,222.16,0.0,0.0,NO REFUND
41490,33089,2025-02-26 15:01:38.000000,13.31,0.0,1,0,13.31,0.0,0.0,NO REFUND
103398,82914,2025-03-20 19:32:49.000000,144.06,0.0,4,0,144.06,0.0,0.0,NO REFUND
53126,42413,2021-05-15 10:22:33.000000,155.48,0.0,3,0,155.48,0.0,0.0,NO REFUND
124893,99996,2022-07-08 10:50:48.000000,13.75,0.0,1,0,13.75,0.0,0.0,NO REFUND
19728,15752,2022-04-05 21:48:28.000000,141.78,0.0,3,0,141.78,0.0,0.0,NO REFUND
111135,89013,2025-04-18 08:57:11.000000,13.79,0.0,1,0,13.79,0.0,0.0,NO REFUND
38329,30592,2023-09-17 00:46:33.000000,13.95,0.0,1,0,13.95,0.0,0.0,NO REFUND
124886,99990,2025-06-11 06:23:53.000000,302.99,0.0,3,0,302.99,0.0,0.0,NO REFUND
41473,33081,2022-08-13 03:24:34.000000,93.5,0.0,2,0,93.5,0.0,0.0,NO REFUND
103503,82988,2025-11-08 17:53:43.000000,89.3,0.0,3,0,89.3,0.0,0.0,NO REFUND
75916,60712,2026-05-13 08:17:51.000000,57.87,0.0,2,0,57.87,0.0,0.0,NO REFUND
58666,46875,2022-02-13 21:22:38.000000,119.91,0.0,3,0,119.91,0.0,0.0,NO REFUND
18630,14848,2023-08-17 06:24:55.000000,53.56,0.0,2,0,53.56,0.0,0.0,NO REFUND
66749,53369,2026-04-14 13:55:32.000000,86.46,0.0,4,0,86.46,0.0,0.0,NO REFUND
41476,33083,2023-12-18 07:06:02.000000,14.99,0.0,1,0,14.99,0.0,0.0,NO REFUND
72437,57913,2024-09-29 07:35:14.000000,119.98,0.0,4,0,119.98,0.0,0.0,NO REFUND
81955,65583,2026-03-24 11:08:20.000000,15.52,0.0,1,0,15.52,0.0,0.0,NO REFUND
19923,15907,2023-09-11 06:34:18.000000,402.51,0.0,4,0,402.51,0.0,0.0,NO REFUND
25418,20309,2023-09-20 12:53:56.000000,15.95,0.0,1,0,15.95,0.0,0.0,NO REFUND
47276,37777,2024-04-10 16:35:02.000000,15.95,15.95,1,1,0.0,1.0,1.0,FULLY REFUNDED
91164,72977,2021-11-12 19:15:29.000000,15.98,15.98,1,1,0.0,1.0,1.0,FULLY REFUNDED
51763,41340,2021-05-11 07:41:37.000000,82.38,0.0,3,0,82.38,0.0,0.0,NO REFUND
49887,39845,2026-05-15 04:36:40.000000,256.0,0.0,2,0,256.0,0.0,0.0,NO REFUND
89487,71614,2026-05-11 20:27:12.000000,321.25,0.0,4,0,321.25,0.0,0.0,NO REFUND
116976,93660,2021-12-10 14:27:42.000000,165.99,0.0,3,0,165.99,0.0,0.0,NO REFUND
112239,89870,2023-01-07 12:52:31.000000,16.99,0.0,1,0,16.99,0.0,0.0,NO REFUND
66969,53559,2026-04-20 01:35:17.000000,115.99,115.99,2,2,0.0,1.0,1.0,FULLY REFUNDED
92515,74088,2026-04-06 08:39:59.000000,17.0,0.0,1,0,17.0,0.0,0.0,NO REFUND
16574,13195,2026-04-22 16:53:58.000000,92.0,0.0,2,0,92.0,0.0,0.0,NO REFUND
88194,70551,2026-04-03 10:04:50.000000,49.05,0.0,2,0,49.05,0.0,0.0,NO REFUND
16204,12921,2022-02-10 04:30:24.000000,17.05,0.0,1,0,17.05,0.0,0.0,NO REFUND
14598,11652,2023-09-13 20:11:25.000000,87.85,87.85,3,3,0.0,1.0,1.0,FULLY REFUNDED
122725,98267,2024-07-09 11:55:13.000000,347.89,0.0,2,0,347.89,0.0,0.0,NO REFUND
58487,46736,2026-01-16 07:33:10.000000,85.95,0.0,2,0,85.95,0.0,0.0,NO REFUND
82334,65886,2022-08-02 05:22:16.000000,18.0,0.0,1,0,18.0,0.0,0.0,NO REFUND
20821,16641,2025-08-18 22:11:09.000000,18.0,0.0,1,0,18.0,0.0,0.0,NO REFUND
14768,11781,2023-04-29 15:43:08.000000,18.0,0.0,1,0,18.0,0.0,0.0,NO REFUND
4653,3682,2023-07-30 02:35:58.000000,408.55,0.0,4,0,408.55,0.0,0.0,NO REFUND
19198,15337,2026-03-12 17:31:25.000000,18.9,0.0,1,0,18.9,0.0,0.0,NO REFUND
17257,13723,2025-10-10 13:15:19.000000,18.95,0.0,1,0,18.95,0.0,0.0,NO REFUND
111560,89357,2025-08-22 14:57:15.000000,18.99,0.0,1,0,18.99,0.0,0.0,NO REFUND
100269,80432,2022-05-12 14:33:31.000000,18.99,0.0,1,0,18.99,0.0,0.0,NO REFUND
21566,17228,2025-12-12 00:58:55.000000,19.95,0.0,1,0,19.95,0.0,0.0,NO REFUND
70744,56571,2023-05-07 10:55:24.000000,324.43,0.0,4,0,324.43,0.0,0.0,NO REFUND
123455,98857,2023-01-31 12:06:32.000000,48.0,0.0,2,0,48.0,0.0,0.0,NO REFUND
80035,63977,2020-11-24 17:42:26.000000,19.99,0.0,1,0,19.99,0.0,0.0,NO REFUND
4020,3202,2024-12-14 03:18:44.000000,19.99,0.0,1,0,19.99,0.0,0.0,NO REFUND
78274,62579,2025-10-31 03:10:46.000000,139.24,0.0,4,0,139.24,0.0,0.0,NO REFUND
16617,13237,2021-06-02 05:18:29.000000,123.98,123.98,4,4,0.0,1.0,1.0,FULLY REFUNDED
73202,58551,2025-11-01 14:26:21.000000,19.99,19.99,1,1,0.0,1.0,1.0,FULLY REFUNDED
73424,58728,2021-08-03 15:21:21.000000,283.9,283.9,4,4,0.0,1.0,1.0,FULLY REFUNDED
123346,98769,2021-11-02 22:45:17.000000,57.99,57.99,2,2,0.0,1.0,1.0,FULLY REFUNDED
67094,53661,2025-09-19 01:27:02.000000,49.33,0.0,2,0,49.33,0.0,0.0,NO REFUND
82300,65865,2024-12-24 23:48:26.000000,50.99,0.0,2,0,50.99,0.0,0.0,NO REFUND
89275,71437,2026-02-09 03:16:58.000000,158.99,0.0,3,0,158.99,0.0,0.0,NO REFUND
98825,79230,2025-03-24 02:55:27.000000,21.0,0.0,1,0,21.0,0.0,0.0,NO REFUND
66349,53048,2025-08-15 13:58:59.000000,133.24,0.0,3,0,133.24,0.0,0.0,NO REFUND
73440,58739,2023-10-05 01:46:54.000000,92.19,0.0,2,0,92.19,0.0,0.0,NO REFUND
42617,34008,2024-12-06 18:00:44.000000,21.99,0.0,1,0,21.99,0.0,0.0,NO REFUND
48851,38998,2025-07-18 23:42:11.000000,110.99,0.0,2,0,110.99,0.0,0.0,NO REFUND
58968,47107,2024-10-26 15:01:30.000000,130.99,0.0,3,0,130.99,0.0,0.0,NO REFUND
73476,58771,2026-04-06 14:51:09.000000,101.98,0.0,2,0,101.98,0.0,0.0,NO REFUND
26726,21357,2025-04-28 23:05:17.000000,137.56,0.0,4,0,137.56,0.0,0.0,NO REFUND
99737,80003,2024-07-24 20:33:53.000000,179.58,0.0,4,0,179.58,0.0,0.0,NO REFUND
50003,39938,2019-10-18 07:18:26.000000,46.45,0.0,2,0,46.45,0.0,0.0,NO REFUND
91955,73636,2024-11-28 19:26:32.000000,85.49,0.0,2,0,85.49,0.0,0.0,NO REFUND
97068,77800,2026-02-23 18:32:18.000000,63.1,0.0,2,0,63.1,0.0,0.0,NO REFUND
109499,87728,2025-11-04 07:37:36.000000,324.92,0.0,4,0,324.92,0.0,0.0,NO REFUND
20712,16553,2024-10-04 12:34:08.000000,49.95,0.0,2,0,49.95,0.0,0.0,NO REFUND
29180,23323,2026-04-14 12:09:22.000000,315.56,0.0,4,0,315.56,0.0,0.0,NO REFUND
36085,28794,2026-01-12 01:24:31.000000,22.99,22.99,1,1,0.0,1.0,1.0,FULLY REFUNDED
55063,43986,2025-06-09 02:18:22.000000,82.98,0.0,2,0,82.98,0.0,0.0,NO REFUND
115028,92096,2026-06-08 22:00:59.000000,22.99,0.0,1,0,22.99,0.0,0.0,NO REFUND
122976,98464,2025-11-06 14:10:51.000000,23.0,0.0,1,0,23.0,0.0,0.0,NO REFUND
124452,99646,2021-12-11 17:29:14.000000,211.45,0.0,4,0,211.45,0.0,0.0,NO REFUND
38659,30870,2025-11-21 20:53:44.000000,173.03,173.03,2,2,0.0,1.0,1.0,FULLY REFUNDED
120716,96627,2025-03-18 20:51:11.000000,23.05,0.0,1,0,23.05,0.0,0.0,NO REFUND
70953,56747,2022-02-20 06:01:45.000000,48.99,0.0,2,0,48.99,0.0,0.0,NO REFUND
103915,83304,2023-03-21 01:18:31.000000,57.74,57.74,2,2,0.0,1.0,1.0,FULLY REFUNDED
32314,25797,2025-09-18 22:26:15.000000,368.99,0.0,3,0,368.99,0.0,0.0,NO REFUND
61873,49411,2020-12-18 12:34:34.000000,24.0,0.0,1,0,24.0,0.0,0.0,NO REFUND
98131,78677,2022-04-27 07:15:35.000000,126.35,0.0,3,0,126.35,0.0,0.0,NO REFUND
91537,73282,2026-04-05 19:13:17.000000,51.0,0.0,2,0,51.0,0.0,0.0,NO REFUND
8936,7133,2025-06-13 01:11:04.000000,108.49,0.0,3,0,108.49,0.0,0.0,NO REFUND
29876,23870,2025-10-31 20:08:42.000000,144.43,0.0,3,0,144.43,0.0,0.0,NO REFUND
30484,24336,2025-08-21 11:35:54.000000,24.74,0.0,1,0,24.74,0.0,0.0,NO REFUND
67686,54150,2020-04-11 19:25:23.000000,114.94,0.0,2,0,114.94,0.0,0.0,NO REFUND
50685,40502,2024-07-17 01:37:11.000000,334.82,0.0,4,0,334.82,0.0,0.0,NO REFUND
87656,70146,2025-11-20 18:52:10.000000,77.99,0.0,2,0,77.99,0.0,0.0,NO REFUND
98398,78895,2022-06-21 14:49:28.000000,24.99,24.99,1,1,0.0,1.0,1.0,FULLY REFUNDED
1448,1137,2026-01-19 02:32:51.000000,62.83,0.0,2,0,62.83,0.0,0.0,NO REFUND
17456,13898,2025-12-10 17:16:36.000000,164.98,0.0,2,0,164.98,0.0,0.0,NO REFUND
120457,96417,2024-08-20 13:42:00.000000,56.96,0.0,2,0,56.96,0.0,0.0,NO REFUND
118387,94788,2026-04-02 00:43:35.000000,112.98,0.0,4,0,112.98,0.0,0.0,NO REFUND
12296,9800,2023-11-01 12:37:25.000000,256.58,0.0,4,0,256.58,0.0,0.0,NO REFUND
38319,30584,2025-05-13 18:14:31.000000,189.94,0.0,3,0,189.94,0.0,0.0,NO REFUND
62254,49728,2023-01-06 14:41:43.000000,25.0,0.0,1,0,25.0,0.0,0.0,NO REFUND
63784,50971,2026-05-07 02:41:09.000000,89.98,0.0,3,0,89.98,0.0,0.0,NO REFUND
68307,54662,2024-04-25 11:44:48.000000,195.0,0.0,3,0,195.0,0.0,0.0,NO REFUND
72593,58048,2023-01-25 12:47:46.000000,25.0,0.0,1,0,25.0,0.0,0.0,NO REFUND
17819,14189,2026-06-15 21:40:11.719322,134.44,0.0,4,0,134.44,0.0,0.0,NO REFUND
57906,46277,2026-05-10 08:47:28.000000,25.0,25.0,1,1,0.0,1.0,1.0,FULLY REFUNDED
7466,5964,2024-04-30 10:15:34.000000,69.99,0.0,2,0,69.99,0.0,0.0,NO REFUND
78429,62699,2025-06-05 10:41:04.000000,70.0,0.0,2,0,70.0,0.0,0.0,NO REFUND
90699,72583,2025-11-02 08:31:58.000000,261.0,0.0,3,0,261.0,0.0,0.0,NO REFUND
93404,74854,2026-04-24 19:53:50.000000,164.95,0.0,4,0,164.95,0.0,0.0,NO REFUND
110819,88754,2023-10-03 04:36:45.000000,191.37,0.0,4,0,191.37,0.0,0.0,NO REFUND
124566,99728,2021-03-21 08:26:58.000000,25.0,0.0,1,0,25.0,0.0,0.0,NO REFUND
77960,62323,2023-11-19 03:41:32.000000,25.48,0.0,1,0,25.48,0.0,0.0,NO REFUND
8884,7093,2025-05-06 05:46:05.000000,71.5,0.0,2,0,71.5,0.0,0.0,NO REFUND
72770,58202,2024-09-19 18:46:19.000000,85.99,0.0,2,0,85.99,0.0,0.0,NO REFUND
1872,1500,2026-02-27 23:51:03.000000,160.98,0.0,4,0,160.98,0.0,0.0,NO REFUND
45451,36281,2022-10-31 13:35:38.000000,27.0,0.0,1,0,27.0,0.0,0.0,NO REFUND
73927,59130,2023-02-12 22:19:25.000000,102.6,0.0,2,0,102.6,0.0,0.0,NO REFUND
30402,24274,2024-11-29 12:50:32.000000,27.0,0.0,1,0,27.0,0.0,0.0,NO REFUND
79093,63221,2023-07-28 02:02:38.000000,62.15,0.0,2,0,62.15,0.0,0.0,NO REFUND
100864,80868,2026-01-21 04:39:56.000000,127.2,0.0,2,0,127.2,0.0,0.0,NO REFUND
39842,31820,2026-01-08 03:07:23.000000,27.98,27.98,1,1,0.0,1.0,1.0,FULLY REFUNDED
37354,29833,2026-06-15 23:37:01.417570,237.77,0.0,4,0,237.77,0.0,0.0,NO REFUND
45207,36076,2025-07-15 17:42:25.000000,27.99,0.0,1,0,27.99,0.0,0.0,NO REFUND
89941,71971,2025-01-24 09:19:44.000000,28.0,0.0,1,0,28.0,0.0,0.0,NO REFUND
117480,94073,2021-06-19 09:50:26.000000,77.5,0.0,2,0,77.5,0.0,0.0,NO REFUND
87738,70217,2026-01-29 16:54:55.000000,578.49,0.0,4,0,578.49,0.0,0.0,NO REFUND
96802,77610,2025-05-29 14:03:46.000000,29.18,0.0,1,0,29.18,0.0,0.0,NO REFUND
30012,23967,2026-06-17 01:32:18.757833,384.4,0.0,3,0,384.4,0.0,0.0,NO REFUND
94267,75558,2026-05-08 14:34:13.000000,69.33,0.0,2,0,69.33,0.0,0.0,NO REFUND
56534,45167,2024-08-23 21:13:14.000000,245.47,0.0,4,0,245.47,0.0,0.0,NO REFUND
21078,16856,2024-03-04 15:20:34.000000,135.16,0.0,2,0,135.16,0.0,0.0,NO REFUND
100873,80872,2021-08-08 10:14:29.000000,69.88,0.0,2,0,69.88,0.0,0.0,NO REFUND
10186,8125,2024-01-15 08:51:34.000000,59.94,59.94,2,2,0.0,1.0,1.0,FULLY REFUNDED
36667,29257,2026-01-30 21:49:18.000000,29.99,0.0,1,0,29.99,0.0,0.0,NO REFUND
73284,58624,2025-11-12 11:34:56.000000,29.99,0.0,1,0,29.99,0.0,0.0,NO REFUND
95367,76433,2023-05-09 09:51:05.000000,69.44,0.0,2,0,69.44,0.0,0.0,NO REFUND
26968,21555,2026-06-13 02:26:49.000000,79.98,0.0,2,0,79.98,0.0,0.0,NO REFUND
76077,60841,2024-06-09 01:32:37.000000,30.0,0.0,1,0,30.0,0.0,0.0,NO REFUND
62062,49583,2025-03-20 02:11:34.000000,200.2,0.0,4,0,200.2,0.0,0.0,NO REFUND
37893,30248,2025-11-18 04:39:17.000000,30.4,0.0,1,0,30.4,0.0,0.0,NO REFUND
103587,83056,2023-04-18 19:42:46.000000,250.79,0.0,4,0,250.79,0.0,0.0,NO REFUND
106946,85697,2025-12-02 11:12:11.000000,31.97,0.0,1,0,31.97,0.0,0.0,NO REFUND
23271,18590,2025-10-29 01:21:53.000000,31.99,0.0,1,0,31.99,0.0,0.0,NO REFUND
97852,78441,2026-03-26 14:59:56.000000,31.99,0.0,1,0,31.99,0.0,0.0,NO REFUND
76735,61352,2021-10-04 19:10:46.000000,32.0,0.0,1,0,32.0,0.0,0.0,NO REFUND
27872,22276,2025-05-28 22:28:34.000000,1305.0,1305.0,4,4,0.0,1.0,1.0,FULLY REFUNDED
47024,37567,2024-12-28 17:14:20.000000,232.99,0.0,4,0,232.99,0.0,0.0,NO REFUND
73670,58923,2025-02-11 20:40:11.000000,70.0,0.0,2,0,70.0,0.0,0.0,NO REFUND
33486,26711,2024-12-07 14:15:28.000000,32.5,0.0,1,0,32.5,0.0,0.0,NO REFUND
67132,53689,2024-12-23 19:12:51.000000,32.51,0.0,1,0,32.51,0.0,0.0,NO REFUND
32791,26191,2025-10-15 16:08:28.000000,405.97,0.0,3,0,405.97,0.0,0.0,NO REFUND
85528,68446,2026-02-13 09:02:21.000000,67.99,0.0,2,0,67.99,0.0,0.0,NO REFUND
83206,66581,2024-08-19 22:03:24.000000,68.73,0.0,2,0,68.73,0.0,0.0,NO REFUND
88929,71167,2026-02-05 13:27:51.000000,74.59,0.0,2,0,74.59,0.0,0.0,NO REFUND
10577,8415,2025-01-07 14:34:56.000000,167.95,0.0,2,0,167.95,0.0,0.0,NO REFUND
46269,36968,2026-02-22 21:53:35.000000,123.47,0.0,2,0,123.47,0.0,0.0,NO REFUND
116893,93584,2022-04-02 06:29:32.000000,92.0,0.0,2,0,92.0,0.0,0.0,NO REFUND
55271,44158,2024-07-18 21:10:51.000000,34.5,0.0,1,0,34.5,0.0,0.0,NO REFUND
65661,52446,2025-01-27 10:03:52.000000,34.5,0.0,1,0,34.5,0.0,0.0,NO REFUND
11605,9222,2023-01-17 17:22:08.000000,76.9,0.0,2,0,76.9,0.0,0.0,NO REFUND
99059,79431,2022-09-01 16:58:59.000000,34.95,0.0,1,0,34.95,0.0,0.0,NO REFUND
78999,63139,2025-07-23 22:37:10.000000,161.98,0.0,3,0,161.98,0.0,0.0,NO REFUND
121600,97345,2023-02-19 02:00:34.000000,265.76,0.0,4,0,265.76,0.0,0.0,NO REFUND
79595,63618,2024-11-28 03:15:29.000000,35.0,0.0,1,0,35.0,0.0,0.0,NO REFUND
84450,67571,2026-06-16 17:10:12.149732,288.98,0.0,4,0,288.98,0.0,0.0,NO REFUND
23015,18384,2025-11-06 17:18:32.000000,35.73,0.0,1,0,35.73,0.0,0.0,NO REFUND
86433,69208,2026-04-05 18:11:18.000000,35.73,0.0,1,0,35.73,0.0,0.0,NO REFUND
5072,4020,2024-10-22 08:34:20.000000,36.0,0.0,1,0,36.0,0.0,0.0,NO REFUND
57132,45680,2025-10-26 19:15:35.000000,370.22,0.0,4,0,370.22,0.0,0.0,NO REFUND
13917,11074,2023-04-06 22:25:56.000000,272.65,0.0,4,0,272.65,0.0,0.0,NO REFUND
56977,45551,2025-05-25 20:53:45.000000,510.0,0.0,4,0,510.0,0.0,0.0,NO REFUND
29898,23883,2026-06-16 13:56:14.000000,105.5,0.0,2,0,105.5,0.0,0.0,NO REFUND
80968,64763,2020-10-19 03:55:35.000000,38.0,0.0,1,0,38.0,0.0,0.0,NO REFUND
61213,48894,2023-12-13 07:36:59.000000,86.12,0.0,2,0,86.12,0.0,0.0,NO REFUND
48105,38438,2024-06-02 17:55:19.000000,39.0,0.0,1,0,39.0,0.0,0.0,NO REFUND
79041,63163,2024-01-30 22:07:54.000000,39.45,0.0,1,0,39.45,0.0,0.0,NO REFUND
42477,33896,2021-08-21 01:16:03.000000,39.6,0.0,1,0,39.6,0.0,0.0,NO REFUND
116878,93573,2025-09-03 02:03:23.000000,39.99,0.0,1,0,39.99,0.0,0.0,NO REFUND
32990,26318,2026-05-25 10:45:26.000000,542.99,0.0,4,0,542.99,0.0,0.0,NO REFUND
35280,28167,2023-01-22 08:36:59.000000,39.99,0.0,1,0,39.99,0.0,0.0,NO REFUND
68720,54984,2025-06-05 00:18:37.000000,39.99,0.0,1,0,39.99,0.0,0.0,NO REFUND
36640,29240,2023-07-15 07:25:00.000000,185.27,0.0,4,0,185.27,0.0,0.0,NO REFUND
66981,53570,2026-05-02 21:44:12.000000,40.6,40.6,1,1,0.0,1.0,1.0,FULLY REFUNDED
86242,69050,2023-12-09 08:37:14.000000,41.8,0.0,1,0,41.8,0.0,0.0,NO REFUND
53621,42828,2026-05-23 02:56:20.000000,42.0,0.0,1,0,42.0,0.0,0.0,NO REFUND
76356,61048,2023-11-19 09:53:38.000000,42.99,0.0,1,0,42.99,0.0,0.0,NO REFUND
50606,40444,2022-01-01 23:37:46.000000,241.2,0.0,2,0,241.2,0.0,0.0,NO REFUND
75127,60076,2025-10-05 06:55:14.000000,103.53,103.53,2,2,0.0,1.0,1.0,FULLY REFUNDED
50564,40410,2025-10-14 09:49:37.000000,97.99,0.0,2,0,97.99,0.0,0.0,NO REFUND
95000,76145,2025-10-19 16:46:49.000000,44.0,0.0,1,0,44.0,0.0,0.0,NO REFUND
39820,31798,2025-02-18 08:42:52.000000,240.18,0.0,2,0,240.18,0.0,0.0,NO REFUND
94603,75826,2024-12-17 00:51:35.000000,98.0,0.0,2,0,98.0,0.0,0.0,NO REFUND
24045,19213,2024-09-07 02:22:55.000000,100.51,0.0,2,0,100.51,0.0,0.0,NO REFUND
17863,14227,2024-09-06 00:13:19.000000,44.99,0.0,1,0,44.99,0.0,0.0,NO REFUND
48070,38401,2022-08-15 01:43:00.000000,136.09,0.0,2,0,136.09,0.0,0.0,NO REFUND
53238,42504,2022-08-31 15:02:37.000000,45.0,45.0,1,1,0.0,1.0,1.0,FULLY REFUNDED
54492,43514,2022-04-18 10:20:51.000000,45.0,45.0,1,1,0.0,1.0,1.0,FULLY REFUNDED
2531,2025,2024-07-24 04:48:20.000000,123.99,0.0,2,0,123.99,0.0,0.0,NO REFUND
32783,26185,2024-11-20 02:12:35.000000,46.0,46.0,1,1,0.0,1.0,1.0,FULLY REFUNDED
13903,11065,2024-05-12 18:03:02.000000,104.49,0.0,2,0,104.49,0.0,0.0,NO REFUND
67864,54310,2023-11-03 12:48:40.000000,244.5,0.0,2,0,244.5,0.0,0.0,NO REFUND
107750,86338,2023-01-26 11:06:03.000000,46.5,46.5,1,1,0.0,1.0,1.0,FULLY REFUNDED
92908,74434,2024-04-01 22:06:54.000000,46.99,46.99,1,1,0.0,1.0,1.0,FULLY REFUNDED
105489,84560,2025-09-02 00:41:01.000000,146.08,0.0,2,0,146.08,0.0,0.0,NO REFUND
82649,66124,2026-05-20 12:26:28.000000,295.1,0.0,3,0,295.1,0.0,0.0,NO REFUND
66590,53252,2026-03-03 03:23:19.000000,48.0,0.0,1,0,48.0,0.0,0.0,NO REFUND
60120,48008,2024-09-03 23:35:51.000000,137.0,0.0,2,0,137.0,0.0,0.0,NO REFUND
13275,10537,2025-01-28 16:00:46.000000,245.48,0.0,4,0,245.48,0.0,0.0,NO REFUND
30276,24178,2024-08-28 06:41:07.000000,48.95,0.0,1,0,48.95,0.0,0.0,NO REFUND
20741,16571,2026-06-12 03:26:20.750686,148.99,0.0,2,0,148.99,0.0,0.0,NO REFUND
84423,67549,2025-07-04 23:53:14.000000,134.5,0.0,2,0,134.5,0.0,0.0,NO REFUND
15316,12214,2020-07-22 20:43:52.000000,49.5,0.0,1,0,49.5,0.0,0.0,NO REFUND
10295,8199,2026-06-11 05:16:04.000000,119.49,0.0,2,0,119.49,0.0,0.0,NO REFUND
25249,20151,2024-01-01 02:55:22.000000,49.5,0.0,1,0,49.5,0.0,0.0,NO REFUND
76635,61274,2026-03-20 11:05:57.000000,138.5,0.0,2,0,138.5,0.0,0.0,NO REFUND
114298,91536,2023-11-15 08:48:12.000000,129.0,0.0,2,0,129.0,0.0,0.0,NO REFUND
63122,50435,2026-03-08 22:04:02.000000,49.95,0.0,1,0,49.95,0.0,0.0,NO REFUND
96874,77657,2022-05-12 18:50:27.000000,49.95,49.95,1,1,0.0,1.0,1.0,FULLY REFUNDED
104437,83701,2024-05-20 08:11:26.000000,49.99,0.0,1,0,49.99,0.0,0.0,NO REFUND
30463,24323,2023-05-18 18:16:42.000000,49.99,0.0,1,0,49.99,0.0,0.0,NO REFUND
37309,29798,2025-07-02 05:34:10.000000,49.99,0.0,1,0,49.99,0.0,0.0,NO REFUND
97755,78363,2026-02-24 04:36:27.000000,108.98,108.98,2,2,0.0,1.0,1.0,FULLY REFUNDED
30360,24247,2025-10-25 18:30:36.000000,49.99,0.0,1,0,49.99,0.0,0.0,NO REFUND
86047,68895,2026-02-07 18:12:43.000000,112.99,0.0,2,0,112.99,0.0,0.0,NO REFUND
88075,70462,2024-08-26 10:48:22.000000,49.99,0.0,1,0,49.99,0.0,0.0,NO REFUND
85635,68537,2024-01-16 16:06:11.000000,50.0,0.0,1,0,50.0,0.0,0.0,NO REFUND
65332,52178,2022-05-30 20:15:15.000000,50.0,0.0,1,0,50.0,0.0,0.0,NO REFUND
101847,81648,2025-03-31 17:13:37.000000,50.0,0.0,1,0,50.0,0.0,0.0,NO REFUND
51891,41424,2025-11-06 00:28:12.000000,160.0,0.0,2,0,160.0,0.0,0.0,NO REFUND
120599,96534,2026-02-09 16:26:50.000000,138.74,0.0,2,0,138.74,0.0,0.0,NO REFUND
66850,53452,2026-01-08 19:49:47.000000,53.0,53.0,1,1,0.0,1.0,1.0,FULLY REFUNDED
2315,1840,2025-08-22 10:03:04.000000,122.5,0.0,2,0,122.5,0.0,0.0,NO REFUND
72080,57640,2024-06-15 00:07:40.000000,172.99,0.0,2,0,172.99,0.0,0.0,NO REFUND
61442,49089,2021-08-28 10:52:58.000000,54.0,0.0,1,0,54.0,0.0,0.0,NO REFUND
91933,73619,2026-06-12 16:02:05.407698,54.0,0.0,1,0,54.0,0.0,0.0,NO REFUND
71476,57166,2025-05-26 21:57:37.000000,142.5,0.0,2,0,142.5,0.0,0.0,NO REFUND
72253,57780,2025-02-01 08:23:21.000000,54.5,0.0,1,0,54.5,0.0,0.0,NO REFUND
73646,58904,2023-08-11 13:53:16.000000,54.5,0.0,1,0,54.5,0.0,0.0,NO REFUND
65540,52344,2026-06-04 22:49:49.000000,55.0,55.0,1,1,0.0,1.0,1.0,FULLY REFUNDED
122392,97992,2024-04-19 09:50:19.000000,55.0,0.0,1,0,55.0,0.0,0.0,NO REFUND
67734,54202,2026-06-14 03:41:58.489053,55.38,0.0,1,0,55.38,0.0,0.0,NO REFUND
27715,22164,2020-06-26 15:33:57.000000,57.0,0.0,1,0,57.0,0.0,0.0,NO REFUND
102673,82328,2024-10-07 07:14:12.000000,57.19,0.0,1,0,57.19,0.0,0.0,NO REFUND
21933,17505,2024-05-29 08:57:48.000000,58.0,0.0,1,0,58.0,0.0,0.0,NO REFUND
98400,78899,2023-07-18 20:18:06.000000,154.0,0.0,2,0,154.0,0.0,0.0,NO REFUND
118141,94584,2026-06-04 14:38:20.000000,127.0,0.0,2,0,127.0,0.0,0.0,NO REFUND
108469,86874,2022-10-08 03:10:25.000000,58.5,0.0,1,0,58.5,0.0,0.0,NO REFUND
109396,87643,2024-09-28 09:14:10.000000,58.5,0.0,1,0,58.5,0.0,0.0,NO REFUND
55273,44160,2022-06-29 21:24:38.000000,58.97,0.0,1,0,58.97,0.0,0.0,NO REFUND
4339,3442,2024-11-19 22:26:57.000000,58.99,0.0,1,0,58.99,0.0,0.0,NO REFUND
91800,73505,2024-06-09 13:36:43.000000,59.0,0.0,1,0,59.0,0.0,0.0,NO REFUND
29820,23828,2026-03-31 07:48:41.000000,59.0,0.0,1,0,59.0,0.0,0.0,NO REFUND
94450,75707,2025-05-05 07:20:34.000000,59.0,0.0,1,0,59.0,0.0,0.0,NO REFUND
31374,25066,2024-06-30 15:31:43.000000,59.5,0.0,1,0,59.5,0.0,0.0,NO REFUND
124485,99671,2023-04-22 07:49:13.000000,324.41,0.0,3,0,324.41,0.0,0.0,NO REFUND
52927,42241,2026-05-31 04:22:06.000000,60.99,0.0,1,0,60.99,0.0,0.0,NO REFUND
31018,24767,2026-06-01 12:35:19.000000,152.49,152.49,2,2,0.0,1.0,1.0,FULLY REFUNDED
40214,32113,2020-01-15 17:58:29.000000,63.99,0.0,1,0,63.99,0.0,0.0,NO REFUND
23463,18729,2026-06-05 04:22:48.000000,64.95,0.0,1,0,64.95,0.0,0.0,NO REFUND
3081,2468,2026-01-15 14:27:32.000000,64.99,64.99,1,1,0.0,1.0,1.0,FULLY REFUNDED
24470,19537,2022-10-22 08:13:58.000000,345.0,0.0,2,0,345.0,0.0,0.0,NO REFUND
64112,51224,2026-06-02 22:49:07.000000,216.5,0.0,2,0,216.5,0.0,0.0,NO REFUND
58245,46550,2023-09-15 23:03:37.000000,66.96,66.96,1,1,0.0,1.0,1.0,FULLY REFUNDED
89945,71975,2023-09-21 03:20:30.000000,225.95,0.0,2,0,225.95,0.0,0.0,NO REFUND
61387,49045,2023-02-12 04:23:54.000000,138.71,0.0,2,0,138.71,0.0,0.0,NO REFUND
2857,2265,2020-02-11 21:42:14.000000,188.97,0.0,2,0,188.97,0.0,0.0,NO REFUND
5059,4007,2026-01-12 00:35:07.000000,69.95,0.0,1,0,69.95,0.0,0.0,NO REFUND
73556,58838,2023-05-26 03:33:52.000000,69.95,0.0,1,0,69.95,0.0,0.0,NO REFUND
77619,62059,2024-07-04 21:21:32.000000,69.99,0.0,1,0,69.99,0.0,0.0,NO REFUND
28006,22387,2025-01-15 09:55:36.000000,237.0,0.0,2,0,237.0,0.0,0.0,NO REFUND
114874,91989,2025-03-11 20:23:19.000000,72.0,0.0,1,0,72.0,0.0,0.0,NO REFUND
26058,20823,2020-05-18 20:09:55.000000,79.0,0.0,1,0,79.0,0.0,0.0,NO REFUND
112819,90319,2026-06-15 04:36:17.811482,79.5,0.0,1,0,79.5,0.0,0.0,NO REFUND
97615,78243,2024-11-11 09:51:55.000000,79.95,0.0,1,0,79.95,0.0,0.0,NO REFUND
43957,35070,2022-09-07 15:30:51.000000,84.0,0.0,1,0,84.0,0.0,0.0,NO REFUND
8827,7060,2022-12-19 17:58:38.000000,84.12,0.0,1,0,84.12,0.0,0.0,NO REFUND
37721,30111,2024-01-01 07:39:49.000000,85.0,0.0,1,0,85.0,0.0,0.0,NO REFUND
56323,45001,2022-01-27 16:53:30.000000,265.0,0.0,2,0,265.0,0.0,0.0,NO REFUND
65887,52655,2024-02-12 00:52:01.000000,86.11,0.0,1,0,86.11,0.0,0.0,NO REFUND
31758,25366,2025-12-09 05:04:21.000000,278.0,0.0,2,0,278.0,0.0,0.0,NO REFUND
91238,73039,2025-05-08 00:04:47.000000,90.45,90.45,1,1,0.0,1.0,1.0,FULLY REFUNDED
44868,35783,2023-05-30 14:47:21.000000,94.0,0.0,1,0,94.0,0.0,0.0,NO REFUND
109369,87626,2021-11-28 21:00:50.000000,896.71,0.0,4,0,896.71,0.0,0.0,NO REFUND
18381,14633,2023-03-08 22:13:07.000000,95.0,0.0,1,0,95.0,0.0,0.0,NO REFUND
41791,33338,2024-09-17 11:56:49.000000,97.95,0.0,1,0,97.95,0.0,0.0,NO REFUND
48092,38425,2024-05-02 19:37:25.000000,98.0,0.0,1,0,98.0,0.0,0.0,NO REFUND
25020,19988,2025-01-22 07:42:17.000000,292.0,0.0,2,0,292.0,0.0,0.0,NO REFUND
45107,36003,2024-05-21 17:07:33.000000,98.0,0.0,1,0,98.0,0.0,0.0,NO REFUND
76538,61195,2023-09-02 23:41:42.000000,277.85,0.0,2,0,277.85,0.0,0.0,NO REFUND
124829,99940,2026-06-15 18:25:54.000000,99.0,0.0,1,0,99.0,0.0,0.0,NO REFUND
26849,21448,2023-11-06 04:38:01.000000,379.0,0.0,2,0,379.0,0.0,0.0,NO REFUND
56275,44960,2025-12-05 06:04:54.000000,99.0,0.0,1,0,99.0,0.0,0.0,NO REFUND
87298,69871,2026-02-08 06:08:06.000000,240.62,0.0,2,0,240.62,0.0,0.0,NO REFUND
97914,78497,2026-03-28 06:21:19.000000,99.0,0.0,1,0,99.0,0.0,0.0,NO REFUND
100854,80860,2023-08-02 07:50:55.000000,99.99,0.0,1,0,99.99,0.0,0.0,NO REFUND
20629,16492,2024-07-10 20:09:17.000000,104.5,0.0,1,0,104.5,0.0,0.0,NO REFUND
8320,6649,2023-01-31 00:29:04.000000,105.56,105.56,1,1,0.0,1.0,1.0,FULLY REFUNDED
92673,74237,2026-04-16 14:17:56.000000,106.0,0.0,1,0,106.0,0.0,0.0,NO REFUND
103972,83343,2025-07-06 22:30:26.000000,252.77,0.0,2,0,252.77,0.0,0.0,NO REFUND
83988,67216,2022-12-25 10:52:33.000000,110.0,0.0,1,0,110.0,0.0,0.0,NO REFUND
71311,57036,2025-05-18 18:41:10.000000,124.99,0.0,1,0,124.99,0.0,0.0,NO REFUND
113578,90920,2024-06-28 13:53:45.000000,128.0,0.0,1,0,128.0,0.0,0.0,NO REFUND
22486,17948,2024-05-09 14:17:06.000000,140.0,0.0,1,0,140.0,0.0,0.0,NO REFUND
90476,72405,2025-06-14 01:17:49.000000,148.0,0.0,1,0,148.0,0.0,0.0,NO REFUND
106506,85364,2022-06-30 22:40:34.000000,148.58,0.0,1,0,148.58,0.0,0.0,NO REFUND
91511,73268,2025-01-15 09:38:51.000000,150.0,0.0,1,0,150.0,0.0,0.0,NO REFUND
19081,15234,2026-05-10 03:02:10.000000,159.99,0.0,1,0,159.99,0.0,0.0,NO REFUND
105602,84656,2025-11-28 23:05:01.000000,170.0,0.0,1,0,170.0,0.0,0.0,NO REFUND
84221,67404,2022-10-28 23:54:17.000000,170.98,0.0,1,0,170.98,0.0,0.0,NO REFUND
28496,22779,2026-04-11 08:42:24.000000,178.0,0.0,1,0,178.0,0.0,0.0,NO REFUND
38403,30655,2026-05-26 07:31:17.000000,178.0,0.0,1,0,178.0,0.0,0.0,NO REFUND
83961,67196,2024-03-13 21:00:34.000000,178.0,0.0,1,0,178.0,0.0,0.0,NO REFUND
65728,52501,2025-09-05 06:19:25.000000,179.0,0.0,1,0,179.0,0.0,0.0,NO REFUND
79165,63273,2025-07-26 02:16:12.000000,179.99,0.0,1,0,179.99,0.0,0.0,NO REFUND
25837,20639,2026-06-03 02:50:22.000000,185.0,0.0,1,0,185.0,0.0,0.0,NO REFUND
87010,69649,2025-09-29 02:50:47.000000,185.0,0.0,1,0,185.0,0.0,0.0,NO REFUND
14912,11899,2026-05-22 17:19:29.000000,185.0,0.0,1,0,185.0,0.0,0.0,NO REFUND
34509,27554,2026-02-09 19:13:14.000000,189.0,0.0,1,0,189.0,0.0,0.0,NO REFUND
5668,4484,2026-01-30 09:02:22.000000,189.0,0.0,1,0,189.0,0.0,0.0,NO REFUND
108151,86639,2024-10-14 19:57:56.000000,209.99,0.0,1,0,209.99,0.0,0.0,NO REFUND
112315,89934,2024-05-02 04:00:30.000000,209.99,0.0,1,0,209.99,0.0,0.0,NO REFUND
100208,80384,2026-05-18 20:40:00.000000,229.0,0.0,1,0,229.0,0.0,0.0,NO REFUND
37872,30236,2025-03-04 17:43:28.000000,714.0,0.0,2,0,714.0,0.0,0.0,NO REFUND
76632,61271,2024-04-21 14:10:47.000000,265.99,0.0,1,0,265.99,0.0,0.0,NO REFUND
67694,54161,2023-10-06 00:26:41.000000,269.0,269.0,1,1,0.0,1.0,1.0,FULLY REFUNDED
-4,11264,2026-06-16 13:45:00.000000,388.0,0.0,3,0,388.0,0.0,0.0,NO REFUND
-9,4020,2026-06-16 11:40:00.000000,145.0,0.0,2,0,145.0,0.0,0.0,NO REFUND
-23,41212,2026-06-16 09:53:00.000000,320.0,184.0,2,1,136.0,0.575,0.5,PARTIALLY REFUNDED
-42,53977,2026-06-16 13:25:00.000000,110.0,0.0,1,0,110.0,0.0,0.0,NO REFUND
-135,34491,2026-06-16 13:10:00.000000,181.0,0.0,1,0,181.0,0.0,0.0,NO REFUND
-141,23519,2026-06-16 12:27:00.000000,31.0,31.0,1,1,0.0,1.0,1.0,FULLY REFUNDED
-144,33708,2026-06-16 17:30:00.000000,169.0,62.0,2,1,107.0,0.3669,0.5,PARTIALLY REFUNDED
-145,51765,2026-06-16 09:20:00.000000,372.0,173.0,2,1,199.0,0.4651,0.5,PARTIALLY REFUNDED
-163,51571,2026-06-16 17:27:00.000000,122.0,0.0,1,0,122.0,0.0,0.0,NO REFUND
-166,5875,2026-06-16 11:40:00.000000,165.0,0.0,1,0,165.0,0.0,0.0,NO REFUND
-182,73300,2026-06-16 13:45:00.000000,249.0,157.0,2,1,92.0,0.6305,0.5,PARTIALLY REFUNDED
-183,36003,2026-06-16 14:24:00.000000,423.0,0.0,3,0,423.0,0.0,0.0,NO REFUND
-189,5746,2026-06-16 17:06:00.000000,184.0,0.0,2,0,184.0,0.0,0.0,NO REFUND
-202,25450,2026-06-16 10:29:00.000000,319.0,0.0,3,0,319.0,0.0,0.0,NO REFUND
-238,84811,2026-06-16 11:47:00.000000,158.0,28.0,2,1,130.0,0.1772,0.5,PARTIALLY REFUNDED
-240,42613,2026-06-16 17:45:00.000000,63.0,0.0,1,0,63.0,0.0,0.0,NO REFUND
-249,32979,2026-06-16 13:19:00.000000,254.0,0.0,3,0,254.0,0.0,0.0,NO REFUND
-276,75677,2026-06-16 14:14:00.000000,181.0,0.0,2,0,181.0,0.0,0.0,NO REFUND
-280,7293,2026-06-16 11:17:00.000000,164.0,0.0,3,0,164.0,0.0,0.0,NO REFUND
-291,86034,2026-06-16 10:17:00.000000,299.0,0.0,3,0,299.0,0.0,0.0,NO REFUND
-295,90857,2026-06-16 16:30:00.000000,69.0,0.0,1,0,69.0,0.0,0.0,NO REFUND
-300,63468,2026-06-16 15:00:00.000000,128.0,0.0,1,0,128.0,0.0,0.0,NO REFUND
103728,83154,2025-10-06 10:36:00.000000,2.95,2.95,1,1,0.0,1.0,1.0,FULLY REFUNDED
106759,85558,2024-08-13 03:53:59.000000,186.93,0.0,3,0,186.93,0.0,0.0,NO REFUND
118145,94588,2023-10-14 08:42:30.000000,23.49,0.0,2,0,23.49,0.0,0.0,NO REFUND
85724,68607,2024-11-13 18:53:29.000000,218.8,0.0,3,0,218.8,0.0,0.0,NO REFUND
84046,67268,2021-07-22 01:24:54.000000,108.57,0.0,4,0,108.57,0.0,0.0,NO REFUND
5788,4582,2025-06-12 02:29:11.000000,31.39,0.0,2,0,31.39,0.0,0.0,NO REFUND
106994,85732,2021-04-17 22:42:19.000000,6.5,0.0,1,0,6.5,0.0,0.0,NO REFUND
5819,4606,2022-10-31 12:08:41.000000,6.83,0.0,1,0,6.83,0.0,0.0,NO REFUND
35546,28374,2025-08-07 11:39:31.000000,328.44,0.0,4,0,328.44,0.0,0.0,NO REFUND
12678,10080,2024-12-23 18:58:00.000000,6.99,0.0,1,0,6.99,0.0,0.0,NO REFUND
89360,71517,2024-10-03 10:13:07.000000,6.99,0.0,1,0,6.99,0.0,0.0,NO REFUND
36805,29381,2024-09-06 13:27:57.000000,106.0,0.0,3,0,106.0,0.0,0.0,NO REFUND
16756,13344,2021-08-01 19:01:49.000000,63.94,0.0,3,0,63.94,0.0,0.0,NO REFUND
120967,96843,2024-12-21 15:52:14.000000,7.99,0.0,1,0,7.99,0.0,0.0,NO REFUND
6726,5361,2024-07-06 09:48:16.000000,429.98,0.0,4,0,429.98,0.0,0.0,NO REFUND
60950,48665,2025-12-09 08:22:56.000000,43.66,0.0,2,0,43.66,0.0,0.0,NO REFUND
83042,66451,2024-10-16 19:29:40.000000,56.95,0.0,2,0,56.95,0.0,0.0,NO REFUND
116235,93063,2022-10-06 14:32:48.000000,47.5,47.5,2,2,0.0,1.0,1.0,FULLY REFUNDED
38337,30598,2026-04-19 16:22:29.000000,41.65,0.0,2,0,41.65,0.0,0.0,NO REFUND
44841,35766,2023-06-04 06:46:20.000000,172.63,0.0,4,0,172.63,0.0,0.0,NO REFUND
59968,47898,2025-12-09 12:26:24.000000,8.99,0.0,1,0,8.99,0.0,0.0,NO REFUND
42461,33878,2025-01-06 11:23:26.000000,8.99,0.0,1,0,8.99,0.0,0.0,NO REFUND
65378,52210,2023-12-13 09:01:13.000000,18.98,0.0,2,0,18.98,0.0,0.0,NO REFUND
46371,37042,2026-05-15 05:52:01.000000,183.03,0.0,4,0,183.03,0.0,0.0,NO REFUND
55041,43968,2021-04-20 18:16:35.000000,333.01,0.0,4,0,333.01,0.0,0.0,NO REFUND
21570,17230,2025-10-27 13:45:05.000000,347.92,0.0,4,0,347.92,0.0,0.0,NO REFUND
9747,7771,2025-08-22 12:32:27.000000,74.94,0.0,3,0,74.94,0.0,0.0,NO REFUND
121028,96892,2022-12-27 08:15:38.000000,42.99,0.0,2,0,42.99,0.0,0.0,NO REFUND
49940,39893,2025-12-20 15:42:05.000000,38.98,0.0,2,0,38.98,0.0,0.0,NO REFUND
83514,66840,2026-06-15 12:05:32.847918,79.89,0.0,2,0,79.89,0.0,0.0,NO REFUND
93146,74622,2025-12-15 15:23:29.000000,20.96,20.96,2,2,0.0,1.0,1.0,FULLY REFUNDED
31045,24794,2026-05-27 12:21:23.000000,167.93,0.0,4,0,167.93,0.0,0.0,NO REFUND
88373,70700,2024-06-01 17:59:41.000000,140.65,140.65,4,4,0.0,1.0,1.0,FULLY REFUNDED
15793,12601,2025-12-12 19:43:28.000000,39.95,0.0,2,0,39.95,0.0,0.0,NO REFUND
72565,58020,2024-01-18 04:32:17.000000,129.39,0.0,4,0,129.39,0.0,0.0,NO REFUND
91639,73364,2025-06-09 00:55:00.000000,27.26,0.0,2,0,27.26,0.0,0.0,NO REFUND
105172,84297,2026-01-06 17:37:48.000000,58.68,0.0,2,0,58.68,0.0,0.0,NO REFUND
23199,18528,2025-01-28 09:59:50.000000,10.69,0.0,1,0,10.69,0.0,0.0,NO REFUND
71857,57468,2024-05-08 23:48:03.000000,794.75,0.0,4,0,794.75,0.0,0.0,NO REFUND
53952,43091,2024-07-06 10:04:34.000000,164.26,164.26,4,4,0.0,1.0,1.0,FULLY REFUNDED
15329,12226,2024-01-15 09:17:59.000000,22.94,0.0,2,0,22.94,0.0,0.0,NO REFUND
64769,51744,2023-06-03 04:00:04.000000,120.86,0.0,3,0,120.86,0.0,0.0,NO REFUND
115358,92352,2026-05-05 07:06:10.000000,10.99,0.0,1,0,10.99,0.0,0.0,NO REFUND
64091,51207,2025-12-30 22:14:10.000000,10.99,0.0,1,0,10.99,0.0,0.0,NO REFUND
69629,55685,2026-03-05 20:19:49.000000,136.25,0.0,3,0,136.25,0.0,0.0,NO REFUND
99883,80121,2025-09-04 21:28:46.000000,11.49,0.0,1,0,11.49,0.0,0.0,NO REFUND
6371,5051,2026-06-15 16:10:19.807368,11.86,0.0,1,0,11.86,0.0,0.0,NO REFUND
18351,14614,2025-12-03 23:09:38.000000,11.95,0.0,1,0,11.95,0.0,0.0,NO REFUND
22757,18177,2026-06-07 18:54:01.000000,11.95,0.0,1,0,11.95,0.0,0.0,NO REFUND
29524,23594,2025-07-21 12:52:02.000000,11.95,0.0,1,0,11.95,0.0,0.0,NO REFUND
110976,88883,2026-04-18 14:26:49.000000,11.99,0.0,1,0,11.99,0.0,0.0,NO REFUND
40487,32332,2025-01-19 19:28:13.000000,96.99,0.0,3,0,96.99,0.0,0.0,NO REFUND
19715,15738,2021-11-17 10:30:56.000000,51.5,0.0,2,0,51.5,0.0,0.0,NO REFUND
28302,22627,2024-12-13 06:36:16.000000,100.41,0.0,4,0,100.41,0.0,0.0,NO REFUND
113031,90484,2026-06-14 23:52:14.000000,32.89,0.0,2,0,32.89,0.0,0.0,NO REFUND
94489,75734,2022-10-17 03:54:56.000000,54.84,0.0,3,0,54.84,0.0,0.0,NO REFUND
77162,61686,2025-11-29 09:59:12.000000,12.99,0.0,1,0,12.99,0.0,0.0,NO REFUND
119706,95807,2026-05-05 23:31:46.000000,77.98,0.0,2,0,77.98,0.0,0.0,NO REFUND
124009,99298,2024-10-16 01:04:02.000000,12.99,0.0,1,0,12.99,0.0,0.0,NO REFUND
15841,12634,2026-05-24 21:19:32.000000,49.88,0.0,2,0,49.88,0.0,0.0,NO REFUND
66956,53550,2026-06-15 12:27:16.457204,104.5,0.0,2,0,104.5,0.0,0.0,NO REFUND
18577,14800,2026-05-21 22:03:42.000000,194.49,0.0,4,0,194.49,0.0,0.0,NO REFUND
49429,39438,2026-02-11 06:32:54.000000,13.75,0.0,1,0,13.75,0.0,0.0,NO REFUND
121076,96928,2024-05-01 10:51:40.000000,13.79,0.0,1,0,13.79,0.0,0.0,NO REFUND
48702,38877,2023-01-25 08:55:10.000000,182.9,0.0,3,0,182.9,0.0,0.0,NO REFUND
7714,6173,2021-01-25 14:32:02.000000,13.95,0.0,1,0,13.95,0.0,0.0,NO REFUND
95688,76707,2022-02-07 19:32:35.000000,14.0,0.0,1,0,14.0,0.0,0.0,NO REFUND
82645,66122,2024-06-06 14:12:32.000000,14.5,0.0,1,0,14.5,0.0,0.0,NO REFUND
65442,52257,2024-06-16 15:37:23.000000,42.65,0.0,2,0,42.65,0.0,0.0,NO REFUND
9711,7747,2021-08-12 09:20:29.000000,156.88,0.0,3,0,156.88,0.0,0.0,NO REFUND
69333,55454,2025-12-28 00:12:31.000000,299.95,0.0,4,0,299.95,0.0,0.0,NO REFUND
49089,39152,2025-03-13 22:53:10.000000,14.99,0.0,1,0,14.99,0.0,0.0,NO REFUND
11914,9477,2024-04-09 00:36:14.000000,66.98,66.98,2,2,0.0,1.0,1.0,FULLY REFUNDED
50451,40333,2024-04-06 20:50:52.000000,208.26,0.0,4,0,208.26,0.0,0.0,NO REFUND
92542,74113,2023-04-13 06:53:31.000000,165.02,0.0,4,0,165.02,0.0,0.0,NO REFUND
26702,21337,2026-05-18 08:18:29.000000,15.0,0.0,1,0,15.0,0.0,0.0,NO REFUND
115710,92631,2024-05-24 15:53:28.000000,112.95,0.0,4,0,112.95,0.0,0.0,NO REFUND
124636,99783,2026-05-26 07:01:35.000000,80.99,0.0,3,0,80.99,0.0,0.0,NO REFUND
6675,5315,2025-01-21 12:51:00.000000,77.0,0.0,2,0,77.0,0.0,0.0,NO REFUND
89393,71547,2025-09-06 20:56:33.000000,15.52,0.0,1,0,15.52,0.0,0.0,NO REFUND
7757,6209,2024-10-08 01:05:22.000000,106.94,0.0,4,0,106.94,0.0,0.0,NO REFUND
8694,6948,2025-04-10 09:54:07.000000,254.98,0.0,4,0,254.98,0.0,0.0,NO REFUND
118874,95158,2026-06-07 23:38:12.000000,40.99,0.0,2,0,40.99,0.0,0.0,NO REFUND
15555,12420,2026-04-25 23:18:01.000000,246.99,0.0,4,0,246.99,0.0,0.0,NO REFUND
76265,60985,2024-11-02 09:18:40.000000,150.85,0.0,4,0,150.85,0.0,0.0,NO REFUND
34411,27468,2026-04-23 12:31:59.000000,95.49,0.0,2,0,95.49,0.0,0.0,NO REFUND
102545,82203,2025-03-11 01:21:00.000000,127.49,0.0,4,0,127.49,0.0,0.0,NO REFUND
115707,92629,2025-09-05 04:36:03.000000,16.0,0.0,1,0,16.0,0.0,0.0,NO REFUND
108972,87293,2019-02-17 13:41:35.000000,51.79,0.0,2,0,51.79,0.0,0.0,NO REFUND
87109,69722,2025-10-12 11:55:57.000000,65.99,0.0,3,0,65.99,0.0,0.0,NO REFUND
88784,71037,2025-03-28 16:17:05.000000,16.22,0.0,1,0,16.22,0.0,0.0,NO REFUND
14091,11219,2026-06-15 18:10:00.919215,36.24,36.24,2,2,0.0,1.0,1.0,FULLY REFUNDED
34752,27761,2025-08-24 14:18:03.000000,49.36,0.0,2,0,49.36,0.0,0.0,NO REFUND
56689,45299,2025-02-25 18:11:50.000000,256.49,256.49,2,2,0.0,1.0,1.0,FULLY REFUNDED
67101,53666,2025-07-11 16:50:00.000000,98.48,0.0,3,0,98.48,0.0,0.0,NO REFUND
68269,54639,2023-09-23 08:13:27.000000,17.05,0.0,1,0,17.05,0.0,0.0,NO REFUND
66615,53270,2020-08-28 13:06:48.000000,17.05,0.0,1,0,17.05,0.0,0.0,NO REFUND
90904,72760,2023-01-12 01:19:02.000000,129.26,0.0,3,0,129.26,0.0,0.0,NO REFUND
88296,70637,2026-02-07 14:09:07.000000,37.99,0.0,2,0,37.99,0.0,0.0,NO REFUND
55013,43948,2026-05-19 13:58:39.000000,64.98,0.0,2,0,64.98,0.0,0.0,NO REFUND
123997,99288,2026-06-14 20:15:12.000000,18.0,0.0,1,0,18.0,0.0,0.0,NO REFUND
81910,65553,2024-10-14 02:43:13.000000,95.38,0.0,2,0,95.38,0.0,0.0,NO REFUND
9150,7293,2023-11-11 01:49:12.000000,50.0,50.0,2,2,0.0,1.0,1.0,FULLY REFUNDED
38438,30685,2026-01-17 08:13:44.000000,173.6,0.0,3,0,173.6,0.0,0.0,NO REFUND
53480,42703,2023-10-13 16:16:57.000000,171.9,0.0,4,0,171.9,0.0,0.0,NO REFUND
54665,43660,2024-08-17 13:12:16.000000,109.93,0.0,4,0,109.93,0.0,0.0,NO REFUND
44576,35548,2024-10-20 23:43:27.000000,19.97,0.0,1,0,19.97,0.0,0.0,NO REFUND
68400,54740,2023-07-19 07:41:14.000000,193.97,0.0,4,0,193.97,0.0,0.0,NO REFUND
74994,59966,2023-06-08 17:54:58.000000,19.97,0.0,1,0,19.97,0.0,0.0,NO REFUND
92965,74474,2025-11-23 10:12:00.000000,19.99,0.0,1,0,19.99,0.0,0.0,NO REFUND
33183,26477,2021-05-22 23:10:03.000000,19.99,0.0,1,0,19.99,0.0,0.0,NO REFUND
35161,28078,2026-05-27 23:06:24.000000,118.84,0.0,2,0,118.84,0.0,0.0,NO REFUND
41905,33422,2026-06-14 09:12:07.000000,19.99,0.0,1,0,19.99,0.0,0.0,NO REFUND
54103,43219,2026-06-17 00:31:08.000000,49.98,0.0,2,0,49.98,0.0,0.0,NO REFUND
44424,35438,2022-10-03 09:53:51.000000,20.0,0.0,1,0,20.0,0.0,0.0,NO REFUND
92038,73701,2025-01-08 11:30:01.000000,20.0,0.0,1,0,20.0,0.0,0.0,NO REFUND
68258,54630,2026-04-22 08:21:55.000000,85.98,0.0,3,0,85.98,0.0,0.0,NO REFUND
54593,43603,2021-04-30 04:24:08.000000,71.82,0.0,3,0,71.82,0.0,0.0,NO REFUND
114285,91518,2025-12-03 15:56:18.000000,119.95,0.0,2,0,119.95,0.0,0.0,NO REFUND
27293,21818,2021-10-05 15:29:33.000000,46.0,0.0,2,0,46.0,0.0,0.0,NO REFUND
106177,85089,2022-06-22 11:55:58.000000,367.45,0.0,4,0,367.45,0.0,0.0,NO REFUND
114213,91466,2024-11-02 17:34:09.000000,22.45,0.0,1,0,22.45,0.0,0.0,NO REFUND
9616,7671,2026-04-04 12:11:15.000000,303.25,0.0,4,0,303.25,0.0,0.0,NO REFUND
85326,68276,2025-09-12 22:11:57.000000,46.56,0.0,2,0,46.56,0.0,0.0,NO REFUND
108571,86957,2026-03-07 00:30:14.000000,246.62,0.0,4,0,246.62,0.0,0.0,NO REFUND
82962,66376,2026-02-17 23:25:38.000000,64.44,0.0,2,0,64.44,0.0,0.0,NO REFUND
54814,43792,2023-10-22 05:16:54.000000,24.0,0.0,1,0,24.0,0.0,0.0,NO REFUND
8434,6738,2022-01-29 17:51:03.000000,69.61,0.0,2,0,69.61,0.0,0.0,NO REFUND
107443,86094,2024-12-30 10:33:35.000000,24.0,24.0,1,1,0.0,1.0,1.0,FULLY REFUNDED
51948,41460,2024-12-18 13:14:31.000000,125.99,0.0,4,0,125.99,0.0,0.0,NO REFUND
74041,59223,2023-07-27 07:39:00.000000,85.43,0.0,2,0,85.43,0.0,0.0,NO REFUND
2335,1855,2020-11-06 02:10:04.000000,309.47,0.0,4,0,309.47,0.0,0.0,NO REFUND
94899,76071,2026-04-22 06:48:45.000000,306.64,0.0,4,0,306.64,0.0,0.0,NO REFUND
67292,53817,2025-10-11 11:19:40.000000,108.13,0.0,3,0,108.13,0.0,0.0,NO REFUND
34445,27497,2021-12-13 02:28:35.000000,24.91,0.0,1,0,24.91,0.0,0.0,NO REFUND
42836,34178,2025-06-16 00:52:11.000000,49.95,49.95,2,2,0.0,1.0,1.0,FULLY REFUNDED
56959,45532,2026-05-25 23:46:14.000000,24.95,0.0,1,0,24.95,0.0,0.0,NO REFUND
3621,2891,2026-06-17 05:45:37.959823,118.97,0.0,3,0,118.97,0.0,0.0,NO REFUND
44205,35260,2025-10-16 14:23:03.000000,253.99,0.0,2,0,253.99,0.0,0.0,NO REFUND
90299,72263,2024-12-02 20:42:49.000000,24.99,0.0,1,0,24.99,0.0,0.0,NO REFUND
85148,68128,2024-10-29 12:26:22.000000,138.58,138.58,4,4,0.0,1.0,1.0,FULLY REFUNDED
108401,86826,2021-08-02 09:48:06.000000,24.99,0.0,1,0,24.99,0.0,0.0,NO REFUND
9423,7516,2024-07-06 08:14:54.000000,267.68,0.0,4,0,267.68,0.0,0.0,NO REFUND
25905,20697,2025-04-15 10:46:08.000000,54.95,0.0,2,0,54.95,0.0,0.0,NO REFUND
29717,23740,2022-03-05 04:33:13.000000,25.0,0.0,1,0,25.0,0.0,0.0,NO REFUND
58578,46809,2024-05-22 08:14:27.000000,204.0,0.0,4,0,204.0,0.0,0.0,NO REFUND
18445,14683,2024-04-01 17:54:54.000000,94.5,0.0,2,0,94.5,0.0,0.0,NO REFUND
42235,33695,2024-04-19 20:56:35.000000,290.99,0.0,2,0,290.99,0.0,0.0,NO REFUND
71808,57428,2023-10-16 12:53:32.000000,80.38,0.0,2,0,80.38,0.0,0.0,NO REFUND
101361,81279,2025-03-21 22:28:02.000000,95.95,0.0,3,0,95.95,0.0,0.0,NO REFUND
105867,84855,2023-06-20 19:28:24.000000,51.47,0.0,2,0,51.47,0.0,0.0,NO REFUND
33298,26563,2025-10-11 07:08:41.000000,124.0,0.0,2,0,124.0,0.0,0.0,NO REFUND
60948,48661,2022-09-04 17:07:58.000000,25.0,0.0,1,0,25.0,0.0,0.0,NO REFUND
81750,65423,2025-11-11 02:09:58.000000,316.98,0.0,4,0,316.98,0.0,0.0,NO REFUND
95695,76714,2026-02-21 20:44:26.000000,64.98,0.0,2,0,64.98,0.0,0.0,NO REFUND
102682,82341,2026-03-30 15:05:22.000000,25.0,0.0,1,0,25.0,0.0,0.0,NO REFUND
106032,84973,2024-12-25 03:43:15.000000,54.0,54.0,2,2,0.0,1.0,1.0,FULLY REFUNDED
48480,38717,2025-10-18 10:22:55.000000,175.0,0.0,2,0,175.0,0.0,0.0,NO REFUND
85402,68341,2024-09-10 12:02:51.000000,54.99,0.0,2,0,54.99,0.0,0.0,NO REFUND
98417,78913,2026-05-06 15:48:27.000000,494.66,0.0,4,0,494.66,0.0,0.0,NO REFUND
99604,79893,2025-12-08 13:01:29.000000,134.0,0.0,2,0,134.0,0.0,0.0,NO REFUND
101440,81333,2023-09-05 21:13:13.000000,145.25,0.0,4,0,145.25,0.0,0.0,NO REFUND
3101,2480,2025-12-26 22:48:19.000000,25.2,0.0,1,0,25.2,0.0,0.0,NO REFUND
12126,9656,2024-11-23 11:14:18.000000,25.48,0.0,1,0,25.48,0.0,0.0,NO REFUND
70645,56491,2025-04-20 15:49:42.000000,60.5,0.0,2,0,60.5,0.0,0.0,NO REFUND
54206,43296,2024-01-27 19:53:24.000000,25.52,25.52,1,1,0.0,1.0,1.0,FULLY REFUNDED
107935,86478,2021-05-31 18:08:32.000000,26.0,0.0,1,0,26.0,0.0,0.0,NO REFUND
112793,90290,2023-06-19 19:31:10.000000,60.99,0.0,2,0,60.99,0.0,0.0,NO REFUND
24634,19668,2020-04-26 10:41:51.000000,69.94,0.0,2,0,69.94,0.0,0.0,NO REFUND
88653,70935,2021-11-17 14:32:22.000000,27.0,0.0,1,0,27.0,0.0,0.0,NO REFUND
63834,51014,2023-08-20 01:20:18.000000,239.83,0.0,4,0,239.83,0.0,0.0,NO REFUND
22749,18171,2023-02-21 04:38:57.000000,103.94,0.0,3,0,103.94,0.0,0.0,NO REFUND
69624,55683,2026-01-31 12:41:55.000000,146.45,146.45,3,3,0.0,1.0,1.0,FULLY REFUNDED
52866,42191,2024-09-09 21:53:05.000000,27.8,0.0,1,0,27.8,0.0,0.0,NO REFUND
112101,89769,2026-06-12 00:30:41.866434,86.0,0.0,2,0,86.0,0.0,0.0,NO REFUND
122671,98227,2024-11-27 18:39:05.000000,362.0,0.0,3,0,362.0,0.0,0.0,NO REFUND
69217,55366,2026-05-30 05:02:01.000000,354.99,0.0,4,0,354.99,0.0,0.0,NO REFUND
79577,63602,2023-01-17 12:38:50.000000,28.49,0.0,1,0,28.49,0.0,0.0,NO REFUND
124421,99625,2026-06-03 23:02:52.000000,63.97,0.0,2,0,63.97,0.0,0.0,NO REFUND
61168,48860,2022-09-21 02:11:55.000000,146.02,0.0,4,0,146.02,0.0,0.0,NO REFUND
68237,54606,2026-04-27 00:44:03.000000,29.0,0.0,1,0,29.0,0.0,0.0,NO REFUND
28822,23033,2023-08-30 22:30:04.000000,98.91,0.0,2,0,98.91,0.0,0.0,NO REFUND
107094,85826,2026-04-01 00:24:57.000000,29.9,0.0,1,0,29.9,0.0,0.0,NO REFUND
64779,51747,2023-03-25 11:49:09.000000,150.32,0.0,3,0,150.32,0.0,0.0,NO REFUND
89922,71955,2026-01-11 21:33:08.000000,29.95,0.0,1,0,29.95,0.0,0.0,NO REFUND
98090,78645,2023-07-03 00:48:22.000000,72.9,72.9,2,2,0.0,1.0,1.0,FULLY REFUNDED
107463,86111,2024-12-14 16:11:12.000000,29.99,0.0,1,0,29.99,0.0,0.0,NO REFUND
16926,13477,2024-12-11 06:52:06.000000,93.99,0.0,2,0,93.99,0.0,0.0,NO REFUND
42697,34072,2026-02-22 04:31:28.000000,29.99,0.0,1,0,29.99,0.0,0.0,NO REFUND
74471,59557,2022-01-23 07:27:00.000000,131.66,0.0,3,0,131.66,0.0,0.0,NO REFUND
32269,25757,2026-06-11 17:37:08.000000,30.0,0.0,1,0,30.0,0.0,0.0,NO REFUND
51791,41358,2026-04-07 21:43:39.000000,261.95,0.0,4,0,261.95,0.0,0.0,NO REFUND
105321,84421,2022-01-08 13:55:01.000000,30.2,30.2,1,1,0.0,1.0,1.0,FULLY REFUNDED
92675,74240,2021-03-21 06:01:53.000000,30.4,0.0,1,0,30.4,0.0,0.0,NO REFUND
68829,55062,2026-05-05 14:29:32.000000,79.95,0.0,2,0,79.95,0.0,0.0,NO REFUND
120281,96279,2022-05-24 02:26:01.000000,269.9,0.0,4,0,269.9,0.0,0.0,NO REFUND
49857,39825,2024-12-07 10:21:15.000000,538.97,0.0,4,0,538.97,0.0,0.0,NO REFUND
75559,60428,2025-11-20 20:24:49.000000,86.99,0.0,2,0,86.99,0.0,0.0,NO REFUND
32719,26135,2025-03-20 15:35:22.000000,66.99,0.0,2,0,66.99,0.0,0.0,NO REFUND
108645,87020,2025-11-19 06:00:18.000000,182.0,0.0,4,0,182.0,0.0,0.0,NO REFUND
33764,26937,2025-08-26 23:06:54.000000,77.07,0.0,2,0,77.07,0.0,0.0,NO REFUND
51123,40836,2026-04-16 23:44:09.000000,112.49,0.0,2,0,112.49,0.0,0.0,NO REFUND
19173,15312,2026-06-11 19:46:42.000000,32.99,0.0,1,0,32.99,0.0,0.0,NO REFUND
28748,22977,2023-08-07 21:41:06.000000,112.99,0.0,2,0,112.99,0.0,0.0,NO REFUND
21677,17302,2023-03-09 05:14:28.000000,33.0,33.0,1,1,0.0,1.0,1.0,FULLY REFUNDED
117791,94316,2025-06-30 04:34:42.000000,223.97,223.97,4,4,0.0,1.0,1.0,FULLY REFUNDED
20451,16345,2025-02-12 09:47:27.000000,33.6,0.0,1,0,33.6,0.0,0.0,NO REFUND
14832,11839,2026-06-06 13:06:14.000000,33.6,0.0,1,0,33.6,0.0,0.0,NO REFUND
101916,81708,2025-08-22 05:24:54.000000,33.95,0.0,1,0,33.95,0.0,0.0,NO REFUND
105907,84884,2023-11-11 02:23:38.000000,83.93,0.0,2,0,83.93,0.0,0.0,NO REFUND
103319,82851,2025-08-06 07:19:35.000000,88.68,0.0,2,0,88.68,0.0,0.0,NO REFUND
22437,17903,2023-09-02 17:59:45.000000,74.43,0.0,2,0,74.43,0.0,0.0,NO REFUND
50810,40590,2025-06-19 08:52:48.000000,34.99,0.0,1,0,34.99,0.0,0.0,NO REFUND
104640,83866,2025-11-07 13:09:08.000000,250.16,0.0,4,0,250.16,0.0,0.0,NO REFUND
95283,76365,2023-08-18 09:17:47.000000,141.0,0.0,2,0,141.0,0.0,0.0,NO REFUND
116738,93450,2025-12-30 22:52:06.000000,134.0,0.0,2,0,134.0,0.0,0.0,NO REFUND
122029,97702,2025-02-20 00:40:10.000000,270.73,0.0,4,0,270.73,0.0,0.0,NO REFUND
84714,67781,2023-08-18 17:12:35.000000,35.8,0.0,1,0,35.8,0.0,0.0,NO REFUND
61619,49222,2023-04-17 06:29:31.000000,36.0,0.0,1,0,36.0,0.0,0.0,NO REFUND
74494,59573,2024-12-06 12:34:17.000000,115.0,0.0,2,0,115.0,0.0,0.0,NO REFUND
7583,6067,2023-12-18 02:26:19.000000,37.45,0.0,1,0,37.45,0.0,0.0,NO REFUND
112801,90295,2025-06-23 13:14:34.000000,150.36,0.0,2,0,150.36,0.0,0.0,NO REFUND
6173,4903,2025-08-12 20:21:26.000000,152.49,0.0,3,0,152.49,0.0,0.0,NO REFUND
50,35,2026-05-24 03:28:54.000000,231.89,0.0,4,0,231.89,0.0,0.0,NO REFUND
72399,57883,2022-11-19 10:43:17.000000,177.0,177.0,3,3,0.0,1.0,1.0,FULLY REFUNDED
32456,25920,2026-03-28 18:10:59.000000,90.12,0.0,2,0,90.12,0.0,0.0,NO REFUND
23624,18874,2025-03-20 04:13:55.000000,186.68,0.0,2,0,186.68,0.0,0.0,NO REFUND
21267,17005,2026-06-13 10:25:45.389625,216.99,216.99,3,3,0.0,1.0,1.0,FULLY REFUNDED
41586,33166,2024-01-31 00:26:18.000000,79.49,0.0,2,0,79.49,0.0,0.0,NO REFUND
103308,82839,2025-02-08 02:06:13.000000,84.43,0.0,2,0,84.43,0.0,0.0,NO REFUND
62025,49549,2026-04-28 03:02:38.000000,39.83,0.0,1,0,39.83,0.0,0.0,NO REFUND
105795,84795,2026-03-28 05:53:53.000000,39.88,0.0,1,0,39.88,0.0,0.0,NO REFUND
102910,82512,2025-05-01 02:11:42.000000,39.95,0.0,1,0,39.95,0.0,0.0,NO REFUND
111243,89094,2026-04-13 19:20:27.000000,39.98,0.0,1,0,39.98,0.0,0.0,NO REFUND
39705,31707,2023-12-16 21:31:17.000000,159.97,0.0,2,0,159.97,0.0,0.0,NO REFUND
76386,61077,2025-06-22 05:58:57.000000,91.85,91.85,2,2,0.0,1.0,1.0,FULLY REFUNDED
87153,69755,2024-02-06 17:23:03.000000,39.99,0.0,1,0,39.99,0.0,0.0,NO REFUND
124091,99377,2024-01-18 01:44:22.000000,39.99,0.0,1,0,39.99,0.0,0.0,NO REFUND
38385,30637,2024-06-09 12:08:38.000000,40.0,40.0,1,1,0.0,1.0,1.0,FULLY REFUNDED
87774,70250,2024-12-21 21:56:40.000000,40.6,0.0,1,0,40.6,0.0,0.0,NO REFUND
66795,53409,2026-01-09 21:58:08.000000,90.55,0.0,2,0,90.55,0.0,0.0,NO REFUND
33642,26844,2025-07-09 05:16:11.000000,40.6,0.0,1,0,40.6,0.0,0.0,NO REFUND
55774,44576,2021-06-24 15:53:04.000000,41.99,0.0,1,0,41.99,0.0,0.0,NO REFUND
57716,46127,2022-05-09 15:19:13.000000,42.01,0.0,1,0,42.01,0.0,0.0,NO REFUND
37033,29565,2025-01-22 09:42:06.000000,84.58,0.0,2,0,84.58,0.0,0.0,NO REFUND
116986,93672,2024-12-21 21:26:46.000000,42.95,0.0,1,0,42.95,0.0,0.0,NO REFUND
124729,99852,2025-06-15 10:58:20.000000,42.99,0.0,1,0,42.99,0.0,0.0,NO REFUND
26596,21254,2026-06-15 18:58:36.272302,43.14,43.14,1,1,0.0,1.0,1.0,FULLY REFUNDED
10143,8088,2024-05-04 14:23:27.000000,43.97,0.0,1,0,43.97,0.0,0.0,NO REFUND
60701,48475,2023-07-20 15:44:15.000000,44.0,0.0,1,0,44.0,0.0,0.0,NO REFUND
63102,50417,2024-05-03 05:27:50.000000,44.0,0.0,1,0,44.0,0.0,0.0,NO REFUND
38914,31086,2026-04-15 15:54:56.000000,44.0,44.0,1,1,0.0,1.0,1.0,FULLY REFUNDED
96648,77497,2020-11-18 09:51:42.000000,44.51,0.0,1,0,44.51,0.0,0.0,NO REFUND
42111,33585,2025-02-10 17:00:02.000000,44.93,0.0,1,0,44.93,0.0,0.0,NO REFUND
25474,20344,2026-04-12 16:20:11.000000,44.99,0.0,1,0,44.99,0.0,0.0,NO REFUND
98906,79300,2026-03-12 20:04:52.000000,95.94,0.0,2,0,95.94,0.0,0.0,NO REFUND
17210,13684,2022-02-28 14:03:09.000000,46.5,0.0,1,0,46.5,0.0,0.0,NO REFUND
117135,93805,2023-03-29 17:26:40.000000,47.0,47.0,1,1,0.0,1.0,1.0,FULLY REFUNDED
39975,31917,2025-08-16 20:39:07.000000,47.07,0.0,1,0,47.07,0.0,0.0,NO REFUND
105547,84607,2026-05-29 07:01:20.000000,334.5,0.0,3,0,334.5,0.0,0.0,NO REFUND
74569,59645,2026-03-25 03:16:31.000000,47.99,0.0,1,0,47.99,0.0,0.0,NO REFUND
36470,29102,2021-07-25 17:19:07.000000,48.0,0.0,1,0,48.0,0.0,0.0,NO REFUND
47876,38255,2023-12-07 09:49:11.000000,48.0,0.0,1,0,48.0,0.0,0.0,NO REFUND
113545,90896,2026-03-22 20:00:57.000000,48.0,0.0,1,0,48.0,0.0,0.0,NO REFUND
10596,8437,2026-06-05 14:54:09.000000,292.3,0.0,3,0,292.3,0.0,0.0,NO REFUND
12304,9805,2025-12-30 06:40:30.000000,48.3,0.0,1,0,48.3,0.0,0.0,NO REFUND
86310,69101,2026-05-11 10:24:31.000000,48.95,0.0,1,0,48.95,0.0,0.0,NO REFUND
77447,61911,2024-12-25 21:13:01.000000,48.99,0.0,1,0,48.99,0.0,0.0,NO REFUND
43457,34681,2025-09-10 22:35:52.000000,49.5,0.0,1,0,49.5,0.0,0.0,NO REFUND
11636,9246,2022-10-16 07:09:09.000000,49.5,0.0,1,0,49.5,0.0,0.0,NO REFUND
23642,18890,2023-10-09 18:32:16.000000,49.5,0.0,1,0,49.5,0.0,0.0,NO REFUND
79589,63612,2026-06-09 02:51:46.000000,324.5,0.0,3,0,324.5,0.0,0.0,NO REFUND
59056,47198,2026-03-09 23:58:41.000000,148.5,0.0,2,0,148.5,0.0,0.0,NO REFUND
104230,83528,2025-08-14 20:04:34.000000,193.06,0.0,3,0,193.06,0.0,0.0,NO REFUND
106806,85589,2025-06-29 22:07:32.000000,133.83,0.0,2,0,133.83,0.0,0.0,NO REFUND
115939,92825,2023-06-12 03:23:06.000000,49.99,0.0,1,0,49.99,0.0,0.0,NO REFUND
73073,58451,2025-11-06 19:23:35.000000,119.99,119.99,2,2,0.0,1.0,1.0,FULLY REFUNDED
88900,71141,2023-11-26 20:15:58.000000,291.83,0.0,4,0,291.83,0.0,0.0,NO REFUND
48419,38674,2026-01-22 23:50:44.000000,50.0,0.0,1,0,50.0,0.0,0.0,NO REFUND
12840,10195,2025-07-21 01:14:49.000000,50.0,0.0,1,0,50.0,0.0,0.0,NO REFUND
18088,14414,2025-11-09 06:10:44.000000,138.08,0.0,2,0,138.08,0.0,0.0,NO REFUND
41686,33251,2025-04-17 00:26:32.000000,52.0,0.0,1,0,52.0,0.0,0.0,NO REFUND
26214,20936,2026-04-21 16:09:47.000000,363.53,0.0,4,0,363.53,0.0,0.0,NO REFUND
2661,2120,2025-04-21 11:59:05.000000,112.59,0.0,2,0,112.59,0.0,0.0,NO REFUND
50239,40137,2023-06-23 10:59:14.000000,53.0,0.0,1,0,53.0,0.0,0.0,NO REFUND
96517,77383,2024-09-28 03:09:42.000000,144.63,0.0,2,0,144.63,0.0,0.0,NO REFUND
69571,55640,2023-07-28 18:06:46.000000,53.94,0.0,1,0,53.94,0.0,0.0,NO REFUND
83980,67207,2025-06-22 20:14:23.000000,143.94,0.0,2,0,143.94,0.0,0.0,NO REFUND
1195,949,2025-02-14 09:48:19.000000,353.0,0.0,2,0,353.0,0.0,0.0,NO REFUND
88719,70993,2026-04-11 18:53:59.000000,54.0,0.0,1,0,54.0,0.0,0.0,NO REFUND
108962,87283,2026-06-16 08:31:02.778094,144.45,0.0,2,0,144.45,0.0,0.0,NO REFUND
22897,18288,2026-05-19 04:25:16.000000,55.0,0.0,1,0,55.0,0.0,0.0,NO REFUND
67535,54025,2026-03-25 12:30:47.000000,55.0,0.0,1,0,55.0,0.0,0.0,NO REFUND
76891,61483,2019-12-25 22:11:14.000000,55.0,0.0,1,0,55.0,0.0,0.0,NO REFUND
25910,20700,2024-03-15 20:57:26.000000,55.0,0.0,1,0,55.0,0.0,0.0,NO REFUND
30744,24546,2022-11-24 21:42:49.000000,55.0,0.0,1,0,55.0,0.0,0.0,NO REFUND
122822,98354,2025-02-15 19:09:24.000000,55.38,55.38,1,1,0.0,1.0,1.0,FULLY REFUNDED
111235,89087,2024-07-10 23:36:16.000000,170.53,0.0,2,0,170.53,0.0,0.0,NO REFUND
39319,31407,2026-03-27 06:48:59.000000,55.5,0.0,1,0,55.5,0.0,0.0,NO REFUND
44510,35498,2022-10-11 08:43:31.000000,232.0,0.0,2,0,232.0,0.0,0.0,NO REFUND
104706,83920,2022-12-23 17:33:18.000000,57.99,0.0,1,0,57.99,0.0,0.0,NO REFUND
95783,76790,2026-06-05 04:53:25.000000,58.0,0.0,1,0,58.0,0.0,0.0,NO REFUND
96806,77617,2024-08-01 02:37:40.000000,254.95,0.0,2,0,254.95,0.0,0.0,NO REFUND
84803,67845,2022-02-20 16:59:33.000000,58.97,0.0,1,0,58.97,0.0,0.0,NO REFUND
22132,17656,2022-04-01 20:07:37.000000,58.99,0.0,1,0,58.99,0.0,0.0,NO REFUND
108211,86679,2026-06-09 13:58:27.000000,59.0,0.0,1,0,59.0,0.0,0.0,NO REFUND
66137,52863,2025-06-13 22:18:58.000000,59.52,0.0,1,0,59.52,0.0,0.0,NO REFUND
113330,90728,2026-01-17 21:00:21.000000,209.0,0.0,2,0,209.0,0.0,0.0,NO REFUND
96852,77646,2025-08-02 11:46:45.000000,60.99,0.0,1,0,60.99,0.0,0.0,NO REFUND
33667,26865,2026-02-16 10:27:23.000000,61.0,0.0,1,0,61.0,0.0,0.0,NO REFUND
56767,45367,2024-05-15 01:13:14.000000,176.74,0.0,2,0,176.74,0.0,0.0,NO REFUND
115732,92651,2025-10-30 04:57:17.000000,62.36,0.0,1,0,62.36,0.0,0.0,NO REFUND
28407,22707,2019-10-22 11:28:20.000000,63.65,0.0,1,0,63.65,0.0,0.0,NO REFUND
14124,11251,2026-06-13 16:04:08.408378,64.0,0.0,1,0,64.0,0.0,0.0,NO REFUND
49850,39819,2020-04-14 14:53:08.000000,64.17,0.0,1,0,64.17,0.0,0.0,NO REFUND
63985,51125,2025-08-10 07:25:26.000000,64.5,0.0,1,0,64.5,0.0,0.0,NO REFUND
2152,1721,2019-06-15 17:59:48.000000,64.99,0.0,1,0,64.99,0.0,0.0,NO REFUND
50156,40057,2025-03-23 16:18:26.000000,65.0,0.0,1,0,65.0,0.0,0.0,NO REFUND
69192,55349,2025-07-18 08:31:41.000000,65.0,0.0,1,0,65.0,0.0,0.0,NO REFUND
63026,50359,2022-05-28 10:08:21.000000,66.0,0.0,1,0,66.0,0.0,0.0,NO REFUND
29353,23455,2025-11-09 14:18:15.000000,165.88,0.0,2,0,165.88,0.0,0.0,NO REFUND
69179,55334,2025-10-04 04:58:12.000000,67.95,0.0,1,0,67.95,0.0,0.0,NO REFUND
56383,45050,2026-06-14 15:31:21.817450,163.0,0.0,2,0,163.0,0.0,0.0,NO REFUND
90515,72434,2026-05-04 19:51:54.000000,68.0,0.0,1,0,68.0,0.0,0.0,NO REFUND
10016,7985,2024-01-15 16:55:57.000000,162.0,0.0,2,0,162.0,0.0,0.0,NO REFUND
31331,25028,2026-06-12 02:59:26.653609,69.5,0.0,1,0,69.5,0.0,0.0,NO REFUND
110897,88810,2026-06-14 16:50:16.408797,69.9,0.0,1,0,69.9,0.0,0.0,NO REFUND
44288,35329,2023-10-25 22:36:53.000000,69.95,0.0,1,0,69.95,0.0,0.0,NO REFUND
42680,34051,2026-03-16 15:08:34.000000,69.99,0.0,1,0,69.99,0.0,0.0,NO REFUND
9608,7664,2023-09-04 18:00:59.000000,161.73,0.0,2,0,161.73,0.0,0.0,NO REFUND
38877,31057,2025-02-11 04:49:14.000000,283.99,0.0,2,0,283.99,0.0,0.0,NO REFUND
81493,65203,2025-03-30 02:00:38.000000,78.0,78.0,1,1,0.0,1.0,1.0,FULLY REFUNDED
116457,93238,2025-07-31 01:44:51.000000,189.0,0.0,2,0,189.0,0.0,0.0,NO REFUND
14176,11293,2026-06-15 13:07:08.014224,267.9,267.9,2,2,0.0,1.0,1.0,FULLY REFUNDED
71441,57140,2022-02-04 23:10:33.000000,83.3,0.0,1,0,83.3,0.0,0.0,NO REFUND
71871,57476,2024-12-14 10:44:16.000000,85.9,0.0,1,0,85.9,0.0,0.0,NO REFUND
40245,32137,2023-07-17 01:25:29.000000,87.89,87.89,1,1,0.0,1.0,1.0,FULLY REFUNDED
124607,99763,2020-02-17 09:40:07.000000,283.4,0.0,3,0,283.4,0.0,0.0,NO REFUND
70033,56015,2026-03-23 12:58:39.000000,88.0,0.0,1,0,88.0,0.0,0.0,NO REFUND
36068,28772,2026-04-06 11:13:43.000000,88.0,0.0,1,0,88.0,0.0,0.0,NO REFUND
14425,11509,2020-05-26 19:15:40.000000,88.0,88.0,1,1,0.0,1.0,1.0,FULLY REFUNDED
38610,30832,2025-09-22 16:21:03.000000,89.5,0.0,1,0,89.5,0.0,0.0,NO REFUND
9768,7794,2026-04-07 10:28:30.000000,90.0,0.0,1,0,90.0,0.0,0.0,NO REFUND
54030,43163,2021-06-06 03:36:57.000000,90.45,0.0,1,0,90.45,0.0,0.0,NO REFUND
105001,84150,2024-05-23 05:16:16.000000,96.0,0.0,1,0,96.0,0.0,0.0,NO REFUND
9488,7566,2025-04-23 12:07:49.000000,98.0,0.0,1,0,98.0,0.0,0.0,NO REFUND
48077,38408,2025-02-24 00:09:25.000000,98.0,0.0,1,0,98.0,0.0,0.0,NO REFUND
72826,58256,2026-05-17 00:51:27.000000,274.0,0.0,2,0,274.0,0.0,0.0,NO REFUND
20737,16569,2024-12-25 17:18:21.000000,98.0,0.0,1,0,98.0,0.0,0.0,NO REFUND
94986,76134,2022-09-25 06:23:29.000000,98.0,98.0,1,1,0.0,1.0,1.0,FULLY REFUNDED
101051,81013,2026-06-14 15:55:43.678874,99.0,0.0,1,0,99.0,0.0,0.0,NO REFUND
95997,76957,2026-01-31 00:39:56.000000,99.99,0.0,1,0,99.99,0.0,0.0,NO REFUND
49997,39932,2022-08-09 19:04:51.000000,99.99,99.99,1,1,0.0,1.0,1.0,FULLY REFUNDED
109614,87815,2026-01-24 15:19:31.000000,103.68,0.0,1,0,103.68,0.0,0.0,NO REFUND
32062,25606,2025-07-30 07:59:45.000000,109.0,0.0,1,0,109.0,0.0,0.0,NO REFUND
102949,82545,2026-02-23 03:21:29.000000,477.95,0.0,2,0,477.95,0.0,0.0,NO REFUND
58261,46561,2023-09-07 23:57:43.000000,115.0,0.0,1,0,115.0,0.0,0.0,NO REFUND
25701,20524,2023-03-23 12:40:41.000000,117.6,0.0,1,0,117.6,0.0,0.0,NO REFUND
10420,8292,2025-11-20 03:50:56.000000,128.0,0.0,1,0,128.0,0.0,0.0,NO REFUND
64103,51218,2025-11-26 22:49:47.000000,132.0,132.0,1,1,0.0,1.0,1.0,FULLY REFUNDED
99012,79393,2024-07-14 06:31:32.000000,132.0,132.0,1,1,0.0,1.0,1.0,FULLY REFUNDED
97251,77944,2025-06-25 03:25:24.000000,132.0,0.0,1,0,132.0,0.0,0.0,NO REFUND
30625,24446,2021-10-08 22:20:47.000000,142.78,0.0,1,0,142.78,0.0,0.0,NO REFUND
119306,95486,2024-12-18 00:55:19.000000,156.87,0.0,1,0,156.87,0.0,0.0,NO REFUND
79803,63777,2026-02-18 12:03:39.000000,179.99,179.99,1,1,0.0,1.0,1.0,FULLY REFUNDED
7728,6186,2025-05-23 19:19:02.000000,184.95,0.0,1,0,184.95,0.0,0.0,NO REFUND
37473,29923,2024-01-13 00:01:58.000000,198.0,0.0,1,0,198.0,0.0,0.0,NO REFUND
20899,16705,2023-10-14 01:10:30.000000,198.0,0.0,1,0,198.0,0.0,0.0,NO REFUND
29966,23940,2026-06-11 01:54:50.000000,228.0,0.0,1,0,228.0,0.0,0.0,NO REFUND
83249,66609,2024-01-17 14:05:56.000000,229.0,0.0,1,0,229.0,0.0,0.0,NO REFUND
24897,19884,2023-04-12 19:41:34.000000,269.0,269.0,1,1,0.0,1.0,1.0,FULLY REFUNDED
85079,68080,2020-12-20 05:49:01.000000,280.0,280.0,1,1,0.0,1.0,1.0,FULLY REFUNDED
81229,64984,2026-04-02 18:47:35.000000,374.0,0.0,1,0,374.0,0.0,0.0,NO REFUND
-10,17741,2026-06-16 15:18:00.000000,97.0,0.0,1,0,97.0,0.0,0.0,NO REFUND
-29,80347,2026-06-16 17:31:00.000000,383.0,0.0,3,0,383.0,0.0,0.0,NO REFUND
-62,17592,2026-06-16 10:28:00.000000,280.0,167.0,2,1,113.0,0.5964,0.5,PARTIALLY REFUNDED
-69,66138,2026-06-16 14:49:00.000000,147.0,0.0,1,0,147.0,0.0,0.0,NO REFUND
-70,10294,2026-06-16 16:26:00.000000,106.0,0.0,1,0,106.0,0.0,0.0,NO REFUND
-89,14715,2026-06-16 14:35:00.000000,157.0,0.0,1,0,157.0,0.0,0.0,NO REFUND
-114,54697,2026-06-16 16:48:00.000000,248.0,0.0,2,0,248.0,0.0,0.0,NO REFUND
-133,16288,2026-06-16 15:32:00.000000,147.0,0.0,2,0,147.0,0.0,0.0,NO REFUND
-143,15752,2026-06-16 17:08:00.000000,389.0,0.0,3,0,389.0,0.0,0.0,NO REFUND
-220,19078,2026-06-16 17:04:00.000000,288.0,0.0,3,0,288.0,0.0,0.0,NO REFUND
-237,19441,2026-06-16 09:11:00.000000,189.0,159.0,2,1,30.0,0.8413,0.5,PARTIALLY REFUNDED
-271,17469,2026-06-16 12:20:00.000000,34.0,0.0,1,0,34.0,0.0,0.0,NO REFUND
-272,54969,2026-06-16 15:02:00.000000,136.0,0.0,1,0,136.0,0.0,0.0,NO REFUND
2861,2266,2022-06-24 13:19:51.000000,3.8,0.0,1,0,3.8,0.0,0.0,NO REFUND
32279,25766,2023-09-26 08:29:56.000000,158.8,158.8,2,2,0.0,1.0,1.0,FULLY REFUNDED
51601,41212,2023-11-01 00:45:11.000000,112.45,0.0,3,0,112.45,0.0,0.0,NO REFUND
94089,75431,2026-04-08 15:11:49.000000,4.04,0.0,1,0,4.04,0.0,0.0,NO REFUND
14574,11634,2026-06-13 08:15:17.113681,717.27,0.0,4,0,717.27,0.0,0.0,NO REFUND
70629,56482,2021-01-11 00:20:24.000000,66.24,0.0,4,0,66.24,0.0,0.0,NO REFUND
1599,1260,2024-04-10 06:58:38.000000,53.4,0.0,2,0,53.4,0.0,0.0,NO REFUND
11529,9161,2026-06-14 19:00:21.912824,6.94,0.0,1,0,6.94,0.0,0.0,NO REFUND
10358,8250,2019-12-07 16:43:36.000000,6.99,0.0,1,0,6.99,0.0,0.0,NO REFUND
93529,74951,2024-07-01 08:02:53.000000,159.5,0.0,4,0,159.5,0.0,0.0,NO REFUND
86998,69638,2022-11-10 02:28:50.000000,7.9,0.0,1,0,7.9,0.0,0.0,NO REFUND
60273,48137,2020-12-11 18:30:26.000000,43.6,0.0,2,0,43.6,0.0,0.0,NO REFUND
18930,15106,2026-02-16 23:19:20.000000,128.75,0.0,2,0,128.75,0.0,0.0,NO REFUND
90818,72682,2025-01-07 17:06:58.000000,8.95,0.0,1,0,8.95,0.0,0.0,NO REFUND
66733,53355,2025-03-05 19:49:07.000000,33.98,0.0,2,0,33.98,0.0,0.0,NO REFUND
22714,18136,2025-06-23 11:52:44.000000,116.67,0.0,4,0,116.67,0.0,0.0,NO REFUND
4612,3646,2024-01-15 08:14:12.000000,302.9,0.0,4,0,302.9,0.0,0.0,NO REFUND
54797,43777,2024-04-04 12:28:02.000000,112.85,0.0,2,0,112.85,0.0,0.0,NO REFUND
89030,71251,2025-09-23 11:21:20.000000,89.05,89.05,2,2,0.0,1.0,1.0,FULLY REFUNDED
7118,5682,2026-02-24 19:20:16.000000,45.95,0.0,2,0,45.95,0.0,0.0,NO REFUND
95707,76725,2024-04-30 10:21:44.000000,99.93,0.0,4,0,99.93,0.0,0.0,NO REFUND
48827,38978,2025-04-14 18:41:52.000000,125.92,0.0,4,0,125.92,0.0,0.0,NO REFUND
43404,34638,2025-04-27 15:34:40.000000,251.36,0.0,4,0,251.36,0.0,0.0,NO REFUND
48357,38629,2024-08-28 20:54:04.000000,9.99,9.99,1,1,0.0,1.0,1.0,FULLY REFUNDED
78513,62755,2026-05-17 21:34:38.000000,157.99,157.99,2,2,0.0,1.0,1.0,FULLY REFUNDED
56720,45331,2022-07-18 05:04:15.000000,305.94,0.0,4,0,305.94,0.0,0.0,NO REFUND
11610,9225,2026-01-28 06:45:17.000000,10.79,0.0,1,0,10.79,0.0,0.0,NO REFUND
52721,42068,2025-12-12 07:35:43.000000,10.99,0.0,1,0,10.99,0.0,0.0,NO REFUND
49131,39181,2026-06-01 21:19:25.000000,175.98,0.0,4,0,175.98,0.0,0.0,NO REFUND
29203,23341,2026-04-16 08:18:37.000000,115.19,0.0,4,0,115.19,0.0,0.0,NO REFUND
79632,63646,2022-04-01 19:48:56.000000,224.92,224.92,4,4,0.0,1.0,1.0,FULLY REFUNDED
5805,4595,2025-12-22 02:08:50.000000,11.25,0.0,1,0,11.25,0.0,0.0,NO REFUND
69627,55685,2024-08-09 13:43:05.000000,23.41,0.0,2,0,23.41,0.0,0.0,NO REFUND
66135,52861,2022-07-17 14:25:27.000000,11.49,0.0,1,0,11.49,0.0,0.0,NO REFUND
75349,60260,2025-07-21 01:54:38.000000,56.65,0.0,2,0,56.65,0.0,0.0,NO REFUND
14232,11346,2020-07-12 12:27:44.000000,35.33,0.0,2,0,35.33,0.0,0.0,NO REFUND
14963,11936,2026-05-16 11:31:23.000000,153.87,0.0,4,0,153.87,0.0,0.0,NO REFUND
115114,92173,2025-09-23 21:48:27.000000,111.95,0.0,2,0,111.95,0.0,0.0,NO REFUND
14943,11920,2024-01-18 14:50:55.000000,205.95,0.0,4,0,205.95,0.0,0.0,NO REFUND
56351,45026,2026-06-14 04:55:29.466472,11.99,0.0,1,0,11.99,0.0,0.0,NO REFUND
66033,52781,2024-06-28 08:17:36.000000,230.99,0.0,3,0,230.99,0.0,0.0,NO REFUND
80556,64424,2025-11-08 17:43:46.000000,54.0,0.0,2,0,54.0,0.0,0.0,NO REFUND
94087,75429,2025-08-15 12:03:45.000000,30.42,0.0,2,0,30.42,0.0,0.0,NO REFUND
34780,27782,2026-01-05 20:12:37.000000,71.14,0.0,2,0,71.14,0.0,0.0,NO REFUND
90461,72395,2026-01-08 13:20:45.000000,12.14,0.0,1,0,12.14,0.0,0.0,NO REFUND
34320,27382,2025-08-11 23:55:42.000000,357.22,0.0,2,0,357.22,0.0,0.0,NO REFUND
73078,58455,2025-12-09 11:51:18.000000,92.24,92.24,3,3,0.0,1.0,1.0,FULLY REFUNDED
4522,3575,2024-12-29 17:13:49.000000,12.64,0.0,1,0,12.64,0.0,0.0,NO REFUND
115337,92332,2020-12-27 22:21:44.000000,12.64,0.0,1,0,12.64,0.0,0.0,NO REFUND
86829,69517,2023-12-19 01:34:27.000000,162.61,162.61,3,3,0.0,1.0,1.0,FULLY REFUNDED
69615,55671,2025-08-04 10:16:02.000000,32.77,0.0,2,0,32.77,0.0,0.0,NO REFUND
77495,61955,2024-09-15 19:34:10.000000,102.74,0.0,3,0,102.74,0.0,0.0,NO REFUND
110743,88692,2025-11-12 02:08:09.000000,12.99,0.0,1,0,12.99,0.0,0.0,NO REFUND
17291,13754,2025-04-07 03:35:28.000000,171.99,0.0,2,0,171.99,0.0,0.0,NO REFUND
21260,16999,2019-08-11 10:14:40.000000,13.31,0.0,1,0,13.31,0.0,0.0,NO REFUND
6719,5354,2025-08-04 19:25:16.000000,89.36,0.0,3,0,89.36,0.0,0.0,NO REFUND
5371,4247,2024-06-12 04:22:12.000000,59.66,0.0,2,0,59.66,0.0,0.0,NO REFUND
57681,46101,2025-09-02 06:33:38.000000,13.71,0.0,1,0,13.71,0.0,0.0,NO REFUND
57608,46047,2025-06-24 22:49:31.000000,13.79,0.0,1,0,13.79,0.0,0.0,NO REFUND
85064,68070,2026-03-29 16:17:30.000000,49.79,0.0,2,0,49.79,0.0,0.0,NO REFUND
90455,72390,2026-04-24 06:47:42.000000,78.09,78.09,3,3,0.0,1.0,1.0,FULLY REFUNDED
69989,55982,2024-06-14 03:26:47.000000,383.25,0.0,4,0,383.25,0.0,0.0,NO REFUND
60558,48366,2024-08-31 12:44:19.000000,145.9,0.0,4,0,145.9,0.0,0.0,NO REFUND
23828,19039,2021-09-03 22:55:08.000000,83.92,0.0,2,0,83.92,0.0,0.0,NO REFUND
45966,36706,2026-04-23 23:48:22.000000,14.0,0.0,1,0,14.0,0.0,0.0,NO REFUND
10018,7988,2021-11-27 08:00:56.000000,14.0,0.0,1,0,14.0,0.0,0.0,NO REFUND
113731,91048,2026-05-24 13:27:23.000000,14.67,0.0,1,0,14.67,0.0,0.0,NO REFUND
114338,91567,2025-07-13 22:25:57.000000,250.75,0.0,4,0,250.75,0.0,0.0,NO REFUND
43216,34487,2023-01-26 04:21:00.000000,14.9,0.0,1,0,14.9,0.0,0.0,NO REFUND
52443,41870,2024-06-26 19:11:46.000000,121.3,0.0,2,0,121.3,0.0,0.0,NO REFUND
33800,26964,2025-03-21 03:57:38.000000,14.99,0.0,1,0,14.99,0.0,0.0,NO REFUND
48434,38686,2026-02-28 03:43:18.000000,71.43,0.0,2,0,71.43,0.0,0.0,NO REFUND
69242,55385,2024-02-13 01:38:38.000000,247.99,0.0,4,0,247.99,0.0,0.0,NO REFUND
15273,12177,2024-08-17 04:29:45.000000,174.99,0.0,2,0,174.99,0.0,0.0,NO REFUND
23853,19059,2024-06-21 06:57:19.000000,96.99,0.0,2,0,96.99,0.0,0.0,NO REFUND
41547,33140,2026-01-31 12:59:50.000000,14.99,0.0,1,0,14.99,0.0,0.0,NO REFUND
15362,12252,2026-03-01 02:15:20.000000,45.2,0.0,2,0,45.2,0.0,0.0,NO REFUND
5272,4171,2025-03-01 14:49:53.000000,15.0,0.0,1,0,15.0,0.0,0.0,NO REFUND
97648,78280,2022-04-22 19:33:34.000000,15.0,15.0,1,1,0.0,1.0,1.0,FULLY REFUNDED
32984,26313,2025-03-30 22:51:48.000000,15.0,0.0,1,0,15.0,0.0,0.0,NO REFUND
42149,33619,2024-03-24 13:02:45.000000,15.0,0.0,1,0,15.0,0.0,0.0,NO REFUND
51715,41307,2025-12-02 13:50:30.000000,15.9,0.0,1,0,15.9,0.0,0.0,NO REFUND
23878,19078,2023-01-21 03:29:48.000000,15.9,0.0,1,0,15.9,0.0,0.0,NO REFUND
68894,55111,2026-03-14 15:06:33.000000,15.98,0.0,1,0,15.98,0.0,0.0,NO REFUND
55412,44264,2021-04-06 04:52:01.000000,16.0,16.0,1,1,0.0,1.0,1.0,FULLY REFUNDED
23464,18730,2024-05-06 01:34:29.000000,16.0,0.0,1,0,16.0,0.0,0.0,NO REFUND
43578,34775,2023-11-26 13:55:24.000000,16.22,0.0,1,0,16.22,0.0,0.0,NO REFUND
38124,30429,2023-04-27 02:17:53.000000,1005.37,0.0,4,0,1005.37,0.0,0.0,NO REFUND
10750,8571,2026-03-26 01:14:37.000000,291.98,0.0,2,0,291.98,0.0,0.0,NO REFUND
64392,51449,2023-09-20 10:50:02.000000,16.99,16.99,1,1,0.0,1.0,1.0,FULLY REFUNDED
30596,24426,2025-01-09 08:17:05.000000,41.99,0.0,2,0,41.99,0.0,0.0,NO REFUND
57641,46066,2022-11-09 14:31:43.000000,38.34,0.0,2,0,38.34,0.0,0.0,NO REFUND
82506,66010,2026-05-18 08:23:56.000000,17.0,0.0,1,0,17.0,0.0,0.0,NO REFUND
4022,3204,2022-06-05 23:15:23.000000,17.05,0.0,1,0,17.05,0.0,0.0,NO REFUND
115498,92467,2024-11-27 21:45:49.000000,17.24,0.0,1,0,17.24,0.0,0.0,NO REFUND
112045,89725,2024-08-29 13:16:16.000000,36.98,0.0,2,0,36.98,0.0,0.0,NO REFUND
43270,34530,2026-04-18 05:57:14.000000,165.98,0.0,4,0,165.98,0.0,0.0,NO REFUND
37544,29974,2025-03-14 11:48:07.000000,43.0,0.0,2,0,43.0,0.0,0.0,NO REFUND
106551,85400,2025-02-11 05:09:36.000000,68.95,0.0,2,0,68.95,0.0,0.0,NO REFUND
107093,85825,2026-06-11 20:29:20.000000,177.45,0.0,3,0,177.45,0.0,0.0,NO REFUND
52767,42109,2026-03-20 03:06:58.000000,76.14,0.0,2,0,76.14,0.0,0.0,NO REFUND
47786,38183,2024-06-03 05:09:52.000000,68.49,0.0,2,0,68.49,0.0,0.0,NO REFUND
112303,89921,2021-03-01 21:50:15.000000,345.99,0.0,3,0,345.99,0.0,0.0,NO REFUND
52269,41723,2026-05-23 23:38:33.000000,210.54,0.0,4,0,210.54,0.0,0.0,NO REFUND
81923,65560,2025-06-21 01:27:44.000000,19.5,0.0,1,0,19.5,0.0,0.0,NO REFUND
42391,33821,2022-05-31 06:02:34.000000,199.4,0.0,3,0,199.4,0.0,0.0,NO REFUND
33449,26673,2024-10-04 08:10:09.000000,196.95,196.95,4,4,0.0,1.0,1.0,FULLY REFUNDED
27818,22239,2024-05-08 00:14:08.000000,175.36,0.0,3,0,175.36,0.0,0.0,NO REFUND
71524,57207,2025-11-25 22:57:36.000000,19.99,0.0,1,0,19.99,0.0,0.0,NO REFUND
120041,96089,2025-02-24 23:42:22.000000,51.98,0.0,2,0,51.98,0.0,0.0,NO REFUND
85259,68214,2022-02-05 14:29:45.000000,19.99,0.0,1,0,19.99,0.0,0.0,NO REFUND
53213,42483,2025-07-06 14:12:56.000000,226.96,226.96,4,4,0.0,1.0,1.0,FULLY REFUNDED
59775,47746,2025-07-11 08:36:08.000000,19.99,0.0,1,0,19.99,0.0,0.0,NO REFUND
106104,85025,2025-03-20 21:15:12.000000,19.99,0.0,1,0,19.99,0.0,0.0,NO REFUND
13202,10479,2024-01-10 15:06:30.000000,20.0,0.0,1,0,20.0,0.0,0.0,NO REFUND
104942,84107,2026-06-11 22:25:05.000000,69.95,0.0,2,0,69.95,0.0,0.0,NO REFUND
108328,86775,2024-07-23 07:09:52.000000,206.0,0.0,4,0,206.0,0.0,0.0,NO REFUND
109775,87943,2026-06-16 07:50:10.446769,20.0,0.0,1,0,20.0,0.0,0.0,NO REFUND
51286,40957,2024-06-01 12:28:41.000000,59.5,0.0,2,0,59.5,0.0,0.0,NO REFUND
98355,78864,2026-03-05 20:33:11.000000,20.0,0.0,1,0,20.0,0.0,0.0,NO REFUND
39290,31385,2024-10-31 11:58:27.000000,20.99,0.0,1,0,20.99,0.0,0.0,NO REFUND
71919,57518,2022-09-20 11:09:41.000000,169.62,169.62,3,3,0.0,1.0,1.0,FULLY REFUNDED
101430,81325,2026-06-02 16:20:11.000000,61.0,0.0,2,0,61.0,0.0,0.0,NO REFUND
80927,64733,2022-01-23 22:39:48.000000,106.9,0.0,3,0,106.9,0.0,0.0,NO REFUND
118949,95202,2025-09-26 03:55:40.000000,21.9,0.0,1,0,21.9,0.0,0.0,NO REFUND
116027,92892,2026-01-24 14:36:03.000000,21.95,0.0,1,0,21.95,0.0,0.0,NO REFUND
38738,30945,2023-05-11 07:59:59.000000,58.17,0.0,2,0,58.17,0.0,0.0,NO REFUND
122804,98340,2025-07-24 23:58:35.000000,71.99,0.0,2,0,71.99,0.0,0.0,NO REFUND
5837,4621,2022-03-19 11:07:43.000000,51.98,51.98,2,2,0.0,1.0,1.0,FULLY REFUNDED
24071,19240,2025-04-30 22:09:23.000000,46.99,46.99,2,2,0.0,1.0,1.0,FULLY REFUNDED
101644,81494,2025-10-11 02:00:23.000000,159.99,0.0,2,0,159.99,0.0,0.0,NO REFUND
4328,3431,2024-11-11 02:07:08.000000,205.94,0.0,4,0,205.94,0.0,0.0,NO REFUND
36698,29285,2024-12-05 20:27:27.000000,80.0,0.0,2,0,80.0,0.0,0.0,NO REFUND
86630,69365,2021-03-24 06:05:02.000000,100.5,0.0,2,0,100.5,0.0,0.0,NO REFUND
91006,72850,2023-07-27 19:17:52.000000,204.37,0.0,4,0,204.37,0.0,0.0,NO REFUND
36734,29319,2026-04-28 09:32:51.000000,262.49,0.0,4,0,262.49,0.0,0.0,NO REFUND
116016,92884,2021-01-23 19:02:37.000000,23.0,0.0,1,0,23.0,0.0,0.0,NO REFUND
43386,34626,2023-11-11 07:40:38.000000,97.98,0.0,2,0,97.98,0.0,0.0,NO REFUND
96377,77276,2025-10-08 11:48:29.000000,87.55,0.0,2,0,87.55,0.0,0.0,NO REFUND
63199,50498,2026-05-18 07:18:28.000000,186.51,0.0,4,0,186.51,0.0,0.0,NO REFUND
53801,42954,2024-08-17 18:19:07.000000,23.97,0.0,1,0,23.97,0.0,0.0,NO REFUND
5123,4058,2025-02-26 12:22:40.000000,157.56,0.0,4,0,157.56,0.0,0.0,NO REFUND
121903,97608,2026-06-16 23:27:30.062214,188.99,0.0,2,0,188.99,0.0,0.0,NO REFUND
20022,15990,2022-03-05 06:06:19.000000,24.0,0.0,1,0,24.0,0.0,0.0,NO REFUND
113295,90705,2026-03-21 01:26:01.000000,205.99,0.0,4,0,205.99,0.0,0.0,NO REFUND
11373,9041,2021-04-29 16:25:04.000000,97.99,0.0,3,0,97.99,0.0,0.0,NO REFUND
83302,66658,2022-11-25 10:30:18.000000,141.99,0.0,3,0,141.99,0.0,0.0,NO REFUND
107083,85814,2026-01-18 04:49:50.000000,89.0,0.0,2,0,89.0,0.0,0.0,NO REFUND
70434,56327,2025-11-16 08:15:43.000000,63.99,0.0,2,0,63.99,0.0,0.0,NO REFUND
108898,87232,2021-10-31 22:28:01.000000,194.0,0.0,3,0,194.0,0.0,0.0,NO REFUND
49290,39325,2025-03-10 13:12:52.000000,160.0,160.0,2,2,0.0,1.0,1.0,FULLY REFUNDED
77357,61831,2025-06-26 14:16:51.000000,299.55,0.0,4,0,299.55,0.0,0.0,NO REFUND
37142,29653,2026-02-27 16:07:22.000000,24.74,0.0,1,0,24.74,0.0,0.0,NO REFUND
21814,17404,2025-07-25 13:50:16.000000,289.79,0.0,4,0,289.79,0.0,0.0,NO REFUND
107234,85943,2024-11-11 02:06:58.000000,24.91,0.0,1,0,24.91,0.0,0.0,NO REFUND
59567,47601,2025-12-08 01:15:22.000000,83.45,0.0,2,0,83.45,0.0,0.0,NO REFUND
39494,31545,2026-05-12 21:54:23.000000,24.95,0.0,1,0,24.95,0.0,0.0,NO REFUND
43451,34675,2024-12-23 22:41:18.000000,24.99,0.0,1,0,24.99,0.0,0.0,NO REFUND
116447,93230,2026-04-30 21:45:32.000000,209.99,0.0,3,0,209.99,0.0,0.0,NO REFUND
113580,90921,2022-11-05 16:12:22.000000,262.99,0.0,2,0,262.99,0.0,0.0,NO REFUND
100440,80542,2025-06-12 23:21:34.000000,24.99,0.0,1,0,24.99,0.0,0.0,NO REFUND
47600,38026,2024-10-28 22:43:38.000000,24.99,24.99,1,1,0.0,1.0,1.0,FULLY REFUNDED
69294,55425,2023-06-13 13:56:40.000000,24.99,0.0,1,0,24.99,0.0,0.0,NO REFUND
88144,70519,2025-04-06 23:05:23.000000,24.99,0.0,1,0,24.99,0.0,0.0,NO REFUND
4146,3290,2020-05-02 10:02:49.000000,71.0,0.0,2,0,71.0,0.0,0.0,NO REFUND
28183,22535,2026-03-10 14:46:58.000000,175.0,0.0,2,0,175.0,0.0,0.0,NO REFUND
73795,59017,2026-05-06 09:17:03.000000,25.0,0.0,1,0,25.0,0.0,0.0,NO REFUND
123614,98990,2023-09-09 19:17:22.000000,25.0,0.0,1,0,25.0,0.0,0.0,NO REFUND
83106,66504,2025-08-30 18:48:46.000000,25.0,0.0,1,0,25.0,0.0,0.0,NO REFUND
85425,68365,2024-10-21 17:12:50.000000,25.0,0.0,1,0,25.0,0.0,0.0,NO REFUND
1009,807,2026-03-12 05:05:56.000000,25.0,0.0,1,0,25.0,0.0,0.0,NO REFUND
7015,5588,2026-06-15 16:17:07.000000,25.0,0.0,1,0,25.0,0.0,0.0,NO REFUND
31489,25162,2024-08-23 21:55:37.000000,25.0,0.0,1,0,25.0,0.0,0.0,NO REFUND
37835,30205,2023-12-23 03:27:12.000000,192.0,0.0,2,0,192.0,0.0,0.0,NO REFUND
121328,97115,2026-04-29 16:15:10.000000,108.84,0.0,2,0,108.84,0.0,0.0,NO REFUND
123071,98545,2024-11-11 01:39:23.000000,25.0,0.0,1,0,25.0,0.0,0.0,NO REFUND
5649,4468,2022-05-10 07:50:59.000000,99.93,99.93,2,2,0.0,1.0,1.0,FULLY REFUNDED
22724,18142,2022-12-21 19:12:59.000000,25.0,25.0,1,1,0.0,1.0,1.0,FULLY REFUNDED
54586,43597,2024-08-15 09:59:21.000000,25.0,25.0,1,1,0.0,1.0,1.0,FULLY REFUNDED
117318,93957,2024-01-09 15:33:55.000000,25.0,25.0,1,1,0.0,1.0,1.0,FULLY REFUNDED
26038,20804,2024-06-08 15:26:01.000000,294.4,0.0,4,0,294.4,0.0,0.0,NO REFUND
43924,35050,2023-02-15 06:13:57.000000,106.38,0.0,2,0,106.38,0.0,0.0,NO REFUND
44882,35794,2026-01-06 10:25:59.000000,25.0,0.0,1,0,25.0,0.0,0.0,NO REFUND
52255,41711,2025-04-22 19:42:19.000000,66.99,0.0,2,0,66.99,0.0,0.0,NO REFUND
69573,55643,2025-02-10 14:36:07.000000,25.0,0.0,1,0,25.0,0.0,0.0,NO REFUND
72435,57911,2025-11-13 11:32:16.000000,79.5,0.0,2,0,79.5,0.0,0.0,NO REFUND
121326,97114,2025-04-06 01:21:22.000000,190.0,0.0,2,0,190.0,0.0,0.0,NO REFUND
75677,60519,2024-05-31 12:43:50.000000,144.99,144.99,2,2,0.0,1.0,1.0,FULLY REFUNDED
116491,93266,2026-06-16 01:09:17.000000,26.0,0.0,1,0,26.0,0.0,0.0,NO REFUND
103127,82687,2025-03-28 13:20:29.000000,124.0,0.0,2,0,124.0,0.0,0.0,NO REFUND
33560,26776,2025-11-22 06:01:19.000000,26.47,0.0,1,0,26.47,0.0,0.0,NO REFUND
116482,93260,2023-04-28 14:29:18.000000,26.9,0.0,1,0,26.9,0.0,0.0,NO REFUND
16928,13478,2026-02-17 15:37:36.000000,26.95,0.0,1,0,26.95,0.0,0.0,NO REFUND
14345,11430,2023-01-28 08:06:48.000000,113.67,0.0,3,0,113.67,0.0,0.0,NO REFUND
60479,48301,2025-08-15 11:44:40.000000,90.98,0.0,2,0,90.98,0.0,0.0,NO REFUND
117545,94120,2021-07-17 03:30:30.000000,76.5,0.0,2,0,76.5,0.0,0.0,NO REFUND
23668,18910,2023-12-23 08:25:49.000000,27.0,0.0,1,0,27.0,0.0,0.0,NO REFUND
66914,53513,2022-08-13 22:06:58.000000,27.16,0.0,1,0,27.16,0.0,0.0,NO REFUND
68095,54497,2022-12-20 23:34:34.000000,27.8,0.0,1,0,27.8,0.0,0.0,NO REFUND
56414,45078,2024-08-05 23:24:13.000000,66.93,0.0,2,0,66.93,0.0,0.0,NO REFUND
8803,7038,2023-06-04 21:58:52.000000,27.98,27.98,1,1,0.0,1.0,1.0,FULLY REFUNDED
23907,19109,2024-04-20 17:04:32.000000,27.98,0.0,1,0,27.98,0.0,0.0,NO REFUND
123749,99097,2022-11-08 16:16:05.000000,28.0,0.0,1,0,28.0,0.0,0.0,NO REFUND
46020,36753,2021-06-06 12:32:02.000000,28.0,0.0,1,0,28.0,0.0,0.0,NO REFUND
3747,2974,2021-10-12 22:55:32.000000,64.0,0.0,2,0,64.0,0.0,0.0,NO REFUND
92174,73801,2025-12-03 10:41:20.000000,29.0,0.0,1,0,29.0,0.0,0.0,NO REFUND
22104,17629,2023-02-15 10:16:46.000000,71.88,0.0,2,0,71.88,0.0,0.0,NO REFUND
35023,27972,2023-07-07 19:53:43.000000,177.98,0.0,4,0,177.98,0.0,0.0,NO REFUND
102323,82033,2026-01-09 01:00:54.000000,108.08,0.0,3,0,108.08,0.0,0.0,NO REFUND
106043,84982,2019-11-07 11:34:20.000000,69.49,69.49,2,2,0.0,1.0,1.0,FULLY REFUNDED
33528,26743,2026-02-22 11:27:54.000000,29.99,0.0,1,0,29.99,0.0,0.0,NO REFUND
98316,78826,2026-02-26 04:00:04.000000,30.0,0.0,1,0,30.0,0.0,0.0,NO REFUND
19580,15632,2021-01-14 01:57:33.000000,30.89,0.0,1,0,30.89,0.0,0.0,NO REFUND
41250,32909,2022-12-10 09:05:46.000000,119.07,119.07,2,2,0.0,1.0,1.0,FULLY REFUNDED
6916,5509,2025-06-02 07:10:46.000000,276.47,0.0,4,0,276.47,0.0,0.0,NO REFUND
112140,89800,2026-06-15 08:36:54.000000,31.95,0.0,1,0,31.95,0.0,0.0,NO REFUND
115214,92240,2025-05-13 18:33:19.000000,31.95,0.0,1,0,31.95,0.0,0.0,NO REFUND
65998,52751,2022-03-01 20:41:16.000000,31.97,0.0,1,0,31.97,0.0,0.0,NO REFUND
23125,18471,2026-05-10 21:03:03.000000,32.0,0.0,1,0,32.0,0.0,0.0,NO REFUND
59964,47896,2025-02-02 03:39:39.000000,110.0,0.0,2,0,110.0,0.0,0.0,NO REFUND
14014,11156,2025-11-03 06:10:25.000000,313.95,0.0,4,0,313.95,0.0,0.0,NO REFUND
38113,30423,2024-08-18 04:00:05.000000,32.0,0.0,1,0,32.0,0.0,0.0,NO REFUND
111942,89638,2026-06-13 20:58:33.800376,270.99,0.0,4,0,270.99,0.0,0.0,NO REFUND
77299,61791,2021-10-18 09:28:20.000000,32.5,0.0,1,0,32.5,0.0,0.0,NO REFUND
22239,17740,2023-02-07 19:18:54.000000,120.98,0.0,2,0,120.98,0.0,0.0,NO REFUND
117396,94018,2024-02-09 01:26:50.000000,97.98,0.0,2,0,97.98,0.0,0.0,NO REFUND
112114,89782,2024-09-01 06:05:03.000000,297.49,0.0,3,0,297.49,0.0,0.0,NO REFUND
41272,32923,2025-07-31 03:20:54.000000,70.98,0.0,2,0,70.98,0.0,0.0,NO REFUND
89116,71314,2026-01-18 09:24:31.000000,221.99,0.0,3,0,221.99,0.0,0.0,NO REFUND
65685,52459,2025-11-04 17:04:10.000000,138.4,0.0,2,0,138.4,0.0,0.0,NO REFUND
5412,4283,2019-08-01 15:17:43.000000,33.95,0.0,1,0,33.95,0.0,0.0,NO REFUND
105884,84869,2024-12-10 05:08:31.000000,68.97,0.0,2,0,68.97,0.0,0.0,NO REFUND
44864,35782,2023-10-21 17:23:57.000000,83.45,0.0,2,0,83.45,0.0,0.0,NO REFUND
69195,55350,2024-07-08 19:25:54.000000,34.0,0.0,1,0,34.0,0.0,0.0,NO REFUND
76315,61016,2025-10-03 02:17:33.000000,34.31,0.0,1,0,34.31,0.0,0.0,NO REFUND
107311,85997,2022-12-12 09:24:05.000000,192.45,0.0,2,0,192.45,0.0,0.0,NO REFUND
72178,57718,2019-11-03 05:07:23.000000,243.85,0.0,3,0,243.85,0.0,0.0,NO REFUND
109944,88074,2026-06-01 23:36:43.000000,73.07,0.0,2,0,73.07,0.0,0.0,NO REFUND
83233,66599,2026-06-13 04:25:32.000000,34.99,0.0,1,0,34.99,0.0,0.0,NO REFUND
14255,11361,2023-04-27 08:31:16.000000,34.99,0.0,1,0,34.99,0.0,0.0,NO REFUND
64084,51204,2025-07-17 05:59:30.000000,35.0,0.0,1,0,35.0,0.0,0.0,NO REFUND
92802,74344,2025-07-08 16:49:53.000000,35.0,0.0,1,0,35.0,0.0,0.0,NO REFUND
106010,84953,2025-12-28 06:28:39.000000,104.99,0.0,2,0,104.99,0.0,0.0,NO REFUND
44832,35760,2026-06-12 20:52:32.000000,35.0,35.0,1,1,0.0,1.0,1.0,FULLY REFUNDED
4455,3521,2025-10-02 12:28:14.000000,35.67,0.0,1,0,35.67,0.0,0.0,NO REFUND
124142,99418,2025-05-07 07:41:07.000000,35.68,0.0,1,0,35.68,0.0,0.0,NO REFUND
82295,65861,2025-10-27 08:00:10.000000,35.68,0.0,1,0,35.68,0.0,0.0,NO REFUND
69388,55496,2019-07-27 05:15:54.000000,248.7,0.0,4,0,248.7,0.0,0.0,NO REFUND
19489,15561,2021-11-14 22:55:18.000000,36.0,0.0,1,0,36.0,0.0,0.0,NO REFUND
71112,56873,2023-11-25 06:42:23.000000,222.0,0.0,4,0,222.0,0.0,0.0,NO REFUND
12615,10033,2026-02-11 04:16:25.000000,36.98,0.0,1,0,36.98,0.0,0.0,NO REFUND
15202,12124,2021-11-09 11:36:21.000000,77.02,0.0,2,0,77.02,0.0,0.0,NO REFUND
44091,35183,2026-01-28 17:01:09.000000,331.99,0.0,3,0,331.99,0.0,0.0,NO REFUND
119291,95471,2025-10-23 21:33:32.000000,37.99,0.0,1,0,37.99,0.0,0.0,NO REFUND
53899,43044,2025-10-22 19:18:39.000000,347.95,0.0,3,0,347.95,0.0,0.0,NO REFUND
60752,48511,2022-09-09 11:53:49.000000,38.0,0.0,1,0,38.0,0.0,0.0,NO REFUND
49006,39100,2024-12-10 18:09:23.000000,88.9,0.0,2,0,88.9,0.0,0.0,NO REFUND
60475,48300,2026-06-12 23:43:20.000000,171.99,0.0,2,0,171.99,0.0,0.0,NO REFUND
29191,23333,2022-12-18 18:48:16.000000,39.6,0.0,1,0,39.6,0.0,0.0,NO REFUND
34769,27775,2021-09-06 01:56:32.000000,39.88,0.0,1,0,39.88,0.0,0.0,NO REFUND
41733,33285,2026-01-06 16:14:44.000000,39.9,0.0,1,0,39.9,0.0,0.0,NO REFUND
3722,2957,2024-10-12 11:14:02.000000,39.95,39.95,1,1,0.0,1.0,1.0,FULLY REFUNDED
84106,67316,2023-07-11 11:53:36.000000,39.99,0.0,1,0,39.99,0.0,0.0,NO REFUND
115523,92486,2020-06-15 06:49:56.000000,187.99,0.0,2,0,187.99,0.0,0.0,NO REFUND
38016,30344,2025-07-27 07:13:02.000000,83.99,0.0,2,0,83.99,0.0,0.0,NO REFUND
100423,80533,2026-03-09 13:29:42.000000,94.98,0.0,2,0,94.98,0.0,0.0,NO REFUND
106189,85101,2025-05-25 22:13:38.000000,130.98,130.98,3,3,0.0,1.0,1.0,FULLY REFUNDED
29264,23388,2021-08-08 12:51:12.000000,39.99,0.0,1,0,39.99,0.0,0.0,NO REFUND
42390,33821,2023-08-10 08:15:11.000000,39.99,0.0,1,0,39.99,0.0,0.0,NO REFUND
41179,32860,2024-01-22 13:54:53.000000,40.28,0.0,1,0,40.28,0.0,0.0,NO REFUND
114864,91983,2025-04-04 08:35:20.000000,41.99,0.0,1,0,41.99,0.0,0.0,NO REFUND
92123,73765,2026-05-15 19:23:24.000000,42.0,0.0,1,0,42.0,0.0,0.0,NO REFUND
95486,76532,2024-06-21 09:09:53.000000,42.99,0.0,1,0,42.99,0.0,0.0,NO REFUND
92498,74070,2025-07-21 07:22:38.000000,346.63,0.0,4,0,346.63,0.0,0.0,NO REFUND
38733,30942,2021-02-10 12:20:50.000000,43.14,0.0,1,0,43.14,0.0,0.0,NO REFUND
48709,38884,2024-07-27 09:22:48.000000,193.0,0.0,2,0,193.0,0.0,0.0,NO REFUND
75740,60569,2025-06-30 12:30:08.000000,196.01,0.0,4,0,196.01,0.0,0.0,NO REFUND
97576,78208,2026-06-13 23:11:15.000000,44.0,0.0,1,0,44.0,0.0,0.0,NO REFUND
66013,52762,2024-02-06 00:24:07.000000,93.99,0.0,2,0,93.99,0.0,0.0,NO REFUND
61276,48951,2020-12-04 12:50:17.000000,370.82,0.0,4,0,370.82,0.0,0.0,NO REFUND
39560,31592,2021-06-02 20:32:02.000000,44.51,0.0,1,0,44.51,0.0,0.0,NO REFUND
30845,24621,2021-04-06 23:37:59.000000,44.93,0.0,1,0,44.93,0.0,0.0,NO REFUND
44005,35111,2025-11-22 20:02:04.000000,178.95,0.0,3,0,178.95,0.0,0.0,NO REFUND
19687,15722,2025-05-13 16:59:42.000000,44.99,0.0,1,0,44.99,0.0,0.0,NO REFUND
5951,4719,2026-02-23 02:25:53.000000,44.99,44.99,1,1,0.0,1.0,1.0,FULLY REFUNDED
79947,63902,2023-05-10 11:45:10.000000,44.99,0.0,1,0,44.99,0.0,0.0,NO REFUND
35378,28244,2019-06-07 13:02:24.000000,45.0,0.0,1,0,45.0,0.0,0.0,NO REFUND
106591,85430,2026-05-30 10:28:26.000000,45.0,0.0,1,0,45.0,0.0,0.0,NO REFUND
32141,25658,2026-01-05 05:23:48.000000,45.0,0.0,1,0,45.0,0.0,0.0,NO REFUND
65341,52188,2025-12-19 18:42:22.000000,45.95,0.0,1,0,45.95,0.0,0.0,NO REFUND
110228,88294,2026-05-24 05:49:35.000000,45.95,0.0,1,0,45.95,0.0,0.0,NO REFUND
106046,84984,2025-11-10 07:52:36.000000,46.5,0.0,1,0,46.5,0.0,0.0,NO REFUND
56674,45282,2022-05-18 02:31:06.000000,46.5,0.0,1,0,46.5,0.0,0.0,NO REFUND
40546,32369,2022-09-20 21:30:36.000000,46.5,46.5,1,1,0.0,1.0,1.0,FULLY REFUNDED
62660,50065,2025-12-10 01:57:50.000000,46.95,0.0,1,0,46.95,0.0,0.0,NO REFUND
21503,17185,2023-03-27 02:23:56.000000,47.07,0.0,1,0,47.07,0.0,0.0,NO REFUND
59128,47255,2022-12-09 02:40:01.000000,48.0,0.0,1,0,48.0,0.0,0.0,NO REFUND
91725,73438,2025-08-20 02:18:31.000000,48.0,0.0,1,0,48.0,0.0,0.0,NO REFUND
20423,16329,2026-02-17 16:53:50.000000,48.98,0.0,1,0,48.98,0.0,0.0,NO REFUND
53693,42872,2025-08-21 23:11:54.000000,49.5,0.0,1,0,49.5,0.0,0.0,NO REFUND
99287,79606,2023-01-25 10:34:48.000000,206.99,0.0,3,0,206.99,0.0,0.0,NO REFUND
12712,10102,2025-11-22 16:48:43.000000,227.94,0.0,2,0,227.94,0.0,0.0,NO REFUND
80123,64049,2024-04-28 13:05:05.000000,49.95,0.0,1,0,49.95,0.0,0.0,NO REFUND
23826,19037,2020-05-21 14:29:45.000000,49.99,0.0,1,0,49.99,0.0,0.0,NO REFUND
38456,30699,2025-11-10 22:50:08.000000,49.99,0.0,1,0,49.99,0.0,0.0,NO REFUND
111606,89388,2025-05-15 05:58:27.000000,49.99,0.0,1,0,49.99,0.0,0.0,NO REFUND
110912,88826,2022-02-02 17:39:49.000000,125.99,0.0,2,0,125.99,0.0,0.0,NO REFUND
15414,12293,2019-12-28 03:33:21.000000,49.99,0.0,1,0,49.99,0.0,0.0,NO REFUND
102619,82273,2023-12-31 20:26:13.000000,49.99,0.0,1,0,49.99,0.0,0.0,NO REFUND
80544,64417,2025-09-12 00:47:10.000000,50.0,50.0,1,1,0.0,1.0,1.0,FULLY REFUNDED
64605,51607,2026-06-16 04:58:05.000000,50.99,0.0,1,0,50.99,0.0,0.0,NO REFUND
106963,85711,2025-12-20 13:55:45.000000,178.51,0.0,2,0,178.51,0.0,0.0,NO REFUND
61776,49344,2026-01-21 15:01:00.000000,53.97,0.0,1,0,53.97,0.0,0.0,NO REFUND
61393,49048,2025-08-23 09:13:03.000000,206.0,0.0,2,0,206.0,0.0,0.0,NO REFUND
116109,92963,2024-07-18 11:35:10.000000,54.0,0.0,1,0,54.0,0.0,0.0,NO REFUND
19482,15554,2022-12-15 01:33:17.000000,54.0,0.0,1,0,54.0,0.0,0.0,NO REFUND
82968,66382,2021-06-09 02:33:59.000000,54.5,0.0,1,0,54.5,0.0,0.0,NO REFUND
76245,60966,2025-02-15 19:44:28.000000,54.5,0.0,1,0,54.5,0.0,0.0,NO REFUND
7625,6106,2024-08-31 04:21:32.000000,115.0,0.0,2,0,115.0,0.0,0.0,NO REFUND
114637,91809,2024-11-27 14:28:19.000000,55.0,0.0,1,0,55.0,0.0,0.0,NO REFUND
34724,27733,2025-12-18 13:15:18.000000,119.99,0.0,2,0,119.99,0.0,0.0,NO REFUND
105774,84779,2024-04-27 06:25:54.000000,55.0,0.0,1,0,55.0,0.0,0.0,NO REFUND
50736,40541,2024-03-19 00:43:35.000000,55.0,55.0,1,1,0.0,1.0,1.0,FULLY REFUNDED
21887,17469,2020-11-18 00:56:03.000000,55.0,0.0,1,0,55.0,0.0,0.0,NO REFUND
101713,81550,2025-06-03 10:07:43.000000,55.5,0.0,1,0,55.5,0.0,0.0,NO REFUND
18624,14840,2026-03-06 02:35:26.000000,57.0,0.0,1,0,57.0,0.0,0.0,NO REFUND
108902,87234,2021-10-20 07:19:47.000000,335.93,0.0,4,0,335.93,0.0,0.0,NO REFUND
59415,47475,2026-01-03 03:06:29.000000,57.99,57.99,1,1,0.0,1.0,1.0,FULLY REFUNDED
37163,29670,2025-08-09 18:35:25.000000,57.99,0.0,1,0,57.99,0.0,0.0,NO REFUND
106694,85507,2025-12-23 04:54:58.000000,147.95,147.95,2,2,0.0,1.0,1.0,FULLY REFUNDED
59772,47743,2023-04-09 01:54:07.000000,122.5,0.0,2,0,122.5,0.0,0.0,NO REFUND
88371,70699,2024-09-29 13:24:45.000000,58.99,58.99,1,1,0.0,1.0,1.0,FULLY REFUNDED
90606,72505,2026-05-30 17:46:07.000000,59.0,0.0,1,0,59.0,0.0,0.0,NO REFUND
22997,18368,2025-12-24 00:32:10.000000,59.0,0.0,1,0,59.0,0.0,0.0,NO REFUND
103875,83277,2026-02-21 03:02:34.000000,60.0,0.0,1,0,60.0,0.0,0.0,NO REFUND
74696,59731,2023-03-07 07:21:07.000000,60.99,0.0,1,0,60.99,0.0,0.0,NO REFUND
90078,72079,2021-12-02 14:08:20.000000,63.65,0.0,1,0,63.65,0.0,0.0,NO REFUND
90752,72632,2026-01-13 20:40:47.000000,64.5,0.0,1,0,64.5,0.0,0.0,NO REFUND
42303,33748,2025-09-17 08:13:47.000000,64.95,0.0,1,0,64.95,0.0,0.0,NO REFUND
65805,52579,2024-08-21 09:11:59.000000,162.94,0.0,2,0,162.94,0.0,0.0,NO REFUND
4962,3914,2026-03-03 12:32:26.000000,65.0,0.0,1,0,65.0,0.0,0.0,NO REFUND
10507,8360,2024-11-22 09:21:47.000000,66.0,0.0,1,0,66.0,0.0,0.0,NO REFUND
53446,42675,2023-09-01 01:10:24.000000,68.0,0.0,1,0,68.0,0.0,0.0,NO REFUND
86331,69119,2025-03-25 14:50:08.000000,68.0,0.0,1,0,68.0,0.0,0.0,NO REFUND
116991,93678,2026-04-30 05:50:28.000000,68.0,0.0,1,0,68.0,0.0,0.0,NO REFUND
92424,73999,2025-07-17 14:54:06.000000,68.69,0.0,1,0,68.69,0.0,0.0,NO REFUND
47611,38033,2025-09-01 03:04:38.000000,332.62,0.0,4,0,332.62,0.0,0.0,NO REFUND
111180,89047,2026-06-13 07:35:30.260428,69.5,0.0,1,0,69.5,0.0,0.0,NO REFUND
121684,97419,2024-05-20 14:54:12.000000,69.5,0.0,1,0,69.5,0.0,0.0,NO REFUND
38432,30681,2021-12-11 01:20:56.000000,187.69,0.0,2,0,187.69,0.0,0.0,NO REFUND
20833,16649,2026-01-01 19:43:03.000000,145.55,0.0,2,0,145.55,0.0,0.0,NO REFUND
13056,10368,2026-02-06 14:01:18.000000,70.0,70.0,1,1,0.0,1.0,1.0,FULLY REFUNDED
101241,81169,2021-12-13 10:46:00.000000,461.6,0.0,2,0,461.6,0.0,0.0,NO REFUND
96209,77124,2025-05-24 16:49:54.000000,70.4,0.0,1,0,70.4,0.0,0.0,NO REFUND
115755,92667,2026-04-29 18:41:39.000000,70.74,0.0,1,0,70.74,0.0,0.0,NO REFUND
22832,18238,2026-06-04 17:54:37.000000,70.74,0.0,1,0,70.74,0.0,0.0,NO REFUND
22575,18025,2024-09-06 13:42:33.000000,72.0,72.0,1,1,0.0,1.0,1.0,FULLY REFUNDED
85430,68368,2025-06-01 06:42:43.000000,75.0,0.0,1,0,75.0,0.0,0.0,NO REFUND
77927,62302,2020-01-30 18:32:12.000000,157.5,0.0,2,0,157.5,0.0,0.0,NO REFUND
64189,51294,2025-10-11 15:36:23.000000,157.0,0.0,2,0,157.0,0.0,0.0,NO REFUND
103581,83053,2026-06-16 06:52:15.824213,78.0,0.0,1,0,78.0,0.0,0.0,NO REFUND
44287,35328,2024-11-14 07:39:05.000000,79.0,0.0,1,0,79.0,0.0,0.0,NO REFUND
27856,22267,2026-06-02 09:04:06.000000,79.0,0.0,1,0,79.0,0.0,0.0,NO REFUND
58533,46772,2026-02-27 20:17:42.000000,79.5,0.0,1,0,79.5,0.0,0.0,NO REFUND
88224,70576,2022-10-19 13:37:18.000000,79.5,79.5,1,1,0.0,1.0,1.0,FULLY REFUNDED
25256,20160,2023-01-23 14:22:16.000000,189.94,0.0,2,0,189.94,0.0,0.0,NO REFUND
59469,47532,2025-10-26 03:42:30.000000,80.99,0.0,1,0,80.99,0.0,0.0,NO REFUND
87121,69729,2023-05-17 22:14:39.000000,81.38,0.0,1,0,81.38,0.0,0.0,NO REFUND
33393,26628,2025-06-23 13:42:16.000000,206.88,0.0,2,0,206.88,0.0,0.0,NO REFUND
105557,84616,2024-10-02 14:23:52.000000,85.0,0.0,1,0,85.0,0.0,0.0,NO REFUND
47619,38038,2025-06-30 21:12:47.000000,88.0,88.0,1,1,0.0,1.0,1.0,FULLY REFUNDED
72169,57709,2025-12-31 11:32:55.000000,88.0,88.0,1,1,0.0,1.0,1.0,FULLY REFUNDED
109092,87405,2026-01-01 17:00:46.000000,89.0,0.0,1,0,89.0,0.0,0.0,NO REFUND
49452,39460,2024-09-29 21:25:28.000000,89.5,0.0,1,0,89.5,0.0,0.0,NO REFUND
84473,67589,2024-01-03 14:24:09.000000,90.0,0.0,1,0,90.0,0.0,0.0,NO REFUND
68429,54754,2025-09-02 10:52:08.000000,90.45,0.0,1,0,90.45,0.0,0.0,NO REFUND
6801,5421,2023-11-10 13:31:23.000000,98.0,0.0,1,0,98.0,0.0,0.0,NO REFUND
75703,60538,2023-09-12 10:07:25.000000,98.0,0.0,1,0,98.0,0.0,0.0,NO REFUND
93584,74997,2020-01-29 13:14:53.000000,98.0,98.0,1,1,0.0,1.0,1.0,FULLY REFUNDED
60590,48387,2021-03-09 20:01:41.000000,98.0,0.0,1,0,98.0,0.0,0.0,NO REFUND
26727,21359,2025-03-22 22:48:31.000000,98.95,98.95,1,1,0.0,1.0,1.0,FULLY REFUNDED
8964,7160,2022-06-13 14:31:11.000000,99.0,0.0,1,0,99.0,0.0,0.0,NO REFUND
122117,97759,2022-08-06 04:10:51.000000,99.0,0.0,1,0,99.0,0.0,0.0,NO REFUND
66458,53136,2026-06-15 23:15:14.000000,99.99,0.0,1,0,99.99,0.0,0.0,NO REFUND
76337,61032,2026-05-15 20:32:28.000000,103.13,0.0,1,0,103.13,0.0,0.0,NO REFUND
27763,22200,2022-12-05 13:29:20.000000,108.5,0.0,1,0,108.5,0.0,0.0,NO REFUND
30237,24152,2026-05-14 03:46:40.000000,117.7,117.7,1,1,0.0,1.0,1.0,FULLY REFUNDED
25342,20245,2026-02-18 08:48:22.000000,119.0,0.0,1,0,119.0,0.0,0.0,NO REFUND
9820,7829,2020-05-03 17:32:57.000000,125.0,0.0,1,0,125.0,0.0,0.0,NO REFUND
776,618,2025-08-18 07:37:52.000000,127.51,0.0,1,0,127.51,0.0,0.0,NO REFUND
1365,1085,2023-10-03 00:06:07.000000,132.0,0.0,1,0,132.0,0.0,0.0,NO REFUND
75204,60146,2019-10-06 03:06:22.000000,132.0,0.0,1,0,132.0,0.0,0.0,NO REFUND
84590,67673,2021-11-23 20:38:27.000000,142.78,0.0,1,0,142.78,0.0,0.0,NO REFUND
41203,32880,2026-05-11 13:50:22.000000,148.0,0.0,1,0,148.0,0.0,0.0,NO REFUND
11201,8911,2026-06-11 05:44:53.070456,149.0,0.0,1,0,149.0,0.0,0.0,NO REFUND
67781,54242,2024-04-28 20:00:17.000000,149.99,0.0,1,0,149.99,0.0,0.0,NO REFUND
35952,28679,2025-09-20 07:20:39.000000,150.0,0.0,1,0,150.0,0.0,0.0,NO REFUND
50740,40544,2024-09-23 18:47:27.000000,159.95,0.0,1,0,159.95,0.0,0.0,NO REFUND
115655,92585,2026-03-11 10:05:14.000000,161.0,0.0,1,0,161.0,0.0,0.0,NO REFUND
68612,54901,2025-10-15 03:16:31.000000,169.0,0.0,1,0,169.0,0.0,0.0,NO REFUND
73865,59080,2023-11-29 12:58:35.000000,169.0,0.0,1,0,169.0,0.0,0.0,NO REFUND
42737,34104,2026-04-28 23:51:31.000000,178.0,0.0,1,0,178.0,0.0,0.0,NO REFUND
49092,39154,2025-09-06 08:34:11.000000,178.0,0.0,1,0,178.0,0.0,0.0,NO REFUND
9169,7309,2021-06-07 18:40:15.000000,178.0,178.0,1,1,0.0,1.0,1.0,FULLY REFUNDED
59963,47895,2025-02-04 07:28:21.000000,179.99,0.0,1,0,179.99,0.0,0.0,NO REFUND
118663,94992,2026-01-23 08:18:36.000000,199.0,0.0,1,0,199.0,0.0,0.0,NO REFUND
86541,69293,2023-11-11 19:52:05.000000,220.0,0.0,1,0,220.0,0.0,0.0,NO REFUND
23844,19053,2022-06-27 00:15:59.000000,279.99,0.0,1,0,279.99,0.0,0.0,NO REFUND
86447,69218,2023-11-24 17:37:44.000000,286.0,0.0,1,0,286.0,0.0,0.0,NO REFUND
36764,29346,2023-12-18 13:01:29.000000,299.0,0.0,1,0,299.0,0.0,0.0,NO REFUND
20657,16511,2025-12-04 23:54:55.000000,319.99,0.0,1,0,319.99,0.0,0.0,NO REFUND
91714,73431,2025-11-01 08:20:12.000000,319.99,0.0,1,0,319.99,0.0,0.0,NO REFUND
-5,47573,2026-06-16 15:34:00.000000,70.0,0.0,1,0,70.0,0.0,0.0,NO REFUND
-18,86111,2026-06-16 11:28:00.000000,161.0,0.0,2,0,161.0,0.0,0.0,NO REFUND
-20,21954,2026-06-16 14:52:00.000000,192.0,0.0,1,0,192.0,0.0,0.0,NO REFUND
-43,45564,2026-06-16 16:53:00.000000,273.0,83.0,3,1,190.0,0.304,0.3333,PARTIALLY REFUNDED
-56,71369,2026-06-16 14:01:00.000000,251.0,0.0,2,0,251.0,0.0,0.0,NO REFUND
-58,43782,2026-06-16 13:15:00.000000,63.0,63.0,1,1,0.0,1.0,1.0,FULLY REFUNDED
-60,17598,2026-06-16 14:01:00.000000,105.0,105.0,1,1,0.0,1.0,1.0,FULLY REFUNDED
-81,67015,2026-06-16 09:12:00.000000,341.0,0.0,3,0,341.0,0.0,0.0,NO REFUND
-94,32558,2026-06-16 16:32:00.000000,249.0,249.0,2,2,0.0,1.0,1.0,FULLY REFUNDED
-98,88137,2026-06-16 14:19:00.000000,165.0,0.0,1,0,165.0,0.0,0.0,NO REFUND
-101,80040,2026-06-16 09:37:00.000000,120.0,0.0,1,0,120.0,0.0,0.0,NO REFUND
-102,16103,2026-06-16 12:31:00.000000,88.0,0.0,1,0,88.0,0.0,0.0,NO REFUND
-160,18561,2026-06-16 15:20:00.000000,364.0,106.0,3,1,258.0,0.2912,0.3333,PARTIALLY REFUNDED
-162,94811,2026-06-16 15:40:00.000000,158.0,0.0,2,0,158.0,0.0,0.0,NO REFUND
-165,30714,2026-06-16 09:16:00.000000,245.0,0.0,2,0,245.0,0.0,0.0,NO REFUND
-169,12564,2026-06-16 13:54:00.000000,254.0,152.0,3,1,102.0,0.5984,0.3333,PARTIALLY REFUNDED
-192,59872,2026-06-16 15:51:00.000000,112.0,112.0,2,2,0.0,1.0,1.0,FULLY REFUNDED
-194,18191,2026-06-16 13:44:00.000000,89.0,0.0,1,0,89.0,0.0,0.0,NO REFUND
-203,14633,2026-06-16 09:14:00.000000,135.0,0.0,2,0,135.0,0.0,0.0,NO REFUND
-233,22387,2026-06-16 16:58:00.000000,125.0,99.0,2,1,26.0,0.792,0.5,PARTIALLY REFUNDED
-263,43118,2026-06-16 14:02:00.000000,432.0,172.0,3,1,260.0,0.3981,0.3333,PARTIALLY REFUNDED
-270,87232,2026-06-16 12:15:00.000000,386.0,0.0,3,0,386.0,0.0,0.0,NO REFUND
46986,37539,2026-04-28 21:40:36.000000,94.9,0.0,3,0,94.9,0.0,0.0,NO REFUND
83893,67147,2025-04-03 01:18:05.000000,49.39,0.0,3,0,49.39,0.0,0.0,NO REFUND
93432,74878,2024-09-24 02:31:11.000000,32.45,0.0,2,0,32.45,0.0,0.0,NO REFUND
34242,27320,2025-07-20 19:16:21.000000,121.79,0.0,4,0,121.79,0.0,0.0,NO REFUND
9903,7897,2025-04-20 03:03:38.000000,3.8,0.0,1,0,3.8,0.0,0.0,NO REFUND
20212,16150,2023-09-03 15:52:03.000000,78.73,0.0,4,0,78.73,0.0,0.0,NO REFUND
72292,57808,2026-02-16 02:55:11.000000,177.89,0.0,3,0,177.89,0.0,0.0,NO REFUND
34951,27923,2026-01-23 22:34:34.000000,169.49,0.0,3,0,169.49,0.0,0.0,NO REFUND
55082,44000,2026-05-20 13:51:43.000000,203.97,0.0,2,0,203.97,0.0,0.0,NO REFUND
55109,44022,2022-09-21 09:44:54.000000,30.81,0.0,2,0,30.81,0.0,0.0,NO REFUND
118809,95100,2026-04-28 07:10:08.000000,42.95,0.0,3,0,42.95,0.0,0.0,NO REFUND
18290,14566,2024-09-04 02:12:46.000000,6.99,0.0,1,0,6.99,0.0,0.0,NO REFUND
29465,23546,2025-10-29 23:48:27.000000,108.44,0.0,4,0,108.44,0.0,0.0,NO REFUND
40117,32032,2024-07-26 03:08:17.000000,7.0,0.0,1,0,7.0,0.0,0.0,NO REFUND
37891,30246,2023-08-09 17:28:58.000000,202.0,0.0,4,0,202.0,0.0,0.0,NO REFUND
58515,46756,2026-02-25 22:51:08.000000,150.7,0.0,4,0,150.7,0.0,0.0,NO REFUND
80498,64377,2022-04-03 14:01:16.000000,45.84,0.0,4,0,45.84,0.0,0.0,NO REFUND
66525,53201,2022-06-27 18:25:26.000000,8.0,0.0,1,0,8.0,0.0,0.0,NO REFUND
18782,14975,2025-06-21 02:22:43.000000,117.46,0.0,4,0,117.46,0.0,0.0,NO REFUND
118174,94608,2026-02-01 14:36:13.000000,21.91,21.91,2,2,0.0,1.0,1.0,FULLY REFUNDED
24212,19348,2026-04-17 17:09:00.000000,8.98,8.98,1,1,0.0,1.0,1.0,FULLY REFUNDED
46280,36975,2022-09-29 00:49:42.000000,8.98,8.98,1,1,0.0,1.0,1.0,FULLY REFUNDED
79939,63896,2025-06-04 04:03:24.000000,8.98,8.98,1,1,0.0,1.0,1.0,FULLY REFUNDED
59669,47665,2020-11-10 06:39:20.000000,63.3,0.0,3,0,63.3,0.0,0.0,NO REFUND
73829,59048,2026-03-23 09:27:25.000000,9.03,0.0,1,0,9.03,0.0,0.0,NO REFUND
19572,15621,2023-06-29 22:43:04.000000,9.9,0.0,1,0,9.9,0.0,0.0,NO REFUND
88523,70814,2025-12-03 17:03:02.000000,94.44,0.0,3,0,94.44,0.0,0.0,NO REFUND
7328,5858,2025-04-16 12:25:54.000000,324.44,0.0,4,0,324.44,0.0,0.0,NO REFUND
118019,94485,2024-08-05 00:32:32.000000,30.87,0.0,2,0,30.87,0.0,0.0,NO REFUND
123107,98574,2023-07-28 22:30:06.000000,74.99,74.99,2,2,0.0,1.0,1.0,FULLY REFUNDED
81061,64835,2025-03-18 16:58:00.000000,180.49,0.0,4,0,180.49,0.0,0.0,NO REFUND
110494,88490,2024-10-06 04:41:26.000000,24.61,0.0,2,0,24.61,0.0,0.0,NO REFUND
102008,81779,2026-05-20 06:59:37.000000,56.88,0.0,2,0,56.88,0.0,0.0,NO REFUND
96959,77720,2021-12-25 01:42:41.000000,46.07,0.0,2,0,46.07,0.0,0.0,NO REFUND
14628,11679,2026-06-07 09:57:39.000000,71.5,0.0,4,0,71.5,0.0,0.0,NO REFUND
82198,65788,2022-06-09 20:27:21.000000,35.51,35.51,2,2,0.0,1.0,1.0,FULLY REFUNDED
88163,70526,2024-01-28 15:54:36.000000,29.69,0.0,2,0,29.69,0.0,0.0,NO REFUND
43778,34928,2024-06-07 01:22:13.000000,108.69,0.0,2,0,108.69,0.0,0.0,NO REFUND
104177,83486,2022-10-14 13:18:26.000000,153.24,0.0,4,0,153.24,0.0,0.0,NO REFUND
64539,51557,2023-05-09 06:25:20.000000,134.31,134.31,4,4,0.0,1.0,1.0,FULLY REFUNDED
61491,49120,2026-06-17 18:26:13.697152,49.95,0.0,2,0,49.95,0.0,0.0,NO REFUND
42917,34245,2024-07-10 00:29:58.000000,43.95,0.0,2,0,43.95,0.0,0.0,NO REFUND
118800,95093,2024-03-04 06:33:11.000000,11.99,0.0,1,0,11.99,0.0,0.0,NO REFUND
103344,82872,2024-08-18 04:24:48.000000,12.0,0.0,1,0,12.0,0.0,0.0,NO REFUND
33550,26764,2025-10-11 08:45:02.000000,12.0,0.0,1,0,12.0,0.0,0.0,NO REFUND
46974,37532,2024-07-10 09:01:10.000000,26.99,0.0,2,0,26.99,0.0,0.0,NO REFUND
3116,2492,2019-11-03 20:56:58.000000,476.35,0.0,4,0,476.35,0.0,0.0,NO REFUND
78417,62689,2025-04-05 07:39:41.000000,12.64,0.0,1,0,12.64,0.0,0.0,NO REFUND
74614,59672,2024-03-21 11:16:25.000000,168.23,0.0,4,0,168.23,0.0,0.0,NO REFUND
37384,29856,2026-02-11 17:30:49.000000,216.95,0.0,3,0,216.95,0.0,0.0,NO REFUND
98478,78971,2025-12-29 07:23:52.000000,12.99,0.0,1,0,12.99,0.0,0.0,NO REFUND
85847,68718,2026-05-16 21:04:47.000000,290.94,0.0,3,0,290.94,0.0,0.0,NO REFUND
62094,49612,2023-10-16 14:25:51.000000,72.94,0.0,2,0,72.94,0.0,0.0,NO REFUND
117273,93925,2021-09-18 02:33:42.000000,160.99,0.0,2,0,160.99,0.0,0.0,NO REFUND
85753,68629,2024-01-14 09:01:28.000000,338.09,338.09,4,4,0.0,1.0,1.0,FULLY REFUNDED
55004,43939,2020-10-04 12:26:59.000000,13.5,0.0,1,0,13.5,0.0,0.0,NO REFUND
1953,1567,2025-11-24 15:40:30.000000,75.71,75.71,2,2,0.0,1.0,1.0,FULLY REFUNDED
21848,17436,2025-12-10 01:04:09.000000,56.69,0.0,3,0,56.69,0.0,0.0,NO REFUND
113453,90824,2025-11-21 21:00:08.000000,13.75,0.0,1,0,13.75,0.0,0.0,NO REFUND
37146,29655,2026-06-14 09:48:13.000000,101.78,0.0,4,0,101.78,0.0,0.0,NO REFUND
70948,56742,2022-08-01 00:42:03.000000,13.95,0.0,1,0,13.95,0.0,0.0,NO REFUND
75057,60012,2023-10-24 05:11:28.000000,126.93,126.93,4,4,0.0,1.0,1.0,FULLY REFUNDED
22732,18150,2023-11-21 19:50:51.000000,14.0,0.0,1,0,14.0,0.0,0.0,NO REFUND
33118,26426,2026-01-24 06:04:44.000000,213.95,0.0,3,0,213.95,0.0,0.0,NO REFUND
25397,20293,2026-04-17 06:38:09.000000,32.0,0.0,2,0,32.0,0.0,0.0,NO REFUND
77702,62127,2022-06-14 15:18:52.000000,43.99,0.0,2,0,43.99,0.0,0.0,NO REFUND
70476,56356,2025-03-08 17:16:58.000000,341.51,0.0,4,0,341.51,0.0,0.0,NO REFUND
84422,67548,2022-01-24 00:41:26.000000,34.67,0.0,2,0,34.67,0.0,0.0,NO REFUND
93285,74748,2024-03-31 12:08:12.000000,14.95,0.0,1,0,14.95,0.0,0.0,NO REFUND
51654,41247,2025-11-12 02:44:01.000000,14.95,0.0,1,0,14.95,0.0,0.0,NO REFUND
28112,22469,2025-02-20 23:11:37.000000,14.99,0.0,1,0,14.99,0.0,0.0,NO REFUND
53920,43059,2026-06-08 12:12:18.000000,14.99,0.0,1,0,14.99,0.0,0.0,NO REFUND
56875,45464,2023-04-08 07:26:41.000000,281.23,0.0,4,0,281.23,0.0,0.0,NO REFUND
64493,51525,2023-06-20 03:49:00.000000,46.99,0.0,2,0,46.99,0.0,0.0,NO REFUND
21468,17160,2022-06-06 14:32:22.000000,164.99,0.0,2,0,164.99,0.0,0.0,NO REFUND
44121,35210,2026-05-26 08:03:15.000000,110.59,0.0,4,0,110.59,0.0,0.0,NO REFUND
49156,39211,2022-04-28 07:08:44.000000,54.98,0.0,2,0,54.98,0.0,0.0,NO REFUND
88147,70520,2025-11-08 08:15:06.000000,174.94,0.0,2,0,174.94,0.0,0.0,NO REFUND
117632,94197,2026-06-15 18:25:26.634624,15.0,0.0,1,0,15.0,0.0,0.0,NO REFUND
71984,57570,2025-09-11 21:16:15.000000,105.45,0.0,2,0,105.45,0.0,0.0,NO REFUND
42634,34019,2024-12-11 18:46:20.000000,94.86,0.0,2,0,94.86,0.0,0.0,NO REFUND
91963,73643,2025-08-28 21:38:12.000000,169.99,0.0,3,0,169.99,0.0,0.0,NO REFUND
51413,41051,2023-03-24 05:07:11.000000,115.98,0.0,2,0,115.98,0.0,0.0,NO REFUND
33102,26408,2019-08-09 14:45:10.000000,522.0,0.0,4,0,522.0,0.0,0.0,NO REFUND
113712,91035,2022-10-31 07:19:38.000000,36.94,0.0,2,0,36.94,0.0,0.0,NO REFUND
120630,96556,2023-06-03 12:49:46.000000,176.97,0.0,3,0,176.97,0.0,0.0,NO REFUND
68357,54697,2021-02-28 02:13:13.000000,16.99,0.0,1,0,16.99,0.0,0.0,NO REFUND
8872,7087,2022-07-17 17:39:29.000000,177.44,0.0,4,0,177.44,0.0,0.0,NO REFUND
56598,45216,2024-08-23 00:05:25.000000,215.0,0.0,2,0,215.0,0.0,0.0,NO REFUND
57892,46265,2023-11-26 19:41:35.000000,63.19,0.0,2,0,63.19,0.0,0.0,NO REFUND
103462,82962,2026-05-30 20:40:38.000000,103.49,103.49,3,3,0.0,1.0,1.0,FULLY REFUNDED
119979,96038,2025-02-26 15:36:28.000000,151.05,0.0,2,0,151.05,0.0,0.0,NO REFUND
61847,49388,2025-09-20 00:48:31.000000,17.56,17.56,1,1,0.0,1.0,1.0,FULLY REFUNDED
307,246,2025-06-03 00:24:00.000000,105.9,0.0,2,0,105.9,0.0,0.0,NO REFUND
74045,59227,2021-08-13 06:36:54.000000,17.9,0.0,1,0,17.9,0.0,0.0,NO REFUND
73665,58921,2026-03-05 05:06:31.000000,76.88,0.0,3,0,76.88,0.0,0.0,NO REFUND
100506,80595,2025-08-12 03:04:34.000000,58.44,0.0,2,0,58.44,0.0,0.0,NO REFUND
72340,57841,2026-01-23 07:30:49.000000,199.99,0.0,4,0,199.99,0.0,0.0,NO REFUND
75915,60711,2025-12-02 01:47:05.000000,62.9,0.0,2,0,62.9,0.0,0.0,NO REFUND
115276,92291,2023-05-23 02:51:54.000000,316.49,0.0,3,0,316.49,0.0,0.0,NO REFUND
118331,94733,2024-03-14 23:30:02.000000,66.0,0.0,2,0,66.0,0.0,0.0,NO REFUND
66702,53332,2025-06-16 17:25:38.000000,149.93,149.93,4,4,0.0,1.0,1.0,FULLY REFUNDED
63321,50602,2025-06-26 02:50:06.000000,365.85,0.0,4,0,365.85,0.0,0.0,NO REFUND
74405,59502,2025-01-07 06:52:54.000000,144.96,0.0,3,0,144.96,0.0,0.0,NO REFUND
11100,8845,2025-11-04 21:54:07.000000,91.37,91.37,3,3,0.0,1.0,1.0,FULLY REFUNDED
7708,6172,2021-07-17 21:21:35.000000,63.99,0.0,2,0,63.99,0.0,0.0,NO REFUND
63300,50585,2026-06-08 22:20:18.000000,18.99,0.0,1,0,18.99,0.0,0.0,NO REFUND
30407,24279,2022-12-11 07:13:54.000000,19.99,0.0,1,0,19.99,0.0,0.0,NO REFUND
65516,52327,2023-02-06 00:09:47.000000,47.49,0.0,2,0,47.49,0.0,0.0,NO REFUND
96813,77620,2021-10-19 02:16:29.000000,97.37,0.0,2,0,97.37,0.0,0.0,NO REFUND
31808,25411,2025-04-06 18:19:17.000000,117.99,0.0,2,0,117.99,0.0,0.0,NO REFUND
1745,1393,2024-11-01 13:20:31.000000,79.49,0.0,2,0,79.49,0.0,0.0,NO REFUND
4490,3552,2024-12-09 01:16:34.000000,104.99,0.0,2,0,104.99,0.0,0.0,NO REFUND
39420,31495,2026-06-11 20:28:49.000000,183.49,0.0,4,0,183.49,0.0,0.0,NO REFUND
66047,52789,2025-01-10 06:40:40.000000,19.99,0.0,1,0,19.99,0.0,0.0,NO REFUND
33194,26488,2026-02-06 11:34:31.000000,20.0,0.0,1,0,20.0,0.0,0.0,NO REFUND
50609,40445,2026-06-10 18:06:30.000000,264.97,0.0,4,0,264.97,0.0,0.0,NO REFUND
2575,2051,2025-11-23 14:11:07.000000,20.0,0.0,1,0,20.0,0.0,0.0,NO REFUND
1646,1294,2025-09-13 17:41:48.000000,20.0,0.0,1,0,20.0,0.0,0.0,NO REFUND
67592,54073,2026-06-15 22:48:30.587690,139.0,0.0,4,0,139.0,0.0,0.0,NO REFUND
30471,24328,2024-08-18 20:03:46.000000,190.93,190.93,2,2,0.0,1.0,1.0,FULLY REFUNDED
88779,71033,2022-02-26 21:52:08.000000,238.95,0.0,4,0,238.95,0.0,0.0,NO REFUND
97342,78023,2020-12-07 12:59:16.000000,20.99,0.0,1,0,20.99,0.0,0.0,NO REFUND
108107,86604,2026-04-09 20:18:27.000000,144.88,0.0,4,0,144.88,0.0,0.0,NO REFUND
52603,41977,2025-09-29 02:01:55.000000,21.95,0.0,1,0,21.95,0.0,0.0,NO REFUND
84387,67522,2024-09-08 19:28:24.000000,289.95,0.0,2,0,289.95,0.0,0.0,NO REFUND
76069,60835,2025-11-26 14:35:20.000000,116.95,0.0,3,0,116.95,0.0,0.0,NO REFUND
114516,91712,2023-09-27 06:07:07.000000,21.95,0.0,1,0,21.95,0.0,0.0,NO REFUND
58640,46857,2025-03-12 09:21:55.000000,46.94,0.0,2,0,46.94,0.0,0.0,NO REFUND
90376,72325,2025-02-06 06:04:16.000000,21.99,0.0,1,0,21.99,0.0,0.0,NO REFUND
63466,50717,2025-06-27 00:18:21.000000,84.39,0.0,3,0,84.39,0.0,0.0,NO REFUND
42859,34201,2025-06-03 23:54:07.000000,22.5,0.0,1,0,22.5,0.0,0.0,NO REFUND
100887,80885,2023-06-21 13:08:22.000000,22.88,22.88,1,1,0.0,1.0,1.0,FULLY REFUNDED
77337,61819,2022-08-10 22:33:43.000000,142.79,0.0,4,0,142.79,0.0,0.0,NO REFUND
124774,99891,2024-06-02 12:56:26.000000,216.98,0.0,4,0,216.98,0.0,0.0,NO REFUND
26834,21437,2023-07-27 11:31:19.000000,22.99,22.99,1,1,0.0,1.0,1.0,FULLY REFUNDED
124073,99367,2025-01-20 13:03:07.000000,118.0,0.0,2,0,118.0,0.0,0.0,NO REFUND
69200,55352,2025-11-22 08:38:14.000000,73.18,0.0,2,0,73.18,0.0,0.0,NO REFUND
62008,49533,2026-06-14 11:44:48.000000,113.69,0.0,2,0,113.69,0.0,0.0,NO REFUND
106851,85623,2022-02-06 05:49:10.000000,116.93,116.93,4,4,0.0,1.0,1.0,FULLY REFUNDED
61638,49234,2023-09-16 11:37:42.000000,270.68,0.0,4,0,270.68,0.0,0.0,NO REFUND
96210,77125,2025-12-23 02:03:35.000000,447.94,0.0,4,0,447.94,0.0,0.0,NO REFUND
5761,4561,2021-08-21 01:15:02.000000,24.0,0.0,1,0,24.0,0.0,0.0,NO REFUND
57847,46232,2025-10-12 10:39:16.000000,49.0,0.0,2,0,49.0,0.0,0.0,NO REFUND
72038,57608,2025-02-19 08:18:58.000000,64.6,0.0,2,0,64.6,0.0,0.0,NO REFUND
102075,81827,2026-03-15 11:42:27.000000,179.99,0.0,4,0,179.99,0.0,0.0,NO REFUND
64475,51510,2026-04-17 03:43:53.000000,24.0,0.0,1,0,24.0,0.0,0.0,NO REFUND
64725,51707,2026-03-17 03:27:03.000000,68.88,0.0,2,0,68.88,0.0,0.0,NO REFUND
25935,20724,2022-05-12 00:37:33.000000,73.9,0.0,2,0,73.9,0.0,0.0,NO REFUND
45937,36683,2022-10-12 16:42:24.000000,24.99,0.0,1,0,24.99,0.0,0.0,NO REFUND
88715,70991,2025-06-16 16:04:35.000000,314.98,0.0,4,0,314.98,0.0,0.0,NO REFUND
18753,14947,2024-08-20 17:29:59.000000,267.91,267.91,3,3,0.0,1.0,1.0,FULLY REFUNDED
20591,16462,2023-09-14 21:53:28.000000,264.91,0.0,4,0,264.91,0.0,0.0,NO REFUND
101590,81455,2021-03-21 18:19:43.000000,274.89,0.0,4,0,274.89,0.0,0.0,NO REFUND
14723,11752,2020-09-17 10:28:07.000000,25.0,0.0,1,0,25.0,0.0,0.0,NO REFUND
26417,21113,2022-05-01 09:17:10.000000,79.5,0.0,2,0,79.5,0.0,0.0,NO REFUND
96990,77744,2026-04-27 19:35:05.000000,104.5,0.0,2,0,104.5,0.0,0.0,NO REFUND
124875,99978,2021-05-08 10:32:21.000000,115.35,0.0,3,0,115.35,0.0,0.0,NO REFUND
24950,19929,2021-01-28 06:10:01.000000,25.0,0.0,1,0,25.0,0.0,0.0,NO REFUND
34285,27356,2025-03-13 23:01:23.000000,25.0,0.0,1,0,25.0,0.0,0.0,NO REFUND
50227,40121,2025-12-27 17:41:37.000000,25.0,0.0,1,0,25.0,0.0,0.0,NO REFUND
57165,45711,2026-03-16 12:07:14.000000,25.0,0.0,1,0,25.0,0.0,0.0,NO REFUND
9648,7699,2023-08-05 09:29:02.000000,278.95,0.0,4,0,278.95,0.0,0.0,NO REFUND
37831,30199,2020-07-12 17:48:49.000000,278.98,0.0,3,0,278.98,0.0,0.0,NO REFUND
41399,33026,2026-04-02 05:01:09.000000,25.0,0.0,1,0,25.0,0.0,0.0,NO REFUND
110096,88177,2025-11-24 16:33:29.000000,164.99,0.0,2,0,164.99,0.0,0.0,NO REFUND
121643,97380,2025-04-18 14:29:43.000000,114.9,0.0,3,0,114.9,0.0,0.0,NO REFUND
30367,24251,2026-02-25 14:53:42.000000,25.2,0.0,1,0,25.2,0.0,0.0,NO REFUND
73562,58842,2025-09-28 18:58:18.000000,63.2,0.0,2,0,63.2,0.0,0.0,NO REFUND
96338,77241,2026-06-15 08:53:22.000000,25.2,0.0,1,0,25.2,0.0,0.0,NO REFUND
2623,2095,2024-05-24 14:27:47.000000,286.72,0.0,4,0,286.72,0.0,0.0,NO REFUND
88758,71020,2026-06-17 00:05:28.707867,86.44,0.0,2,0,86.44,0.0,0.0,NO REFUND
85382,68320,2020-05-17 00:18:40.000000,26.95,0.0,1,0,26.95,0.0,0.0,NO REFUND
89689,71760,2025-06-21 14:59:18.000000,290.96,290.96,4,4,0.0,1.0,1.0,FULLY REFUNDED
1312,1047,2025-05-25 08:43:45.000000,198.94,0.0,4,0,198.94,0.0,0.0,NO REFUND
77341,61822,2026-03-24 01:07:52.000000,88.99,0.0,2,0,88.99,0.0,0.0,NO REFUND
108051,86561,2023-12-28 05:31:32.000000,26.99,0.0,1,0,26.99,0.0,0.0,NO REFUND
22498,17958,2024-12-08 16:56:34.000000,344.5,0.0,4,0,344.5,0.0,0.0,NO REFUND
74781,59791,2020-11-23 04:07:30.000000,96.0,0.0,2,0,96.0,0.0,0.0,NO REFUND
101769,81592,2025-10-20 23:04:08.000000,144.69,0.0,3,0,144.69,0.0,0.0,NO REFUND
38927,31101,2026-01-05 03:18:19.000000,142.94,0.0,3,0,142.94,0.0,0.0,NO REFUND
103624,83087,2025-06-03 20:48:14.000000,28.0,0.0,1,0,28.0,0.0,0.0,NO REFUND
113764,91077,2024-03-26 19:17:13.000000,129.99,0.0,3,0,129.99,0.0,0.0,NO REFUND
62500,49933,2023-11-06 07:23:13.000000,28.49,0.0,1,0,28.49,0.0,0.0,NO REFUND
61973,49502,2023-04-14 10:45:32.000000,29.0,0.0,1,0,29.0,0.0,0.0,NO REFUND
117681,94240,2023-06-03 03:41:05.000000,29.0,0.0,1,0,29.0,0.0,0.0,NO REFUND
84062,67280,2026-03-16 00:44:45.000000,134.0,0.0,2,0,134.0,0.0,0.0,NO REFUND
62144,49642,2025-02-11 00:12:10.000000,167.9,0.0,2,0,167.9,0.0,0.0,NO REFUND
71302,57025,2026-05-18 09:02:22.000000,142.94,0.0,3,0,142.94,0.0,0.0,NO REFUND
37270,29763,2026-03-31 16:14:32.000000,119.99,0.0,2,0,119.99,0.0,0.0,NO REFUND
120278,96275,2026-04-04 08:22:36.000000,29.99,0.0,1,0,29.99,0.0,0.0,NO REFUND
19245,15365,2025-09-26 15:14:29.000000,149.94,0.0,2,0,149.94,0.0,0.0,NO REFUND
13255,10519,2025-11-30 04:00:25.000000,119.9,119.9,2,2,0.0,1.0,1.0,FULLY REFUNDED
77172,61692,2026-04-23 04:47:55.000000,29.99,29.99,1,1,0.0,1.0,1.0,FULLY REFUNDED
76414,61098,2021-11-23 22:52:03.000000,73.99,0.0,2,0,73.99,0.0,0.0,NO REFUND
67083,53655,2026-03-03 00:01:44.000000,157.99,0.0,4,0,157.99,0.0,0.0,NO REFUND
110415,88432,2024-03-31 07:55:10.000000,109.0,0.0,2,0,109.0,0.0,0.0,NO REFUND
73715,58959,2026-06-14 09:41:00.562132,31.68,0.0,1,0,31.68,0.0,0.0,NO REFUND
14316,11412,2025-11-15 19:50:06.000000,31.98,0.0,1,0,31.98,0.0,0.0,NO REFUND
68021,54440,2026-06-05 15:50:46.000000,31.98,0.0,1,0,31.98,0.0,0.0,NO REFUND
28797,23013,2020-01-29 09:57:51.000000,32.0,0.0,1,0,32.0,0.0,0.0,NO REFUND
11783,9361,2024-05-24 03:56:28.000000,82.95,0.0,2,0,82.95,0.0,0.0,NO REFUND
98920,79311,2026-05-08 12:30:59.000000,32.0,0.0,1,0,32.0,0.0,0.0,NO REFUND
122622,98190,2025-03-11 20:58:15.000000,32.5,0.0,1,0,32.5,0.0,0.0,NO REFUND
62188,49676,2025-06-24 07:30:30.000000,68.99,68.99,2,2,0.0,1.0,1.0,FULLY REFUNDED
19389,15473,2026-06-11 07:51:01.965016,80.59,0.0,2,0,80.59,0.0,0.0,NO REFUND
106931,85687,2022-07-18 17:06:35.000000,33.75,0.0,1,0,33.75,0.0,0.0,NO REFUND
7973,6375,2026-05-24 06:14:58.000000,83.94,0.0,2,0,83.94,0.0,0.0,NO REFUND
95351,76424,2026-06-04 00:21:10.000000,318.93,0.0,3,0,318.93,0.0,0.0,NO REFUND
27489,21980,2019-05-16 02:16:41.000000,209.94,0.0,4,0,209.94,0.0,0.0,NO REFUND
28972,23161,2026-06-09 01:44:54.000000,206.95,0.0,4,0,206.95,0.0,0.0,NO REFUND
69609,55664,2021-05-12 05:16:05.000000,99.07,0.0,2,0,99.07,0.0,0.0,NO REFUND
2112,1685,2026-04-28 14:14:47.000000,34.31,0.0,1,0,34.31,0.0,0.0,NO REFUND
15395,12280,2024-12-04 02:33:56.000000,34.45,0.0,1,0,34.45,0.0,0.0,NO REFUND
84683,67755,2025-11-07 04:51:12.000000,34.95,0.0,1,0,34.95,0.0,0.0,NO REFUND
10681,8507,2026-05-11 01:23:37.000000,34.99,0.0,1,0,34.99,0.0,0.0,NO REFUND
16217,12929,2022-06-11 16:01:41.000000,131.99,0.0,3,0,131.99,0.0,0.0,NO REFUND
39716,31715,2025-08-02 10:10:10.000000,130.44,0.0,3,0,130.44,0.0,0.0,NO REFUND
24335,19443,2024-04-06 12:55:00.000000,133.0,0.0,2,0,133.0,0.0,0.0,NO REFUND
75845,60664,2022-06-29 05:15:50.000000,248.44,0.0,4,0,248.44,0.0,0.0,NO REFUND
60134,48018,2026-04-06 08:06:38.000000,35.0,0.0,1,0,35.0,0.0,0.0,NO REFUND
115033,92103,2026-05-08 06:10:20.000000,182.95,0.0,3,0,182.95,0.0,0.0,NO REFUND
35102,28031,2024-08-16 14:10:02.000000,105.99,105.99,2,2,0.0,1.0,1.0,FULLY REFUNDED
29397,23491,2023-05-19 19:14:27.000000,195.99,0.0,2,0,195.99,0.0,0.0,NO REFUND
63471,50723,2021-09-23 01:40:32.000000,91.45,0.0,2,0,91.45,0.0,0.0,NO REFUND
116957,93648,2026-01-16 19:31:58.000000,136.5,0.0,2,0,136.5,0.0,0.0,NO REFUND
80049,63989,2026-05-29 20:04:22.000000,177.95,0.0,2,0,177.95,0.0,0.0,NO REFUND
73369,58682,2022-06-05 03:33:05.000000,81.79,0.0,2,0,81.79,0.0,0.0,NO REFUND
121022,96889,2023-10-06 21:44:44.000000,38.0,0.0,1,0,38.0,0.0,0.0,NO REFUND
122633,98197,2024-12-28 20:21:21.000000,38.0,0.0,1,0,38.0,0.0,0.0,NO REFUND
5100,4039,2024-11-28 14:15:51.000000,38.5,0.0,1,0,38.5,0.0,0.0,NO REFUND
11389,9054,2026-04-19 08:17:11.000000,108.9,0.0,2,0,108.9,0.0,0.0,NO REFUND
64559,51571,2026-03-20 00:46:38.000000,39.0,0.0,1,0,39.0,0.0,0.0,NO REFUND
81198,64955,2022-10-28 04:03:30.000000,39.45,0.0,1,0,39.45,0.0,0.0,NO REFUND
80369,64271,2023-11-08 02:19:18.000000,233.45,0.0,2,0,233.45,0.0,0.0,NO REFUND
99491,79798,2023-12-14 20:31:55.000000,39.5,0.0,1,0,39.5,0.0,0.0,NO REFUND
77449,61916,2021-09-12 05:50:12.000000,133.95,0.0,3,0,133.95,0.0,0.0,NO REFUND
12203,9720,2026-02-09 01:35:08.000000,102.24,0.0,2,0,102.24,0.0,0.0,NO REFUND
56136,44855,2024-04-26 04:39:13.000000,174.88,0.0,2,0,174.88,0.0,0.0,NO REFUND
94507,75748,2022-08-08 10:31:27.000000,39.9,0.0,1,0,39.9,0.0,0.0,NO REFUND
71438,57137,2025-10-18 08:10:07.000000,99.94,0.0,2,0,99.94,0.0,0.0,NO REFUND
64426,51470,2026-06-15 06:24:37.094003,149.94,0.0,3,0,149.94,0.0,0.0,NO REFUND
80221,64129,2025-03-02 11:11:06.000000,303.97,0.0,2,0,303.97,0.0,0.0,NO REFUND
113906,91193,2023-01-09 16:14:10.000000,39.99,0.0,1,0,39.99,0.0,0.0,NO REFUND
117148,93814,2022-01-16 08:36:09.000000,39.99,0.0,1,0,39.99,0.0,0.0,NO REFUND
82672,66143,2024-12-26 16:36:18.000000,82.49,82.49,2,2,0.0,1.0,1.0,FULLY REFUNDED
102551,82214,2025-09-07 17:56:44.000000,204.49,0.0,3,0,204.49,0.0,0.0,NO REFUND
105676,84704,2023-11-05 16:28:02.000000,39.99,0.0,1,0,39.99,0.0,0.0,NO REFUND
37143,29654,2025-06-17 10:53:34.000000,40.0,40.0,1,1,0.0,1.0,1.0,FULLY REFUNDED
35128,28054,2022-12-02 12:27:55.000000,119.95,0.0,2,0,119.95,0.0,0.0,NO REFUND
83448,66785,2026-02-09 11:26:35.000000,40.28,40.28,1,1,0.0,1.0,1.0,FULLY REFUNDED
75577,60444,2026-05-15 03:24:39.000000,426.25,0.0,4,0,426.25,0.0,0.0,NO REFUND
9425,7518,2023-09-16 23:15:07.000000,42.0,42.0,1,1,0.0,1.0,1.0,FULLY REFUNDED
22702,18124,2026-01-24 17:57:17.000000,42.0,0.0,1,0,42.0,0.0,0.0,NO REFUND
50839,40609,2024-04-24 18:34:08.000000,42.5,0.0,1,0,42.5,0.0,0.0,NO REFUND
28714,22954,2025-01-31 20:07:52.000000,42.95,0.0,1,0,42.95,0.0,0.0,NO REFUND
118815,95105,2021-04-23 17:50:32.000000,326.98,0.0,4,0,326.98,0.0,0.0,NO REFUND
24873,19869,2026-04-02 05:18:32.000000,42.99,0.0,1,0,42.99,0.0,0.0,NO REFUND
99868,80111,2026-05-31 13:49:21.000000,42.99,42.99,1,1,0.0,1.0,1.0,FULLY REFUNDED
26617,21273,2023-05-06 00:13:10.000000,43.2,0.0,1,0,43.2,0.0,0.0,NO REFUND
60430,48264,2022-01-18 11:58:23.000000,93.95,0.0,2,0,93.95,0.0,0.0,NO REFUND
112048,89727,2023-07-08 15:00:41.000000,44.0,44.0,1,1,0.0,1.0,1.0,FULLY REFUNDED
42481,33899,2025-03-10 09:30:16.000000,163.13,0.0,2,0,163.13,0.0,0.0,NO REFUND
93087,74567,2023-12-26 03:41:39.000000,309.46,0.0,4,0,309.46,0.0,0.0,NO REFUND
64255,51335,2025-12-18 11:29:21.000000,44.51,0.0,1,0,44.51,0.0,0.0,NO REFUND
32982,26311,2025-12-01 21:18:40.000000,116.98,0.0,2,0,116.98,0.0,0.0,NO REFUND
109564,87781,2026-01-02 05:46:48.000000,383.99,0.0,3,0,383.99,0.0,0.0,NO REFUND
5351,4231,2026-05-13 05:20:24.000000,45.0,0.0,1,0,45.0,0.0,0.0,NO REFUND
65946,52707,2025-01-03 10:33:45.000000,98.0,0.0,2,0,98.0,0.0,0.0,NO REFUND
33294,26559,2025-06-21 04:13:14.000000,171.0,171.0,2,2,0.0,1.0,1.0,FULLY REFUNDED
32036,25588,2026-04-07 13:35:05.000000,45.0,0.0,1,0,45.0,0.0,0.0,NO REFUND
38591,30813,2024-09-20 10:15:46.000000,46.0,0.0,1,0,46.0,0.0,0.0,NO REFUND
71027,56805,2026-05-19 03:52:05.000000,46.88,0.0,1,0,46.88,0.0,0.0,NO REFUND
94598,75823,2026-04-14 15:13:26.000000,130.83,0.0,2,0,130.83,0.0,0.0,NO REFUND
105484,84557,2021-01-10 00:11:30.000000,100.0,0.0,2,0,100.0,0.0,0.0,NO REFUND
88358,70686,2025-09-23 02:45:09.000000,48.0,48.0,1,1,0.0,1.0,1.0,FULLY REFUNDED
73430,58733,2025-09-20 04:17:21.000000,48.99,0.0,1,0,48.99,0.0,0.0,NO REFUND
38966,31138,2023-01-07 14:14:18.000000,289.24,0.0,4,0,289.24,0.0,0.0,NO REFUND
60829,48573,2025-11-10 19:30:47.000000,49.95,0.0,1,0,49.95,0.0,0.0,NO REFUND
100063,80277,2024-12-22 08:43:23.000000,246.4,0.0,4,0,246.4,0.0,0.0,NO REFUND
92809,74349,2026-06-14 02:28:49.702162,49.99,0.0,1,0,49.99,0.0,0.0,NO REFUND
17616,14019,2026-06-02 06:35:52.000000,49.99,49.99,1,1,0.0,1.0,1.0,FULLY REFUNDED
17909,14261,2025-05-04 08:01:56.000000,49.99,49.99,1,1,0.0,1.0,1.0,FULLY REFUNDED
123102,98570,2026-03-25 11:28:18.000000,50.0,0.0,1,0,50.0,0.0,0.0,NO REFUND
34352,27413,2026-03-03 06:22:15.000000,50.0,0.0,1,0,50.0,0.0,0.0,NO REFUND
77979,62340,2026-05-17 18:32:17.000000,273.34,0.0,4,0,273.34,0.0,0.0,NO REFUND
92488,74065,2023-10-12 19:10:36.000000,121.5,0.0,2,0,121.5,0.0,0.0,NO REFUND
123811,99148,2025-03-24 11:25:29.000000,52.0,0.0,1,0,52.0,0.0,0.0,NO REFUND
38804,31001,2023-08-25 23:20:05.000000,53.94,0.0,1,0,53.94,0.0,0.0,NO REFUND
92084,73724,2024-04-09 09:29:20.000000,54.5,0.0,1,0,54.5,0.0,0.0,NO REFUND
103514,82997,2026-06-15 13:08:58.007930,54.95,0.0,1,0,54.95,0.0,0.0,NO REFUND
123735,99083,2023-10-27 10:58:26.000000,264.98,0.0,2,0,264.98,0.0,0.0,NO REFUND
27662,22126,2022-12-19 03:43:10.000000,55.0,0.0,1,0,55.0,0.0,0.0,NO REFUND
47969,38329,2026-03-12 07:20:36.000000,55.0,0.0,1,0,55.0,0.0,0.0,NO REFUND
19355,15450,2026-02-24 22:20:34.000000,55.0,0.0,1,0,55.0,0.0,0.0,NO REFUND
87268,69851,2023-03-26 06:40:50.000000,153.0,0.0,2,0,153.0,0.0,0.0,NO REFUND
105973,84928,2024-02-29 20:27:09.000000,412.5,0.0,3,0,412.5,0.0,0.0,NO REFUND
109737,87911,2023-08-03 13:38:57.000000,55.0,0.0,1,0,55.0,0.0,0.0,NO REFUND
42377,33813,2021-10-02 23:25:01.000000,517.77,0.0,4,0,517.77,0.0,0.0,NO REFUND
65487,52302,2026-04-03 04:14:57.000000,55.65,0.0,1,0,55.65,0.0,0.0,NO REFUND
73123,58484,2026-06-03 20:23:39.000000,180.95,0.0,2,0,180.95,0.0,0.0,NO REFUND
108580,86966,2025-12-29 12:15:26.000000,57.5,0.0,1,0,57.5,0.0,0.0,NO REFUND
32273,25762,2023-04-24 01:33:15.000000,122.95,0.0,2,0,122.95,0.0,0.0,NO REFUND
105155,84278,2021-08-17 12:36:38.000000,57.95,0.0,1,0,57.95,0.0,0.0,NO REFUND
22708,18129,2024-02-03 12:21:08.000000,129.98,0.0,2,0,129.98,0.0,0.0,NO REFUND
59292,47385,2025-04-01 13:22:04.000000,57.99,0.0,1,0,57.99,0.0,0.0,NO REFUND
5871,4648,2025-06-01 10:36:46.000000,117.99,0.0,2,0,117.99,0.0,0.0,NO REFUND
87634,70132,2026-02-13 21:49:20.000000,138.98,0.0,2,0,138.98,0.0,0.0,NO REFUND
4972,3927,2021-10-26 13:37:27.000000,59.45,0.0,1,0,59.45,0.0,0.0,NO REFUND
119843,95928,2026-01-20 17:42:04.000000,59.5,0.0,1,0,59.5,0.0,0.0,NO REFUND
17465,13907,2024-09-14 04:15:45.000000,59.95,0.0,1,0,59.95,0.0,0.0,NO REFUND
52179,41649,2025-08-30 06:27:51.000000,60.0,0.0,1,0,60.0,0.0,0.0,NO REFUND
114282,91515,2020-12-08 23:35:15.000000,60.0,0.0,1,0,60.0,0.0,0.0,NO REFUND
109113,87418,2023-06-08 14:16:41.000000,125.27,0.0,2,0,125.27,0.0,0.0,NO REFUND
77155,61680,2022-07-11 00:44:02.000000,357.29,0.0,4,0,357.29,0.0,0.0,NO REFUND
7347,5875,2022-11-21 05:54:41.000000,304.99,0.0,4,0,304.99,0.0,0.0,NO REFUND
95636,76665,2023-11-10 18:40:13.000000,63.99,0.0,1,0,63.99,0.0,0.0,NO REFUND
92677,74240,2026-06-14 20:30:58.000000,64.95,0.0,1,0,64.95,0.0,0.0,NO REFUND
83777,67037,2023-12-27 10:00:09.000000,64.99,0.0,1,0,64.99,0.0,0.0,NO REFUND
49435,39441,2024-06-07 07:48:07.000000,65.0,0.0,1,0,65.0,0.0,0.0,NO REFUND
38998,31157,2026-04-24 17:12:37.000000,68.0,0.0,1,0,68.0,0.0,0.0,NO REFUND
35220,28117,2025-07-08 05:17:54.000000,68.69,0.0,1,0,68.69,0.0,0.0,NO REFUND
76029,60806,2020-07-23 16:29:05.000000,223.0,0.0,2,0,223.0,0.0,0.0,NO REFUND
48884,39015,2025-11-20 23:48:09.000000,69.5,69.5,1,1,0.0,1.0,1.0,FULLY REFUNDED
51195,40895,2025-03-15 21:44:09.000000,69.5,69.5,1,1,0.0,1.0,1.0,FULLY REFUNDED
36060,28764,2019-08-17 18:42:41.000000,69.5,0.0,1,0,69.5,0.0,0.0,NO REFUND
99197,79545,2026-05-29 12:00:40.000000,69.99,0.0,1,0,69.99,0.0,0.0,NO REFUND
13529,10754,2022-10-23 16:44:08.000000,69.99,0.0,1,0,69.99,0.0,0.0,NO REFUND
39650,31666,2026-04-06 23:35:45.000000,212.99,0.0,2,0,212.99,0.0,0.0,NO REFUND
118512,94879,2025-09-20 15:50:21.000000,69.99,0.0,1,0,69.99,0.0,0.0,NO REFUND
107998,86521,2026-06-13 20:19:33.690160,159.79,0.0,2,0,159.79,0.0,0.0,NO REFUND
100967,80940,2025-08-05 00:22:21.000000,78.0,0.0,1,0,78.0,0.0,0.0,NO REFUND
106337,85237,2024-03-17 01:07:47.000000,78.0,0.0,1,0,78.0,0.0,0.0,NO REFUND
4276,3391,2025-12-12 18:24:29.000000,248.99,0.0,2,0,248.99,0.0,0.0,NO REFUND
109121,87422,2026-05-15 01:43:52.000000,79.5,79.5,1,1,0.0,1.0,1.0,FULLY REFUNDED
55166,44075,2025-01-11 02:18:14.000000,79.99,0.0,1,0,79.99,0.0,0.0,NO REFUND
87606,70112,2025-10-22 00:20:47.000000,169.94,0.0,2,0,169.94,0.0,0.0,NO REFUND
15691,12529,2026-05-12 13:54:32.000000,80.99,0.0,1,0,80.99,0.0,0.0,NO REFUND
4755,3769,2022-12-08 16:13:19.000000,81.38,0.0,1,0,81.38,0.0,0.0,NO REFUND
39816,31797,2025-05-25 14:34:49.000000,209.4,0.0,2,0,209.4,0.0,0.0,NO REFUND
115714,92633,2026-05-15 21:38:06.000000,85.0,0.0,1,0,85.0,0.0,0.0,NO REFUND
101179,81116,2022-11-18 08:29:25.000000,89.99,0.0,1,0,89.99,0.0,0.0,NO REFUND
9360,7460,2022-09-24 15:34:49.000000,94.95,0.0,1,0,94.95,0.0,0.0,NO REFUND
112826,90324,2025-01-18 21:03:02.000000,94.99,0.0,1,0,94.99,0.0,0.0,NO REFUND
65649,52435,2025-02-09 07:50:40.000000,98.0,0.0,1,0,98.0,0.0,0.0,NO REFUND
74476,59562,2025-04-23 05:58:10.000000,98.0,0.0,1,0,98.0,0.0,0.0,NO REFUND
70421,56318,2026-05-22 02:45:18.000000,327.5,0.0,2,0,327.5,0.0,0.0,NO REFUND
62694,50099,2023-01-10 07:01:25.000000,98.75,0.0,1,0,98.75,0.0,0.0,NO REFUND
40518,32349,2026-05-27 08:05:16.000000,224.0,0.0,2,0,224.0,0.0,0.0,NO REFUND
90826,72688,2026-03-19 18:43:53.000000,99.99,0.0,1,0,99.99,0.0,0.0,NO REFUND
107103,85833,2026-05-22 14:53:16.000000,100.99,100.99,1,1,0.0,1.0,1.0,FULLY REFUNDED
93848,75209,2025-03-31 01:10:50.000000,103.68,103.68,1,1,0.0,1.0,1.0,FULLY REFUNDED
968,777,2025-04-16 10:12:06.000000,265.33,0.0,2,0,265.33,0.0,0.0,NO REFUND
122854,98374,2022-04-23 05:10:55.000000,108.0,0.0,1,0,108.0,0.0,0.0,NO REFUND
112937,90417,2025-03-05 23:51:49.000000,109.0,0.0,1,0,109.0,0.0,0.0,NO REFUND
80210,64121,2020-12-12 19:34:33.000000,110.0,0.0,1,0,110.0,0.0,0.0,NO REFUND
34710,27723,2026-03-23 00:03:02.000000,112.86,0.0,1,0,112.86,0.0,0.0,NO REFUND
67209,53757,2025-04-20 09:23:20.000000,114.75,114.75,1,1,0.0,1.0,1.0,FULLY REFUNDED
3346,2659,2025-11-22 22:45:49.000000,119.99,0.0,1,0,119.99,0.0,0.0,NO REFUND
120707,96617,2026-03-14 06:12:24.000000,121.0,0.0,1,0,121.0,0.0,0.0,NO REFUND
1679,1336,2026-06-15 07:15:36.434390,126.63,0.0,1,0,126.63,0.0,0.0,NO REFUND
53539,42759,2023-12-12 02:29:17.000000,128.0,0.0,1,0,128.0,0.0,0.0,NO REFUND
18798,14990,2022-01-25 08:17:52.000000,132.0,132.0,1,1,0.0,1.0,1.0,FULLY REFUNDED
38497,30732,2024-01-28 19:17:48.000000,132.0,132.0,1,1,0.0,1.0,1.0,FULLY REFUNDED
21154,16921,2026-03-09 21:54:19.000000,142.8,0.0,1,0,142.8,0.0,0.0,NO REFUND
106029,84971,2026-05-23 20:35:59.000000,161.0,0.0,1,0,161.0,0.0,0.0,NO REFUND
47053,37595,2026-03-01 02:54:54.000000,179.99,0.0,1,0,179.99,0.0,0.0,NO REFUND
45841,36597,2025-11-25 18:54:10.000000,195.0,0.0,1,0,195.0,0.0,0.0,NO REFUND
9372,7465,2025-11-26 08:47:37.000000,196.0,0.0,1,0,196.0,0.0,0.0,NO REFUND
117585,94162,2024-12-06 16:54:03.000000,199.0,0.0,1,0,199.0,0.0,0.0,NO REFUND
67246,53781,2025-10-01 22:54:46.000000,239.99,0.0,1,0,239.99,0.0,0.0,NO REFUND
77117,61657,2019-11-02 12:34:36.000000,264.0,0.0,1,0,264.0,0.0,0.0,NO REFUND
121176,97000,2020-10-08 16:11:53.000000,264.0,0.0,1,0,264.0,0.0,0.0,NO REFUND
114048,91321,2024-08-13 23:10:47.000000,265.99,0.0,1,0,265.99,0.0,0.0,NO REFUND
9901,7897,2024-11-20 16:06:48.000000,265.99,0.0,1,0,265.99,0.0,0.0,NO REFUND
27976,22362,2026-05-03 04:57:24.000000,280.0,0.0,1,0,280.0,0.0,0.0,NO REFUND
19746,15768,2022-07-12 14:05:09.000000,300.0,0.0,1,0,300.0,0.0,0.0,NO REFUND
123855,99178,2026-06-15 16:41:02.626561,399.0,0.0,1,0,399.0,0.0,0.0,NO REFUND
114121,91386,2023-06-27 22:54:47.000000,399.0,0.0,1,0,399.0,0.0,0.0,NO REFUND
-13,96853,2026-06-16 09:15:00.000000,356.0,356.0,3,3,0.0,1.0,1.0,FULLY REFUNDED
-26,92648,2026-06-16 15:15:00.000000,181.0,0.0,1,0,181.0,0.0,0.0,NO REFUND
-46,41810,2026-06-16 13:28:00.000000,370.0,0.0,3,0,370.0,0.0,0.0,NO REFUND
-51,86826,2026-06-16 13:24:00.000000,33.0,0.0,1,0,33.0,0.0,0.0,NO REFUND
-66,99852,2026-06-16 12:53:00.000000,52.0,0.0,2,0,52.0,0.0,0.0,NO REFUND
-68,55664,2026-06-16 16:14:00.000000,181.0,0.0,1,0,181.0,0.0,0.0,NO REFUND
-83,90484,2026-06-16 15:55:00.000000,365.0,0.0,3,0,365.0,0.0,0.0,NO REFUND
-86,35260,2026-06-16 11:32:00.000000,21.0,0.0,1,0,21.0,0.0,0.0,NO REFUND
-106,42170,2026-06-16 15:17:00.000000,270.0,0.0,2,0,270.0,0.0,0.0,NO REFUND
-108,88721,2026-06-16 14:57:00.000000,141.0,0.0,1,0,141.0,0.0,0.0,NO REFUND
-109,34592,2026-06-16 15:16:00.000000,135.0,0.0,1,0,135.0,0.0,0.0,NO REFUND
-121,57640,2026-06-16 17:06:00.000000,200.0,0.0,2,0,200.0,0.0,0.0,NO REFUND
-171,75401,2026-06-16 09:48:00.000000,197.0,52.0,3,1,145.0,0.264,0.3333,PARTIALLY REFUNDED
-186,93930,2026-06-16 12:46:00.000000,76.0,0.0,1,0,76.0,0.0,0.0,NO REFUND
-242,23323,2026-06-16 12:12:00.000000,156.0,124.0,2,1,32.0,0.7949,0.5,PARTIALLY REFUNDED
-264,40445,2026-06-16 13:22:00.000000,120.0,0.0,2,0,120.0,0.0,0.0,NO REFUND
-290,61926,2026-06-16 16:35:00.000000,375.0,0.0,3,0,375.0,0.0,0.0,NO REFUND
-297,89800,2026-06-16 17:58:00.000000,159.0,109.0,2,1,50.0,0.6855,0.5,PARTIALLY REFUNDED
85916,68781,2026-03-25 15:40:25.000000,2.95,0.0,1,0,2.95,0.0,0.0,NO REFUND
22825,18231,2024-10-16 17:52:12.000000,58.29,58.29,2,2,0.0,1.0,1.0,FULLY REFUNDED
79091,63219,2026-04-17 21:13:31.000000,63.97,0.0,4,0,63.97,0.0,0.0,NO REFUND
10725,8552,2026-06-02 14:57:21.000000,194.38,0.0,4,0,194.38,0.0,0.0,NO REFUND
85378,68317,2022-10-06 13:54:51.000000,379.49,379.49,4,4,0.0,1.0,1.0,FULLY REFUNDED
122635,98198,2020-11-07 07:52:03.000000,45.9,0.0,3,0,45.9,0.0,0.0,NO REFUND
105839,84837,2022-05-13 23:50:12.000000,249.49,0.0,4,0,249.49,0.0,0.0,NO REFUND
48983,39085,2025-04-08 22:54:50.000000,236.56,0.0,3,0,236.56,0.0,0.0,NO REFUND
9998,7971,2023-11-26 06:45:41.000000,6.25,0.0,1,0,6.25,0.0,0.0,NO REFUND
96472,77351,2025-06-19 16:35:56.000000,105.5,105.5,3,3,0.0,1.0,1.0,FULLY REFUNDED
19165,15301,2024-09-23 15:31:22.000000,6.83,0.0,1,0,6.83,0.0,0.0,NO REFUND
28390,22698,2023-06-05 17:51:50.000000,136.79,0.0,4,0,136.79,0.0,0.0,NO REFUND
45544,36361,2025-10-03 13:54:36.000000,112.99,0.0,3,0,112.99,0.0,0.0,NO REFUND
55316,44188,2026-05-10 20:40:34.000000,7.0,0.0,1,0,7.0,0.0,0.0,NO REFUND
26200,20924,2024-09-28 02:28:26.000000,76.9,76.9,4,4,0.0,1.0,1.0,FULLY REFUNDED
8684,6942,2024-08-02 21:58:55.000000,63.5,0.0,3,0,63.5,0.0,0.0,NO REFUND
66337,53039,2025-08-16 00:51:04.000000,8.75,0.0,1,0,8.75,0.0,0.0,NO REFUND
104966,84121,2022-11-13 07:36:42.000000,8.75,0.0,1,0,8.75,0.0,0.0,NO REFUND
105257,84376,2025-10-07 17:03:20.000000,8.75,0.0,1,0,8.75,0.0,0.0,NO REFUND
96423,77313,2025-02-22 21:18:38.000000,90.89,0.0,3,0,90.89,0.0,0.0,NO REFUND
117279,93930,2026-04-02 06:40:45.000000,256.32,0.0,4,0,256.32,0.0,0.0,NO REFUND
122381,97985,2025-03-21 08:58:32.000000,8.99,0.0,1,0,8.99,0.0,0.0,NO REFUND
38839,31031,2024-11-21 14:50:06.000000,295.52,0.0,4,0,295.52,0.0,0.0,NO REFUND
72793,58224,2025-03-08 20:17:56.000000,58.4,0.0,2,0,58.4,0.0,0.0,NO REFUND
40881,32622,2023-03-06 11:06:06.000000,34.45,0.0,2,0,34.45,0.0,0.0,NO REFUND
104341,83624,2025-10-26 07:05:54.000000,56.65,0.0,2,0,56.65,0.0,0.0,NO REFUND
73869,59086,2026-05-30 08:13:22.000000,538.78,0.0,4,0,538.78,0.0,0.0,NO REFUND
94116,75454,2024-07-28 08:50:54.000000,163.89,0.0,4,0,163.89,0.0,0.0,NO REFUND
74085,59254,2021-06-13 00:38:38.000000,49.94,0.0,2,0,49.94,0.0,0.0,NO REFUND
77282,61779,2021-06-06 12:04:12.000000,9.99,0.0,1,0,9.99,0.0,0.0,NO REFUND
46853,37439,2025-12-06 06:31:05.000000,51.99,0.0,2,0,51.99,0.0,0.0,NO REFUND
35914,28644,2026-06-15 23:20:59.014184,153.78,153.78,4,4,0.0,1.0,1.0,FULLY REFUNDED
81182,64943,2024-07-08 07:37:02.000000,9.99,0.0,1,0,9.99,0.0,0.0,NO REFUND
11859,9433,2024-10-27 15:33:52.000000,116.86,0.0,4,0,116.86,0.0,0.0,NO REFUND
119522,95648,2025-05-08 00:55:54.000000,213.69,213.69,4,4,0.0,1.0,1.0,FULLY REFUNDED
81971,65593,2026-06-14 14:33:56.000000,10.36,0.0,1,0,10.36,0.0,0.0,NO REFUND
55911,44683,2021-08-07 18:09:50.000000,46.17,0.0,2,0,46.17,0.0,0.0,NO REFUND
11810,9383,2026-01-14 19:30:12.000000,182.98,0.0,4,0,182.98,0.0,0.0,NO REFUND
37511,29951,2023-01-29 08:18:37.000000,344.92,0.0,3,0,344.92,0.0,0.0,NO REFUND
45187,36058,2026-01-20 19:54:54.000000,10.99,0.0,1,0,10.99,0.0,0.0,NO REFUND
75900,60702,2020-03-25 10:42:33.000000,10.99,0.0,1,0,10.99,0.0,0.0,NO REFUND
59990,47922,2024-10-05 04:44:52.000000,124.99,0.0,3,0,124.99,0.0,0.0,NO REFUND
85711,68599,2025-02-01 07:37:22.000000,88.62,0.0,4,0,88.62,0.0,0.0,NO REFUND
53327,42586,2022-05-15 09:25:55.000000,332.53,0.0,4,0,332.53,0.0,0.0,NO REFUND
29896,23882,2026-06-16 05:24:58.000000,11.14,0.0,1,0,11.14,0.0,0.0,NO REFUND
120487,96445,2022-10-10 01:04:45.000000,11.14,0.0,1,0,11.14,0.0,0.0,NO REFUND
28771,22991,2023-12-06 17:56:03.000000,101.87,101.87,4,4,0.0,1.0,1.0,FULLY REFUNDED
44446,35452,2024-01-10 19:30:31.000000,11.95,0.0,1,0,11.95,0.0,0.0,NO REFUND
44886,35797,2021-04-08 14:57:14.000000,49.93,0.0,3,0,49.93,0.0,0.0,NO REFUND
73226,58574,2021-03-11 07:57:20.000000,129.99,0.0,2,0,129.99,0.0,0.0,NO REFUND
103834,83247,2025-04-27 12:33:19.000000,64.13,0.0,4,0,64.13,0.0,0.0,NO REFUND
73102,58471,2023-10-04 14:02:08.000000,11.99,11.99,1,1,0.0,1.0,1.0,FULLY REFUNDED
7610,6092,2023-02-26 14:41:53.000000,304.5,0.0,4,0,304.5,0.0,0.0,NO REFUND
92618,74183,2025-10-13 05:17:28.000000,168.2,0.0,3,0,168.2,0.0,0.0,NO REFUND
120330,96320,2026-06-04 01:44:52.000000,58.5,0.0,2,0,58.5,0.0,0.0,NO REFUND
59755,47731,2025-09-24 16:09:52.000000,12.0,12.0,1,1,0.0,1.0,1.0,FULLY REFUNDED
25055,20013,2026-06-16 16:33:55.445579,76.5,0.0,2,0,76.5,0.0,0.0,NO REFUND
55431,44278,2021-03-01 16:38:53.000000,12.0,0.0,1,0,12.0,0.0,0.0,NO REFUND
26697,21334,2024-05-05 22:31:15.000000,126.78,0.0,4,0,126.78,0.0,0.0,NO REFUND
48545,38764,2025-11-16 21:15:34.000000,148.5,0.0,4,0,148.5,0.0,0.0,NO REFUND
86872,69553,2026-03-30 23:12:37.000000,12.5,12.5,1,1,0.0,1.0,1.0,FULLY REFUNDED
20765,16589,2024-07-24 13:05:18.000000,12.51,0.0,1,0,12.51,0.0,0.0,NO REFUND
9099,7257,2023-04-21 17:36:47.000000,64.64,0.0,2,0,64.64,0.0,0.0,NO REFUND
91264,73061,2024-09-02 15:49:04.000000,69.94,69.94,3,3,0.0,1.0,1.0,FULLY REFUNDED
120962,96838,2026-05-13 18:58:57.000000,12.97,0.0,1,0,12.97,0.0,0.0,NO REFUND
59983,47913,2024-03-13 02:00:12.000000,100.99,0.0,2,0,100.99,0.0,0.0,NO REFUND
59563,47598,2026-03-18 12:31:56.000000,169.92,169.92,3,3,0.0,1.0,1.0,FULLY REFUNDED
67768,54228,2022-04-23 02:13:25.000000,210.99,210.99,2,2,0.0,1.0,1.0,FULLY REFUNDED
45553,36365,2025-08-08 07:57:34.000000,12.99,0.0,1,0,12.99,0.0,0.0,NO REFUND
83676,66958,2026-06-16 03:39:52.000000,119.81,0.0,2,0,119.81,0.0,0.0,NO REFUND
80063,64000,2025-12-10 10:00:36.000000,13.93,0.0,1,0,13.93,0.0,0.0,NO REFUND
41919,33430,2023-10-20 02:01:26.000000,141.99,0.0,3,0,141.99,0.0,0.0,NO REFUND
71120,56879,2026-06-12 00:06:00.552047,14.0,0.0,1,0,14.0,0.0,0.0,NO REFUND
33085,26394,2022-08-23 13:09:01.000000,84.67,0.0,4,0,84.67,0.0,0.0,NO REFUND
99296,79612,2025-10-23 22:17:51.000000,32.4,0.0,2,0,32.4,0.0,0.0,NO REFUND
110871,88795,2025-10-01 12:05:38.000000,116.46,0.0,4,0,116.46,0.0,0.0,NO REFUND
30394,24268,2023-05-19 17:07:22.000000,34.89,0.0,2,0,34.89,0.0,0.0,NO REFUND
98528,78999,2022-10-19 13:39:05.000000,42.85,0.0,2,0,42.85,0.0,0.0,NO REFUND
103936,83316,2025-01-07 12:45:47.000000,199.22,0.0,4,0,199.22,0.0,0.0,NO REFUND
114149,91404,2024-12-07 14:42:56.000000,83.95,0.0,2,0,83.95,0.0,0.0,NO REFUND
118173,94608,2024-11-07 20:06:58.000000,237.98,0.0,3,0,237.98,0.0,0.0,NO REFUND
69845,55854,2023-12-06 09:19:47.000000,174.94,0.0,2,0,174.94,0.0,0.0,NO REFUND
108296,86747,2025-12-29 06:56:53.000000,113.0,0.0,2,0,113.0,0.0,0.0,NO REFUND
103262,82806,2021-07-07 04:28:41.000000,15.0,0.0,1,0,15.0,0.0,0.0,NO REFUND
47143,37672,2024-01-15 14:48:18.000000,76.33,0.0,2,0,76.33,0.0,0.0,NO REFUND
101688,81531,2023-10-18 07:19:06.000000,330.94,0.0,4,0,330.94,0.0,0.0,NO REFUND
101592,81457,2025-05-24 20:18:34.000000,40.95,0.0,2,0,40.95,0.0,0.0,NO REFUND
110859,88786,2025-10-27 04:37:14.000000,170.93,0.0,4,0,170.93,0.0,0.0,NO REFUND
56458,45112,2026-01-28 23:19:46.000000,15.99,0.0,1,0,15.99,0.0,0.0,NO REFUND
15332,12228,2024-11-18 07:50:09.000000,15.99,0.0,1,0,15.99,0.0,0.0,NO REFUND
70877,56688,2021-04-24 10:53:06.000000,172.86,0.0,2,0,172.86,0.0,0.0,NO REFUND
11498,9135,2026-04-07 05:49:57.000000,127.65,0.0,3,0,127.65,0.0,0.0,NO REFUND
15368,12257,2026-06-12 17:42:57.000000,16.74,0.0,1,0,16.74,0.0,0.0,NO REFUND
58736,46932,2025-09-11 05:26:53.000000,59.49,0.0,2,0,59.49,0.0,0.0,NO REFUND
120089,96132,2025-01-08 17:07:06.000000,16.99,0.0,1,0,16.99,0.0,0.0,NO REFUND
12746,10121,2022-05-04 12:29:54.000000,16.99,16.99,1,1,0.0,1.0,1.0,FULLY REFUNDED
110171,88250,2024-09-02 05:20:30.000000,124.49,0.0,2,0,124.49,0.0,0.0,NO REFUND
10540,8386,2026-04-21 07:02:09.000000,17.0,0.0,1,0,17.0,0.0,0.0,NO REFUND
107125,85853,2021-08-11 09:15:13.000000,17.0,0.0,1,0,17.0,0.0,0.0,NO REFUND
22957,18339,2022-08-28 23:44:22.000000,17.0,17.0,1,1,0.0,1.0,1.0,FULLY REFUNDED
36731,29318,2024-08-13 07:39:09.000000,17.0,17.0,1,1,0.0,1.0,1.0,FULLY REFUNDED
52347,41792,2026-02-28 04:40:10.000000,90.62,0.0,4,0,90.62,0.0,0.0,NO REFUND
105241,84363,2025-09-03 20:22:45.000000,153.93,0.0,4,0,153.93,0.0,0.0,NO REFUND
38923,31098,2026-04-28 08:05:35.000000,142.59,0.0,4,0,142.59,0.0,0.0,NO REFUND
27796,22223,2020-04-30 11:48:56.000000,18.0,0.0,1,0,18.0,0.0,0.0,NO REFUND
61712,49294,2026-05-23 11:41:49.000000,165.14,0.0,4,0,165.14,0.0,0.0,NO REFUND
75353,60265,2026-03-10 06:10:45.000000,18.0,0.0,1,0,18.0,0.0,0.0,NO REFUND
12381,9862,2021-04-13 23:55:48.000000,117.99,117.99,2,2,0.0,1.0,1.0,FULLY REFUNDED
8443,6746,2025-02-04 04:57:15.000000,100.8,0.0,2,0,100.8,0.0,0.0,NO REFUND
54860,43825,2025-09-05 19:20:08.000000,227.06,0.0,4,0,227.06,0.0,0.0,NO REFUND
2066,1651,2025-02-05 21:56:25.000000,175.38,0.0,4,0,175.38,0.0,0.0,NO REFUND
85719,68604,2022-12-19 13:42:41.000000,18.99,0.0,1,0,18.99,0.0,0.0,NO REFUND
85398,68338,2025-09-14 02:50:38.000000,155.49,0.0,3,0,155.49,0.0,0.0,NO REFUND
98410,78907,2025-08-10 20:56:49.000000,19.6,0.0,1,0,19.6,0.0,0.0,NO REFUND
47227,37737,2025-02-22 01:13:23.000000,164.95,0.0,3,0,164.95,0.0,0.0,NO REFUND
108697,87065,2024-02-27 03:10:41.000000,49.94,49.94,2,2,0.0,1.0,1.0,FULLY REFUNDED
45869,36622,2025-07-23 23:09:58.000000,92.41,0.0,3,0,92.41,0.0,0.0,NO REFUND
106833,85603,2026-02-06 03:02:02.000000,19.99,0.0,1,0,19.99,0.0,0.0,NO REFUND
112241,89870,2023-09-14 16:10:46.000000,89.98,0.0,2,0,89.98,0.0,0.0,NO REFUND
1789,1434,2023-05-13 07:59:34.000000,166.89,0.0,3,0,166.89,0.0,0.0,NO REFUND
33419,26647,2025-05-15 05:04:05.000000,48.94,0.0,2,0,48.94,0.0,0.0,NO REFUND
44943,35850,2025-08-26 23:50:48.000000,121.94,0.0,3,0,121.94,0.0,0.0,NO REFUND
102070,81824,2025-12-08 10:58:17.000000,73.97,73.97,3,3,0.0,1.0,1.0,FULLY REFUNDED
31602,25253,2025-03-27 03:47:45.000000,19.99,0.0,1,0,19.99,0.0,0.0,NO REFUND
75524,60400,2026-01-23 12:50:01.000000,19.99,0.0,1,0,19.99,0.0,0.0,NO REFUND
92269,73870,2026-03-21 19:58:11.000000,221.94,0.0,4,0,221.94,0.0,0.0,NO REFUND
104930,84099,2023-08-18 05:01:38.000000,19.99,0.0,1,0,19.99,0.0,0.0,NO REFUND
120047,96098,2023-08-26 09:36:18.000000,89.98,0.0,2,0,89.98,0.0,0.0,NO REFUND
60356,48204,2026-03-01 14:01:48.000000,300.0,0.0,2,0,300.0,0.0,0.0,NO REFUND
19337,15442,2024-02-15 20:40:57.000000,145.0,0.0,2,0,145.0,0.0,0.0,NO REFUND
111124,89005,2023-10-31 14:43:33.000000,146.66,0.0,4,0,146.66,0.0,0.0,NO REFUND
23302,18613,2021-11-27 08:16:12.000000,184.76,0.0,2,0,184.76,0.0,0.0,NO REFUND
13104,10407,2026-06-05 15:12:11.000000,134.04,0.0,4,0,134.04,0.0,0.0,NO REFUND
1704,1360,2020-09-15 07:08:23.000000,396.46,0.0,4,0,396.46,0.0,0.0,NO REFUND
2019,1621,2020-11-05 15:30:36.000000,21.6,0.0,1,0,21.6,0.0,0.0,NO REFUND
94141,75478,2024-03-01 09:17:35.000000,21.99,0.0,1,0,21.99,0.0,0.0,NO REFUND
89751,71808,2025-02-02 19:17:17.000000,126.99,0.0,3,0,126.99,0.0,0.0,NO REFUND
81662,65348,2025-10-25 11:05:19.000000,22.45,0.0,1,0,22.45,0.0,0.0,NO REFUND
4863,3844,2022-03-02 18:16:52.000000,47.5,0.0,2,0,47.5,0.0,0.0,NO REFUND
19250,15368,2026-02-10 17:27:39.000000,56.5,0.0,2,0,56.5,0.0,0.0,NO REFUND
73372,58685,2023-08-17 20:48:28.000000,22.5,0.0,1,0,22.5,0.0,0.0,NO REFUND
83732,67008,2025-04-08 19:36:10.000000,262.49,0.0,4,0,262.49,0.0,0.0,NO REFUND
48720,38892,2023-12-11 16:53:22.000000,63.98,0.0,2,0,63.98,0.0,0.0,NO REFUND
42042,33524,2024-10-22 22:23:37.000000,168.63,0.0,4,0,168.63,0.0,0.0,NO REFUND
66862,53463,2025-02-10 04:26:35.000000,81.76,81.76,2,2,0.0,1.0,1.0,FULLY REFUNDED
93851,75212,2026-02-03 21:10:15.000000,23.97,0.0,1,0,23.97,0.0,0.0,NO REFUND
106095,85017,2022-02-13 09:27:27.000000,423.0,0.0,2,0,423.0,0.0,0.0,NO REFUND
45409,36249,2019-07-27 04:33:40.000000,24.0,0.0,1,0,24.0,0.0,0.0,NO REFUND
52527,41923,2026-02-19 16:37:41.000000,24.0,0.0,1,0,24.0,0.0,0.0,NO REFUND
77517,61974,2020-07-22 02:34:40.000000,163.94,0.0,4,0,163.94,0.0,0.0,NO REFUND
30687,24501,2024-12-31 17:49:58.000000,49.88,0.0,2,0,49.88,0.0,0.0,NO REFUND
64690,51682,2025-12-05 21:08:14.000000,52.89,0.0,2,0,52.89,0.0,0.0,NO REFUND
86973,69618,2021-12-15 23:02:26.000000,59.9,0.0,2,0,59.9,0.0,0.0,NO REFUND
3854,3054,2025-07-28 03:30:37.000000,24.95,0.0,1,0,24.95,0.0,0.0,NO REFUND
4131,3283,2026-04-08 09:56:34.000000,122.99,0.0,2,0,122.99,0.0,0.0,NO REFUND
71625,57280,2025-09-22 03:51:47.000000,74.98,0.0,2,0,74.98,0.0,0.0,NO REFUND
1960,1572,2025-08-19 13:56:42.000000,24.99,0.0,1,0,24.99,0.0,0.0,NO REFUND
17359,13808,2025-04-19 03:46:05.000000,68.99,0.0,2,0,68.99,0.0,0.0,NO REFUND
28016,22396,2023-10-03 04:14:00.000000,114.49,0.0,2,0,114.49,0.0,0.0,NO REFUND
39061,31206,2025-07-08 01:15:56.000000,56.97,0.0,2,0,56.97,0.0,0.0,NO REFUND
85843,68714,2026-04-02 21:05:38.000000,283.6,0.0,4,0,283.6,0.0,0.0,NO REFUND
94108,75447,2025-05-15 01:31:52.000000,25.0,0.0,1,0,25.0,0.0,0.0,NO REFUND
80418,64304,2025-06-08 18:48:16.000000,143.13,0.0,2,0,143.13,0.0,0.0,NO REFUND
95641,76669,2024-03-14 05:14:01.000000,171.71,0.0,4,0,171.71,0.0,0.0,NO REFUND
106392,85281,2025-02-24 06:09:31.000000,25.0,0.0,1,0,25.0,0.0,0.0,NO REFUND
70274,56203,2026-06-15 23:13:55.053849,25.0,0.0,1,0,25.0,0.0,0.0,NO REFUND
97173,77886,2022-06-29 14:20:45.000000,391.09,0.0,4,0,391.09,0.0,0.0,NO REFUND
101468,81360,2021-10-18 00:25:20.000000,54.95,54.95,2,2,0.0,1.0,1.0,FULLY REFUNDED
116779,93493,2022-08-21 22:06:23.000000,121.5,121.5,3,3,0.0,1.0,1.0,FULLY REFUNDED
43234,34506,2022-10-02 01:00:43.000000,195.16,0.0,3,0,195.16,0.0,0.0,NO REFUND
67913,54356,2019-07-08 18:05:48.000000,25.0,0.0,1,0,25.0,0.0,0.0,NO REFUND
99941,80174,2020-12-31 05:21:39.000000,64.83,0.0,2,0,64.83,0.0,0.0,NO REFUND
122551,98133,2023-12-11 04:19:56.000000,25.5,0.0,1,0,25.5,0.0,0.0,NO REFUND
68885,55102,2025-04-24 16:17:30.000000,167.61,0.0,3,0,167.61,0.0,0.0,NO REFUND
39562,31595,2025-10-23 04:00:34.000000,95.49,0.0,2,0,95.49,0.0,0.0,NO REFUND
38801,30998,2021-03-14 11:42:26.000000,26.0,0.0,1,0,26.0,0.0,0.0,NO REFUND
43994,35103,2026-04-27 06:32:48.000000,91.0,0.0,2,0,91.0,0.0,0.0,NO REFUND
103209,82757,2025-11-18 22:01:44.000000,71.37,0.0,2,0,71.37,0.0,0.0,NO REFUND
48871,39008,2022-10-28 14:14:26.000000,26.95,0.0,1,0,26.95,0.0,0.0,NO REFUND
5727,4532,2022-03-16 00:27:02.000000,26.95,0.0,1,0,26.95,0.0,0.0,NO REFUND
58621,46840,2025-01-12 02:45:02.000000,26.95,0.0,1,0,26.95,0.0,0.0,NO REFUND
54157,43260,2026-03-06 15:45:53.000000,269.43,0.0,4,0,269.43,0.0,0.0,NO REFUND
48079,38409,2024-09-04 09:06:44.000000,70.99,0.0,2,0,70.99,0.0,0.0,NO REFUND
21386,17085,2024-12-08 07:04:29.000000,27.0,0.0,1,0,27.0,0.0,0.0,NO REFUND
28858,23062,2025-12-27 02:40:28.000000,66.0,0.0,2,0,66.0,0.0,0.0,NO REFUND
18491,14725,2023-06-22 14:34:22.000000,27.0,0.0,1,0,27.0,0.0,0.0,NO REFUND
35303,28185,2026-04-20 15:19:42.000000,27.45,0.0,1,0,27.45,0.0,0.0,NO REFUND
56873,45462,2026-04-02 06:07:22.000000,97.59,0.0,2,0,97.59,0.0,0.0,NO REFUND
21106,16884,2022-12-22 09:38:33.000000,73.0,0.0,2,0,73.0,0.0,0.0,NO REFUND
25980,20758,2026-05-24 06:56:21.000000,107.86,0.0,2,0,107.86,0.0,0.0,NO REFUND
123771,99117,2026-04-10 08:31:44.000000,90.0,0.0,2,0,90.0,0.0,0.0,NO REFUND
114495,91699,2024-10-29 10:11:38.000000,77.95,0.0,2,0,77.95,0.0,0.0,NO REFUND
107800,86378,2021-11-02 11:42:10.000000,63.81,0.0,2,0,63.81,0.0,0.0,NO REFUND
118105,94562,2024-04-02 12:32:54.000000,28.97,0.0,1,0,28.97,0.0,0.0,NO REFUND
123366,98785,2022-05-01 18:21:10.000000,62.94,62.94,2,2,0.0,1.0,1.0,FULLY REFUNDED
50250,40148,2025-03-23 18:50:21.000000,152.45,0.0,4,0,152.45,0.0,0.0,NO REFUND
540,449,2025-09-04 16:11:55.000000,29.45,0.0,1,0,29.45,0.0,0.0,NO REFUND
19414,15497,2024-03-31 23:23:35.000000,187.9,0.0,2,0,187.9,0.0,0.0,NO REFUND
31129,24864,2025-05-21 15:48:44.000000,237.94,0.0,4,0,237.94,0.0,0.0,NO REFUND
33855,27005,2021-01-13 07:43:58.000000,29.98,0.0,1,0,29.98,0.0,0.0,NO REFUND
62050,49571,2026-04-11 17:15:59.000000,29.99,0.0,1,0,29.99,0.0,0.0,NO REFUND
67838,54281,2025-11-29 20:28:24.000000,29.99,0.0,1,0,29.99,0.0,0.0,NO REFUND
96953,77715,2026-06-14 19:48:05.000000,30.0,0.0,1,0,30.0,0.0,0.0,NO REFUND
36025,28737,2025-10-02 05:09:54.000000,74.0,0.0,2,0,74.0,0.0,0.0,NO REFUND
72806,58237,2021-11-21 03:45:36.000000,30.0,0.0,1,0,30.0,0.0,0.0,NO REFUND
79936,63894,2025-05-29 12:39:37.000000,30.2,0.0,1,0,30.2,0.0,0.0,NO REFUND
52747,42091,2022-09-22 06:56:31.000000,30.2,0.0,1,0,30.2,0.0,0.0,NO REFUND
23801,19013,2025-09-02 14:34:45.000000,31.07,0.0,1,0,31.07,0.0,0.0,NO REFUND
42087,33558,2025-11-11 11:51:30.000000,31.07,0.0,1,0,31.07,0.0,0.0,NO REFUND
108165,86648,2023-11-01 05:10:37.000000,138.08,0.0,3,0,138.08,0.0,0.0,NO REFUND
46546,37188,2021-04-10 02:49:24.000000,31.81,0.0,1,0,31.81,0.0,0.0,NO REFUND
52573,41951,2024-03-15 01:33:24.000000,105.99,0.0,2,0,105.99,0.0,0.0,NO REFUND
49012,39104,2024-08-04 12:35:40.000000,33.0,0.0,1,0,33.0,0.0,0.0,NO REFUND
48570,38782,2022-08-01 17:19:21.000000,183.6,0.0,2,0,183.6,0.0,0.0,NO REFUND
89533,71652,2026-04-28 23:33:09.000000,99.9,99.9,2,2,0.0,1.0,1.0,FULLY REFUNDED
21227,16973,2025-02-17 11:43:22.000000,152.99,0.0,3,0,152.99,0.0,0.0,NO REFUND
55073,43995,2022-08-15 20:18:07.000000,34.0,0.0,1,0,34.0,0.0,0.0,NO REFUND
80719,64571,2025-10-14 06:20:39.000000,90.49,0.0,2,0,90.49,0.0,0.0,NO REFUND
77066,61614,2023-02-01 05:24:30.000000,35.0,0.0,1,0,35.0,0.0,0.0,NO REFUND
78942,63089,2026-05-20 22:37:06.000000,206.98,0.0,4,0,206.98,0.0,0.0,NO REFUND
10313,8216,2025-11-11 12:28:46.000000,35.0,0.0,1,0,35.0,0.0,0.0,NO REFUND
77261,61765,2026-03-01 16:59:18.000000,222.73,0.0,4,0,222.73,0.0,0.0,NO REFUND
91491,73253,2026-02-22 22:38:28.000000,35.8,0.0,1,0,35.8,0.0,0.0,NO REFUND
102122,81866,2021-11-28 12:25:32.000000,143.8,0.0,3,0,143.8,0.0,0.0,NO REFUND
59166,47277,2024-04-01 02:21:25.000000,36.0,0.0,1,0,36.0,0.0,0.0,NO REFUND
83658,66949,2023-07-20 02:03:08.000000,93.19,0.0,2,0,93.19,0.0,0.0,NO REFUND
4688,3713,2023-02-03 02:24:41.000000,36.0,0.0,1,0,36.0,0.0,0.0,NO REFUND
17660,14051,2020-04-12 09:19:40.000000,36.0,0.0,1,0,36.0,0.0,0.0,NO REFUND
54954,43894,2023-03-23 06:59:08.000000,163.5,0.0,3,0,163.5,0.0,0.0,NO REFUND
115613,92552,2022-05-16 18:11:19.000000,330.28,0.0,3,0,330.28,0.0,0.0,NO REFUND
19854,15856,2022-07-16 23:29:05.000000,79.44,79.44,2,2,0.0,1.0,1.0,FULLY REFUNDED
54744,43730,2022-11-08 13:50:03.000000,103.76,0.0,2,0,103.76,0.0,0.0,NO REFUND
65382,52213,2025-10-02 13:17:26.000000,36.95,36.95,1,1,0.0,1.0,1.0,FULLY REFUNDED
53157,42436,2023-10-26 19:30:59.000000,92.0,0.0,2,0,92.0,0.0,0.0,NO REFUND
110734,88681,2025-12-28 06:54:17.000000,38.0,0.0,1,0,38.0,0.0,0.0,NO REFUND
86594,69338,2020-12-22 04:12:39.000000,202.95,202.95,2,2,0.0,1.0,1.0,FULLY REFUNDED
78465,62721,2024-11-26 21:14:17.000000,107.5,0.0,2,0,107.5,0.0,0.0,NO REFUND
111165,89035,2026-05-22 11:08:17.000000,39.5,0.0,1,0,39.5,0.0,0.0,NO REFUND
10258,8178,2024-01-20 11:31:13.000000,39.5,0.0,1,0,39.5,0.0,0.0,NO REFUND
38416,30666,2024-02-16 23:38:06.000000,39.98,0.0,1,0,39.98,0.0,0.0,NO REFUND
124572,99737,2020-09-26 21:50:53.000000,107.99,0.0,2,0,107.99,0.0,0.0,NO REFUND
75401,60305,2023-06-03 03:18:55.000000,39.99,0.0,1,0,39.99,0.0,0.0,NO REFUND
98229,78754,2025-04-25 01:06:42.000000,39.99,0.0,1,0,39.99,0.0,0.0,NO REFUND
34233,27316,2024-08-02 02:23:36.000000,118.0,0.0,2,0,118.0,0.0,0.0,NO REFUND
118221,94647,2022-07-05 09:15:11.000000,112.85,0.0,2,0,112.85,0.0,0.0,NO REFUND
113711,91034,2026-06-14 20:14:07.000000,41.8,0.0,1,0,41.8,0.0,0.0,NO REFUND
44374,35401,2022-06-28 07:00:33.000000,41.99,0.0,1,0,41.99,0.0,0.0,NO REFUND
26379,21080,2026-05-26 15:46:02.000000,42.0,0.0,1,0,42.0,0.0,0.0,NO REFUND
72299,57811,2021-10-02 15:06:33.000000,237.99,237.99,2,2,0.0,1.0,1.0,FULLY REFUNDED
21554,17219,2024-01-23 21:40:00.000000,43.15,0.0,1,0,43.15,0.0,0.0,NO REFUND
12059,9601,2023-12-02 18:26:38.000000,362.99,0.0,3,0,362.99,0.0,0.0,NO REFUND
19561,15612,2025-02-24 00:30:11.000000,44.0,0.0,1,0,44.0,0.0,0.0,NO REFUND
6773,5398,2024-10-12 09:47:13.000000,44.42,0.0,1,0,44.42,0.0,0.0,NO REFUND
54803,43782,2026-02-23 13:14:38.000000,44.99,0.0,1,0,44.99,0.0,0.0,NO REFUND
93209,74681,2026-04-04 00:33:03.000000,45.0,0.0,1,0,45.0,0.0,0.0,NO REFUND
5786,4579,2022-12-04 15:20:27.000000,524.45,0.0,3,0,524.45,0.0,0.0,NO REFUND
21212,16961,2026-01-15 19:50:01.000000,45.08,0.0,1,0,45.08,0.0,0.0,NO REFUND
39274,31367,2025-10-28 20:20:10.000000,231.0,0.0,2,0,231.0,0.0,0.0,NO REFUND
21240,16986,2019-11-17 19:39:28.000000,46.0,0.0,1,0,46.0,0.0,0.0,NO REFUND
74222,59360,2021-06-29 09:04:44.000000,46.0,0.0,1,0,46.0,0.0,0.0,NO REFUND
13262,10525,2026-03-20 11:32:11.000000,46.0,0.0,1,0,46.0,0.0,0.0,NO REFUND
103678,83118,2026-05-23 23:06:45.000000,228.93,0.0,4,0,228.93,0.0,0.0,NO REFUND
117107,93772,2024-09-29 02:51:45.000000,95.5,0.0,2,0,95.5,0.0,0.0,NO REFUND
68389,54731,2026-04-23 11:04:20.000000,46.5,0.0,1,0,46.5,0.0,0.0,NO REFUND
1288,1027,2025-08-17 02:03:47.000000,176.0,0.0,2,0,176.0,0.0,0.0,NO REFUND
90139,72137,2025-09-14 17:21:49.000000,47.07,0.0,1,0,47.07,0.0,0.0,NO REFUND
66061,52800,2026-06-12 22:28:26.000000,99.74,0.0,2,0,99.74,0.0,0.0,NO REFUND
101085,81039,2024-05-29 04:43:05.000000,48.4,0.0,1,0,48.4,0.0,0.0,NO REFUND
62029,49552,2025-02-04 13:54:10.000000,49.45,0.0,1,0,49.45,0.0,0.0,NO REFUND
15679,12517,2025-09-14 20:21:22.000000,49.5,0.0,1,0,49.5,0.0,0.0,NO REFUND
29121,23271,2026-03-28 12:34:56.000000,325.62,0.0,4,0,325.62,0.0,0.0,NO REFUND
94822,76016,2023-05-11 02:56:09.000000,49.5,0.0,1,0,49.5,0.0,0.0,NO REFUND
47366,37842,2025-10-08 02:53:27.000000,202.94,202.94,3,3,0.0,1.0,1.0,FULLY REFUNDED
70989,56772,2025-02-11 02:48:27.000000,49.95,0.0,1,0,49.95,0.0,0.0,NO REFUND
40305,32186,2019-08-01 08:03:31.000000,49.99,0.0,1,0,49.99,0.0,0.0,NO REFUND
76886,61480,2026-06-06 16:03:05.000000,49.99,0.0,1,0,49.99,0.0,0.0,NO REFUND
108543,86936,2025-12-23 04:20:46.000000,49.99,0.0,1,0,49.99,0.0,0.0,NO REFUND
36227,28900,2025-01-08 05:57:18.000000,220.99,0.0,2,0,220.99,0.0,0.0,NO REFUND
104206,83509,2025-04-24 16:51:38.000000,52.5,0.0,1,0,52.5,0.0,0.0,NO REFUND
56038,44783,2026-01-18 17:42:37.000000,54.0,0.0,1,0,54.0,0.0,0.0,NO REFUND
62024,49548,2024-02-15 19:07:45.000000,54.0,0.0,1,0,54.0,0.0,0.0,NO REFUND
44154,35229,2024-04-08 23:43:18.000000,453.4,0.0,2,0,453.4,0.0,0.0,NO REFUND
108508,86909,2026-05-17 05:04:25.000000,858.2,0.0,4,0,858.2,0.0,0.0,NO REFUND
22344,17826,2025-12-23 08:21:42.000000,119.9,0.0,2,0,119.9,0.0,0.0,NO REFUND
123144,98611,2022-10-25 04:49:58.000000,308.23,0.0,3,0,308.23,0.0,0.0,NO REFUND
116224,93054,2025-12-29 23:26:27.000000,110.95,110.95,2,2,0.0,1.0,1.0,FULLY REFUNDED
103030,82616,2025-09-30 09:32:37.000000,55.0,0.0,1,0,55.0,0.0,0.0,NO REFUND
68950,55155,2025-02-14 06:33:38.000000,168.39,0.0,2,0,168.39,0.0,0.0,NO REFUND
26754,21381,2026-04-15 19:18:56.000000,58.5,0.0,1,0,58.5,0.0,0.0,NO REFUND
55789,44590,2023-10-19 02:21:36.000000,58.97,58.97,1,1,0.0,1.0,1.0,FULLY REFUNDED
116022,92889,2023-12-23 20:58:04.000000,124.0,0.0,2,0,124.0,0.0,0.0,NO REFUND
100203,80382,2025-07-13 16:25:47.000000,338.07,0.0,3,0,338.07,0.0,0.0,NO REFUND
9639,7692,2024-12-28 21:15:39.000000,59.95,0.0,1,0,59.95,0.0,0.0,NO REFUND
29672,23703,2023-06-09 07:58:54.000000,60.0,0.0,1,0,60.0,0.0,0.0,NO REFUND
72151,57690,2024-03-12 02:57:06.000000,60.27,0.0,1,0,60.27,0.0,0.0,NO REFUND
52906,42224,2025-08-12 12:54:43.000000,62.0,0.0,1,0,62.0,0.0,0.0,NO REFUND
98258,78783,2025-04-21 14:27:36.000000,461.0,0.0,2,0,461.0,0.0,0.0,NO REFUND
123973,99271,2026-06-14 12:03:23.094566,63.65,0.0,1,0,63.65,0.0,0.0,NO REFUND
93665,75058,2023-04-18 09:19:20.000000,64.95,0.0,1,0,64.95,0.0,0.0,NO REFUND
16815,13392,2026-06-15 14:32:38.557610,64.95,0.0,1,0,64.95,0.0,0.0,NO REFUND
29832,23834,2025-05-22 03:44:57.000000,64.99,0.0,1,0,64.99,0.0,0.0,NO REFUND
59523,47573,2025-08-24 05:03:10.000000,65.0,0.0,1,0,65.0,0.0,0.0,NO REFUND
17225,13692,2019-09-19 17:09:15.000000,65.0,0.0,1,0,65.0,0.0,0.0,NO REFUND
299,239,2024-11-17 05:45:10.000000,265.0,0.0,2,0,265.0,0.0,0.0,NO REFUND
46061,36795,2026-03-26 20:44:51.000000,67.95,0.0,1,0,67.95,0.0,0.0,NO REFUND
32659,26081,2025-06-28 10:19:14.000000,68.0,68.0,1,1,0.0,1.0,1.0,FULLY REFUNDED
46865,37447,2023-08-26 18:38:53.000000,68.96,0.0,1,0,68.96,0.0,0.0,NO REFUND
74027,59210,2021-08-30 15:16:19.000000,68.96,0.0,1,0,68.96,0.0,0.0,NO REFUND
89900,71932,2024-06-21 15:22:01.000000,333.5,0.0,2,0,333.5,0.0,0.0,NO REFUND
66759,53382,2021-05-06 03:05:46.000000,69.5,0.0,1,0,69.5,0.0,0.0,NO REFUND
111099,88986,2024-01-18 17:10:00.000000,148.91,0.0,2,0,148.91,0.0,0.0,NO REFUND
49566,39554,2022-05-20 22:51:56.000000,299.99,0.0,3,0,299.99,0.0,0.0,NO REFUND
75825,60645,2025-04-07 19:23:52.000000,78.0,0.0,1,0,78.0,0.0,0.0,NO REFUND
47968,38329,2026-04-06 18:30:35.000000,194.0,0.0,2,0,194.0,0.0,0.0,NO REFUND
110246,88310,2021-10-17 13:15:00.000000,79.0,0.0,1,0,79.0,0.0,0.0,NO REFUND
8246,6586,2023-12-19 01:22:03.000000,79.5,0.0,1,0,79.5,0.0,0.0,NO REFUND
124083,99372,2023-06-02 23:31:03.000000,79.99,0.0,1,0,79.99,0.0,0.0,NO REFUND
74794,59799,2020-09-28 13:01:34.000000,79.99,0.0,1,0,79.99,0.0,0.0,NO REFUND
73719,58963,2025-11-20 20:58:04.000000,310.0,0.0,2,0,310.0,0.0,0.0,NO REFUND
79250,63339,2026-06-16 01:42:54.631852,84.0,0.0,1,0,84.0,0.0,0.0,NO REFUND
66405,53093,2026-06-09 04:21:48.000000,84.0,84.0,1,1,0.0,1.0,1.0,FULLY REFUNDED
46836,37428,2023-07-29 21:56:41.000000,84.12,0.0,1,0,84.12,0.0,0.0,NO REFUND
84697,67765,2024-09-09 13:50:22.000000,85.0,0.0,1,0,85.0,0.0,0.0,NO REFUND
84863,67898,2023-05-12 02:29:33.000000,87.89,0.0,1,0,87.89,0.0,0.0,NO REFUND
56269,44957,2026-05-22 16:40:44.000000,88.0,0.0,1,0,88.0,0.0,0.0,NO REFUND
61265,48942,2026-03-16 00:14:15.000000,88.0,0.0,1,0,88.0,0.0,0.0,NO REFUND
103078,82657,2026-04-20 09:16:34.000000,309.5,309.5,2,2,0.0,1.0,1.0,FULLY REFUNDED
75934,60724,2020-10-24 17:28:36.000000,90.45,0.0,1,0,90.45,0.0,0.0,NO REFUND
91734,73444,2026-03-16 16:00:08.000000,94.95,0.0,1,0,94.95,0.0,0.0,NO REFUND
49864,39828,2025-05-02 14:08:12.000000,95.0,0.0,1,0,95.0,0.0,0.0,NO REFUND
23554,18805,2021-12-20 11:54:02.000000,98.0,0.0,1,0,98.0,0.0,0.0,NO REFUND
56818,45413,2021-07-11 10:30:02.000000,98.0,0.0,1,0,98.0,0.0,0.0,NO REFUND
67334,53849,2020-06-01 15:48:34.000000,98.08,0.0,1,0,98.08,0.0,0.0,NO REFUND
51921,41443,2024-12-31 19:10:50.000000,99.0,0.0,1,0,99.0,0.0,0.0,NO REFUND
120530,96477,2025-03-06 04:19:08.000000,99.0,0.0,1,0,99.0,0.0,0.0,NO REFUND
42564,33974,2024-10-10 03:15:36.000000,99.99,0.0,1,0,99.99,0.0,0.0,NO REFUND
102435,82117,2025-09-26 18:58:52.000000,108.0,0.0,1,0,108.0,0.0,0.0,NO REFUND
93604,75012,2025-07-07 23:36:02.000000,108.99,0.0,1,0,108.99,0.0,0.0,NO REFUND
27142,21701,2021-03-14 10:40:11.000000,108.99,0.0,1,0,108.99,0.0,0.0,NO REFUND
73225,58574,2026-04-09 04:05:50.000000,109.0,0.0,1,0,109.0,0.0,0.0,NO REFUND
50906,40658,2026-02-21 09:12:30.000000,109.0,0.0,1,0,109.0,0.0,0.0,NO REFUND
114506,91707,2023-11-23 22:02:27.000000,115.0,0.0,1,0,115.0,0.0,0.0,NO REFUND
118911,95182,2022-01-03 07:38:38.000000,117.6,0.0,1,0,117.6,0.0,0.0,NO REFUND
90286,72249,2026-05-28 12:41:51.000000,119.95,0.0,1,0,119.95,0.0,0.0,NO REFUND
90304,72266,2020-02-09 22:47:20.000000,119.95,0.0,1,0,119.95,0.0,0.0,NO REFUND
106115,85035,2022-10-03 19:37:58.000000,126.0,0.0,1,0,126.0,0.0,0.0,NO REFUND
123288,98722,2025-11-16 23:27:33.000000,126.0,0.0,1,0,126.0,0.0,0.0,NO REFUND
55365,44226,2025-09-01 17:23:27.000000,150.0,0.0,1,0,150.0,0.0,0.0,NO REFUND
101692,81534,2024-12-21 14:05:02.000000,158.0,0.0,1,0,158.0,0.0,0.0,NO REFUND
82683,66156,2023-11-16 19:11:31.000000,159.0,0.0,1,0,159.0,0.0,0.0,NO REFUND
62608,50031,2022-05-14 16:08:17.000000,160.0,0.0,1,0,160.0,0.0,0.0,NO REFUND
115900,92791,2024-10-11 22:09:42.000000,162.0,0.0,1,0,162.0,0.0,0.0,NO REFUND
14658,11701,2022-01-04 05:08:43.000000,169.99,0.0,1,0,169.99,0.0,0.0,NO REFUND
58358,46637,2021-08-05 06:27:40.000000,171.0,0.0,1,0,171.0,0.0,0.0,NO REFUND
69733,55769,2023-04-21 07:10:27.000000,178.0,0.0,1,0,178.0,0.0,0.0,NO REFUND
115727,92648,2026-04-22 09:41:01.000000,178.0,0.0,1,0,178.0,0.0,0.0,NO REFUND
45623,36426,2020-04-10 09:44:55.000000,178.0,0.0,1,0,178.0,0.0,0.0,NO REFUND
38407,30659,2024-04-23 04:16:38.000000,179.99,0.0,1,0,179.99,0.0,0.0,NO REFUND
101194,81124,2026-02-17 21:57:42.000000,185.0,0.0,1,0,185.0,0.0,0.0,NO REFUND
63885,51052,2023-01-10 01:18:26.000000,196.18,0.0,1,0,196.18,0.0,0.0,NO REFUND
44444,35451,2024-04-09 09:14:27.000000,198.0,0.0,1,0,198.0,0.0,0.0,NO REFUND
70419,56317,2023-06-07 02:42:16.000000,199.0,0.0,1,0,199.0,0.0,0.0,NO REFUND
5627,4450,2023-03-11 12:32:11.000000,207.28,0.0,1,0,207.28,0.0,0.0,NO REFUND
11278,8961,2025-12-12 15:46:13.000000,731.5,0.0,3,0,731.5,0.0,0.0,NO REFUND
120711,96622,2025-10-10 13:14:29.000000,228.0,0.0,1,0,228.0,0.0,0.0,NO REFUND
113364,90750,2026-05-30 23:44:24.000000,229.0,229.0,1,1,0.0,1.0,1.0,FULLY REFUNDED
101264,81193,2025-09-28 07:15:43.000000,345.0,0.0,1,0,345.0,0.0,0.0,NO REFUND
-1,78441,2026-06-16 12:50:00.000000,339.0,0.0,2,0,339.0,0.0,0.0,NO REFUND
-30,63894,2026-06-16 15:49:00.000000,316.0,0.0,3,0,316.0,0.0,0.0,NO REFUND
-35,29124,2026-06-16 15:31:00.000000,309.0,48.0,3,1,261.0,0.1553,0.3333,PARTIALLY REFUNDED
-37,31004,2026-06-16 17:05:00.000000,144.0,0.0,2,0,144.0,0.0,0.0,NO REFUND
-39,48860,2026-06-16 14:15:00.000000,303.0,0.0,3,0,303.0,0.0,0.0,NO REFUND
-49,40288,2026-06-16 11:27:00.000000,270.0,0.0,2,0,270.0,0.0,0.0,NO REFUND
-73,22164,2026-06-16 15:55:00.000000,86.0,0.0,1,0,86.0,0.0,0.0,NO REFUND
-74,39408,2026-06-16 09:55:00.000000,183.0,0.0,2,0,183.0,0.0,0.0,NO REFUND
-88,12487,2026-06-16 12:53:00.000000,438.0,0.0,3,0,438.0,0.0,0.0,NO REFUND
-117,49571,2026-06-16 12:57:00.000000,348.0,190.0,2,1,158.0,0.546,0.5,PARTIALLY REFUNDED
-147,20696,2026-06-16 11:19:00.000000,133.0,0.0,2,0,133.0,0.0,0.0,NO REFUND
-155,10187,2026-06-16 09:43:00.000000,200.0,0.0,2,0,200.0,0.0,0.0,NO REFUND
-156,29319,2026-06-16 16:28:00.000000,500.0,0.0,3,0,500.0,0.0,0.0,NO REFUND
-164,45369,2026-06-16 16:04:00.000000,197.0,0.0,1,0,197.0,0.0,0.0,NO REFUND
-185,51744,2026-06-16 13:25:00.000000,314.0,0.0,3,0,314.0,0.0,0.0,NO REFUND
-193,67034,2026-06-16 11:35:00.000000,90.0,0.0,1,0,90.0,0.0,0.0,NO REFUND
-213,4522,2026-06-16 16:59:00.000000,163.0,119.0,2,1,44.0,0.7301,0.5,PARTIALLY REFUNDED
-224,24480,2026-06-16 14:22:00.000000,181.0,181.0,1,1,0.0,1.0,1.0,FULLY REFUNDED
-232,40836,2026-06-16 13:36:00.000000,216.0,0.0,3,0,216.0,0.0,0.0,NO REFUND
-254,87422,2026-06-16 16:35:00.000000,167.0,43.0,2,1,124.0,0.2575,0.5,PARTIALLY REFUNDED
-262,35438,2026-06-16 17:04:00.000000,124.0,0.0,2,0,124.0,0.0,0.0,NO REFUND
58498,46746,2026-06-02 04:00:20.000000,171.85,0.0,4,0,171.85,0.0,0.0,NO REFUND
49571,39562,2021-11-07 19:03:46.000000,70.95,0.0,2,0,70.95,0.0,0.0,NO REFUND
85919,68784,2025-09-13 22:09:39.000000,210.94,0.0,4,0,210.94,0.0,0.0,NO REFUND
50163,40063,2026-06-13 12:10:29.529150,53.46,0.0,2,0,53.46,0.0,0.0,NO REFUND
48326,38607,2024-10-08 08:26:18.000000,5.95,0.0,1,0,5.95,0.0,0.0,NO REFUND
65134,52032,2026-01-26 05:05:20.000000,84.42,0.0,4,0,84.42,0.0,0.0,NO REFUND
116939,93628,2023-04-19 21:12:41.000000,6.0,0.0,1,0,6.0,0.0,0.0,NO REFUND
16348,13027,2024-06-15 19:58:07.000000,295.94,0.0,4,0,295.94,0.0,0.0,NO REFUND
111881,89586,2022-12-01 18:50:29.000000,22.95,0.0,2,0,22.95,0.0,0.0,NO REFUND
17196,13669,2021-07-31 10:00:19.000000,32.95,0.0,2,0,32.95,0.0,0.0,NO REFUND
63317,50600,2022-11-30 22:56:52.000000,25.03,0.0,2,0,25.03,0.0,0.0,NO REFUND
41689,33253,2026-04-11 05:28:25.000000,95.44,0.0,3,0,95.44,0.0,0.0,NO REFUND
45684,36476,2025-08-22 05:32:25.000000,551.04,551.04,4,4,0.0,1.0,1.0,FULLY REFUNDED
51370,41020,2024-04-01 23:00:56.000000,201.85,0.0,3,0,201.85,0.0,0.0,NO REFUND
69698,55737,2024-02-13 15:13:27.000000,73.57,0.0,3,0,73.57,0.0,0.0,NO REFUND
99607,79897,2025-07-14 21:52:35.000000,53.93,0.0,2,0,53.93,0.0,0.0,NO REFUND
59211,47317,2026-06-14 12:06:00.000000,171.94,0.0,4,0,171.94,0.0,0.0,NO REFUND
92227,73845,2021-01-12 05:08:44.000000,30.94,0.0,2,0,30.94,0.0,0.0,NO REFUND
6047,4805,2023-08-15 04:49:49.000000,33.99,0.0,2,0,33.99,0.0,0.0,NO REFUND
72509,57979,2026-02-06 08:46:22.000000,32.96,0.0,2,0,32.96,0.0,0.0,NO REFUND
87303,69877,2025-03-01 16:48:04.000000,106.98,0.0,2,0,106.98,0.0,0.0,NO REFUND
114493,91698,2026-02-08 12:44:00.000000,86.54,0.0,3,0,86.54,0.0,0.0,NO REFUND
62117,49624,2026-04-12 17:02:21.000000,97.75,0.0,2,0,97.75,0.0,0.0,NO REFUND
75375,60284,2024-06-07 03:50:37.000000,127.9,0.0,2,0,127.9,0.0,0.0,NO REFUND
110619,88594,2025-03-13 21:52:24.000000,9.9,0.0,1,0,9.9,0.0,0.0,NO REFUND
8292,6619,2025-02-13 02:20:12.000000,102.87,0.0,4,0,102.87,0.0,0.0,NO REFUND
19058,15213,2025-09-17 08:24:10.000000,74.99,0.0,2,0,74.99,0.0,0.0,NO REFUND
24161,19307,2024-05-23 01:47:49.000000,62.92,0.0,4,0,62.92,0.0,0.0,NO REFUND
1796,1443,2025-01-20 00:50:17.000000,54.94,0.0,2,0,54.94,0.0,0.0,NO REFUND
25723,20544,2026-01-25 19:58:38.000000,9.99,0.0,1,0,9.99,0.0,0.0,NO REFUND
63749,50942,2025-08-03 05:35:54.000000,409.0,0.0,2,0,409.0,0.0,0.0,NO REFUND
13112,10412,2024-08-26 21:44:23.000000,333.18,0.0,4,0,333.18,0.0,0.0,NO REFUND
3409,2703,2026-06-09 01:17:38.000000,30.35,0.0,2,0,30.35,0.0,0.0,NO REFUND
99010,79390,2021-05-16 09:56:36.000000,107.64,0.0,3,0,107.64,0.0,0.0,NO REFUND
89975,72003,2025-03-13 21:20:39.000000,225.65,0.0,4,0,225.65,0.0,0.0,NO REFUND
484,391,2026-06-16 02:57:48.765987,10.69,0.0,1,0,10.69,0.0,0.0,NO REFUND
34663,27680,2025-04-10 00:08:41.000000,10.69,10.69,1,1,0.0,1.0,1.0,FULLY REFUNDED
69308,55438,2025-11-21 12:11:05.000000,110.88,0.0,4,0,110.88,0.0,0.0,NO REFUND
51819,41374,2022-06-30 18:41:25.000000,10.97,0.0,1,0,10.97,0.0,0.0,NO REFUND
19298,15411,2025-01-23 05:27:06.000000,81.62,0.0,4,0,81.62,0.0,0.0,NO REFUND
57261,45796,2026-06-14 22:36:00.232184,116.38,0.0,2,0,116.38,0.0,0.0,NO REFUND
48406,38663,2021-08-08 08:47:21.000000,11.99,0.0,1,0,11.99,0.0,0.0,NO REFUND
64562,51574,2022-02-09 12:20:44.000000,134.61,0.0,4,0,134.61,0.0,0.0,NO REFUND
117272,93924,2026-02-13 06:02:57.000000,147.41,0.0,4,0,147.41,0.0,0.0,NO REFUND
16000,12765,2025-06-27 16:02:57.000000,61.95,0.0,2,0,61.95,0.0,0.0,NO REFUND
77500,61958,2024-06-21 17:38:47.000000,148.47,0.0,4,0,148.47,0.0,0.0,NO REFUND
86941,69597,2025-04-23 17:34:03.000000,70.71,0.0,2,0,70.71,0.0,0.0,NO REFUND
82960,66373,2025-11-11 18:35:06.000000,108.36,0.0,3,0,108.36,0.0,0.0,NO REFUND
2285,1822,2025-12-28 00:44:39.000000,62.01,0.0,2,0,62.01,0.0,0.0,NO REFUND
65025,51943,2026-03-11 23:03:44.000000,97.57,0.0,3,0,97.57,0.0,0.0,NO REFUND
18700,14900,2025-08-04 02:09:41.000000,108.77,108.77,4,4,0.0,1.0,1.0,FULLY REFUNDED
11398,9059,2026-01-11 04:30:42.000000,260.8,0.0,3,0,260.8,0.0,0.0,NO REFUND
15682,12520,2024-02-15 16:04:47.000000,12.9,0.0,1,0,12.9,0.0,0.0,NO REFUND
59498,47556,2025-06-12 18:05:57.000000,450.34,0.0,4,0,450.34,0.0,0.0,NO REFUND
116329,93144,2025-08-07 04:25:33.000000,101.99,0.0,4,0,101.99,0.0,0.0,NO REFUND
40171,32076,2023-04-15 16:09:40.000000,295.94,0.0,4,0,295.94,0.0,0.0,NO REFUND
49367,39386,2020-12-04 23:51:40.000000,194.9,0.0,4,0,194.9,0.0,0.0,NO REFUND
100324,80461,2025-11-12 14:20:02.000000,13.31,13.31,1,1,0.0,1.0,1.0,FULLY REFUNDED
30102,24044,2023-12-03 13:49:14.000000,188.44,0.0,3,0,188.44,0.0,0.0,NO REFUND
83132,66523,2026-02-03 02:53:11.000000,13.5,0.0,1,0,13.5,0.0,0.0,NO REFUND
79159,63271,2024-12-15 08:27:09.000000,13.93,0.0,1,0,13.93,0.0,0.0,NO REFUND
26550,21215,2024-07-20 03:32:26.000000,38.92,0.0,2,0,38.92,0.0,0.0,NO REFUND
75992,60769,2025-01-01 08:06:36.000000,255.96,0.0,4,0,255.96,0.0,0.0,NO REFUND
30787,24578,2026-06-10 17:08:25.000000,135.99,0.0,3,0,135.99,0.0,0.0,NO REFUND
77029,61592,2026-05-20 20:03:36.000000,112.75,0.0,3,0,112.75,0.0,0.0,NO REFUND
5505,4348,2026-04-08 19:07:11.000000,139.0,0.0,2,0,139.0,0.0,0.0,NO REFUND
4231,3355,2023-12-12 23:02:30.000000,488.55,0.0,4,0,488.55,0.0,0.0,NO REFUND
94643,75860,2025-09-25 20:30:32.000000,506.55,0.0,4,0,506.55,0.0,0.0,NO REFUND
811,647,2025-01-17 14:41:11.000000,157.75,0.0,3,0,157.75,0.0,0.0,NO REFUND
96604,77461,2024-05-31 16:17:06.000000,14.95,14.95,1,1,0.0,1.0,1.0,FULLY REFUNDED
93573,74987,2023-12-23 17:54:10.000000,14.99,0.0,1,0,14.99,0.0,0.0,NO REFUND
22642,18078,2026-02-23 06:15:28.000000,46.97,0.0,2,0,46.97,0.0,0.0,NO REFUND
24205,19343,2026-01-22 11:24:01.000000,56.99,0.0,2,0,56.99,0.0,0.0,NO REFUND
31344,25044,2020-11-19 10:53:19.000000,84.94,0.0,2,0,84.94,0.0,0.0,NO REFUND
107157,85882,2020-07-10 04:45:23.000000,39.73,0.0,2,0,39.73,0.0,0.0,NO REFUND
112292,89917,2026-06-11 15:00:03.000000,45.49,0.0,2,0,45.49,0.0,0.0,NO REFUND
51201,40900,2023-08-02 07:10:05.000000,121.2,0.0,3,0,121.2,0.0,0.0,NO REFUND
18183,14492,2026-02-06 03:57:42.000000,15.95,0.0,1,0,15.95,0.0,0.0,NO REFUND
26463,21149,2026-03-01 02:58:29.000000,55.94,0.0,2,0,55.94,0.0,0.0,NO REFUND
75443,60339,2025-04-04 04:16:55.000000,15.95,0.0,1,0,15.95,0.0,0.0,NO REFUND
97179,77889,2023-01-26 14:34:35.000000,148.93,0.0,4,0,148.93,0.0,0.0,NO REFUND
113740,91054,2026-01-02 19:24:44.000000,90.93,90.93,4,4,0.0,1.0,1.0,FULLY REFUNDED
70655,56497,2025-10-31 03:27:50.000000,15.99,0.0,1,0,15.99,0.0,0.0,NO REFUND
20314,16244,2023-10-15 14:24:58.000000,137.99,0.0,4,0,137.99,0.0,0.0,NO REFUND
15481,12349,2022-09-11 16:24:25.000000,16.22,0.0,1,0,16.22,0.0,0.0,NO REFUND
5863,4641,2025-10-30 22:15:28.000000,136.53,0.0,3,0,136.53,0.0,0.0,NO REFUND
73392,58702,2024-09-22 02:08:05.000000,83.82,0.0,3,0,83.82,0.0,0.0,NO REFUND
35498,28338,2023-10-26 08:20:43.000000,240.79,0.0,4,0,240.79,0.0,0.0,NO REFUND
43362,34610,2026-05-07 04:34:36.000000,16.99,0.0,1,0,16.99,0.0,0.0,NO REFUND
33348,26596,2023-10-04 17:44:36.000000,224.04,0.0,4,0,224.04,0.0,0.0,NO REFUND
81156,64920,2026-05-01 17:39:40.000000,17.9,0.0,1,0,17.9,0.0,0.0,NO REFUND
30948,24709,2025-08-08 12:35:38.000000,17.9,17.9,1,1,0.0,1.0,1.0,FULLY REFUNDED
4213,3339,2021-10-14 15:52:50.000000,18.0,0.0,1,0,18.0,0.0,0.0,NO REFUND
86633,69367,2025-12-29 00:17:33.000000,85.0,0.0,3,0,85.0,0.0,0.0,NO REFUND
50400,40288,2020-08-18 17:32:17.000000,18.0,0.0,1,0,18.0,0.0,0.0,NO REFUND
66842,53446,2024-05-25 06:36:10.000000,162.6,0.0,4,0,162.6,0.0,0.0,NO REFUND
47096,37628,2024-10-17 05:06:38.000000,18.9,0.0,1,0,18.9,0.0,0.0,NO REFUND
16782,13366,2025-04-02 00:15:11.000000,118.94,0.0,2,0,118.94,0.0,0.0,NO REFUND
90382,72328,2025-11-02 11:30:34.000000,88.48,0.0,3,0,88.48,0.0,0.0,NO REFUND
99201,79548,2026-06-01 13:55:33.000000,161.95,0.0,3,0,161.95,0.0,0.0,NO REFUND
27968,22357,2025-01-01 12:08:54.000000,124.38,0.0,4,0,124.38,0.0,0.0,NO REFUND
56684,45292,2025-02-23 11:28:51.000000,19.95,0.0,1,0,19.95,0.0,0.0,NO REFUND
36778,29360,2026-04-19 04:57:52.000000,74.97,0.0,2,0,74.97,0.0,0.0,NO REFUND
3828,3036,2022-01-04 23:31:26.000000,19.99,0.0,1,0,19.99,0.0,0.0,NO REFUND
47857,38240,2023-08-21 14:19:23.000000,138.84,0.0,3,0,138.84,0.0,0.0,NO REFUND
77843,62237,2026-05-15 23:36:39.000000,19.99,0.0,1,0,19.99,0.0,0.0,NO REFUND
100432,80537,2022-02-21 20:03:10.000000,225.98,0.0,4,0,225.98,0.0,0.0,NO REFUND
102577,82236,2025-11-17 20:00:04.000000,101.99,0.0,3,0,101.99,0.0,0.0,NO REFUND
46176,36903,2026-04-11 21:55:17.000000,184.99,0.0,3,0,184.99,0.0,0.0,NO REFUND
49047,39126,2026-04-02 17:51:26.000000,20.0,0.0,1,0,20.0,0.0,0.0,NO REFUND
109849,88004,2022-12-14 00:25:30.000000,273.48,0.0,4,0,273.48,0.0,0.0,NO REFUND
78080,62425,2026-06-13 05:30:38.902501,45.95,0.0,2,0,45.95,0.0,0.0,NO REFUND
47071,37608,2021-04-11 15:10:56.000000,99.19,0.0,2,0,99.19,0.0,0.0,NO REFUND
43679,34851,2025-08-14 05:27:00.000000,21.34,0.0,1,0,21.34,0.0,0.0,NO REFUND
97333,78016,2023-04-21 17:23:37.000000,83.5,0.0,2,0,83.5,0.0,0.0,NO REFUND
101446,81340,2022-09-18 15:48:32.000000,146.56,0.0,4,0,146.56,0.0,0.0,NO REFUND
45191,36061,2024-01-27 16:47:17.000000,127.06,0.0,3,0,127.06,0.0,0.0,NO REFUND
18098,14423,2025-09-26 08:02:23.000000,89.95,0.0,2,0,89.95,0.0,0.0,NO REFUND
23,15,2024-02-04 11:11:56.000000,22.0,0.0,1,0,22.0,0.0,0.0,NO REFUND
123184,98641,2021-03-13 18:43:17.000000,124.95,0.0,3,0,124.95,0.0,0.0,NO REFUND
97474,78134,2023-08-02 16:31:20.000000,51.24,0.0,2,0,51.24,0.0,0.0,NO REFUND
105616,84666,2026-06-15 15:50:06.000000,116.06,0.0,4,0,116.06,0.0,0.0,NO REFUND
36022,28734,2025-10-11 09:39:27.000000,22.99,0.0,1,0,22.99,0.0,0.0,NO REFUND
49374,39396,2026-05-05 17:44:17.000000,194.99,0.0,2,0,194.99,0.0,0.0,NO REFUND
117699,94253,2022-02-25 02:19:41.000000,112.96,0.0,3,0,112.96,0.0,0.0,NO REFUND
14566,11625,2022-10-07 13:17:28.000000,23.99,0.0,1,0,23.99,0.0,0.0,NO REFUND
119334,95509,2024-03-31 14:56:59.000000,58.98,0.0,2,0,58.98,0.0,0.0,NO REFUND
27951,22339,2026-05-04 15:59:12.000000,231.81,0.0,3,0,231.81,0.0,0.0,NO REFUND
124498,99678,2025-06-22 18:24:12.000000,77.95,0.0,2,0,77.95,0.0,0.0,NO REFUND
100531,80613,2025-06-17 12:30:32.000000,92.2,0.0,2,0,92.2,0.0,0.0,NO REFUND
30359,24246,2026-03-09 22:19:21.000000,24.91,0.0,1,0,24.91,0.0,0.0,NO REFUND
33970,27112,2023-08-25 20:57:01.000000,24.91,0.0,1,0,24.91,0.0,0.0,NO REFUND
14298,11398,2023-03-10 14:46:36.000000,24.95,0.0,1,0,24.95,0.0,0.0,NO REFUND
31885,25465,2025-01-07 17:45:46.000000,24.95,0.0,1,0,24.95,0.0,0.0,NO REFUND
86979,69621,2025-12-29 22:35:12.000000,24.95,0.0,1,0,24.95,0.0,0.0,NO REFUND
14974,11944,2026-04-06 11:05:13.000000,24.98,24.98,1,1,0.0,1.0,1.0,FULLY REFUNDED
16579,13201,2023-05-11 13:06:54.000000,236.17,0.0,4,0,236.17,0.0,0.0,NO REFUND
101849,81650,2026-06-16 00:16:13.000000,24.99,0.0,1,0,24.99,0.0,0.0,NO REFUND
13203,10479,2024-11-21 16:54:13.000000,149.63,0.0,4,0,149.63,0.0,0.0,NO REFUND
19475,15547,2026-06-16 04:23:57.124525,25.0,0.0,1,0,25.0,0.0,0.0,NO REFUND
33842,26995,2026-01-05 07:41:59.000000,289.98,0.0,4,0,289.98,0.0,0.0,NO REFUND
87073,69697,2022-10-05 10:26:17.000000,25.0,0.0,1,0,25.0,0.0,0.0,NO REFUND
33935,27075,2024-09-06 02:07:04.000000,25.0,0.0,1,0,25.0,0.0,0.0,NO REFUND
109530,87747,2025-03-31 06:51:39.000000,99.47,0.0,2,0,99.47,0.0,0.0,NO REFUND
123755,99103,2024-05-14 08:46:08.000000,25.0,0.0,1,0,25.0,0.0,0.0,NO REFUND
18831,15016,2022-10-03 14:11:31.000000,25.0,0.0,1,0,25.0,0.0,0.0,NO REFUND
101912,81706,2025-12-15 20:53:07.000000,97.98,0.0,3,0,97.98,0.0,0.0,NO REFUND
103410,82924,2023-01-09 23:20:02.000000,113.5,0.0,3,0,113.5,0.0,0.0,NO REFUND
106144,85064,2026-03-17 00:56:07.000000,25.0,0.0,1,0,25.0,0.0,0.0,NO REFUND
57744,46150,2025-01-08 08:03:00.000000,25.0,25.0,1,1,0.0,1.0,1.0,FULLY REFUNDED
67458,53954,2023-08-17 08:36:54.000000,25.0,0.0,1,0,25.0,0.0,0.0,NO REFUND
103243,82791,2021-03-16 02:36:56.000000,169.95,0.0,3,0,169.95,0.0,0.0,NO REFUND
117173,93832,2025-01-04 05:52:00.000000,25.0,0.0,1,0,25.0,0.0,0.0,NO REFUND
121453,97226,2026-06-07 15:34:05.000000,53.97,0.0,2,0,53.97,0.0,0.0,NO REFUND
57887,46261,2025-05-24 15:28:36.000000,137.96,137.96,4,4,0.0,1.0,1.0,FULLY REFUNDED
95499,76543,2025-02-17 17:15:12.000000,203.7,0.0,4,0,203.7,0.0,0.0,NO REFUND
78937,63086,2019-01-30 07:31:32.000000,26.23,26.23,1,1,0.0,1.0,1.0,FULLY REFUNDED
78825,62995,2026-04-02 09:28:43.000000,26.23,0.0,1,0,26.23,0.0,0.0,NO REFUND
70226,56167,2025-11-09 03:43:38.000000,26.99,0.0,1,0,26.99,0.0,0.0,NO REFUND
9497,7577,2025-07-12 16:52:46.000000,81.0,0.0,2,0,81.0,0.0,0.0,NO REFUND
75494,60378,2020-04-16 14:25:01.000000,27.0,0.0,1,0,27.0,0.0,0.0,NO REFUND
5879,4651,2026-03-17 23:38:29.000000,27.45,0.0,1,0,27.45,0.0,0.0,NO REFUND
59994,47926,2024-07-21 13:40:31.000000,27.98,0.0,1,0,27.98,0.0,0.0,NO REFUND
1166,928,2022-04-29 07:08:15.000000,107.99,107.99,2,2,0.0,1.0,1.0,FULLY REFUNDED
41320,32965,2025-07-12 19:17:22.000000,87.99,0.0,2,0,87.99,0.0,0.0,NO REFUND
94131,75467,2026-06-12 02:46:30.690328,28.0,0.0,1,0,28.0,0.0,0.0,NO REFUND
110953,88867,2025-03-09 00:31:19.000000,160.66,0.0,2,0,160.66,0.0,0.0,NO REFUND
18080,14404,2026-02-27 00:30:56.000000,95.4,0.0,3,0,95.4,0.0,0.0,NO REFUND
68548,54850,2025-09-17 16:59:07.000000,78.74,0.0,2,0,78.74,0.0,0.0,NO REFUND
64232,51323,2026-02-27 19:22:07.000000,28.95,0.0,1,0,28.95,0.0,0.0,NO REFUND
809,647,2023-04-01 17:32:51.000000,29.95,0.0,1,0,29.95,0.0,0.0,NO REFUND
51414,41053,2025-07-07 12:21:54.000000,154.95,0.0,2,0,154.95,0.0,0.0,NO REFUND
77348,61825,2025-05-05 12:10:26.000000,129.94,0.0,2,0,129.94,0.0,0.0,NO REFUND
42905,34238,2025-05-02 12:41:58.000000,127.99,0.0,2,0,127.99,0.0,0.0,NO REFUND
47610,38032,2022-07-25 22:34:36.000000,85.94,0.0,2,0,85.94,0.0,0.0,NO REFUND
53098,42388,2024-12-16 16:10:48.000000,59.98,0.0,2,0,59.98,0.0,0.0,NO REFUND
1243,986,2022-02-05 12:01:58.000000,73.99,0.0,2,0,73.99,0.0,0.0,NO REFUND
20606,16477,2025-11-17 20:26:36.000000,63.99,0.0,2,0,63.99,0.0,0.0,NO REFUND
115384,92377,2019-10-27 08:58:54.000000,29.99,0.0,1,0,29.99,0.0,0.0,NO REFUND
112934,90415,2022-10-10 22:41:39.000000,30.0,0.0,1,0,30.0,0.0,0.0,NO REFUND
46943,37510,2023-11-10 23:40:00.000000,98.0,0.0,2,0,98.0,0.0,0.0,NO REFUND
78688,62893,2026-05-29 06:25:46.000000,30.0,0.0,1,0,30.0,0.0,0.0,NO REFUND
88333,70664,2024-06-17 20:32:53.000000,30.0,0.0,1,0,30.0,0.0,0.0,NO REFUND
115984,92860,2026-02-12 21:59:43.000000,30.0,0.0,1,0,30.0,0.0,0.0,NO REFUND
46647,37276,2024-01-21 21:38:21.000000,30.4,0.0,1,0,30.4,0.0,0.0,NO REFUND
14471,11550,2025-02-05 19:56:23.000000,30.89,0.0,1,0,30.89,0.0,0.0,NO REFUND
32471,25934,2025-07-21 20:45:26.000000,30.89,0.0,1,0,30.89,0.0,0.0,NO REFUND
38139,30439,2023-03-16 23:14:34.000000,159.95,0.0,2,0,159.95,0.0,0.0,NO REFUND
96046,76989,2026-02-10 02:28:57.000000,31.98,0.0,1,0,31.98,0.0,0.0,NO REFUND
9736,7762,2026-05-10 14:28:58.000000,31.98,0.0,1,0,31.98,0.0,0.0,NO REFUND
121214,97025,2025-03-21 08:17:09.000000,31.98,0.0,1,0,31.98,0.0,0.0,NO REFUND
110890,88807,2025-02-20 18:18:18.000000,115.6,115.6,2,2,0.0,1.0,1.0,FULLY REFUNDED
87937,70361,2025-08-04 11:15:20.000000,31.99,0.0,1,0,31.99,0.0,0.0,NO REFUND
9132,7278,2025-07-16 17:17:53.000000,32.99,0.0,1,0,32.99,0.0,0.0,NO REFUND
82160,65749,2022-09-28 16:25:28.000000,32.99,0.0,1,0,32.99,0.0,0.0,NO REFUND
13680,10870,2021-09-11 00:27:52.000000,297.49,0.0,4,0,297.49,0.0,0.0,NO REFUND
77349,61826,2025-11-13 21:09:03.000000,34.0,0.0,1,0,34.0,0.0,0.0,NO REFUND
67408,53917,2024-07-23 01:31:52.000000,203.5,0.0,4,0,203.5,0.0,0.0,NO REFUND
70270,56201,2024-02-28 12:49:22.000000,34.0,0.0,1,0,34.0,0.0,0.0,NO REFUND
70452,56339,2026-06-17 13:20:52.000000,377.95,0.0,4,0,377.95,0.0,0.0,NO REFUND
60441,48270,2022-09-23 20:57:02.000000,34.31,0.0,1,0,34.31,0.0,0.0,NO REFUND
27927,22321,2025-07-17 17:45:43.000000,194.4,0.0,3,0,194.4,0.0,0.0,NO REFUND
70280,56209,2025-10-19 18:43:17.000000,280.02,0.0,4,0,280.02,0.0,0.0,NO REFUND
9034,7214,2026-05-18 17:14:20.000000,436.98,0.0,4,0,436.98,0.0,0.0,NO REFUND
73531,58818,2023-07-23 14:29:45.000000,34.99,0.0,1,0,34.99,0.0,0.0,NO REFUND
98798,79212,2024-06-06 02:43:27.000000,102.99,0.0,2,0,102.99,0.0,0.0,NO REFUND
10688,8513,2026-02-16 20:39:25.000000,354.98,0.0,2,0,354.98,0.0,0.0,NO REFUND
109853,88005,2024-09-10 08:39:01.000000,35.0,0.0,1,0,35.0,0.0,0.0,NO REFUND
81381,65110,2025-12-16 11:41:18.000000,84.54,0.0,2,0,84.54,0.0,0.0,NO REFUND
80142,64064,2022-01-05 18:54:48.000000,100.12,0.0,2,0,100.12,0.0,0.0,NO REFUND
86465,69235,2026-01-19 13:03:13.000000,101.45,0.0,2,0,101.45,0.0,0.0,NO REFUND
17807,14180,2026-06-17 01:05:44.580378,75.45,0.0,2,0,75.45,0.0,0.0,NO REFUND
56086,44820,2026-05-13 10:35:09.000000,87.5,0.0,2,0,87.5,0.0,0.0,NO REFUND
84757,67814,2025-01-07 21:06:06.000000,38.0,0.0,1,0,38.0,0.0,0.0,NO REFUND
29603,23653,2026-03-16 06:07:01.000000,38.0,38.0,1,1,0.0,1.0,1.0,FULLY REFUNDED
5798,4588,2023-10-19 13:06:16.000000,78.47,0.0,2,0,78.47,0.0,0.0,NO REFUND
105284,84395,2026-03-11 03:33:33.000000,38.84,0.0,1,0,38.84,0.0,0.0,NO REFUND
12565,10004,2025-02-28 13:36:10.000000,39.0,0.0,1,0,39.0,0.0,0.0,NO REFUND
124092,99378,2023-02-06 18:57:08.000000,39.0,0.0,1,0,39.0,0.0,0.0,NO REFUND
12582,10016,2020-05-14 09:52:38.000000,88.45,0.0,2,0,88.45,0.0,0.0,NO REFUND
19125,15270,2024-07-04 19:44:40.000000,165.45,0.0,3,0,165.45,0.0,0.0,NO REFUND
95082,76208,2021-10-23 17:48:18.000000,99.9,0.0,2,0,99.9,0.0,0.0,NO REFUND
15743,12564,2026-04-12 15:34:04.000000,39.95,0.0,1,0,39.95,0.0,0.0,NO REFUND
68148,54538,2025-05-28 06:19:49.000000,39.95,0.0,1,0,39.95,0.0,0.0,NO REFUND
105718,84736,2025-07-30 06:51:53.000000,173.23,0.0,3,0,173.23,0.0,0.0,NO REFUND
71065,56834,2023-05-10 18:55:54.000000,405.49,0.0,4,0,405.49,0.0,0.0,NO REFUND
95020,76161,2021-01-19 09:15:55.000000,39.99,0.0,1,0,39.99,0.0,0.0,NO REFUND
102315,82027,2023-02-09 00:53:09.000000,39.99,0.0,1,0,39.99,0.0,0.0,NO REFUND
124219,99483,2023-11-06 02:00:54.000000,128.99,0.0,2,0,128.99,0.0,0.0,NO REFUND
95151,76263,2025-09-26 08:20:58.000000,330.15,0.0,4,0,330.15,0.0,0.0,NO REFUND
121802,97518,2024-12-09 07:01:54.000000,91.99,0.0,2,0,91.99,0.0,0.0,NO REFUND
18779,14973,2026-01-31 03:50:54.000000,41.99,41.99,1,1,0.0,1.0,1.0,FULLY REFUNDED
76576,61227,2025-11-02 19:46:28.000000,42.0,42.0,1,1,0.0,1.0,1.0,FULLY REFUNDED
23318,18621,2023-06-29 04:38:21.000000,131.01,0.0,2,0,131.01,0.0,0.0,NO REFUND
115095,92154,2023-08-19 21:32:44.000000,175.0,0.0,2,0,175.0,0.0,0.0,NO REFUND
49950,39902,2025-08-06 10:28:51.000000,401.88,0.0,4,0,401.88,0.0,0.0,NO REFUND
13038,10355,2026-04-17 13:09:45.000000,42.99,0.0,1,0,42.99,0.0,0.0,NO REFUND
61742,49317,2024-11-30 04:42:51.000000,332.82,0.0,4,0,332.82,0.0,0.0,NO REFUND
5785,4578,2020-12-02 09:02:14.000000,92.0,0.0,2,0,92.0,0.0,0.0,NO REFUND
116110,92963,2023-11-06 01:04:04.000000,93.5,0.0,2,0,93.5,0.0,0.0,NO REFUND
72643,58096,2025-03-26 07:40:19.000000,44.0,0.0,1,0,44.0,0.0,0.0,NO REFUND
4532,3579,2026-04-23 05:36:46.000000,44.0,44.0,1,1,0.0,1.0,1.0,FULLY REFUNDED
4935,3892,2024-03-02 15:26:10.000000,44.42,0.0,1,0,44.42,0.0,0.0,NO REFUND
36769,29350,2024-11-18 06:46:44.000000,44.51,0.0,1,0,44.51,0.0,0.0,NO REFUND
71104,56868,2023-08-16 10:44:43.000000,45.0,0.0,1,0,45.0,0.0,0.0,NO REFUND
42315,33756,2026-01-03 16:15:30.000000,115.5,0.0,2,0,115.5,0.0,0.0,NO REFUND
124811,99929,2023-06-01 10:37:59.000000,46.0,0.0,1,0,46.0,0.0,0.0,NO REFUND
56223,44924,2024-09-10 23:45:14.000000,46.88,0.0,1,0,46.88,0.0,0.0,NO REFUND
14646,11693,2025-06-24 10:04:37.000000,47.0,0.0,1,0,47.0,0.0,0.0,NO REFUND
79496,63543,2024-12-01 05:49:15.000000,112.99,0.0,2,0,112.99,0.0,0.0,NO REFUND
105714,84733,2026-03-30 23:35:24.000000,48.0,0.0,1,0,48.0,0.0,0.0,NO REFUND
10430,8303,2026-06-09 13:08:31.000000,48.4,0.0,1,0,48.4,0.0,0.0,NO REFUND
12011,9561,2025-01-01 12:17:57.000000,48.95,48.95,1,1,0.0,1.0,1.0,FULLY REFUNDED
13635,10833,2019-09-22 18:50:57.000000,48.96,0.0,1,0,48.96,0.0,0.0,NO REFUND
4553,3596,2022-04-09 16:02:40.000000,49.45,0.0,1,0,49.45,0.0,0.0,NO REFUND
21801,17398,2022-02-23 04:54:57.000000,49.45,49.45,1,1,0.0,1.0,1.0,FULLY REFUNDED
47299,37792,2026-04-19 20:30:14.000000,49.5,0.0,1,0,49.5,0.0,0.0,NO REFUND
7627,6107,2024-06-08 16:21:08.000000,49.5,0.0,1,0,49.5,0.0,0.0,NO REFUND
82987,66398,2026-05-21 15:21:11.000000,99.5,0.0,2,0,99.5,0.0,0.0,NO REFUND
67719,54186,2024-04-13 15:22:20.000000,49.5,0.0,1,0,49.5,0.0,0.0,NO REFUND
67483,53977,2025-08-29 06:41:48.000000,49.95,49.95,1,1,0.0,1.0,1.0,FULLY REFUNDED
31404,25087,2021-06-12 09:17:32.000000,49.99,0.0,1,0,49.99,0.0,0.0,NO REFUND
34265,27339,2025-12-03 04:33:14.000000,49.99,0.0,1,0,49.99,0.0,0.0,NO REFUND
58811,46991,2021-05-20 02:50:30.000000,49.99,0.0,1,0,49.99,0.0,0.0,NO REFUND
72523,57987,2026-06-13 01:22:57.427490,49.99,0.0,1,0,49.99,0.0,0.0,NO REFUND
113185,90614,2024-09-21 11:19:02.000000,49.99,0.0,1,0,49.99,0.0,0.0,NO REFUND
704,568,2026-01-27 05:59:21.000000,49.99,0.0,1,0,49.99,0.0,0.0,NO REFUND
35366,28235,2023-09-04 10:34:29.000000,49.99,0.0,1,0,49.99,0.0,0.0,NO REFUND
65331,52177,2026-06-11 21:58:32.879767,49.99,0.0,1,0,49.99,0.0,0.0,NO REFUND
82116,65711,2022-12-29 10:45:29.000000,49.99,0.0,1,0,49.99,0.0,0.0,NO REFUND
63573,50811,2023-08-13 19:07:19.000000,1021.38,1021.38,3,3,0.0,1.0,1.0,FULLY REFUNDED
33580,26792,2024-04-30 20:11:03.000000,131.0,0.0,2,0,131.0,0.0,0.0,NO REFUND
7575,6056,2024-07-01 09:49:17.000000,52.0,0.0,1,0,52.0,0.0,0.0,NO REFUND
35511,28348,2022-12-27 16:02:04.000000,140.49,140.49,2,2,0.0,1.0,1.0,FULLY REFUNDED
57970,46323,2024-02-08 13:39:14.000000,54.0,0.0,1,0,54.0,0.0,0.0,NO REFUND
45965,36703,2022-07-26 00:52:10.000000,54.0,0.0,1,0,54.0,0.0,0.0,NO REFUND
44646,35599,2024-05-14 07:36:02.000000,54.0,0.0,1,0,54.0,0.0,0.0,NO REFUND
116222,93053,2024-02-04 11:40:23.000000,54.0,0.0,1,0,54.0,0.0,0.0,NO REFUND
35015,27968,2023-06-22 20:38:21.000000,136.99,0.0,2,0,136.99,0.0,0.0,NO REFUND
34000,27131,2025-09-16 15:55:59.000000,55.0,0.0,1,0,55.0,0.0,0.0,NO REFUND
8848,7075,2023-10-04 01:40:55.000000,55.0,0.0,1,0,55.0,0.0,0.0,NO REFUND
52840,42170,2025-12-25 22:43:21.000000,55.5,0.0,1,0,55.5,0.0,0.0,NO REFUND
79924,63882,2024-07-27 23:10:23.000000,57.99,0.0,1,0,57.99,0.0,0.0,NO REFUND
110779,88721,2022-10-22 18:43:02.000000,127.5,0.0,2,0,127.5,0.0,0.0,NO REFUND
122028,97702,2024-10-09 14:28:53.000000,58.5,58.5,1,1,0.0,1.0,1.0,FULLY REFUNDED
43215,34486,2025-12-22 22:17:15.000000,58.97,0.0,1,0,58.97,0.0,0.0,NO REFUND
9020,7199,2022-03-11 15:25:02.000000,59.0,0.0,1,0,59.0,0.0,0.0,NO REFUND
71723,57363,2026-06-09 11:31:46.000000,59.0,0.0,1,0,59.0,0.0,0.0,NO REFUND
102401,82093,2026-05-15 00:21:20.000000,127.19,0.0,2,0,127.19,0.0,0.0,NO REFUND
82808,66260,2025-02-20 19:23:58.000000,219.45,0.0,2,0,219.45,0.0,0.0,NO REFUND
60147,48031,2023-01-06 04:05:48.000000,59.5,0.0,1,0,59.5,0.0,0.0,NO REFUND
107080,85812,2026-01-24 12:17:09.000000,59.5,0.0,1,0,59.5,0.0,0.0,NO REFUND
93659,75056,2023-07-26 19:54:56.000000,59.95,0.0,1,0,59.95,0.0,0.0,NO REFUND
52372,41810,2025-08-06 11:21:52.000000,129.98,0.0,2,0,129.98,0.0,0.0,NO REFUND
5353,4233,2026-04-20 02:00:00.000000,60.0,0.0,1,0,60.0,0.0,0.0,NO REFUND
16948,13493,2025-12-23 00:46:40.000000,60.0,0.0,1,0,60.0,0.0,0.0,NO REFUND
77303,61793,2026-01-01 16:01:14.000000,60.0,60.0,1,1,0.0,1.0,1.0,FULLY REFUNDED
73663,58918,2022-11-08 23:02:51.000000,190.74,0.0,2,0,190.74,0.0,0.0,NO REFUND
70123,56087,2025-07-26 14:57:30.000000,60.99,0.0,1,0,60.99,0.0,0.0,NO REFUND
72430,57906,2025-08-17 13:52:23.000000,63.99,0.0,1,0,63.99,0.0,0.0,NO REFUND
85988,68847,2021-11-15 15:04:12.000000,160.17,0.0,2,0,160.17,0.0,0.0,NO REFUND
29160,23304,2025-08-31 09:34:06.000000,64.95,0.0,1,0,64.95,0.0,0.0,NO REFUND
33291,26557,2025-11-02 10:21:31.000000,65.0,0.0,1,0,65.0,0.0,0.0,NO REFUND
55377,44235,2025-06-29 01:04:59.000000,361.57,0.0,4,0,361.57,0.0,0.0,NO REFUND
78359,62648,2023-03-22 07:08:50.000000,65.17,0.0,1,0,65.17,0.0,0.0,NO REFUND
80941,64744,2022-03-05 03:40:12.000000,69.0,0.0,1,0,69.0,0.0,0.0,NO REFUND
34817,27814,2024-05-15 22:02:27.000000,69.5,0.0,1,0,69.5,0.0,0.0,NO REFUND
53606,42816,2022-08-21 14:46:00.000000,154.5,0.0,2,0,154.5,0.0,0.0,NO REFUND
36341,28990,2019-11-16 19:03:01.000000,227.83,0.0,2,0,227.83,0.0,0.0,NO REFUND
14193,11309,2019-11-28 00:00:02.000000,69.95,0.0,1,0,69.95,0.0,0.0,NO REFUND
25447,20326,2024-09-20 07:43:03.000000,69.99,0.0,1,0,69.99,0.0,0.0,NO REFUND
38072,30397,2023-12-04 17:06:21.000000,282.99,282.99,3,3,0.0,1.0,1.0,FULLY REFUNDED
67159,53719,2025-12-28 02:04:45.000000,160.0,0.0,2,0,160.0,0.0,0.0,NO REFUND
43668,34844,2024-07-27 13:32:45.000000,75.56,0.0,1,0,75.56,0.0,0.0,NO REFUND
44244,35297,2021-08-22 21:26:30.000000,78.0,0.0,1,0,78.0,0.0,0.0,NO REFUND
8867,7084,2025-03-20 16:28:45.000000,78.0,0.0,1,0,78.0,0.0,0.0,NO REFUND
39193,31308,2019-12-20 19:58:23.000000,167.95,0.0,2,0,167.95,0.0,0.0,NO REFUND
32317,25800,2024-04-23 12:23:47.000000,227.0,227.0,2,2,0.0,1.0,1.0,FULLY REFUNDED
7281,5821,2026-04-02 23:29:30.000000,81.4,0.0,1,0,81.4,0.0,0.0,NO REFUND
83940,67179,2026-06-14 10:12:06.132829,82.95,82.95,1,1,0.0,1.0,1.0,FULLY REFUNDED
23306,18615,2022-05-23 21:56:28.000000,85.0,0.0,1,0,85.0,0.0,0.0,NO REFUND
59778,47750,2024-11-27 03:26:45.000000,88.0,0.0,1,0,88.0,0.0,0.0,NO REFUND
111445,89268,2023-12-20 16:51:31.000000,187.45,0.0,2,0,187.45,0.0,0.0,NO REFUND
37573,29999,2022-11-06 00:01:48.000000,229.98,0.0,2,0,229.98,0.0,0.0,NO REFUND
11276,8960,2026-03-07 22:01:23.000000,200.68,0.0,2,0,200.68,0.0,0.0,NO REFUND
68939,55145,2025-07-26 21:03:04.000000,94.95,0.0,1,0,94.95,0.0,0.0,NO REFUND
99602,79891,2024-07-18 14:09:55.000000,94.99,0.0,1,0,94.99,0.0,0.0,NO REFUND
50862,40624,2024-02-03 00:16:49.000000,95.0,0.0,1,0,95.0,0.0,0.0,NO REFUND
32306,25790,2025-07-17 07:44:07.000000,224.51,224.51,2,2,0.0,1.0,1.0,FULLY REFUNDED
35206,28109,2023-04-08 17:07:04.000000,98.0,0.0,1,0,98.0,0.0,0.0,NO REFUND
37883,30241,2026-03-04 05:29:26.000000,98.85,0.0,1,0,98.85,0.0,0.0,NO REFUND
22915,18306,2026-06-16 05:20:48.000000,99.99,0.0,1,0,99.99,0.0,0.0,NO REFUND
37217,29716,2025-12-15 11:07:52.000000,336.0,0.0,2,0,336.0,0.0,0.0,NO REFUND
76158,60897,2025-11-11 06:25:27.000000,103.68,0.0,1,0,103.68,0.0,0.0,NO REFUND
864,697,2024-05-05 16:20:34.000000,247.01,0.0,2,0,247.01,0.0,0.0,NO REFUND
3440,2734,2026-06-07 04:47:23.000000,105.26,0.0,1,0,105.26,0.0,0.0,NO REFUND
13705,10896,2024-03-30 02:56:07.000000,105.56,0.0,1,0,105.56,0.0,0.0,NO REFUND
52230,41692,2022-05-08 11:33:17.000000,108.99,0.0,1,0,108.99,0.0,0.0,NO REFUND
7647,6121,2026-03-10 15:58:56.000000,109.91,0.0,1,0,109.91,0.0,0.0,NO REFUND
32243,25739,2025-04-27 12:58:13.000000,110.0,0.0,1,0,110.0,0.0,0.0,NO REFUND
48905,39034,2026-04-17 20:25:38.000000,110.0,0.0,1,0,110.0,0.0,0.0,NO REFUND
66884,53479,2023-03-04 15:25:14.000000,244.17,0.0,2,0,244.17,0.0,0.0,NO REFUND
110959,88869,2026-06-03 18:08:36.000000,117.6,0.0,1,0,117.6,0.0,0.0,NO REFUND
55441,44282,2026-04-10 06:07:40.000000,117.7,0.0,1,0,117.7,0.0,0.0,NO REFUND
44010,35114,2026-06-10 03:39:16.000000,119.99,0.0,1,0,119.99,0.0,0.0,NO REFUND
82161,65751,2025-11-20 10:58:57.000000,121.0,0.0,1,0,121.0,0.0,0.0,NO REFUND
27939,22327,2025-11-20 03:08:48.000000,132.0,0.0,1,0,132.0,0.0,0.0,NO REFUND
106767,85563,2025-08-21 21:21:05.000000,139.99,0.0,1,0,139.99,0.0,0.0,NO REFUND
26906,21507,2024-11-19 21:31:13.000000,140.0,0.0,1,0,140.0,0.0,0.0,NO REFUND
680,554,2026-04-25 02:33:37.000000,147.5,0.0,1,0,147.5,0.0,0.0,NO REFUND
4443,3510,2023-08-24 09:00:29.000000,155.0,0.0,1,0,155.0,0.0,0.0,NO REFUND
96750,77572,2021-07-11 23:29:54.000000,333.0,0.0,2,0,333.0,0.0,0.0,NO REFUND
83688,66967,2025-07-07 22:55:37.000000,156.87,0.0,1,0,156.87,0.0,0.0,NO REFUND
48566,38780,2023-11-06 20:59:13.000000,156.87,0.0,1,0,156.87,0.0,0.0,NO REFUND
27123,21683,2026-06-08 07:24:33.000000,158.33,0.0,1,0,158.33,0.0,0.0,NO REFUND
36752,29336,2025-10-20 19:53:00.000000,159.99,0.0,1,0,159.99,0.0,0.0,NO REFUND
21228,16975,2021-01-24 20:13:39.000000,161.0,0.0,1,0,161.0,0.0,0.0,NO REFUND
21769,17372,2021-04-16 08:04:50.000000,161.0,0.0,1,0,161.0,0.0,0.0,NO REFUND
80020,63965,2025-09-07 18:06:47.000000,169.0,0.0,1,0,169.0,0.0,0.0,NO REFUND
4663,3694,2026-06-16 00:36:37.895843,169.0,0.0,1,0,169.0,0.0,0.0,NO REFUND
57074,45634,2026-04-06 02:56:01.000000,441.0,0.0,2,0,441.0,0.0,0.0,NO REFUND
70941,56736,2025-07-13 23:14:18.000000,178.0,0.0,1,0,178.0,0.0,0.0,NO REFUND
113137,90579,2024-01-04 23:34:29.000000,178.0,0.0,1,0,178.0,0.0,0.0,NO REFUND
103831,83244,2024-09-20 19:34:32.000000,185.0,0.0,1,0,185.0,0.0,0.0,NO REFUND
44655,35609,2026-02-09 17:23:17.000000,189.0,0.0,1,0,189.0,0.0,0.0,NO REFUND
77435,61900,2025-07-01 05:28:52.000000,195.0,0.0,1,0,195.0,0.0,0.0,NO REFUND
79428,63490,2021-03-14 23:09:53.000000,195.0,0.0,1,0,195.0,0.0,0.0,NO REFUND
59012,47147,2025-11-22 21:26:25.000000,195.0,0.0,1,0,195.0,0.0,0.0,NO REFUND
60365,48211,2026-06-06 08:42:12.000000,265.99,0.0,1,0,265.99,0.0,0.0,NO REFUND
19817,15823,2023-09-22 16:01:12.000000,300.0,0.0,1,0,300.0,0.0,0.0,NO REFUND
110591,88571,2024-11-28 12:05:59.000000,308.0,0.0,1,0,308.0,0.0,0.0,NO REFUND
79187,63290,2025-10-25 09:24:42.000000,345.0,0.0,1,0,345.0,0.0,0.0,NO REFUND
112343,89954,2022-09-07 01:09:40.000000,399.0,0.0,1,0,399.0,0.0,0.0,NO REFUND
61364,49021,2024-05-10 07:36:07.000000,449.0,0.0,1,0,449.0,0.0,0.0,NO REFUND
60469,48294,2025-06-16 05:51:07.000000,795.0,0.0,1,0,795.0,0.0,0.0,NO REFUND
-6,34532,2026-06-16 13:43:00.000000,259.0,0.0,3,0,259.0,0.0,0.0,NO REFUND
-7,45487,2026-06-16 09:19:00.000000,156.0,0.0,1,0,156.0,0.0,0.0,NO REFUND
-40,65927,2026-06-16 12:03:00.000000,274.0,0.0,3,0,274.0,0.0,0.0,NO REFUND
-53,43693,2026-06-16 14:57:00.000000,195.0,195.0,1,1,0.0,1.0,1.0,FULLY REFUNDED
-54,91369,2026-06-16 15:42:00.000000,163.0,0.0,1,0,163.0,0.0,0.0,NO REFUND
-113,90295,2026-06-16 09:01:00.000000,91.0,0.0,1,0,91.0,0.0,0.0,NO REFUND
-122,59699,2026-06-16 09:39:00.000000,383.0,0.0,3,0,383.0,0.0,0.0,NO REFUND
-129,21337,2026-06-16 13:25:00.000000,381.0,0.0,3,0,381.0,0.0,0.0,NO REFUND
-140,9042,2026-06-16 16:44:00.000000,175.0,0.0,2,0,175.0,0.0,0.0,NO REFUND
-148,66896,2026-06-16 14:58:00.000000,271.0,0.0,2,0,271.0,0.0,0.0,NO REFUND
-150,60012,2026-06-16 13:58:00.000000,69.0,0.0,1,0,69.0,0.0,0.0,NO REFUND
-151,54809,2026-06-16 17:57:00.000000,471.0,0.0,3,0,471.0,0.0,0.0,NO REFUND
-154,1456,2026-06-16 11:48:00.000000,231.0,0.0,2,0,231.0,0.0,0.0,NO REFUND
-210,17932,2026-06-16 17:48:00.000000,324.0,0.0,3,0,324.0,0.0,0.0,NO REFUND
-211,76201,2026-06-16 11:25:00.000000,182.0,0.0,1,0,182.0,0.0,0.0,NO REFUND
-221,17842,2026-06-16 17:30:00.000000,348.0,0.0,3,0,348.0,0.0,0.0,NO REFUND
-234,52124,2026-06-16 17:56:00.000000,349.0,349.0,2,2,0.0,1.0,1.0,FULLY REFUNDED
-253,53446,2026-06-16 14:30:00.000000,174.0,135.0,2,1,39.0,0.7759,0.5,PARTIALLY REFUNDED
-285,40541,2026-06-16 11:36:00.000000,40.0,0.0,1,0,40.0,0.0,0.0,NO REFUND
-294,56209,2026-06-16 10:07:00.000000,99.0,0.0,1,0,99.0,0.0,0.0,NO REFUND
121363,97148,2026-03-12 08:05:47.000000,31.45,0.0,2,0,31.45,0.0,0.0,NO REFUND
121132,96966,2025-09-26 05:37:33.000000,50.98,0.0,3,0,50.98,0.0,0.0,NO REFUND
74410,59504,2026-06-11 04:09:46.000000,253.44,0.0,4,0,253.44,0.0,0.0,NO REFUND
30559,24394,2025-10-07 02:37:58.000000,6.5,0.0,1,0,6.5,0.0,0.0,NO REFUND
2723,2168,2024-10-29 00:56:32.000000,30.0,0.0,2,0,30.0,0.0,0.0,NO REFUND
64051,51183,2021-05-22 14:06:37.000000,18.45,0.0,2,0,18.45,0.0,0.0,NO REFUND
14216,11329,2025-05-14 13:02:04.000000,24.73,0.0,2,0,24.73,0.0,0.0,NO REFUND
10478,8339,2020-07-29 18:48:18.000000,6.83,0.0,1,0,6.83,0.0,0.0,NO REFUND
93261,74727,2023-02-08 15:01:39.000000,163.07,163.07,3,3,0.0,1.0,1.0,FULLY REFUNDED
97358,78036,2025-09-03 17:58:45.000000,122.91,0.0,3,0,122.91,0.0,0.0,NO REFUND
121219,97030,2025-12-06 09:18:24.000000,6.99,0.0,1,0,6.99,0.0,0.0,NO REFUND
28854,23061,2025-03-09 09:17:50.000000,64.99,0.0,2,0,64.99,0.0,0.0,NO REFUND
90722,72606,2024-06-28 09:55:14.000000,84.48,84.48,4,4,0.0,1.0,1.0,FULLY REFUNDED
68690,54959,2026-04-12 19:02:30.000000,140.19,140.19,3,3,0.0,1.0,1.0,FULLY REFUNDED
76988,61560,2025-04-12 15:38:37.000000,287.0,287.0,4,4,0.0,1.0,1.0,FULLY REFUNDED
97494,78152,2024-03-24 19:20:30.000000,66.92,0.0,2,0,66.92,0.0,0.0,NO REFUND
15074,12027,2025-05-01 18:09:02.000000,76.96,0.0,3,0,76.96,0.0,0.0,NO REFUND
87683,70167,2026-05-22 15:26:26.000000,34.99,0.0,2,0,34.99,0.0,0.0,NO REFUND
99333,79650,2024-10-23 05:56:59.000000,192.43,0.0,4,0,192.43,0.0,0.0,NO REFUND
73063,58443,2026-03-29 04:40:11.000000,39.66,39.66,3,3,0.0,1.0,1.0,FULLY REFUNDED
75171,60115,2026-03-26 05:05:18.000000,82.98,82.98,4,4,0.0,1.0,1.0,FULLY REFUNDED
115505,92470,2026-01-15 02:19:53.000000,10.0,0.0,1,0,10.0,0.0,0.0,NO REFUND
107341,86014,2020-05-31 20:57:44.000000,179.99,0.0,2,0,179.99,0.0,0.0,NO REFUND
113565,90913,2022-10-24 15:14:47.000000,10.0,0.0,1,0,10.0,0.0,0.0,NO REFUND
89121,71319,2024-02-20 07:01:28.000000,40.01,0.0,2,0,40.01,0.0,0.0,NO REFUND
113068,90519,2024-05-01 03:32:23.000000,84.68,0.0,4,0,84.68,0.0,0.0,NO REFUND
4139,3286,2021-02-01 19:11:55.000000,181.88,0.0,3,0,181.88,0.0,0.0,NO REFUND
6666,5308,2021-03-29 07:26:42.000000,10.87,0.0,1,0,10.87,0.0,0.0,NO REFUND
47068,37606,2019-03-13 18:13:09.000000,120.99,0.0,2,0,120.99,0.0,0.0,NO REFUND
76088,60847,2025-12-11 00:36:07.000000,10.99,0.0,1,0,10.99,0.0,0.0,NO REFUND
71157,56917,2024-11-18 20:57:32.000000,38.99,0.0,3,0,38.99,0.0,0.0,NO REFUND
72467,57946,2024-05-31 16:25:51.000000,141.07,0.0,2,0,141.07,0.0,0.0,NO REFUND
12176,9695,2025-05-11 11:27:16.000000,11.14,0.0,1,0,11.14,0.0,0.0,NO REFUND
41525,33126,2022-02-15 00:45:24.000000,53.34,0.0,2,0,53.34,0.0,0.0,NO REFUND
72756,58194,2022-03-13 03:25:24.000000,122.51,0.0,4,0,122.51,0.0,0.0,NO REFUND
73031,58421,2022-07-04 19:07:54.000000,92.21,0.0,3,0,92.21,0.0,0.0,NO REFUND
77552,62004,2022-03-11 17:38:50.000000,52.77,0.0,3,0,52.77,0.0,0.0,NO REFUND
99275,79599,2023-05-07 15:39:50.000000,96.32,0.0,3,0,96.32,0.0,0.0,NO REFUND
27277,21806,2025-12-19 11:58:36.000000,66.52,0.0,2,0,66.52,0.0,0.0,NO REFUND
39050,31196,2022-03-21 09:47:54.000000,11.99,0.0,1,0,11.99,0.0,0.0,NO REFUND
123276,98715,2026-06-04 22:49:39.000000,99.99,0.0,2,0,99.99,0.0,0.0,NO REFUND
102046,81808,2023-07-19 17:16:55.000000,294.91,0.0,4,0,294.91,0.0,0.0,NO REFUND
15140,12078,2026-03-04 13:32:27.000000,98.94,0.0,2,0,98.94,0.0,0.0,NO REFUND
82915,66341,2021-11-22 04:26:19.000000,161.17,0.0,4,0,161.17,0.0,0.0,NO REFUND
41839,33366,2025-09-26 18:19:40.000000,65.13,0.0,2,0,65.13,0.0,0.0,NO REFUND
36179,28867,2024-01-01 02:42:42.000000,12.5,0.0,1,0,12.5,0.0,0.0,NO REFUND
108183,86666,2024-09-04 22:35:34.000000,206.8,0.0,3,0,206.8,0.0,0.0,NO REFUND
61625,49226,2025-03-29 02:45:05.000000,49.94,0.0,2,0,49.94,0.0,0.0,NO REFUND
68303,54660,2026-01-22 11:08:52.000000,102.97,0.0,3,0,102.97,0.0,0.0,NO REFUND
17200,13672,2024-12-29 00:22:10.000000,58.13,0.0,2,0,58.13,0.0,0.0,NO REFUND
24533,19588,2025-03-03 04:43:19.000000,312.79,0.0,2,0,312.79,0.0,0.0,NO REFUND
45251,36115,2025-02-25 00:30:33.000000,145.93,0.0,4,0,145.93,0.0,0.0,NO REFUND
38760,30965,2025-01-03 20:47:19.000000,158.91,0.0,4,0,158.91,0.0,0.0,NO REFUND
51680,41270,2021-11-12 16:56:05.000000,85.07,0.0,3,0,85.07,0.0,0.0,NO REFUND
26529,21201,2026-04-15 22:04:54.000000,14.0,0.0,1,0,14.0,0.0,0.0,NO REFUND
55752,44554,2024-10-21 07:41:59.000000,73.52,0.0,2,0,73.52,0.0,0.0,NO REFUND
98844,79250,2025-09-24 08:30:45.000000,14.0,0.0,1,0,14.0,0.0,0.0,NO REFUND
124697,99829,2024-09-15 23:36:22.000000,34.2,0.0,2,0,34.2,0.0,0.0,NO REFUND
39043,31193,2024-02-16 05:11:56.000000,139.45,0.0,2,0,139.45,0.0,0.0,NO REFUND
59370,47447,2025-02-03 23:51:40.000000,14.5,14.5,1,1,0.0,1.0,1.0,FULLY REFUNDED
113394,90775,2022-06-17 20:09:45.000000,14.5,0.0,1,0,14.5,0.0,0.0,NO REFUND
91337,73124,2023-04-17 13:17:04.000000,92.87,0.0,2,0,92.87,0.0,0.0,NO REFUND
78483,62733,2024-08-13 09:48:35.000000,14.97,0.0,1,0,14.97,0.0,0.0,NO REFUND
95630,76659,2023-12-08 13:08:46.000000,157.93,0.0,4,0,157.93,0.0,0.0,NO REFUND
98886,79283,2024-03-31 21:43:52.000000,213.36,0.0,4,0,213.36,0.0,0.0,NO REFUND
56992,45561,2025-01-04 20:37:37.000000,214.57,0.0,4,0,214.57,0.0,0.0,NO REFUND
105556,84614,2024-12-09 20:40:37.000000,14.99,0.0,1,0,14.99,0.0,0.0,NO REFUND
37339,29816,2026-06-15 09:29:16.154804,14.99,0.0,1,0,14.99,0.0,0.0,NO REFUND
54280,43345,2026-04-10 05:51:07.000000,250.49,0.0,4,0,250.49,0.0,0.0,NO REFUND
74649,59699,2025-03-29 06:55:36.000000,14.99,0.0,1,0,14.99,0.0,0.0,NO REFUND
42273,33724,2025-07-22 18:22:46.000000,44.99,0.0,2,0,44.99,0.0,0.0,NO REFUND
57739,46145,2023-02-09 00:25:49.000000,15.0,0.0,1,0,15.0,0.0,0.0,NO REFUND
524,435,2021-09-23 14:14:39.000000,15.0,0.0,1,0,15.0,0.0,0.0,NO REFUND
600,493,2022-07-10 15:25:39.000000,15.0,0.0,1,0,15.0,0.0,0.0,NO REFUND
104485,83728,2026-06-17 10:20:14.000000,337.99,0.0,4,0,337.99,0.0,0.0,NO REFUND
111861,89570,2026-01-09 01:36:44.000000,40.52,0.0,2,0,40.52,0.0,0.0,NO REFUND
63677,50885,2022-08-22 08:34:44.000000,75.22,0.0,2,0,75.22,0.0,0.0,NO REFUND
4502,3560,2025-12-26 06:44:12.000000,156.88,0.0,4,0,156.88,0.0,0.0,NO REFUND
92294,73890,2026-04-10 10:45:33.000000,15.98,0.0,1,0,15.98,0.0,0.0,NO REFUND
45416,36255,2021-12-03 09:48:18.000000,16.0,0.0,1,0,16.0,0.0,0.0,NO REFUND
115179,92219,2026-04-25 00:11:32.000000,564.99,0.0,4,0,564.99,0.0,0.0,NO REFUND
88972,71207,2023-03-29 03:25:40.000000,16.0,0.0,1,0,16.0,0.0,0.0,NO REFUND
54878,43835,2020-06-11 03:56:42.000000,195.56,0.0,3,0,195.56,0.0,0.0,NO REFUND
115993,92868,2024-07-13 19:28:56.000000,81.24,0.0,2,0,81.24,0.0,0.0,NO REFUND
3847,3047,2025-07-07 01:08:23.000000,16.95,0.0,1,0,16.95,0.0,0.0,NO REFUND
72283,57801,2022-10-20 23:06:30.000000,41.95,0.0,2,0,41.95,0.0,0.0,NO REFUND
57925,46293,2021-06-26 20:24:23.000000,235.09,235.09,4,4,0.0,1.0,1.0,FULLY REFUNDED
1273,1012,2026-06-12 22:55:25.000000,76.99,0.0,2,0,76.99,0.0,0.0,NO REFUND
107864,86423,2022-10-17 14:02:45.000000,17.0,0.0,1,0,17.0,0.0,0.0,NO REFUND
18299,14569,2020-04-16 06:45:26.000000,17.05,0.0,1,0,17.05,0.0,0.0,NO REFUND
99860,80104,2025-08-02 07:09:14.000000,17.56,0.0,1,0,17.56,0.0,0.0,NO REFUND
105796,84795,2024-04-10 08:53:19.000000,136.81,0.0,4,0,136.81,0.0,0.0,NO REFUND
118494,94866,2026-02-06 12:05:36.000000,56.6,0.0,3,0,56.6,0.0,0.0,NO REFUND
115637,92569,2023-07-01 03:34:14.000000,233.96,0.0,4,0,233.96,0.0,0.0,NO REFUND
92264,73866,2026-04-30 16:59:58.000000,52.0,0.0,2,0,52.0,0.0,0.0,NO REFUND
99492,79799,2026-06-12 15:12:24.000000,18.0,0.0,1,0,18.0,0.0,0.0,NO REFUND
4272,3388,2023-09-07 15:28:45.000000,97.99,0.0,2,0,97.99,0.0,0.0,NO REFUND
43818,34965,2024-07-25 05:29:09.000000,68.0,0.0,2,0,68.0,0.0,0.0,NO REFUND
25354,20254,2026-02-02 16:11:09.000000,160.49,0.0,4,0,160.49,0.0,0.0,NO REFUND
10256,8178,2024-08-21 12:28:00.000000,18.95,0.0,1,0,18.95,0.0,0.0,NO REFUND
5382,4257,2025-11-05 12:20:00.000000,18.97,0.0,1,0,18.97,0.0,0.0,NO REFUND
57723,46133,2026-06-13 04:18:50.000000,18.99,0.0,1,0,18.99,0.0,0.0,NO REFUND
27019,21593,2022-11-04 11:37:52.000000,351.5,0.0,4,0,351.5,0.0,0.0,NO REFUND
83068,66476,2025-05-28 14:30:34.000000,68.49,0.0,2,0,68.49,0.0,0.0,NO REFUND
20151,16103,2026-03-31 11:58:43.000000,144.0,0.0,3,0,144.0,0.0,0.0,NO REFUND
31116,24855,2024-01-17 21:38:48.000000,19.49,0.0,1,0,19.49,0.0,0.0,NO REFUND
39234,31334,2024-01-09 18:42:09.000000,73.89,0.0,3,0,73.89,0.0,0.0,NO REFUND
66403,53092,2026-05-16 15:28:54.000000,96.9,0.0,3,0,96.9,0.0,0.0,NO REFUND
45477,36302,2025-06-21 00:50:31.000000,322.95,0.0,4,0,322.95,0.0,0.0,NO REFUND
52521,41917,2019-11-07 05:30:05.000000,139.51,0.0,4,0,139.51,0.0,0.0,NO REFUND
50390,40277,2026-02-01 06:28:31.000000,62.92,0.0,2,0,62.92,0.0,0.0,NO REFUND
9693,7734,2026-02-17 23:53:46.000000,45.98,0.0,2,0,45.98,0.0,0.0,NO REFUND
46541,37185,2025-11-17 09:08:43.000000,87.99,0.0,2,0,87.99,0.0,0.0,NO REFUND
56560,45185,2026-03-19 02:08:04.000000,194.89,0.0,3,0,194.89,0.0,0.0,NO REFUND
93564,74978,2025-07-10 03:39:20.000000,19.99,0.0,1,0,19.99,0.0,0.0,NO REFUND
31187,24914,2024-11-25 02:16:08.000000,41.98,41.98,2,2,0.0,1.0,1.0,FULLY REFUNDED
1046,834,2026-02-12 12:36:55.000000,321.99,0.0,3,0,321.99,0.0,0.0,NO REFUND
29169,23312,2026-02-16 11:23:28.000000,146.16,0.0,4,0,146.16,0.0,0.0,NO REFUND
118322,94728,2024-07-26 18:20:53.000000,20.0,0.0,1,0,20.0,0.0,0.0,NO REFUND
116216,93044,2024-03-18 10:12:30.000000,45.0,0.0,2,0,45.0,0.0,0.0,NO REFUND
114649,91818,2026-05-20 03:20:31.000000,44.13,0.0,2,0,44.13,0.0,0.0,NO REFUND
56768,45369,2024-12-17 19:42:21.000000,44.98,0.0,2,0,44.98,0.0,0.0,NO REFUND
86726,69442,2020-07-22 03:15:28.000000,20.99,0.0,1,0,20.99,0.0,0.0,NO REFUND
46655,37284,2025-12-23 16:12:56.000000,124.99,124.99,3,3,0.0,1.0,1.0,FULLY REFUNDED
32518,25970,2023-05-24 18:03:55.000000,21.6,0.0,1,0,21.6,0.0,0.0,NO REFUND
110393,88414,2026-01-13 11:44:26.000000,140.6,0.0,2,0,140.6,0.0,0.0,NO REFUND
43908,35035,2025-01-12 03:41:53.000000,116.87,0.0,2,0,116.87,0.0,0.0,NO REFUND
49551,39538,2024-06-23 10:44:08.000000,21.87,0.0,1,0,21.87,0.0,0.0,NO REFUND
28566,22832,2026-01-06 18:09:03.000000,188.9,0.0,4,0,188.9,0.0,0.0,NO REFUND
48365,38636,2020-05-12 06:13:40.000000,171.9,0.0,2,0,171.9,0.0,0.0,NO REFUND
113390,90771,2026-05-27 03:51:28.000000,21.99,21.99,1,1,0.0,1.0,1.0,FULLY REFUNDED
113752,91065,2025-11-19 14:11:44.000000,219.72,0.0,4,0,219.72,0.0,0.0,NO REFUND
28215,22559,2026-06-16 03:17:53.374570,22.0,0.0,1,0,22.0,0.0,0.0,NO REFUND
54336,43390,2022-04-18 10:52:52.000000,148.0,148.0,3,3,0.0,1.0,1.0,FULLY REFUNDED
3790,3010,2026-02-12 21:15:34.000000,323.38,0.0,4,0,323.38,0.0,0.0,NO REFUND
112357,89961,2026-04-07 02:19:16.000000,57.8,0.0,2,0,57.8,0.0,0.0,NO REFUND
102696,82349,2025-08-24 21:45:30.000000,142.08,0.0,4,0,142.08,0.0,0.0,NO REFUND
91944,73628,2025-04-02 13:31:06.000000,153.64,0.0,4,0,153.64,0.0,0.0,NO REFUND
7943,6356,2025-12-29 12:09:57.000000,22.5,22.5,1,1,0.0,1.0,1.0,FULLY REFUNDED
46004,36744,2025-09-15 06:39:14.000000,23.5,0.0,1,0,23.5,0.0,0.0,NO REFUND
68406,54742,2026-04-18 08:13:10.000000,93.2,0.0,2,0,93.2,0.0,0.0,NO REFUND
96894,77672,2019-12-09 03:59:17.000000,23.97,23.97,1,1,0.0,1.0,1.0,FULLY REFUNDED
124856,99962,2026-03-23 11:43:08.000000,145.99,0.0,4,0,145.99,0.0,0.0,NO REFUND
14664,11705,2024-04-20 12:41:26.000000,120.99,0.0,2,0,120.99,0.0,0.0,NO REFUND
11683,9280,2025-06-03 08:43:22.000000,195.07,0.0,3,0,195.07,0.0,0.0,NO REFUND
62251,49726,2023-08-07 19:07:45.000000,24.95,0.0,1,0,24.95,0.0,0.0,NO REFUND
58658,46871,2024-07-15 05:54:29.000000,209.97,0.0,4,0,209.97,0.0,0.0,NO REFUND
82566,66062,2025-08-18 08:02:09.000000,64.49,0.0,2,0,64.49,0.0,0.0,NO REFUND
68493,54809,2025-09-10 22:33:33.000000,111.1,0.0,2,0,111.1,0.0,0.0,NO REFUND
45264,36130,2022-10-14 10:02:46.000000,24.99,24.99,1,1,0.0,1.0,1.0,FULLY REFUNDED
90380,72326,2025-08-19 09:20:18.000000,242.93,242.93,4,4,0.0,1.0,1.0,FULLY REFUNDED
4483,3547,2026-03-21 09:25:08.000000,301.71,0.0,4,0,301.71,0.0,0.0,NO REFUND
64631,51631,2024-03-20 22:01:21.000000,25.0,0.0,1,0,25.0,0.0,0.0,NO REFUND
1917,1537,2024-08-23 11:55:42.000000,61.0,0.0,2,0,61.0,0.0,0.0,NO REFUND
41615,33190,2022-03-02 03:47:23.000000,25.0,0.0,1,0,25.0,0.0,0.0,NO REFUND
78631,62852,2021-10-04 19:09:56.000000,68.14,0.0,2,0,68.14,0.0,0.0,NO REFUND
84007,67229,2024-04-08 22:30:43.000000,25.0,0.0,1,0,25.0,0.0,0.0,NO REFUND
109854,88006,2024-01-15 10:12:32.000000,58.98,0.0,2,0,58.98,0.0,0.0,NO REFUND
55065,43988,2025-06-23 04:05:20.000000,111.11,0.0,2,0,111.11,0.0,0.0,NO REFUND
67869,54314,2025-04-25 18:52:48.000000,94.5,0.0,2,0,94.5,0.0,0.0,NO REFUND
69761,55789,2026-03-06 23:00:30.000000,146.94,0.0,4,0,146.94,0.0,0.0,NO REFUND
82953,66369,2026-02-12 20:15:47.000000,25.0,0.0,1,0,25.0,0.0,0.0,NO REFUND
101052,81014,2021-12-29 12:43:16.000000,61.0,0.0,2,0,61.0,0.0,0.0,NO REFUND
117884,94389,2025-03-18 07:00:17.000000,25.0,0.0,1,0,25.0,0.0,0.0,NO REFUND
92494,74067,2023-07-05 01:49:48.000000,307.43,307.43,4,4,0.0,1.0,1.0,FULLY REFUNDED
80002,63948,2025-10-14 17:30:10.000000,190.3,0.0,4,0,190.3,0.0,0.0,NO REFUND
91291,73086,2025-05-06 20:46:29.000000,70.0,0.0,2,0,70.0,0.0,0.0,NO REFUND
117235,93886,2026-06-15 21:21:51.864917,116.98,0.0,3,0,116.98,0.0,0.0,NO REFUND
119901,95980,2026-05-04 00:09:55.000000,124.0,0.0,3,0,124.0,0.0,0.0,NO REFUND
59404,47467,2022-12-27 21:47:03.000000,25.48,0.0,1,0,25.48,0.0,0.0,NO REFUND
116221,93052,2021-12-06 04:19:49.000000,25.5,0.0,1,0,25.5,0.0,0.0,NO REFUND
87646,70139,2023-04-17 21:19:14.000000,353.98,0.0,4,0,353.98,0.0,0.0,NO REFUND
1415,1118,2026-05-23 02:31:44.000000,78.5,0.0,2,0,78.5,0.0,0.0,NO REFUND
14526,11588,2024-02-03 09:33:47.000000,108.0,0.0,3,0,108.0,0.0,0.0,NO REFUND
27459,21957,2025-05-20 16:42:43.000000,26.23,0.0,1,0,26.23,0.0,0.0,NO REFUND
108958,87280,2022-06-07 08:47:12.000000,26.23,0.0,1,0,26.23,0.0,0.0,NO REFUND
107553,86190,2025-01-06 06:52:59.000000,245.44,0.0,3,0,245.44,0.0,0.0,NO REFUND
108164,86648,2023-10-21 13:51:24.000000,425.47,0.0,2,0,425.47,0.0,0.0,NO REFUND
100647,80696,2026-03-11 17:09:39.000000,55.47,0.0,2,0,55.47,0.0,0.0,NO REFUND
32621,26049,2023-12-12 08:44:59.000000,26.99,0.0,1,0,26.99,0.0,0.0,NO REFUND
67777,54237,2021-11-13 12:20:36.000000,27.0,0.0,1,0,27.0,0.0,0.0,NO REFUND
22063,17598,2026-01-26 08:42:25.000000,56.99,0.0,2,0,56.99,0.0,0.0,NO REFUND
13418,10659,2025-06-22 01:44:26.000000,547.65,0.0,4,0,547.65,0.0,0.0,NO REFUND
35405,28268,2025-10-15 17:30:57.000000,152.7,0.0,2,0,152.7,0.0,0.0,NO REFUND
104243,83538,2024-10-11 08:34:52.000000,27.7,0.0,1,0,27.7,0.0,0.0,NO REFUND
95129,76244,2025-10-01 22:08:20.000000,27.8,0.0,1,0,27.8,0.0,0.0,NO REFUND
90420,72360,2025-12-24 11:17:06.000000,27.99,0.0,1,0,27.99,0.0,0.0,NO REFUND
112396,89993,2025-01-02 15:29:38.000000,246.97,0.0,4,0,246.97,0.0,0.0,NO REFUND
63248,50547,2024-06-17 15:37:54.000000,127.0,0.0,2,0,127.0,0.0,0.0,NO REFUND
123123,98591,2025-06-19 01:27:50.000000,71.95,0.0,2,0,71.95,0.0,0.0,NO REFUND
74145,59296,2024-07-07 08:54:35.000000,397.95,0.0,4,0,397.95,0.0,0.0,NO REFUND
48378,38646,2024-07-12 15:46:41.000000,28.82,0.0,1,0,28.82,0.0,0.0,NO REFUND
27379,21884,2025-04-20 23:17:01.000000,203.99,0.0,3,0,203.99,0.0,0.0,NO REFUND
40048,31979,2022-08-25 21:21:01.000000,29.41,0.0,1,0,29.41,0.0,0.0,NO REFUND
94619,75839,2023-05-14 13:40:44.000000,1072.88,0.0,4,0,1072.88,0.0,0.0,NO REFUND
95205,76309,2026-05-16 13:13:30.000000,154.89,0.0,2,0,154.89,0.0,0.0,NO REFUND
42117,33591,2025-02-17 07:25:27.000000,29.95,0.0,1,0,29.95,0.0,0.0,NO REFUND
79245,63334,2020-06-04 21:03:32.000000,238.95,0.0,4,0,238.95,0.0,0.0,NO REFUND
37534,29966,2025-08-20 09:59:38.000000,29.98,0.0,1,0,29.98,0.0,0.0,NO REFUND
107282,85977,2025-04-22 14:57:28.000000,29.99,0.0,1,0,29.99,0.0,0.0,NO REFUND
123271,98712,2022-12-12 11:55:06.000000,172.98,0.0,4,0,172.98,0.0,0.0,NO REFUND
63712,50915,2025-06-15 03:52:47.000000,29.99,0.0,1,0,29.99,0.0,0.0,NO REFUND
73528,58816,2026-04-07 20:06:10.000000,69.82,0.0,2,0,69.82,0.0,0.0,NO REFUND
50558,40406,2026-06-13 19:57:02.000000,452.99,0.0,4,0,452.99,0.0,0.0,NO REFUND
58687,46894,2025-05-05 03:07:45.000000,102.77,0.0,2,0,102.77,0.0,0.0,NO REFUND
67466,53965,2022-02-16 14:41:21.000000,29.99,0.0,1,0,29.99,0.0,0.0,NO REFUND
84320,67478,2025-10-29 03:46:56.000000,260.62,0.0,3,0,260.62,0.0,0.0,NO REFUND
85203,68177,2026-02-07 23:17:49.000000,255.4,0.0,4,0,255.4,0.0,0.0,NO REFUND
60669,48453,2024-12-14 06:28:48.000000,308.33,0.0,4,0,308.33,0.0,0.0,NO REFUND
62789,50173,2020-03-22 22:24:48.000000,30.0,0.0,1,0,30.0,0.0,0.0,NO REFUND
106760,85559,2025-10-18 07:57:26.000000,30.2,0.0,1,0,30.2,0.0,0.0,NO REFUND
121461,97238,2023-08-11 16:49:33.000000,78.4,0.0,2,0,78.4,0.0,0.0,NO REFUND
37471,29921,2024-12-20 05:39:47.000000,30.89,30.89,1,1,0.0,1.0,1.0,FULLY REFUNDED
96621,77473,2024-01-07 08:02:59.000000,110.95,0.0,2,0,110.95,0.0,0.0,NO REFUND
44681,35625,2025-10-31 22:59:38.000000,31.97,0.0,1,0,31.97,0.0,0.0,NO REFUND
22185,17697,2020-10-10 09:37:29.000000,292.98,0.0,2,0,292.98,0.0,0.0,NO REFUND
21729,17341,2020-07-02 14:31:21.000000,32.0,0.0,1,0,32.0,0.0,0.0,NO REFUND
28036,22409,2025-03-16 02:35:46.000000,73.25,0.0,2,0,73.25,0.0,0.0,NO REFUND
63237,50540,2025-06-02 10:21:49.000000,32.0,32.0,1,1,0.0,1.0,1.0,FULLY REFUNDED
70433,56326,2025-05-24 06:57:05.000000,364.34,0.0,3,0,364.34,0.0,0.0,NO REFUND
59617,47629,2023-02-12 23:19:59.000000,201.76,201.76,2,2,0.0,1.0,1.0,FULLY REFUNDED
26218,20937,2026-05-28 20:41:08.000000,282.48,0.0,3,0,282.48,0.0,0.0,NO REFUND
102658,82307,2022-12-31 00:16:40.000000,72.45,0.0,2,0,72.45,0.0,0.0,NO REFUND
757,604,2025-01-11 06:54:15.000000,33.0,0.0,1,0,33.0,0.0,0.0,NO REFUND
120396,96371,2025-05-16 05:02:36.000000,68.67,0.0,2,0,68.67,0.0,0.0,NO REFUND
22238,17740,2024-12-22 13:45:38.000000,33.68,0.0,1,0,33.68,0.0,0.0,NO REFUND
35431,28288,2026-01-27 08:48:27.000000,33.75,33.75,1,1,0.0,1.0,1.0,FULLY REFUNDED
30101,24042,2022-11-21 13:30:23.000000,123.48,0.0,2,0,123.48,0.0,0.0,NO REFUND
81988,65609,2024-03-01 13:41:48.000000,33.98,0.0,1,0,33.98,0.0,0.0,NO REFUND
40911,32650,2024-02-02 01:51:04.000000,76.0,0.0,2,0,76.0,0.0,0.0,NO REFUND
75644,60495,2026-01-18 23:23:16.000000,210.99,0.0,4,0,210.99,0.0,0.0,NO REFUND
68755,55010,2025-08-06 14:14:23.000000,144.95,0.0,2,0,144.95,0.0,0.0,NO REFUND
115192,92228,2026-02-13 06:01:49.000000,34.95,0.0,1,0,34.95,0.0,0.0,NO REFUND
28997,23184,2026-05-28 08:32:55.000000,34.95,34.95,1,1,0.0,1.0,1.0,FULLY REFUNDED
85795,68669,2025-04-16 04:11:41.000000,34.95,0.0,1,0,34.95,0.0,0.0,NO REFUND
12144,9671,2026-03-08 19:25:21.000000,34.99,0.0,1,0,34.99,0.0,0.0,NO REFUND
39058,31204,2023-05-01 01:17:12.000000,34.99,0.0,1,0,34.99,0.0,0.0,NO REFUND
24701,19725,2020-07-12 23:30:39.000000,312.19,0.0,4,0,312.19,0.0,0.0,NO REFUND
83630,66925,2021-03-31 20:39:50.000000,90.0,0.0,2,0,90.0,0.0,0.0,NO REFUND
120867,96748,2022-06-12 11:33:27.000000,89.99,0.0,2,0,89.99,0.0,0.0,NO REFUND
33734,26915,2023-01-15 21:18:12.000000,115.23,0.0,2,0,115.23,0.0,0.0,NO REFUND
111197,89059,2019-12-06 04:33:14.000000,105.0,0.0,2,0,105.0,0.0,0.0,NO REFUND
1809,1456,2026-05-11 09:49:13.000000,221.13,0.0,4,0,221.13,0.0,0.0,NO REFUND
90082,72084,2026-06-17 12:12:28.000976,270.5,0.0,4,0,270.5,0.0,0.0,NO REFUND
57357,45864,2024-12-16 10:10:13.000000,75.4,75.4,2,2,0.0,1.0,1.0,FULLY REFUNDED
8266,6601,2021-07-05 17:15:51.000000,37.99,0.0,1,0,37.99,0.0,0.0,NO REFUND
78259,62567,2026-01-11 12:01:50.000000,37.99,0.0,1,0,37.99,0.0,0.0,NO REFUND
102601,82254,2024-01-16 06:30:59.000000,37.99,0.0,1,0,37.99,0.0,0.0,NO REFUND
22556,18013,2026-04-17 21:34:46.000000,38.0,0.0,1,0,38.0,0.0,0.0,NO REFUND
92559,74134,2026-06-16 05:24:20.358402,38.0,0.0,1,0,38.0,0.0,0.0,NO REFUND
67470,53966,2023-07-11 06:32:32.000000,38.0,0.0,1,0,38.0,0.0,0.0,NO REFUND
99905,80138,2026-02-20 02:22:19.000000,38.0,0.0,1,0,38.0,0.0,0.0,NO REFUND
97677,78303,2025-05-27 05:58:37.000000,38.95,38.95,1,1,0.0,1.0,1.0,FULLY REFUNDED
50882,40641,2025-01-06 16:34:12.000000,39.0,0.0,1,0,39.0,0.0,0.0,NO REFUND
29322,23432,2025-04-20 01:13:53.000000,39.5,39.5,1,1,0.0,1.0,1.0,FULLY REFUNDED
98308,78820,2022-10-07 07:05:19.000000,279.4,0.0,3,0,279.4,0.0,0.0,NO REFUND
90212,72190,2022-03-14 06:00:26.000000,229.33,0.0,3,0,229.33,0.0,0.0,NO REFUND
17612,14015,2022-01-11 03:01:46.000000,39.88,0.0,1,0,39.88,0.0,0.0,NO REFUND
38741,30947,2024-04-30 01:23:02.000000,39.95,39.95,1,1,0.0,1.0,1.0,FULLY REFUNDED
57839,46229,2024-03-10 17:34:42.000000,94.99,0.0,2,0,94.99,0.0,0.0,NO REFUND
92970,74477,2025-04-27 00:12:32.000000,39.99,39.99,1,1,0.0,1.0,1.0,FULLY REFUNDED
50624,40457,2026-05-13 08:35:39.000000,182.77,0.0,2,0,182.77,0.0,0.0,NO REFUND
77968,62329,2025-02-15 18:04:50.000000,218.99,0.0,2,0,218.99,0.0,0.0,NO REFUND
96746,77567,2026-04-05 17:05:43.000000,200.88,0.0,2,0,200.88,0.0,0.0,NO REFUND
74281,59403,2022-10-09 03:34:53.000000,160.0,0.0,2,0,160.0,0.0,0.0,NO REFUND
17656,14049,2022-04-17 20:41:16.000000,307.58,0.0,4,0,307.58,0.0,0.0,NO REFUND
81694,65375,2022-11-24 01:17:03.000000,42.0,0.0,1,0,42.0,0.0,0.0,NO REFUND
120861,96745,2025-11-02 02:22:26.000000,42.01,0.0,1,0,42.01,0.0,0.0,NO REFUND
19269,15387,2025-06-08 04:31:27.000000,372.47,0.0,4,0,372.47,0.0,0.0,NO REFUND
97033,77778,2026-01-15 07:47:42.000000,43.14,0.0,1,0,43.14,0.0,0.0,NO REFUND
102042,81805,2026-03-09 16:03:51.000000,43.14,0.0,1,0,43.14,0.0,0.0,NO REFUND
104352,83634,2025-01-20 13:37:15.000000,44.0,0.0,1,0,44.0,0.0,0.0,NO REFUND
20170,16114,2026-05-04 08:08:15.000000,44.0,44.0,1,1,0.0,1.0,1.0,FULLY REFUNDED
82244,65813,2025-05-07 12:56:50.000000,44.0,44.0,1,1,0.0,1.0,1.0,FULLY REFUNDED
37465,29917,2025-04-22 08:36:08.000000,44.0,0.0,1,0,44.0,0.0,0.0,NO REFUND
3539,2819,2023-09-15 21:00:19.000000,377.38,0.0,4,0,377.38,0.0,0.0,NO REFUND
27424,21930,2026-06-18 18:26:27.000000,123.99,0.0,2,0,123.99,0.0,0.0,NO REFUND
117266,93916,2023-02-11 22:14:50.000000,44.99,0.0,1,0,44.99,0.0,0.0,NO REFUND
70924,56722,2022-08-29 07:41:35.000000,45.99,0.0,1,0,45.99,0.0,0.0,NO REFUND
49574,39565,2023-03-04 10:04:16.000000,46.0,0.0,1,0,46.0,0.0,0.0,NO REFUND
100541,80617,2024-09-25 06:00:32.000000,46.0,0.0,1,0,46.0,0.0,0.0,NO REFUND
4633,3665,2023-11-05 07:29:52.000000,191.5,0.0,2,0,191.5,0.0,0.0,NO REFUND
20983,16777,2022-06-15 19:40:18.000000,182.38,0.0,3,0,182.38,0.0,0.0,NO REFUND
38021,30348,2025-10-03 18:27:50.000000,322.5,0.0,3,0,322.5,0.0,0.0,NO REFUND
34120,27231,2024-03-25 03:28:55.000000,47.99,0.0,1,0,47.99,0.0,0.0,NO REFUND
4759,3772,2026-06-15 03:49:19.058716,48.3,0.0,1,0,48.3,0.0,0.0,NO REFUND
44919,35825,2022-08-24 05:39:51.000000,49.0,0.0,1,0,49.0,0.0,0.0,NO REFUND
103166,82719,2026-05-22 00:08:00.000000,348.5,0.0,4,0,348.5,0.0,0.0,NO REFUND
15269,12174,2025-12-23 22:30:45.000000,49.5,0.0,1,0,49.5,0.0,0.0,NO REFUND
80312,64212,2025-11-28 06:49:10.000000,49.5,0.0,1,0,49.5,0.0,0.0,NO REFUND
24333,19441,2024-08-14 01:05:34.000000,118.99,0.0,2,0,118.99,0.0,0.0,NO REFUND
34215,27302,2023-05-25 10:47:50.000000,147.99,0.0,2,0,147.99,0.0,0.0,NO REFUND
70670,56509,2026-06-15 13:59:43.000000,109.99,109.99,2,2,0.0,1.0,1.0,FULLY REFUNDED
22738,18158,2022-07-01 13:35:14.000000,49.99,0.0,1,0,49.99,0.0,0.0,NO REFUND
36792,29370,2021-09-22 09:52:57.000000,209.99,0.0,3,0,209.99,0.0,0.0,NO REFUND
89678,71752,2026-02-27 09:39:23.000000,267.99,0.0,2,0,267.99,0.0,0.0,NO REFUND
80005,63952,2020-06-22 13:30:34.000000,751.95,751.95,4,4,0.0,1.0,1.0,FULLY REFUNDED
81201,64956,2023-06-27 07:23:50.000000,50.0,50.0,1,1,0.0,1.0,1.0,FULLY REFUNDED
21919,17495,2026-02-28 20:48:04.000000,50.0,0.0,1,0,50.0,0.0,0.0,NO REFUND
5960,4725,2024-04-14 06:47:06.000000,130.67,130.67,2,2,0.0,1.0,1.0,FULLY REFUNDED
83570,66885,2025-08-27 17:31:34.000000,53.95,0.0,1,0,53.95,0.0,0.0,NO REFUND
21068,16846,2022-03-22 16:59:15.000000,216.0,0.0,2,0,216.0,0.0,0.0,NO REFUND
14638,11688,2026-01-20 12:55:57.000000,54.0,0.0,1,0,54.0,0.0,0.0,NO REFUND
10393,8272,2025-01-07 04:28:03.000000,54.0,0.0,1,0,54.0,0.0,0.0,NO REFUND
106679,85494,2023-05-22 01:58:38.000000,54.0,0.0,1,0,54.0,0.0,0.0,NO REFUND
112409,90001,2025-04-06 14:14:56.000000,242.5,0.0,2,0,242.5,0.0,0.0,NO REFUND
97488,78148,2019-10-19 12:03:51.000000,54.95,0.0,1,0,54.95,0.0,0.0,NO REFUND
32876,26240,2025-02-13 19:28:28.000000,55.0,0.0,1,0,55.0,0.0,0.0,NO REFUND
59144,47262,2025-11-24 23:00:13.000000,226.95,0.0,2,0,226.95,0.0,0.0,NO REFUND
110068,88160,2023-12-06 03:21:18.000000,55.0,0.0,1,0,55.0,0.0,0.0,NO REFUND
6452,5117,2020-06-18 16:57:40.000000,124.99,124.99,2,2,0.0,1.0,1.0,FULLY REFUNDED
34372,27431,2025-11-26 05:16:09.000000,55.0,55.0,1,1,0.0,1.0,1.0,FULLY REFUNDED
73176,58523,2024-08-17 03:55:58.000000,120.96,0.0,2,0,120.96,0.0,0.0,NO REFUND
44788,35729,2020-01-06 13:03:14.000000,113.0,0.0,2,0,113.0,0.0,0.0,NO REFUND
54699,43693,2026-06-12 01:53:06.000000,57.19,0.0,1,0,57.19,0.0,0.0,NO REFUND
90595,72499,2025-12-10 17:51:23.000000,57.5,0.0,1,0,57.5,0.0,0.0,NO REFUND
66631,53284,2025-04-06 16:01:46.000000,186.99,0.0,2,0,186.99,0.0,0.0,NO REFUND
14175,11292,2021-06-16 11:22:24.000000,128.0,0.0,2,0,128.0,0.0,0.0,NO REFUND
110660,88620,2024-04-30 12:43:03.000000,58.5,0.0,1,0,58.5,0.0,0.0,NO REFUND
12384,9865,2022-11-07 00:41:40.000000,58.5,0.0,1,0,58.5,0.0,0.0,NO REFUND
58765,46952,2025-05-02 22:55:05.000000,58.99,0.0,1,0,58.99,0.0,0.0,NO REFUND
1552,1220,2025-04-05 15:34:49.000000,59.0,0.0,1,0,59.0,0.0,0.0,NO REFUND
86555,69307,2024-12-04 06:03:17.000000,59.0,59.0,1,1,0.0,1.0,1.0,FULLY REFUNDED
4300,3409,2025-04-17 02:19:24.000000,59.0,0.0,1,0,59.0,0.0,0.0,NO REFUND
51587,41200,2025-05-28 02:09:56.000000,59.5,0.0,1,0,59.5,0.0,0.0,NO REFUND
85499,68422,2026-03-18 14:00:06.000000,209.98,0.0,2,0,209.98,0.0,0.0,NO REFUND
8719,6962,2024-09-06 21:33:28.000000,60.0,0.0,1,0,60.0,0.0,0.0,NO REFUND
47092,37626,2024-08-22 11:52:51.000000,60.0,0.0,1,0,60.0,0.0,0.0,NO REFUND
92364,73949,2024-07-23 07:39:18.000000,190.99,0.0,2,0,190.99,0.0,0.0,NO REFUND
93412,74863,2023-08-07 06:20:39.000000,888.65,0.0,2,0,888.65,0.0,0.0,NO REFUND
22395,17871,2022-06-05 07:07:00.000000,63.99,0.0,1,0,63.99,0.0,0.0,NO REFUND
52404,41842,2023-11-08 16:15:50.000000,64.5,0.0,1,0,64.5,0.0,0.0,NO REFUND
41927,33437,2023-11-12 10:30:03.000000,64.95,0.0,1,0,64.95,0.0,0.0,NO REFUND
101260,81187,2021-04-21 22:08:34.000000,154.9,0.0,2,0,154.9,0.0,0.0,NO REFUND
27521,21999,2025-09-25 16:12:00.000000,859.95,0.0,2,0,859.95,0.0,0.0,NO REFUND
15840,12632,2026-06-11 09:48:26.000000,134.98,0.0,2,0,134.98,0.0,0.0,NO REFUND
31546,25205,2023-12-03 11:34:38.000000,64.99,0.0,1,0,64.99,0.0,0.0,NO REFUND
3719,2954,2024-07-14 10:01:43.000000,65.17,0.0,1,0,65.17,0.0,0.0,NO REFUND
53718,42890,2025-03-27 16:48:55.000000,66.0,0.0,1,0,66.0,0.0,0.0,NO REFUND
111022,88930,2024-09-08 06:59:26.000000,215.0,0.0,2,0,215.0,0.0,0.0,NO REFUND
7402,5918,2025-10-06 19:24:22.000000,67.95,0.0,1,0,67.95,0.0,0.0,NO REFUND
42109,33582,2024-02-10 16:43:10.000000,68.96,0.0,1,0,68.96,0.0,0.0,NO REFUND
32528,25979,2022-06-30 21:48:39.000000,69.5,0.0,1,0,69.5,0.0,0.0,NO REFUND
116837,93536,2021-11-15 07:31:52.000000,69.5,0.0,1,0,69.5,0.0,0.0,NO REFUND
684,557,2026-04-28 23:05:37.000000,69.5,0.0,1,0,69.5,0.0,0.0,NO REFUND
91507,73266,2025-07-22 01:22:10.000000,69.5,0.0,1,0,69.5,0.0,0.0,NO REFUND
97107,77829,2026-02-28 18:47:22.000000,69.99,0.0,1,0,69.99,0.0,0.0,NO REFUND
25363,20259,2026-04-21 07:10:50.000000,70.0,0.0,1,0,70.0,0.0,0.0,NO REFUND
97174,77887,2026-03-24 03:23:33.000000,219.0,0.0,2,0,219.0,0.0,0.0,NO REFUND
25816,20625,2022-10-06 23:39:32.000000,376.07,0.0,4,0,376.07,0.0,0.0,NO REFUND
63632,50855,2024-11-25 11:28:10.000000,78.0,0.0,1,0,78.0,0.0,0.0,NO REFUND
28939,23131,2026-04-16 10:40:37.000000,172.99,172.99,2,2,0.0,1.0,1.0,FULLY REFUNDED
101564,81427,2025-06-03 17:35:21.000000,326.0,0.0,2,0,326.0,0.0,0.0,NO REFUND
36746,29331,2025-06-24 19:01:36.000000,79.0,79.0,1,1,0.0,1.0,1.0,FULLY REFUNDED
46016,36752,2024-10-25 12:15:09.000000,79.99,0.0,1,0,79.99,0.0,0.0,NO REFUND
89750,71807,2026-06-05 04:54:02.000000,79.99,0.0,1,0,79.99,0.0,0.0,NO REFUND
33969,27111,2025-12-26 18:14:41.000000,79.99,0.0,1,0,79.99,0.0,0.0,NO REFUND
6335,5024,2025-07-04 13:19:15.000000,81.38,0.0,1,0,81.38,0.0,0.0,NO REFUND
102050,81809,2021-04-02 12:34:47.000000,85.0,0.0,1,0,85.0,0.0,0.0,NO REFUND
27104,21669,2024-07-08 00:50:33.000000,85.0,0.0,1,0,85.0,0.0,0.0,NO REFUND
21718,17329,2025-08-07 11:37:18.000000,86.25,0.0,1,0,86.25,0.0,0.0,NO REFUND
92490,74065,2026-06-06 19:43:13.000000,89.5,0.0,1,0,89.5,0.0,0.0,NO REFUND
64955,51887,2021-10-19 03:50:15.000000,89.5,0.0,1,0,89.5,0.0,0.0,NO REFUND
26700,21335,2024-10-11 18:42:08.000000,89.5,0.0,1,0,89.5,0.0,0.0,NO REFUND
63619,50845,2023-05-29 19:44:02.000000,89.95,0.0,1,0,89.95,0.0,0.0,NO REFUND
81129,64896,2026-02-11 19:18:37.000000,89.99,0.0,1,0,89.99,0.0,0.0,NO REFUND
32321,25804,2023-06-17 07:23:42.000000,90.68,0.0,1,0,90.68,0.0,0.0,NO REFUND
98071,78629,2021-09-15 13:00:54.000000,95.0,0.0,1,0,95.0,0.0,0.0,NO REFUND
121764,97483,2021-07-19 21:50:37.000000,96.0,0.0,1,0,96.0,0.0,0.0,NO REFUND
118412,94810,2025-05-01 17:51:00.000000,237.5,0.0,2,0,237.5,0.0,0.0,NO REFUND
86908,69578,2026-06-02 07:17:05.000000,99.99,0.0,1,0,99.99,0.0,0.0,NO REFUND
33195,26489,2024-10-10 03:40:43.000000,104.5,0.0,1,0,104.5,0.0,0.0,NO REFUND
59666,47663,2024-09-29 01:21:10.000000,105.26,0.0,1,0,105.26,0.0,0.0,NO REFUND
108341,86786,2021-11-15 21:45:45.000000,109.99,0.0,1,0,109.99,0.0,0.0,NO REFUND
93085,74567,2025-08-15 06:24:13.000000,110.0,0.0,1,0,110.0,0.0,0.0,NO REFUND
34079,27199,2023-09-08 19:36:10.000000,118.0,0.0,1,0,118.0,0.0,0.0,NO REFUND
43597,34790,2022-02-20 21:22:11.000000,119.0,119.0,1,1,0.0,1.0,1.0,FULLY REFUNDED
27510,21992,2024-06-02 12:19:56.000000,125.0,0.0,1,0,125.0,0.0,0.0,NO REFUND
46677,37299,2025-11-09 05:33:00.000000,125.0,0.0,1,0,125.0,0.0,0.0,NO REFUND
28427,22722,2023-11-27 10:33:47.000000,128.0,128.0,1,1,0.0,1.0,1.0,FULLY REFUNDED
2983,2369,2024-04-06 23:51:01.000000,131.94,0.0,1,0,131.94,0.0,0.0,NO REFUND
7135,5695,2024-09-06 12:23:37.000000,133.0,0.0,1,0,133.0,0.0,0.0,NO REFUND
74714,59743,2025-10-26 10:16:26.000000,147.5,0.0,1,0,147.5,0.0,0.0,NO REFUND
58907,47065,2025-10-15 18:54:41.000000,150.0,0.0,1,0,150.0,0.0,0.0,NO REFUND
37386,29857,2023-03-20 15:26:45.000000,162.0,0.0,1,0,162.0,0.0,0.0,NO REFUND
28014,22394,2026-01-03 13:38:43.000000,169.0,0.0,1,0,169.0,0.0,0.0,NO REFUND
89434,71576,2023-10-13 06:46:57.000000,178.0,178.0,1,1,0.0,1.0,1.0,FULLY REFUNDED
39733,31731,2025-03-28 14:56:19.000000,207.28,0.0,1,0,207.28,0.0,0.0,NO REFUND
112787,90286,2026-01-20 20:17:46.000000,264.0,0.0,1,0,264.0,0.0,0.0,NO REFUND
95671,76692,2026-05-17 06:44:04.000000,264.0,0.0,1,0,264.0,0.0,0.0,NO REFUND
80241,64147,2026-05-23 14:32:53.000000,269.0,0.0,1,0,269.0,0.0,0.0,NO REFUND
69153,55315,2022-08-17 10:11:45.000000,374.0,374.0,1,1,0.0,1.0,1.0,FULLY REFUNDED
73407,58714,2020-09-04 12:29:19.000000,399.0,0.0,1,0,399.0,0.0,0.0,NO REFUND
-31,55630,2026-06-16 09:24:00.000000,322.0,0.0,2,0,322.0,0.0,0.0,NO REFUND
-63,43163,2026-06-16 14:21:00.000000,264.0,0.0,3,0,264.0,0.0,0.0,NO REFUND
-84,18936,2026-06-16 13:39:00.000000,133.0,0.0,1,0,133.0,0.0,0.0,NO REFUND
-92,2819,2026-06-16 11:41:00.000000,232.0,0.0,3,0,232.0,0.0,0.0,NO REFUND
-103,13115,2026-06-16 14:10:00.000000,290.0,159.0,2,1,131.0,0.5483,0.5,PARTIALLY REFUNDED
-136,92633,2026-06-16 12:57:00.000000,143.0,0.0,2,0,143.0,0.0,0.0,NO REFUND
-138,54178,2026-06-16 13:21:00.000000,232.0,41.0,2,1,191.0,0.1767,0.5,PARTIALLY REFUNDED
-159,17185,2026-06-16 12:31:00.000000,143.0,143.0,1,1,0.0,1.0,1.0,FULLY REFUNDED
-161,20557,2026-06-16 09:26:00.000000,368.0,199.0,2,1,169.0,0.5408,0.5,PARTIALLY REFUNDED
-175,58685,2026-06-16 16:34:00.000000,58.0,0.0,1,0,58.0,0.0,0.0,NO REFUND
-180,80461,2026-06-16 17:47:00.000000,269.0,0.0,3,0,269.0,0.0,0.0,NO REFUND
-201,86034,2026-06-16 12:46:00.000000,149.0,0.0,1,0,149.0,0.0,0.0,NO REFUND
-205,47353,2026-06-16 12:00:00.000000,482.0,0.0,3,0,482.0,0.0,0.0,NO REFUND
-207,51726,2026-06-16 11:25:00.000000,219.0,0.0,3,0,219.0,0.0,0.0,NO REFUND
-209,68848,2026-06-16 09:52:00.000000,309.0,0.0,2,0,309.0,0.0,0.0,NO REFUND
-236,97187,2026-06-16 12:52:00.000000,292.0,0.0,3,0,292.0,0.0,0.0,NO REFUND
-267,51151,2026-06-16 17:29:00.000000,166.0,0.0,3,0,166.0,0.0,0.0,NO REFUND
-269,5695,2026-06-16 13:24:00.000000,264.0,0.0,3,0,264.0,0.0,0.0,NO REFUND
-281,84779,2026-06-16 10:30:00.000000,379.0,0.0,2,0,379.0,0.0,0.0,NO REFUND
-282,23180,2026-06-16 12:47:00.000000,501.0,0.0,3,0,501.0,0.0,0.0,NO REFUND
-296,19988,2026-06-16 16:33:00.000000,323.0,0.0,3,0,323.0,0.0,0.0,NO REFUND
62274,49739,2024-11-27 14:04:24.000000,142.96,142.96,4,4,0.0,1.0,1.0,FULLY REFUNDED
119061,95286,2026-06-09 13:51:20.000000,17.95,0.0,2,0,17.95,0.0,0.0,NO REFUND
44905,35811,2026-01-23 20:23:33.000000,71.35,0.0,3,0,71.35,0.0,0.0,NO REFUND
116864,93560,2025-11-01 21:49:21.000000,52.62,0.0,4,0,52.62,0.0,0.0,NO REFUND
86602,69345,2024-01-26 21:02:53.000000,160.2,0.0,3,0,160.2,0.0,0.0,NO REFUND
106960,85707,2026-05-28 09:12:46.000000,5.0,0.0,1,0,5.0,0.0,0.0,NO REFUND
68787,55032,2026-04-01 05:10:07.000000,124.39,0.0,4,0,124.39,0.0,0.0,NO REFUND
34902,27879,2026-02-10 15:02:31.000000,198.87,0.0,4,0,198.87,0.0,0.0,NO REFUND
37280,29771,2024-05-20 21:13:20.000000,125.99,0.0,2,0,125.99,0.0,0.0,NO REFUND
25942,20730,2024-06-10 01:56:08.000000,117.99,0.0,2,0,117.99,0.0,0.0,NO REFUND
71608,57265,2024-09-02 14:44:54.000000,34.99,0.0,2,0,34.99,0.0,0.0,NO REFUND
76128,60880,2022-02-22 23:42:29.000000,20.94,0.0,2,0,20.94,0.0,0.0,NO REFUND
95674,76697,2024-10-12 22:21:54.000000,65.97,0.0,3,0,65.97,0.0,0.0,NO REFUND
46868,37449,2020-10-31 07:50:13.000000,107.38,0.0,4,0,107.38,0.0,0.0,NO REFUND
29837,23836,2022-08-09 14:51:43.000000,8.99,0.0,1,0,8.99,0.0,0.0,NO REFUND
63334,50615,2026-01-09 19:17:35.000000,36.78,0.0,2,0,36.78,0.0,0.0,NO REFUND
116077,92938,2023-07-18 22:03:12.000000,9.9,9.9,1,1,0.0,1.0,1.0,FULLY REFUNDED
86377,69161,2021-09-25 16:10:03.000000,99.79,0.0,3,0,99.79,0.0,0.0,NO REFUND
114696,91854,2025-11-05 23:12:31.000000,34.49,0.0,2,0,34.49,0.0,0.0,NO REFUND
61383,49041,2026-01-03 09:34:24.000000,60.69,60.69,2,2,0.0,1.0,1.0,FULLY REFUNDED
97613,78241,2026-06-17 01:48:04.068659,64.78,0.0,2,0,64.78,0.0,0.0,NO REFUND
17073,13586,2026-05-27 16:04:21.000000,11.0,0.0,1,0,11.0,0.0,0.0,NO REFUND
15234,12148,2026-04-17 02:09:10.000000,23.09,0.0,2,0,23.09,0.0,0.0,NO REFUND
54151,43257,2025-10-22 08:33:40.000000,132.9,0.0,4,0,132.9,0.0,0.0,NO REFUND
107714,86312,2021-10-25 07:33:13.000000,11.25,0.0,1,0,11.25,0.0,0.0,NO REFUND
99096,79459,2026-01-27 14:00:11.000000,152.43,0.0,3,0,152.43,0.0,0.0,NO REFUND
26249,20963,2022-09-12 22:12:44.000000,51.45,0.0,2,0,51.45,0.0,0.0,NO REFUND
47230,37738,2026-05-25 01:12:16.000000,11.99,0.0,1,0,11.99,0.0,0.0,NO REFUND
54596,43604,2025-07-30 21:56:58.000000,255.0,0.0,4,0,255.0,0.0,0.0,NO REFUND
1597,1257,2026-02-27 23:21:42.000000,65.88,0.0,3,0,65.88,0.0,0.0,NO REFUND
6508,5156,2026-04-05 03:33:01.000000,37.0,0.0,2,0,37.0,0.0,0.0,NO REFUND
81494,65205,2024-02-27 00:59:43.000000,49.99,0.0,2,0,49.99,0.0,0.0,NO REFUND
3091,2473,2025-07-29 09:27:18.000000,241.06,241.06,4,4,0.0,1.0,1.0,FULLY REFUNDED
18476,14715,2020-09-09 14:11:40.000000,286.35,286.35,4,4,0.0,1.0,1.0,FULLY REFUNDED
103371,82896,2026-02-28 17:34:44.000000,12.0,12.0,1,1,0.0,1.0,1.0,FULLY REFUNDED
52038,41536,2024-10-07 10:37:32.000000,419.55,0.0,4,0,419.55,0.0,0.0,NO REFUND
73213,58561,2025-08-04 07:14:03.000000,12.51,0.0,1,0,12.51,0.0,0.0,NO REFUND
34040,27169,2024-04-02 16:01:01.000000,33.79,0.0,2,0,33.79,0.0,0.0,NO REFUND
68460,54787,2025-12-03 21:44:14.000000,33.98,0.0,2,0,33.98,0.0,0.0,NO REFUND
17094,13601,2026-03-08 04:29:20.000000,127.99,0.0,4,0,127.99,0.0,0.0,NO REFUND
1039,829,2023-09-17 04:56:37.000000,12.99,0.0,1,0,12.99,0.0,0.0,NO REFUND
46896,37469,2026-05-20 12:15:14.000000,76.94,0.0,2,0,76.94,0.0,0.0,NO REFUND
62407,49848,2026-04-26 01:55:47.000000,13.0,0.0,1,0,13.0,0.0,0.0,NO REFUND
110152,88232,2022-07-20 08:28:53.000000,38.31,0.0,2,0,38.31,0.0,0.0,NO REFUND
64864,51818,2026-03-18 00:52:12.000000,34.77,34.77,2,2,0.0,1.0,1.0,FULLY REFUNDED
47442,37904,2025-12-04 10:17:17.000000,13.93,0.0,1,0,13.93,0.0,0.0,NO REFUND
102648,82300,2023-08-18 12:49:53.000000,35.95,0.0,2,0,35.95,0.0,0.0,NO REFUND
105328,84428,2023-07-03 07:37:46.000000,218.92,0.0,3,0,218.92,0.0,0.0,NO REFUND
66589,53252,2022-08-23 11:10:59.000000,184.6,0.0,2,0,184.6,0.0,0.0,NO REFUND
95088,76210,2026-05-16 14:39:53.000000,152.64,0.0,3,0,152.64,0.0,0.0,NO REFUND
49159,39215,2023-04-03 09:34:53.000000,209.97,0.0,4,0,209.97,0.0,0.0,NO REFUND
39918,31879,2023-10-08 23:28:48.000000,59.9,0.0,2,0,59.9,0.0,0.0,NO REFUND
116759,93474,2026-02-16 00:06:12.000000,229.85,0.0,4,0,229.85,0.0,0.0,NO REFUND
79328,63408,2022-07-29 18:00:58.000000,40.0,0.0,2,0,40.0,0.0,0.0,NO REFUND
44414,35429,2025-09-23 22:01:25.000000,30.86,0.0,2,0,30.86,0.0,0.0,NO REFUND
116358,93160,2024-05-23 03:56:43.000000,38.51,0.0,2,0,38.51,0.0,0.0,NO REFUND
38201,30487,2026-01-12 10:38:56.000000,15.9,0.0,1,0,15.9,0.0,0.0,NO REFUND
48043,38380,2026-05-17 18:43:42.000000,15.95,0.0,1,0,15.95,0.0,0.0,NO REFUND
50911,40662,2026-02-25 10:38:53.000000,15.95,0.0,1,0,15.95,0.0,0.0,NO REFUND
95856,76848,2025-10-07 23:42:11.000000,510.93,0.0,4,0,510.93,0.0,0.0,NO REFUND
42020,33504,2023-12-15 08:15:21.000000,16.0,0.0,1,0,16.0,0.0,0.0,NO REFUND
97668,78297,2023-12-19 10:05:23.000000,168.64,0.0,4,0,168.64,0.0,0.0,NO REFUND
114005,91286,2023-07-13 07:25:38.000000,287.49,0.0,4,0,287.49,0.0,0.0,NO REFUND
60105,48001,2022-11-16 01:25:48.000000,76.49,0.0,2,0,76.49,0.0,0.0,NO REFUND
103970,83342,2026-06-13 22:02:22.403591,501.49,0.0,4,0,501.49,0.0,0.0,NO REFUND
119128,95322,2025-12-29 07:59:47.000000,185.61,0.0,4,0,185.61,0.0,0.0,NO REFUND
80231,64138,2025-11-30 20:51:42.000000,58.4,0.0,2,0,58.4,0.0,0.0,NO REFUND
95166,76280,2025-05-28 14:37:20.000000,175.94,0.0,4,0,175.94,0.0,0.0,NO REFUND
85990,68849,2025-03-17 03:22:20.000000,163.23,0.0,4,0,163.23,0.0,0.0,NO REFUND
66092,52826,2020-02-26 23:14:51.000000,123.45,0.0,3,0,123.45,0.0,0.0,NO REFUND
85681,68574,2026-01-19 10:34:15.000000,16.99,0.0,1,0,16.99,0.0,0.0,NO REFUND
33729,26912,2025-04-07 21:39:49.000000,16.99,0.0,1,0,16.99,0.0,0.0,NO REFUND
108653,87026,2025-12-28 23:53:22.000000,16.99,0.0,1,0,16.99,0.0,0.0,NO REFUND
27261,21790,2024-08-10 16:37:18.000000,61.99,0.0,2,0,61.99,0.0,0.0,NO REFUND
48166,38481,2023-06-19 09:13:31.000000,17.0,0.0,1,0,17.0,0.0,0.0,NO REFUND
119582,95704,2022-06-11 12:08:15.000000,441.15,0.0,3,0,441.15,0.0,0.0,NO REFUND
47459,37916,2025-06-01 21:33:43.000000,17.9,0.0,1,0,17.9,0.0,0.0,NO REFUND
7253,5798,2023-03-10 02:46:50.000000,115.36,0.0,4,0,115.36,0.0,0.0,NO REFUND
111844,89558,2025-09-10 11:04:30.000000,17.95,0.0,1,0,17.95,0.0,0.0,NO REFUND
49831,39797,2026-04-19 03:51:41.000000,18.0,0.0,1,0,18.0,0.0,0.0,NO REFUND
107092,85824,2025-02-07 11:25:22.000000,286.57,0.0,4,0,286.57,0.0,0.0,NO REFUND
63403,50675,2026-06-04 02:11:54.000000,83.5,0.0,2,0,83.5,0.0,0.0,NO REFUND
33185,26479,2025-12-07 16:40:20.000000,321.13,321.13,4,4,0.0,1.0,1.0,FULLY REFUNDED
102872,82477,2026-06-15 14:03:28.145546,19.95,0.0,1,0,19.95,0.0,0.0,NO REFUND
83268,66630,2025-10-24 11:12:00.000000,147.95,0.0,3,0,147.95,0.0,0.0,NO REFUND
8091,6460,2023-02-08 08:01:34.000000,19.99,0.0,1,0,19.99,0.0,0.0,NO REFUND
38094,30414,2024-03-08 21:41:01.000000,91.99,0.0,2,0,91.99,0.0,0.0,NO REFUND
42838,34180,2024-11-24 03:11:35.000000,19.99,0.0,1,0,19.99,0.0,0.0,NO REFUND
90237,72213,2022-07-29 06:35:28.000000,49.98,0.0,2,0,49.98,0.0,0.0,NO REFUND
64238,51325,2026-01-25 04:28:27.000000,137.94,0.0,3,0,137.94,0.0,0.0,NO REFUND
72458,57937,2023-03-03 06:57:52.000000,47.98,0.0,2,0,47.98,0.0,0.0,NO REFUND
118972,95225,2026-06-11 15:03:08.000000,47.99,47.99,2,2,0.0,1.0,1.0,FULLY REFUNDED
98511,78987,2023-10-15 23:07:41.000000,20.0,0.0,1,0,20.0,0.0,0.0,NO REFUND
107826,86397,2022-08-06 07:59:37.000000,274.22,0.0,4,0,274.22,0.0,0.0,NO REFUND
44721,35659,2024-08-12 06:54:08.000000,20.0,0.0,1,0,20.0,0.0,0.0,NO REFUND
123160,98621,2023-10-27 21:23:58.000000,21.9,0.0,1,0,21.9,0.0,0.0,NO REFUND
97766,78371,2026-03-20 04:08:37.000000,56.98,0.0,2,0,56.98,0.0,0.0,NO REFUND
60847,48586,2021-02-17 03:30:37.000000,21.99,21.99,1,1,0.0,1.0,1.0,FULLY REFUNDED
91364,73148,2025-01-28 09:01:45.000000,22.0,0.0,1,0,22.0,0.0,0.0,NO REFUND
78989,63132,2024-06-11 06:54:59.000000,92.0,92.0,2,2,0.0,1.0,1.0,FULLY REFUNDED
30317,24205,2023-11-13 00:20:03.000000,22.5,0.0,1,0,22.5,0.0,0.0,NO REFUND
249,205,2026-01-12 17:02:52.000000,22.88,0.0,1,0,22.88,0.0,0.0,NO REFUND
59957,47890,2023-08-11 02:19:35.000000,22.99,0.0,1,0,22.99,0.0,0.0,NO REFUND
54753,43738,2025-05-28 14:13:11.000000,110.93,0.0,3,0,110.93,0.0,0.0,NO REFUND
32341,25827,2025-12-23 09:28:34.000000,51.31,0.0,2,0,51.31,0.0,0.0,NO REFUND
110045,88141,2024-04-25 09:15:00.000000,23.99,0.0,1,0,23.99,0.0,0.0,NO REFUND
5978,4738,2021-10-04 22:40:05.000000,24.0,0.0,1,0,24.0,0.0,0.0,NO REFUND
101902,81697,2025-11-10 02:58:46.000000,293.35,0.0,2,0,293.35,0.0,0.0,NO REFUND
10830,8626,2024-07-25 19:45:41.000000,24.95,24.95,1,1,0.0,1.0,1.0,FULLY REFUNDED
35121,28047,2024-12-05 11:07:26.000000,24.95,0.0,1,0,24.95,0.0,0.0,NO REFUND
119339,95511,2022-12-07 17:23:17.000000,24.98,0.0,1,0,24.98,0.0,0.0,NO REFUND
29166,23309,2023-07-30 11:08:19.000000,24.99,0.0,1,0,24.99,0.0,0.0,NO REFUND
52860,42186,2025-06-22 13:58:59.000000,58.59,0.0,2,0,58.59,0.0,0.0,NO REFUND
82845,66283,2023-12-31 14:11:29.000000,77.99,0.0,2,0,77.99,0.0,0.0,NO REFUND
79685,63680,2024-09-16 16:13:31.000000,24.99,0.0,1,0,24.99,0.0,0.0,NO REFUND
69622,55681,2026-02-21 22:41:55.000000,24.99,24.99,1,1,0.0,1.0,1.0,FULLY REFUNDED
16694,13288,2026-01-25 18:09:43.000000,24.99,0.0,1,0,24.99,0.0,0.0,NO REFUND
116830,93531,2025-11-18 20:46:53.000000,24.99,0.0,1,0,24.99,0.0,0.0,NO REFUND
17720,14104,2025-05-29 23:43:45.000000,61.99,0.0,2,0,61.99,0.0,0.0,NO REFUND
20348,16269,2025-11-12 20:19:21.000000,274.75,0.0,4,0,274.75,0.0,0.0,NO REFUND
72551,58011,2025-08-25 17:39:02.000000,175.0,0.0,2,0,175.0,0.0,0.0,NO REFUND
99712,79981,2022-03-05 00:32:06.000000,127.85,0.0,4,0,127.85,0.0,0.0,NO REFUND
33816,26977,2025-06-11 04:53:00.000000,73.99,0.0,2,0,73.99,0.0,0.0,NO REFUND
63328,50607,2026-04-13 18:48:47.000000,492.36,0.0,4,0,492.36,0.0,0.0,NO REFUND
64784,51754,2023-04-29 12:56:56.000000,25.0,0.0,1,0,25.0,0.0,0.0,NO REFUND
110174,88250,2024-09-12 03:23:47.000000,69.0,0.0,2,0,69.0,0.0,0.0,NO REFUND
18791,14982,2025-04-12 17:47:38.000000,365.0,0.0,3,0,365.0,0.0,0.0,NO REFUND
19929,15913,2024-03-12 03:21:10.000000,74.5,0.0,2,0,74.5,0.0,0.0,NO REFUND
44082,35175,2023-12-07 17:56:27.000000,214.5,0.0,2,0,214.5,0.0,0.0,NO REFUND
101278,81204,2024-05-08 10:30:25.000000,254.0,254.0,2,2,0.0,1.0,1.0,FULLY REFUNDED
120430,96399,2025-12-29 06:06:59.000000,25.0,25.0,1,1,0.0,1.0,1.0,FULLY REFUNDED
3471,2761,2025-12-16 21:44:46.000000,168.42,0.0,4,0,168.42,0.0,0.0,NO REFUND
10435,8305,2025-12-30 15:42:46.000000,110.0,0.0,3,0,110.0,0.0,0.0,NO REFUND
87064,69691,2024-04-27 09:40:12.000000,25.48,0.0,1,0,25.48,0.0,0.0,NO REFUND
44492,35486,2022-06-26 07:53:36.000000,25.5,0.0,1,0,25.5,0.0,0.0,NO REFUND
118641,94972,2025-11-11 11:53:09.000000,25.98,25.98,1,1,0.0,1.0,1.0,FULLY REFUNDED
33569,26785,2021-02-03 15:12:12.000000,26.0,0.0,1,0,26.0,0.0,0.0,NO REFUND
70264,56197,2022-08-24 14:14:01.000000,26.0,0.0,1,0,26.0,0.0,0.0,NO REFUND
78372,62657,2023-11-27 19:40:10.000000,26.0,26.0,1,1,0.0,1.0,1.0,FULLY REFUNDED
23087,18436,2023-04-09 00:53:52.000000,226.0,0.0,2,0,226.0,0.0,0.0,NO REFUND
106220,85135,2023-08-07 13:34:42.000000,183.93,0.0,3,0,183.93,0.0,0.0,NO REFUND
73557,58839,2024-12-27 11:25:29.000000,102.2,0.0,2,0,102.2,0.0,0.0,NO REFUND
82073,65677,2026-06-16 01:37:09.507137,485.47,0.0,3,0,485.47,0.0,0.0,NO REFUND
27529,22009,2024-02-06 22:18:03.000000,27.7,0.0,1,0,27.7,0.0,0.0,NO REFUND
93797,75167,2023-07-30 01:34:41.000000,364.96,0.0,4,0,364.96,0.0,0.0,NO REFUND
91420,73198,2026-06-15 03:35:13.000000,130.98,0.0,3,0,130.98,0.0,0.0,NO REFUND
26556,21222,2024-09-08 08:55:32.000000,76.95,0.0,2,0,76.95,0.0,0.0,NO REFUND
95073,76201,2026-05-18 13:52:02.000000,111.99,111.99,2,2,0.0,1.0,1.0,FULLY REFUNDED
34965,27933,2024-07-22 11:47:13.000000,318.93,0.0,4,0,318.93,0.0,0.0,NO REFUND
25834,20638,2025-02-22 10:38:17.000000,70.0,0.0,2,0,70.0,0.0,0.0,NO REFUND
77110,61651,2020-10-18 07:22:47.000000,28.0,28.0,1,1,0.0,1.0,1.0,FULLY REFUNDED
75083,60040,2026-01-02 15:07:03.000000,28.0,0.0,1,0,28.0,0.0,0.0,NO REFUND
88746,71012,2021-04-24 02:30:34.000000,300.91,0.0,4,0,300.91,0.0,0.0,NO REFUND
122355,97962,2026-03-15 14:25:40.000000,28.49,0.0,1,0,28.49,0.0,0.0,NO REFUND
12352,9840,2024-12-01 15:20:30.000000,172.94,0.0,4,0,172.94,0.0,0.0,NO REFUND
45982,36723,2026-03-23 06:55:14.000000,84.9,0.0,2,0,84.9,0.0,0.0,NO REFUND
3415,2709,2025-05-16 04:11:13.000000,72.89,0.0,2,0,72.89,0.0,0.0,NO REFUND
71159,56918,2024-09-21 21:45:40.000000,294.93,294.93,4,4,0.0,1.0,1.0,FULLY REFUNDED
115406,92394,2024-11-18 03:22:49.000000,199.98,0.0,2,0,199.98,0.0,0.0,NO REFUND
67166,53725,2024-03-30 04:28:47.000000,139.98,0.0,2,0,139.98,0.0,0.0,NO REFUND
118005,94474,2025-09-21 01:13:55.000000,69.98,0.0,2,0,69.98,0.0,0.0,NO REFUND
13976,11127,2026-06-12 06:28:48.000000,60.89,0.0,2,0,60.89,0.0,0.0,NO REFUND
50272,40173,2022-09-03 21:27:17.000000,29.99,0.0,1,0,29.99,0.0,0.0,NO REFUND
88581,70871,2025-04-01 21:55:27.000000,128.99,0.0,2,0,128.99,0.0,0.0,NO REFUND
122002,97683,2024-08-18 12:48:30.000000,65.99,0.0,2,0,65.99,0.0,0.0,NO REFUND
112379,89980,2024-05-23 23:43:26.000000,68.99,0.0,2,0,68.99,0.0,0.0,NO REFUND
7113,5676,2024-02-25 06:07:20.000000,189.95,0.0,2,0,189.95,0.0,0.0,NO REFUND
29918,23901,2026-03-07 05:49:24.000000,109.0,0.0,2,0,109.0,0.0,0.0,NO REFUND
89277,71441,2026-03-07 08:32:21.000000,141.0,0.0,3,0,141.0,0.0,0.0,NO REFUND
88674,70953,2025-08-21 06:03:52.000000,30.2,0.0,1,0,30.2,0.0,0.0,NO REFUND
47295,37789,2025-08-07 13:36:30.000000,30.4,30.4,1,1,0.0,1.0,1.0,FULLY REFUNDED
52737,42082,2026-06-01 19:00:46.000000,31.81,0.0,1,0,31.81,0.0,0.0,NO REFUND
65145,52039,2024-05-06 20:11:55.000000,31.99,0.0,1,0,31.99,0.0,0.0,NO REFUND
94470,75724,2026-06-13 04:37:05.763196,32.5,32.5,1,1,0.0,1.0,1.0,FULLY REFUNDED
10265,8181,2024-09-09 23:09:32.000000,169.45,0.0,4,0,169.45,0.0,0.0,NO REFUND
68488,54807,2022-02-11 09:36:21.000000,32.99,0.0,1,0,32.99,0.0,0.0,NO REFUND
20716,16558,2026-03-06 06:53:08.000000,32.99,32.99,1,1,0.0,1.0,1.0,FULLY REFUNDED
114103,91369,2022-01-08 19:14:25.000000,267.77,267.77,4,4,0.0,1.0,1.0,FULLY REFUNDED
76138,60886,2022-12-23 04:46:31.000000,33.75,0.0,1,0,33.75,0.0,0.0,NO REFUND
66103,52837,2021-06-11 16:45:47.000000,33.95,0.0,1,0,33.95,0.0,0.0,NO REFUND
20070,16030,2021-07-14 16:58:23.000000,33.95,0.0,1,0,33.95,0.0,0.0,NO REFUND
47914,38288,2020-12-18 20:14:23.000000,75.63,0.0,2,0,75.63,0.0,0.0,NO REFUND
108766,87117,2024-08-07 17:08:52.000000,34.45,0.0,1,0,34.45,0.0,0.0,NO REFUND
9072,7239,2026-01-09 03:42:37.000000,685.65,0.0,4,0,685.65,0.0,0.0,NO REFUND
75422,60321,2026-06-10 18:04:26.301523,257.2,0.0,4,0,257.2,0.0,0.0,NO REFUND
31642,25286,2024-01-21 10:20:27.000000,565.45,0.0,4,0,565.45,0.0,0.0,NO REFUND
75745,60574,2026-06-15 16:17:02.239963,34.95,0.0,1,0,34.95,0.0,0.0,NO REFUND
60679,48461,2026-04-28 21:28:34.000000,34.95,0.0,1,0,34.95,0.0,0.0,NO REFUND
118793,95089,2020-07-22 18:21:29.000000,283.95,0.0,3,0,283.95,0.0,0.0,NO REFUND
32057,25603,2024-05-17 11:57:44.000000,274.02,0.0,4,0,274.02,0.0,0.0,NO REFUND
5693,4504,2026-05-25 15:32:21.000000,34.99,0.0,1,0,34.99,0.0,0.0,NO REFUND
20377,16294,2025-06-05 02:23:52.000000,34.99,0.0,1,0,34.99,0.0,0.0,NO REFUND
80007,63954,2023-04-15 23:30:06.000000,85.0,0.0,2,0,85.0,0.0,0.0,NO REFUND
123638,99008,2026-05-07 00:26:14.000000,35.0,0.0,1,0,35.0,0.0,0.0,NO REFUND
113995,91277,2026-06-16 06:02:27.000000,35.73,0.0,1,0,35.73,0.0,0.0,NO REFUND
115198,92231,2025-01-29 21:22:58.000000,79.9,79.9,2,2,0.0,1.0,1.0,FULLY REFUNDED
22694,18117,2026-04-10 07:34:27.000000,97.95,97.95,2,2,0.0,1.0,1.0,FULLY REFUNDED
92489,74065,2025-02-17 08:48:55.000000,229.94,0.0,2,0,229.94,0.0,0.0,NO REFUND
58061,46396,2023-09-13 07:49:50.000000,120.2,0.0,2,0,120.2,0.0,0.0,NO REFUND
25504,20367,2026-03-03 08:23:27.000000,289.44,0.0,4,0,289.44,0.0,0.0,NO REFUND
99842,80095,2021-08-30 22:51:57.000000,37.84,37.84,1,1,0.0,1.0,1.0,FULLY REFUNDED
78723,62921,2025-12-25 03:29:23.000000,87.48,0.0,2,0,87.48,0.0,0.0,NO REFUND
41827,33359,2023-02-12 07:54:19.000000,99.99,0.0,2,0,99.99,0.0,0.0,NO REFUND
89659,71738,2025-08-03 19:16:40.000000,37.99,0.0,1,0,37.99,0.0,0.0,NO REFUND
100446,80546,2024-02-01 20:15:06.000000,38.19,0.0,1,0,38.19,0.0,0.0,NO REFUND
7796,6240,2025-04-03 02:59:03.000000,88.98,0.0,2,0,88.98,0.0,0.0,NO REFUND
78403,62679,2026-06-03 06:02:07.000000,39.0,39.0,1,1,0.0,1.0,1.0,FULLY REFUNDED
113540,90893,2023-11-28 14:16:48.000000,81.45,0.0,2,0,81.45,0.0,0.0,NO REFUND
37361,29839,2025-12-07 06:50:19.000000,79.44,0.0,2,0,79.44,0.0,0.0,NO REFUND
102927,82527,2025-04-03 01:09:33.000000,39.5,0.0,1,0,39.5,0.0,0.0,NO REFUND
16470,13124,2020-03-05 08:21:08.000000,39.5,0.0,1,0,39.5,0.0,0.0,NO REFUND
8144,6497,2026-05-23 03:48:58.000000,229.5,0.0,4,0,229.5,0.0,0.0,NO REFUND
29783,23800,2025-08-24 22:53:56.000000,268.98,0.0,3,0,268.98,0.0,0.0,NO REFUND
83855,67106,2019-08-15 10:42:46.000000,39.99,0.0,1,0,39.99,0.0,0.0,NO REFUND
43219,34491,2025-10-03 16:21:01.000000,39.99,0.0,1,0,39.99,0.0,0.0,NO REFUND
14743,11765,2022-04-19 03:34:13.000000,39.99,39.99,1,1,0.0,1.0,1.0,FULLY REFUNDED
16133,12857,2026-03-13 19:19:57.000000,39.99,0.0,1,0,39.99,0.0,0.0,NO REFUND
25448,20326,2025-08-05 10:20:25.000000,39.99,0.0,1,0,39.99,0.0,0.0,NO REFUND
27229,21774,2025-10-13 18:06:11.000000,108.99,0.0,2,0,108.99,0.0,0.0,NO REFUND
39651,31667,2023-08-19 13:39:33.000000,179.98,0.0,2,0,179.98,0.0,0.0,NO REFUND
69184,55338,2022-08-28 11:12:55.000000,89.98,0.0,2,0,89.98,0.0,0.0,NO REFUND
115174,92215,2025-06-21 01:27:10.000000,88.95,0.0,2,0,88.95,0.0,0.0,NO REFUND
19788,15800,2026-04-11 04:35:29.000000,40.49,0.0,1,0,40.49,0.0,0.0,NO REFUND
33527,26742,2026-01-29 05:02:01.000000,40.6,0.0,1,0,40.6,0.0,0.0,NO REFUND
63336,50618,2026-03-16 15:41:29.000000,87.94,0.0,2,0,87.94,0.0,0.0,NO REFUND
116009,92876,2026-05-28 04:47:48.000000,182.0,0.0,2,0,182.0,0.0,0.0,NO REFUND
40000,31941,2025-12-06 04:22:33.000000,42.01,0.0,1,0,42.01,0.0,0.0,NO REFUND
108214,86680,2026-05-04 01:53:52.000000,42.5,0.0,1,0,42.5,0.0,0.0,NO REFUND
35057,27995,2026-05-25 06:52:16.000000,42.99,0.0,1,0,42.99,0.0,0.0,NO REFUND
52396,41837,2023-10-13 12:18:22.000000,42.99,0.0,1,0,42.99,0.0,0.0,NO REFUND
98758,79174,2024-12-21 04:15:37.000000,42.99,0.0,1,0,42.99,0.0,0.0,NO REFUND
33821,26981,2026-04-27 05:48:37.000000,200.99,0.0,2,0,200.99,0.0,0.0,NO REFUND
88531,70817,2023-03-07 11:24:19.000000,42.99,0.0,1,0,42.99,0.0,0.0,NO REFUND
97452,78117,2023-02-01 20:19:04.000000,42.99,0.0,1,0,42.99,0.0,0.0,NO REFUND
77866,62257,2026-01-14 17:37:37.000000,43.2,0.0,1,0,43.2,0.0,0.0,NO REFUND
94218,75527,2023-07-29 07:42:43.000000,201.97,0.0,2,0,201.97,0.0,0.0,NO REFUND
29433,23519,2025-12-13 04:21:20.000000,43.97,0.0,1,0,43.97,0.0,0.0,NO REFUND
44268,35320,2026-03-05 04:21:41.000000,44.42,0.0,1,0,44.42,0.0,0.0,NO REFUND
96692,77527,2021-10-14 04:10:36.000000,44.99,0.0,1,0,44.99,0.0,0.0,NO REFUND
66670,53309,2024-08-28 11:08:04.000000,44.99,44.99,1,1,0.0,1.0,1.0,FULLY REFUNDED
66358,53055,2019-11-27 23:13:14.000000,45.0,0.0,1,0,45.0,0.0,0.0,NO REFUND
20076,16034,2026-02-25 05:20:51.000000,107.0,107.0,2,2,0.0,1.0,1.0,FULLY REFUNDED
31477,25148,2026-04-02 01:16:08.000000,45.0,45.0,1,1,0.0,1.0,1.0,FULLY REFUNDED
24466,19533,2026-05-12 14:50:06.000000,45.0,0.0,1,0,45.0,0.0,0.0,NO REFUND
94519,75755,2024-07-30 22:54:36.000000,45.0,0.0,1,0,45.0,0.0,0.0,NO REFUND
50162,40063,2026-06-13 14:52:10.529150,250.37,250.37,4,4,0.0,1.0,1.0,FULLY REFUNDED
100249,80414,2023-12-26 10:11:17.000000,135.41,0.0,2,0,135.41,0.0,0.0,NO REFUND
61732,49310,2020-01-01 16:53:59.000000,46.0,0.0,1,0,46.0,0.0,0.0,NO REFUND
53484,42706,2023-05-03 20:25:40.000000,46.0,0.0,1,0,46.0,0.0,0.0,NO REFUND
92653,74219,2026-06-08 04:17:39.000000,46.5,0.0,1,0,46.5,0.0,0.0,NO REFUND
45601,36406,2025-10-15 05:17:58.000000,147.0,0.0,2,0,147.0,0.0,0.0,NO REFUND
105580,84640,2023-03-20 16:08:58.000000,124.5,0.0,2,0,124.5,0.0,0.0,NO REFUND
8040,6423,2024-04-26 18:29:13.000000,49.5,0.0,1,0,49.5,0.0,0.0,NO REFUND
89148,71336,2023-02-20 02:14:58.000000,139.45,0.0,2,0,139.45,0.0,0.0,NO REFUND
71975,57563,2019-08-02 00:42:45.000000,49.99,0.0,1,0,49.99,0.0,0.0,NO REFUND
72383,57874,2026-06-14 16:50:18.721540,49.99,49.99,1,1,0.0,1.0,1.0,FULLY REFUNDED
26377,21079,2025-09-27 14:50:28.000000,102.0,0.0,2,0,102.0,0.0,0.0,NO REFUND
16323,13006,2026-04-21 08:26:41.000000,50.0,0.0,1,0,50.0,0.0,0.0,NO REFUND
35675,28479,2026-05-09 19:42:41.000000,319.0,0.0,2,0,319.0,0.0,0.0,NO REFUND
118419,94815,2025-06-30 09:57:44.000000,50.0,0.0,1,0,50.0,0.0,0.0,NO REFUND
41341,32979,2025-02-23 07:35:09.000000,50.41,0.0,1,0,50.41,0.0,0.0,NO REFUND
118,96,2024-08-01 14:52:51.000000,105.46,0.0,2,0,105.46,0.0,0.0,NO REFUND
70162,56116,2025-08-10 23:42:12.000000,50.99,0.0,1,0,50.99,0.0,0.0,NO REFUND
119802,95896,2021-09-03 10:46:38.000000,150.98,0.0,2,0,150.98,0.0,0.0,NO REFUND
35000,27958,2023-06-24 09:00:58.000000,179.99,0.0,2,0,179.99,0.0,0.0,NO REFUND
20295,16230,2025-01-11 07:06:33.000000,52.0,0.0,1,0,52.0,0.0,0.0,NO REFUND
52718,42065,2025-07-01 11:07:07.000000,258.9,0.0,4,0,258.9,0.0,0.0,NO REFUND
83219,66592,2026-06-07 21:38:37.000000,105.97,0.0,2,0,105.97,0.0,0.0,NO REFUND
38528,30759,2024-09-04 08:54:40.000000,457.86,457.86,4,4,0.0,1.0,1.0,FULLY REFUNDED
113692,91019,2023-06-11 14:06:12.000000,53.95,53.95,1,1,0.0,1.0,1.0,FULLY REFUNDED
86118,68943,2025-04-02 02:48:47.000000,53.97,0.0,1,0,53.97,0.0,0.0,NO REFUND
12919,10257,2023-06-08 19:51:30.000000,54.0,0.0,1,0,54.0,0.0,0.0,NO REFUND
29222,23356,2025-07-09 23:53:53.000000,55.0,0.0,1,0,55.0,0.0,0.0,NO REFUND
111063,88960,2024-02-08 00:11:57.000000,134.99,0.0,2,0,134.99,0.0,0.0,NO REFUND
5713,4522,2025-12-04 19:26:10.000000,55.0,0.0,1,0,55.0,0.0,0.0,NO REFUND
24117,19275,2025-01-29 01:05:02.000000,57.0,0.0,1,0,57.0,0.0,0.0,NO REFUND
53334,42591,2026-03-23 06:28:28.000000,58.0,0.0,1,0,58.0,0.0,0.0,NO REFUND
24709,19730,2022-01-09 09:57:34.000000,58.99,0.0,1,0,58.99,0.0,0.0,NO REFUND
19203,15340,2022-03-31 23:44:59.000000,59.0,0.0,1,0,59.0,0.0,0.0,NO REFUND
79579,63603,2024-03-17 15:40:37.000000,59.95,0.0,1,0,59.95,0.0,0.0,NO REFUND
46780,37381,2024-06-22 16:40:51.000000,151.76,0.0,2,0,151.76,0.0,0.0,NO REFUND
98606,79063,2024-03-10 14:22:29.000000,59.99,0.0,1,0,59.99,0.0,0.0,NO REFUND
104946,84108,2022-02-24 05:42:27.000000,60.0,0.0,1,0,60.0,0.0,0.0,NO REFUND
24184,19325,2023-07-18 14:53:24.000000,60.0,0.0,1,0,60.0,0.0,0.0,NO REFUND
103787,83204,2025-04-16 22:51:53.000000,60.27,0.0,1,0,60.27,0.0,0.0,NO REFUND
86767,69472,2025-11-24 04:47:59.000000,62.0,0.0,1,0,62.0,0.0,0.0,NO REFUND
64710,51697,2026-03-27 19:25:43.000000,63.99,0.0,1,0,63.99,0.0,0.0,NO REFUND
60833,48576,2022-10-31 19:05:08.000000,64.95,0.0,1,0,64.95,0.0,0.0,NO REFUND
114208,91459,2026-02-06 19:56:50.000000,462.98,0.0,4,0,462.98,0.0,0.0,NO REFUND
29626,23670,2025-12-24 09:14:03.000000,65.0,0.0,1,0,65.0,0.0,0.0,NO REFUND
5009,3961,2026-02-20 07:42:36.000000,66.0,0.0,1,0,66.0,0.0,0.0,NO REFUND
8284,6615,2022-09-05 07:11:58.000000,67.98,67.98,1,1,0.0,1.0,1.0,FULLY REFUNDED
64678,51673,2025-05-08 07:11:46.000000,68.0,68.0,1,1,0.0,1.0,1.0,FULLY REFUNDED
82867,66299,2023-11-03 18:57:00.000000,68.69,68.69,1,1,0.0,1.0,1.0,FULLY REFUNDED
85081,68081,2025-06-29 04:16:09.000000,69.0,0.0,1,0,69.0,0.0,0.0,NO REFUND
29331,23440,2023-10-30 10:27:48.000000,159.94,0.0,2,0,159.94,0.0,0.0,NO REFUND
56445,45102,2026-06-15 04:44:39.000000,69.95,0.0,1,0,69.95,0.0,0.0,NO REFUND
64008,51151,2024-04-17 08:02:09.000000,69.99,0.0,1,0,69.99,0.0,0.0,NO REFUND
36763,29345,2023-02-10 05:14:05.000000,69.99,0.0,1,0,69.99,0.0,0.0,NO REFUND
49384,39408,2026-04-23 00:11:58.000000,69.99,0.0,1,0,69.99,0.0,0.0,NO REFUND
47193,37710,2025-05-12 14:13:20.000000,70.74,0.0,1,0,70.74,0.0,0.0,NO REFUND
14197,11312,2023-04-25 16:38:34.000000,471.0,0.0,4,0,471.0,0.0,0.0,NO REFUND
61986,49514,2024-07-10 08:16:32.000000,77.38,0.0,1,0,77.38,0.0,0.0,NO REFUND
96193,77112,2026-06-05 01:52:14.000000,156.0,156.0,2,2,0.0,1.0,1.0,FULLY REFUNDED
53781,42940,2025-08-20 01:05:32.000000,79.5,0.0,1,0,79.5,0.0,0.0,NO REFUND
40265,32153,2025-09-25 10:42:32.000000,79.5,0.0,1,0,79.5,0.0,0.0,NO REFUND
56621,45237,2026-03-29 18:33:18.000000,79.99,0.0,1,0,79.99,0.0,0.0,NO REFUND
65475,52289,2024-07-18 18:38:25.000000,81.4,0.0,1,0,81.4,0.0,0.0,NO REFUND
75143,60093,2024-03-22 14:01:21.000000,85.0,85.0,1,1,0.0,1.0,1.0,FULLY REFUNDED
111255,89103,2025-11-04 10:20:24.000000,85.74,0.0,1,0,85.74,0.0,0.0,NO REFUND
94438,75699,2025-06-18 22:41:03.000000,85.9,0.0,1,0,85.9,0.0,0.0,NO REFUND
90266,72232,2025-12-03 05:55:12.000000,345.1,0.0,2,0,345.1,0.0,0.0,NO REFUND
98434,78929,2026-06-07 08:40:15.000000,86.25,0.0,1,0,86.25,0.0,0.0,NO REFUND
57997,46353,2025-01-14 16:24:21.000000,87.89,0.0,1,0,87.89,0.0,0.0,NO REFUND
25937,20726,2025-05-14 08:03:34.000000,88.0,88.0,1,1,0.0,1.0,1.0,FULLY REFUNDED
116171,93008,2021-10-04 23:37:43.000000,88.0,0.0,1,0,88.0,0.0,0.0,NO REFUND
6365,5043,2025-11-08 08:59:36.000000,89.5,0.0,1,0,89.5,0.0,0.0,NO REFUND
118206,94635,2026-04-06 09:50:23.000000,90.0,0.0,1,0,90.0,0.0,0.0,NO REFUND
74822,59827,2026-02-23 01:35:59.000000,90.0,90.0,1,1,0.0,1.0,1.0,FULLY REFUNDED
29601,23652,2025-02-27 03:18:53.000000,90.0,0.0,1,0,90.0,0.0,0.0,NO REFUND
50945,40688,2022-04-15 05:59:40.000000,90.0,0.0,1,0,90.0,0.0,0.0,NO REFUND
108932,87257,2024-11-13 10:36:37.000000,94.0,0.0,1,0,94.0,0.0,0.0,NO REFUND
94726,75928,2024-08-13 02:10:24.000000,193.0,0.0,2,0,193.0,0.0,0.0,NO REFUND
45849,36601,2022-10-06 16:18:56.000000,98.0,0.0,1,0,98.0,0.0,0.0,NO REFUND
86502,69265,2025-04-15 04:32:25.000000,98.0,98.0,1,1,0.0,1.0,1.0,FULLY REFUNDED
17907,14260,2023-01-03 14:19:03.000000,98.0,0.0,1,0,98.0,0.0,0.0,NO REFUND
113471,90839,2023-03-18 18:17:24.000000,99.99,0.0,1,0,99.99,0.0,0.0,NO REFUND
71192,56945,2023-03-22 10:46:19.000000,100.99,0.0,1,0,100.99,0.0,0.0,NO REFUND
80535,64408,2021-12-31 01:01:07.000000,101.0,0.0,1,0,101.0,0.0,0.0,NO REFUND
46639,37266,2024-04-07 08:02:31.000000,105.38,0.0,1,0,105.38,0.0,0.0,NO REFUND
14435,11518,2026-03-04 14:18:04.000000,105.56,0.0,1,0,105.56,0.0,0.0,NO REFUND
27944,22332,2025-06-05 01:59:03.000000,109.0,0.0,1,0,109.0,0.0,0.0,NO REFUND
94235,75534,2025-10-26 07:34:05.000000,109.0,0.0,1,0,109.0,0.0,0.0,NO REFUND
80740,64590,2023-08-15 10:47:50.000000,109.91,109.91,1,1,0.0,1.0,1.0,FULLY REFUNDED
78123,62462,2023-01-07 10:55:24.000000,112.86,0.0,1,0,112.86,0.0,0.0,NO REFUND
35860,28607,2025-11-20 19:38:21.000000,241.38,0.0,2,0,241.38,0.0,0.0,NO REFUND
116316,93132,2025-08-20 05:50:14.000000,119.95,0.0,1,0,119.95,0.0,0.0,NO REFUND
32716,26130,2025-09-03 16:00:11.000000,128.0,0.0,1,0,128.0,0.0,0.0,NO REFUND
99065,79437,2026-03-28 03:02:01.000000,132.0,0.0,1,0,132.0,0.0,0.0,NO REFUND
48132,38455,2026-06-13 23:12:44.014402,148.0,0.0,1,0,148.0,0.0,0.0,NO REFUND
109201,87487,2025-11-27 14:44:32.000000,148.0,0.0,1,0,148.0,0.0,0.0,NO REFUND
109344,87609,2024-10-21 16:18:19.000000,149.0,0.0,1,0,149.0,0.0,0.0,NO REFUND
54026,43159,2026-03-02 19:14:41.000000,161.0,161.0,1,1,0.0,1.0,1.0,FULLY REFUNDED
10522,8373,2025-10-29 07:48:12.000000,162.0,0.0,1,0,162.0,0.0,0.0,NO REFUND
53722,42893,2026-04-28 13:41:57.000000,333.95,0.0,2,0,333.95,0.0,0.0,NO REFUND
118480,94858,2024-11-29 12:15:27.000000,169.99,0.0,1,0,169.99,0.0,0.0,NO REFUND
2553,2038,2026-04-19 17:48:08.000000,170.98,0.0,1,0,170.98,0.0,0.0,NO REFUND
119955,96023,2024-11-14 05:15:45.000000,176.0,0.0,1,0,176.0,0.0,0.0,NO REFUND
74485,59566,2026-04-21 06:47:05.000000,178.0,0.0,1,0,178.0,0.0,0.0,NO REFUND
64798,51767,2025-12-29 07:26:18.000000,185.0,0.0,1,0,185.0,0.0,0.0,NO REFUND
14550,11609,2026-06-12 16:36:15.733496,189.5,0.0,1,0,189.5,0.0,0.0,NO REFUND
118311,94722,2026-05-12 22:08:46.000000,194.0,0.0,1,0,194.0,0.0,0.0,NO REFUND
79638,63648,2022-11-28 20:29:02.000000,196.0,0.0,1,0,196.0,0.0,0.0,NO REFUND
16340,13023,2022-01-02 15:11:35.000000,206.0,0.0,1,0,206.0,0.0,0.0,NO REFUND
25569,20414,2025-04-29 10:37:45.000000,207.28,0.0,1,0,207.28,0.0,0.0,NO REFUND
25045,20004,2026-06-15 18:16:18.297648,209.99,0.0,1,0,209.99,0.0,0.0,NO REFUND
85339,68287,2024-08-08 03:21:17.000000,220.0,0.0,1,0,220.0,0.0,0.0,NO REFUND
103921,83308,2023-07-13 12:29:34.000000,280.0,0.0,1,0,280.0,0.0,0.0,NO REFUND
70165,56119,2025-01-28 04:24:19.000000,287.64,0.0,1,0,287.64,0.0,0.0,NO REFUND
17390,13842,2024-09-04 19:00:57.000000,345.0,0.0,1,0,345.0,0.0,0.0,NO REFUND
-2,62462,2026-06-16 14:27:00.000000,46.0,0.0,1,0,46.0,0.0,0.0,NO REFUND
-34,49514,2026-06-16 13:06:00.000000,211.0,0.0,2,0,211.0,0.0,0.0,NO REFUND
-41,45390,2026-06-16 10:41:00.000000,351.0,351.0,3,3,0.0,1.0,1.0,FULLY REFUNDED
-48,92475,2026-06-16 15:12:00.000000,125.0,0.0,1,0,125.0,0.0,0.0,NO REFUND
-67,20823,2026-06-16 11:30:00.000000,230.0,0.0,2,0,230.0,0.0,0.0,NO REFUND
-72,20700,2026-06-16 15:20:00.000000,285.0,192.0,2,1,93.0,0.6737,0.5,PARTIALLY REFUNDED
-107,52760,2026-06-16 13:45:00.000000,167.0,0.0,1,0,167.0,0.0,0.0,NO REFUND
-110,93647,2026-06-16 11:22:00.000000,212.0,0.0,2,0,212.0,0.0,0.0,NO REFUND
-116,14975,2026-06-16 10:47:00.000000,134.0,0.0,1,0,134.0,0.0,0.0,NO REFUND
-118,14620,2026-06-16 12:34:00.000000,50.0,0.0,1,0,50.0,0.0,0.0,NO REFUND
-132,97345,2026-06-16 11:52:00.000000,305.0,305.0,2,2,0.0,1.0,1.0,FULLY REFUNDED
-146,51435,2026-06-16 12:29:00.000000,47.0,0.0,1,0,47.0,0.0,0.0,NO REFUND
-152,88184,2026-06-16 12:12:00.000000,42.0,0.0,1,0,42.0,0.0,0.0,NO REFUND
-170,68101,2026-06-16 17:14:00.000000,158.0,0.0,2,0,158.0,0.0,0.0,NO REFUND
-173,20937,2026-06-16 17:40:00.000000,71.0,0.0,2,0,71.0,0.0,0.0,NO REFUND
-188,2024,2026-06-16 11:22:00.000000,184.0,0.0,1,0,184.0,0.0,0.0,NO REFUND
-197,33236,2026-06-16 13:03:00.000000,52.0,0.0,1,0,52.0,0.0,0.0,NO REFUND
-219,40619,2026-06-16 14:07:00.000000,503.0,173.0,3,1,330.0,0.3439,0.3333,PARTIALLY REFUNDED
-227,49589,2026-06-16 09:28:00.000000,115.0,0.0,1,0,115.0,0.0,0.0,NO REFUND
-239,24042,2026-06-16 13:17:00.000000,128.0,0.0,1,0,128.0,0.0,0.0,NO REFUND
-275,48209,2026-06-16 11:36:00.000000,282.0,0.0,2,0,282.0,0.0,0.0,NO REFUND
88327,70658,2022-04-06 19:01:36.000000,2.95,0.0,1,0,2.95,0.0,0.0,NO REFUND
64795,51765,2022-07-06 06:43:11.000000,433.69,0.0,4,0,433.69,0.0,0.0,NO REFUND
88688,70964,2023-03-13 16:47:52.000000,83.29,0.0,3,0,83.29,0.0,0.0,NO REFUND
119855,95934,2024-01-07 19:16:06.000000,292.67,0.0,4,0,292.67,0.0,0.0,NO REFUND
20601,16476,2026-03-08 21:53:57.000000,283.95,0.0,4,0,283.95,0.0,0.0,NO REFUND
16446,13104,2026-05-25 15:36:07.000000,107.89,0.0,3,0,107.89,0.0,0.0,NO REFUND
98951,79340,2022-10-06 03:44:59.000000,6.99,0.0,1,0,6.99,0.0,0.0,NO REFUND
113480,90842,2024-10-07 22:53:18.000000,6.99,0.0,1,0,6.99,0.0,0.0,NO REFUND
36589,29208,2026-02-18 20:43:47.000000,147.5,0.0,3,0,147.5,0.0,0.0,NO REFUND
72180,57719,2026-06-16 07:04:46.348979,171.66,0.0,3,0,171.66,0.0,0.0,NO REFUND
52809,42141,2024-02-23 16:36:44.000000,7.0,0.0,1,0,7.0,0.0,0.0,NO REFUND
69415,55518,2025-07-29 06:35:27.000000,23.67,0.0,2,0,23.67,0.0,0.0,NO REFUND
115020,92091,2026-05-22 02:56:11.000000,7.9,0.0,1,0,7.9,0.0,0.0,NO REFUND
56497,45133,2023-07-16 04:03:21.000000,7.99,0.0,1,0,7.99,0.0,0.0,NO REFUND
40659,32461,2023-01-21 14:36:43.000000,22.98,0.0,2,0,22.98,0.0,0.0,NO REFUND
26161,20899,2026-03-12 20:36:14.000000,137.99,0.0,2,0,137.99,0.0,0.0,NO REFUND
60131,48015,2025-10-11 23:34:58.000000,76.73,0.0,4,0,76.73,0.0,0.0,NO REFUND
3887,3081,2021-03-20 14:25:12.000000,41.6,0.0,2,0,41.6,0.0,0.0,NO REFUND
56471,45119,2019-10-02 14:46:15.000000,122.59,0.0,4,0,122.59,0.0,0.0,NO REFUND
17684,14070,2025-06-16 01:15:38.000000,248.42,0.0,4,0,248.42,0.0,0.0,NO REFUND
101016,80984,2020-10-15 05:39:09.000000,59.04,0.0,2,0,59.04,0.0,0.0,NO REFUND
104746,83960,2020-04-28 05:22:16.000000,9.12,0.0,1,0,9.12,0.0,0.0,NO REFUND
14222,11336,2023-09-02 00:06:05.000000,9.12,0.0,1,0,9.12,0.0,0.0,NO REFUND
56441,45098,2024-08-17 14:51:00.000000,171.57,0.0,4,0,171.57,0.0,0.0,NO REFUND
81577,65288,2023-03-20 03:25:50.000000,85.39,0.0,3,0,85.39,0.0,0.0,NO REFUND
32399,25872,2025-11-06 06:13:38.000000,284.73,0.0,4,0,284.73,0.0,0.0,NO REFUND
55076,43998,2025-09-11 03:17:34.000000,162.18,0.0,4,0,162.18,0.0,0.0,NO REFUND
81933,65567,2026-04-28 02:35:45.000000,283.97,0.0,4,0,283.97,0.0,0.0,NO REFUND
70040,56019,2023-12-27 11:22:31.000000,10.0,0.0,1,0,10.0,0.0,0.0,NO REFUND
45975,36714,2022-03-29 04:10:41.000000,80.84,0.0,4,0,80.84,0.0,0.0,NO REFUND
119897,95975,2024-01-17 17:44:22.000000,502.94,0.0,4,0,502.94,0.0,0.0,NO REFUND
5540,4378,2026-04-27 15:15:23.000000,126.12,0.0,4,0,126.12,0.0,0.0,NO REFUND
43446,34667,2025-01-24 23:19:21.000000,200.53,0.0,4,0,200.53,0.0,0.0,NO REFUND
24451,19525,2023-10-15 00:02:05.000000,85.66,0.0,4,0,85.66,0.0,0.0,NO REFUND
94888,76065,2021-04-06 12:16:49.000000,63.77,0.0,4,0,63.77,0.0,0.0,NO REFUND
8183,6535,2023-10-10 18:13:24.000000,166.84,0.0,4,0,166.84,0.0,0.0,NO REFUND
50944,40687,2024-09-11 06:54:01.000000,66.01,0.0,2,0,66.01,0.0,0.0,NO REFUND
60875,48606,2025-07-27 03:00:41.000000,448.03,0.0,4,0,448.03,0.0,0.0,NO REFUND
88137,70512,2023-07-13 21:07:42.000000,375.98,375.98,4,4,0.0,1.0,1.0,FULLY REFUNDED
117593,94168,2026-02-01 06:57:22.000000,60.28,60.28,2,2,0.0,1.0,1.0,FULLY REFUNDED
66641,53287,2022-03-03 04:08:31.000000,97.63,0.0,4,0,97.63,0.0,0.0,NO REFUND
121319,97107,2025-09-25 02:14:45.000000,23.93,0.0,2,0,23.93,0.0,0.0,NO REFUND
48285,38575,2024-01-13 03:51:47.000000,42.95,0.0,2,0,42.95,0.0,0.0,NO REFUND
122023,97698,2025-09-24 13:23:20.000000,265.84,0.0,3,0,265.84,0.0,0.0,NO REFUND
54152,43258,2022-06-25 20:29:47.000000,11.99,0.0,1,0,11.99,0.0,0.0,NO REFUND
79920,63879,2026-05-16 21:05:25.000000,11.99,0.0,1,0,11.99,0.0,0.0,NO REFUND
14596,11652,2023-04-19 22:37:08.000000,12.0,0.0,1,0,12.0,0.0,0.0,NO REFUND
83458,66792,2024-06-19 10:34:33.000000,12.0,0.0,1,0,12.0,0.0,0.0,NO REFUND
58961,47103,2021-09-21 16:38:25.000000,54.0,0.0,2,0,54.0,0.0,0.0,NO REFUND
55608,44417,2022-12-07 05:13:10.000000,45.96,0.0,3,0,45.96,0.0,0.0,NO REFUND
18743,14937,2021-11-25 05:05:19.000000,89.36,0.0,3,0,89.36,0.0,0.0,NO REFUND
61811,49366,2024-05-21 08:57:19.000000,37.99,0.0,2,0,37.99,0.0,0.0,NO REFUND
40868,32612,2022-07-31 08:40:34.000000,143.64,0.0,3,0,143.64,0.0,0.0,NO REFUND
60176,48056,2025-07-31 23:29:29.000000,71.49,0.0,4,0,71.49,0.0,0.0,NO REFUND
91178,72991,2019-11-26 13:29:03.000000,38.39,0.0,2,0,38.39,0.0,0.0,NO REFUND
70018,56003,2025-11-29 05:08:25.000000,306.95,0.0,4,0,306.95,0.0,0.0,NO REFUND
45808,36570,2026-01-29 03:58:59.000000,258.23,0.0,4,0,258.23,0.0,0.0,NO REFUND
72146,57687,2020-02-17 15:29:09.000000,48.92,0.0,2,0,48.92,0.0,0.0,NO REFUND
69600,55658,2026-04-29 10:51:43.000000,57.5,0.0,2,0,57.5,0.0,0.0,NO REFUND
68287,54652,2021-06-10 07:03:09.000000,13.99,13.99,1,1,0.0,1.0,1.0,FULLY REFUNDED
33150,26452,2024-08-16 20:24:45.000000,14.0,0.0,1,0,14.0,0.0,0.0,NO REFUND
42649,34029,2025-01-06 09:42:29.000000,161.0,0.0,3,0,161.0,0.0,0.0,NO REFUND
4862,3841,2026-04-12 03:41:34.000000,112.15,0.0,4,0,112.15,0.0,0.0,NO REFUND
60283,48143,2022-12-24 05:24:44.000000,144.38,0.0,2,0,144.38,0.0,0.0,NO REFUND
96052,76993,2022-03-16 17:04:04.000000,202.65,0.0,4,0,202.65,0.0,0.0,NO REFUND
72012,57592,2025-08-13 09:49:56.000000,14.9,0.0,1,0,14.9,0.0,0.0,NO REFUND
102094,81839,2024-11-05 10:28:46.000000,83.99,0.0,2,0,83.99,0.0,0.0,NO REFUND
21951,17514,2026-05-24 00:23:52.000000,134.14,0.0,4,0,134.14,0.0,0.0,NO REFUND
48764,38923,2026-02-18 07:57:44.000000,14.99,0.0,1,0,14.99,0.0,0.0,NO REFUND
44306,35345,2023-07-26 17:02:57.000000,14.99,0.0,1,0,14.99,0.0,0.0,NO REFUND
110981,88888,2023-08-01 21:46:00.000000,205.64,0.0,4,0,205.64,0.0,0.0,NO REFUND
28414,22711,2024-11-25 15:38:40.000000,131.99,0.0,4,0,131.99,0.0,0.0,NO REFUND
68450,54777,2023-07-04 05:00:31.000000,136.0,0.0,2,0,136.0,0.0,0.0,NO REFUND
124135,99410,2024-12-08 18:57:34.000000,47.89,0.0,2,0,47.89,0.0,0.0,NO REFUND
78442,62708,2025-05-20 03:38:51.000000,57.1,0.0,2,0,57.1,0.0,0.0,NO REFUND
104970,84124,2025-01-06 07:35:03.000000,36.9,0.0,2,0,36.9,0.0,0.0,NO REFUND
61965,49496,2025-03-19 12:08:15.000000,105.94,0.0,4,0,105.94,0.0,0.0,NO REFUND
81161,64925,2024-10-01 06:51:39.000000,279.7,0.0,4,0,279.7,0.0,0.0,NO REFUND
30606,24433,2020-08-13 20:33:15.000000,125.44,0.0,3,0,125.44,0.0,0.0,NO REFUND
120979,96853,2025-04-30 04:44:03.000000,114.0,0.0,2,0,114.0,0.0,0.0,NO REFUND
102392,82088,2023-08-21 06:25:31.000000,252.0,252.0,3,3,0.0,1.0,1.0,FULLY REFUNDED
6328,5018,2022-12-13 18:16:11.000000,41.0,0.0,2,0,41.0,0.0,0.0,NO REFUND
123619,98995,2025-03-11 19:00:05.000000,106.89,0.0,4,0,106.89,0.0,0.0,NO REFUND
62508,49938,2025-12-28 18:42:43.000000,100.48,0.0,3,0,100.48,0.0,0.0,NO REFUND
15138,12076,2022-08-04 03:38:02.000000,130.72,0.0,4,0,130.72,0.0,0.0,NO REFUND
37025,29559,2019-12-02 15:21:53.000000,63.49,0.0,3,0,63.49,0.0,0.0,NO REFUND
62379,49824,2025-03-22 04:22:21.000000,16.99,0.0,1,0,16.99,0.0,0.0,NO REFUND
1813,1458,2026-05-23 05:20:26.000000,62.04,0.0,2,0,62.04,0.0,0.0,NO REFUND
45424,36263,2025-06-12 17:52:46.000000,17.05,0.0,1,0,17.05,0.0,0.0,NO REFUND
65068,51977,2025-07-03 11:09:58.000000,40.5,0.0,2,0,40.5,0.0,0.0,NO REFUND
30987,24745,2023-06-20 16:20:57.000000,134.5,0.0,4,0,134.5,0.0,0.0,NO REFUND
48042,38380,2026-05-15 06:47:44.000000,89.61,0.0,4,0,89.61,0.0,0.0,NO REFUND
91039,72874,2025-09-17 05:11:49.000000,171.85,0.0,2,0,171.85,0.0,0.0,NO REFUND
23631,18882,2022-06-21 21:57:31.000000,167.85,0.0,2,0,167.85,0.0,0.0,NO REFUND
65512,52325,2026-04-18 22:07:50.000000,267.9,0.0,2,0,267.9,0.0,0.0,NO REFUND
18165,14476,2026-01-14 20:25:16.000000,100.32,0.0,3,0,100.32,0.0,0.0,NO REFUND
38737,30945,2024-02-01 05:39:36.000000,85.99,0.0,2,0,85.99,0.0,0.0,NO REFUND
58398,46665,2023-09-12 00:27:09.000000,107.14,0.0,3,0,107.14,0.0,0.0,NO REFUND
95558,76600,2025-06-03 20:41:24.000000,83.99,0.0,3,0,83.99,0.0,0.0,NO REFUND
68442,54769,2026-03-19 13:01:01.000000,83.0,0.0,2,0,83.0,0.0,0.0,NO REFUND
69202,55354,2025-07-03 19:40:21.000000,18.95,0.0,1,0,18.95,0.0,0.0,NO REFUND
61643,49240,2025-02-03 13:52:31.000000,109.77,0.0,4,0,109.77,0.0,0.0,NO REFUND
89437,71579,2022-03-18 23:34:50.000000,93.5,0.0,2,0,93.5,0.0,0.0,NO REFUND
106615,85454,2025-10-30 04:32:32.000000,84.87,0.0,3,0,84.87,0.0,0.0,NO REFUND
118006,94475,2025-05-21 02:58:23.000000,173.64,0.0,4,0,173.64,0.0,0.0,NO REFUND
5115,4049,2026-05-31 02:10:10.000000,120.94,0.0,2,0,120.94,0.0,0.0,NO REFUND
82390,65927,2023-09-18 15:07:00.000000,203.96,0.0,3,0,203.96,0.0,0.0,NO REFUND
117869,94377,2025-09-06 02:42:43.000000,546.85,0.0,4,0,546.85,0.0,0.0,NO REFUND
98650,79095,2025-12-03 13:58:59.000000,161.17,0.0,4,0,161.17,0.0,0.0,NO REFUND
114969,92058,2021-03-15 16:32:39.000000,203.52,0.0,4,0,203.52,0.0,0.0,NO REFUND
73530,58817,2026-03-26 07:45:12.000000,51.99,0.0,2,0,51.99,0.0,0.0,NO REFUND
89560,71670,2024-11-27 13:05:37.000000,129.17,0.0,3,0,129.17,0.0,0.0,NO REFUND
105458,84531,2025-06-13 12:31:11.000000,19.99,0.0,1,0,19.99,0.0,0.0,NO REFUND
40759,32532,2024-09-27 02:08:39.000000,86.96,0.0,3,0,86.96,0.0,0.0,NO REFUND
81560,65272,2024-05-27 07:08:54.000000,357.99,0.0,3,0,357.99,0.0,0.0,NO REFUND
97094,77822,2023-05-25 15:02:26.000000,254.93,0.0,4,0,254.93,0.0,0.0,NO REFUND
116333,93145,2026-03-30 06:04:13.000000,54.89,54.89,2,2,0.0,1.0,1.0,FULLY REFUNDED
47417,37884,2022-11-06 03:55:04.000000,131.98,0.0,4,0,131.98,0.0,0.0,NO REFUND
124276,99524,2024-11-18 12:21:02.000000,302.45,0.0,4,0,302.45,0.0,0.0,NO REFUND
2728,2170,2024-08-29 06:19:16.000000,45.0,0.0,2,0,45.0,0.0,0.0,NO REFUND
36463,29096,2025-11-03 03:34:00.000000,20.0,20.0,1,1,0.0,1.0,1.0,FULLY REFUNDED
84049,67270,2024-08-05 21:01:01.000000,122.32,0.0,3,0,122.32,0.0,0.0,NO REFUND
17674,14064,2023-11-05 08:33:09.000000,45.39,0.0,2,0,45.39,0.0,0.0,NO REFUND
39699,31702,2026-02-12 13:06:58.000000,195.33,0.0,4,0,195.33,0.0,0.0,NO REFUND
34647,27670,2024-09-16 18:44:45.000000,21.9,0.0,1,0,21.9,0.0,0.0,NO REFUND
55542,44367,2021-12-10 00:59:15.000000,21.95,0.0,1,0,21.95,0.0,0.0,NO REFUND
98057,78622,2025-09-14 10:07:09.000000,161.39,0.0,4,0,161.39,0.0,0.0,NO REFUND
81977,65599,2023-09-03 01:55:04.000000,96.98,0.0,3,0,96.98,0.0,0.0,NO REFUND
42165,33631,2025-11-16 23:16:16.000000,21.99,21.99,1,1,0.0,1.0,1.0,FULLY REFUNDED
116069,92934,2025-10-23 03:08:22.000000,106.0,0.0,2,0,106.0,0.0,0.0,NO REFUND
59040,47178,2024-02-14 09:12:50.000000,22.5,22.5,1,1,0.0,1.0,1.0,FULLY REFUNDED
91476,73243,2025-08-27 19:39:02.000000,22.88,0.0,1,0,22.88,0.0,0.0,NO REFUND
99994,80222,2026-01-14 16:49:21.000000,140.97,0.0,3,0,140.97,0.0,0.0,NO REFUND
82668,66138,2025-05-01 16:32:52.000000,22.99,0.0,1,0,22.99,0.0,0.0,NO REFUND
57401,45900,2024-07-09 21:21:45.000000,22.99,0.0,1,0,22.99,0.0,0.0,NO REFUND
24830,19839,2020-11-12 22:10:09.000000,23.7,0.0,1,0,23.7,0.0,0.0,NO REFUND
18068,14394,2026-06-04 01:01:00.000000,63.99,0.0,2,0,63.99,0.0,0.0,NO REFUND
103473,82969,2026-03-07 14:43:46.000000,24.0,0.0,1,0,24.0,0.0,0.0,NO REFUND
107965,86498,2024-03-26 00:05:57.000000,212.56,0.0,3,0,212.56,0.0,0.0,NO REFUND
14089,11218,2025-11-25 22:07:35.000000,53.99,0.0,2,0,53.99,0.0,0.0,NO REFUND
23229,18561,2026-05-24 09:17:20.000000,24.0,0.0,1,0,24.0,0.0,0.0,NO REFUND
74783,59791,2021-03-05 00:40:17.000000,111.5,0.0,3,0,111.5,0.0,0.0,NO REFUND
62426,49861,2026-02-28 13:10:04.000000,93.5,0.0,2,0,93.5,0.0,0.0,NO REFUND
123012,98494,2025-05-22 03:29:53.000000,160.9,0.0,4,0,160.9,0.0,0.0,NO REFUND
6553,5204,2025-06-27 13:56:14.000000,78.95,78.95,2,2,0.0,1.0,1.0,FULLY REFUNDED
99464,79773,2025-02-14 21:00:19.000000,108.39,0.0,2,0,108.39,0.0,0.0,NO REFUND
69772,55797,2025-10-07 03:10:15.000000,234.98,0.0,2,0,234.98,0.0,0.0,NO REFUND
48522,38749,2024-12-20 17:04:29.000000,24.99,24.99,1,1,0.0,1.0,1.0,FULLY REFUNDED
79598,63621,2020-01-16 16:43:53.000000,64.5,0.0,2,0,64.5,0.0,0.0,NO REFUND
83091,66496,2026-02-18 00:27:34.000000,25.0,0.0,1,0,25.0,0.0,0.0,NO REFUND
110469,88470,2021-03-05 14:13:12.000000,25.0,0.0,1,0,25.0,0.0,0.0,NO REFUND
119265,95455,2026-04-15 00:12:19.000000,103.0,0.0,2,0,103.0,0.0,0.0,NO REFUND
1153,918,2022-06-16 22:26:21.000000,99.5,0.0,3,0,99.5,0.0,0.0,NO REFUND
5001,3956,2025-07-11 20:19:19.000000,235.98,0.0,3,0,235.98,0.0,0.0,NO REFUND
68463,54791,2025-12-20 16:11:04.000000,144.0,0.0,2,0,144.0,0.0,0.0,NO REFUND
93188,74662,2025-08-28 01:56:41.000000,213.0,0.0,2,0,213.0,0.0,0.0,NO REFUND
101405,81310,2023-06-29 09:23:43.000000,25.0,0.0,1,0,25.0,0.0,0.0,NO REFUND
18892,15070,2025-04-06 15:54:01.000000,182.98,0.0,3,0,182.98,0.0,0.0,NO REFUND
19963,15941,2025-08-25 07:03:29.000000,25.0,0.0,1,0,25.0,0.0,0.0,NO REFUND
59252,47352,2025-02-11 04:15:55.000000,231.0,0.0,3,0,231.0,0.0,0.0,NO REFUND
57961,46319,2025-11-06 06:17:53.000000,164.99,164.99,2,2,0.0,1.0,1.0,FULLY REFUNDED
7628,6109,2024-02-04 13:00:22.000000,25.0,0.0,1,0,25.0,0.0,0.0,NO REFUND
66318,53017,2024-04-05 03:37:42.000000,114.5,0.0,2,0,114.5,0.0,0.0,NO REFUND
77272,61771,2025-11-09 12:21:20.000000,25.0,0.0,1,0,25.0,0.0,0.0,NO REFUND
104773,83987,2026-02-03 23:16:21.000000,82.19,0.0,2,0,82.19,0.0,0.0,NO REFUND
105021,84168,2026-02-26 09:14:37.000000,25.0,0.0,1,0,25.0,0.0,0.0,NO REFUND
109637,87830,2022-06-24 08:33:48.000000,25.0,0.0,1,0,25.0,0.0,0.0,NO REFUND
123622,98995,2025-02-04 09:58:37.000000,25.2,0.0,1,0,25.2,0.0,0.0,NO REFUND
3441,2734,2026-05-19 07:28:27.000000,193.93,0.0,3,0,193.93,0.0,0.0,NO REFUND
41417,33044,2025-11-01 14:04:53.000000,25.52,0.0,1,0,25.52,0.0,0.0,NO REFUND
14644,11691,2024-05-22 18:49:38.000000,63.99,0.0,2,0,63.99,0.0,0.0,NO REFUND
49644,39629,2024-04-17 12:19:51.000000,26.0,0.0,1,0,26.0,0.0,0.0,NO REFUND
124626,99777,2026-01-31 14:28:01.000000,26.0,0.0,1,0,26.0,0.0,0.0,NO REFUND
111516,89321,2025-08-05 20:40:04.000000,26.0,26.0,1,1,0.0,1.0,1.0,FULLY REFUNDED
18003,14342,2025-09-20 11:09:31.000000,86.42,0.0,2,0,86.42,0.0,0.0,NO REFUND
118576,94924,2024-05-12 12:42:30.000000,26.9,0.0,1,0,26.9,0.0,0.0,NO REFUND
72225,57757,2024-11-26 14:07:39.000000,26.99,0.0,1,0,26.99,0.0,0.0,NO REFUND
75408,60310,2025-07-22 17:27:52.000000,26.99,0.0,1,0,26.99,0.0,0.0,NO REFUND
40852,32601,2025-04-10 11:06:50.000000,291.48,0.0,4,0,291.48,0.0,0.0,NO REFUND
69787,55806,2025-11-07 03:34:21.000000,97.9,0.0,2,0,97.9,0.0,0.0,NO REFUND
20168,16112,2026-01-23 01:26:34.000000,27.98,0.0,1,0,27.98,0.0,0.0,NO REFUND
123990,99285,2026-06-03 01:21:16.000000,28.0,0.0,1,0,28.0,0.0,0.0,NO REFUND
72191,57726,2023-07-19 10:15:37.000000,173.82,0.0,2,0,173.82,0.0,0.0,NO REFUND
118846,95134,2024-07-13 12:09:43.000000,158.86,0.0,3,0,158.86,0.0,0.0,NO REFUND
97793,78392,2024-12-09 19:04:24.000000,28.95,0.0,1,0,28.95,0.0,0.0,NO REFUND
29355,23456,2026-04-06 05:18:42.000000,29.0,0.0,1,0,29.0,0.0,0.0,NO REFUND
108123,86621,2024-11-26 15:10:41.000000,68.45,0.0,2,0,68.45,0.0,0.0,NO REFUND
103060,82639,2023-11-12 07:53:21.000000,304.45,0.0,3,0,304.45,0.0,0.0,NO REFUND
97528,78179,2025-06-21 17:09:35.000000,113.62,0.0,2,0,113.62,0.0,0.0,NO REFUND
103312,82844,2022-11-10 20:29:53.000000,88.94,0.0,2,0,88.94,0.0,0.0,NO REFUND
86366,69152,2020-04-20 14:44:33.000000,250.3,0.0,4,0,250.3,0.0,0.0,NO REFUND
89247,71414,2021-06-26 16:59:08.000000,29.99,0.0,1,0,29.99,0.0,0.0,NO REFUND
14057,11189,2025-01-12 08:29:53.000000,250.97,0.0,4,0,250.97,0.0,0.0,NO REFUND
54115,43229,2026-04-24 02:04:55.000000,29.99,0.0,1,0,29.99,0.0,0.0,NO REFUND
121301,97093,2025-12-06 05:23:43.000000,29.99,0.0,1,0,29.99,0.0,0.0,NO REFUND
120916,96795,2026-01-25 04:46:36.000000,29.99,0.0,1,0,29.99,0.0,0.0,NO REFUND
68544,54845,2021-04-09 16:04:17.000000,187.0,0.0,3,0,187.0,0.0,0.0,NO REFUND
121978,97664,2025-11-18 19:16:56.000000,210.98,0.0,4,0,210.98,0.0,0.0,NO REFUND
25759,20570,2025-11-06 11:36:55.000000,30.0,0.0,1,0,30.0,0.0,0.0,NO REFUND
17704,14086,2026-02-15 13:24:06.000000,30.0,30.0,1,1,0.0,1.0,1.0,FULLY REFUNDED
83566,66884,2024-10-11 19:39:01.000000,30.9,0.0,1,0,30.9,0.0,0.0,NO REFUND
36374,29018,2023-10-27 19:13:53.000000,96.81,0.0,2,0,96.81,0.0,0.0,NO REFUND
88422,70740,2025-05-06 11:51:27.000000,31.81,0.0,1,0,31.81,0.0,0.0,NO REFUND
10546,8391,2025-10-05 03:25:23.000000,266.9,0.0,2,0,266.9,0.0,0.0,NO REFUND
96018,76970,2023-08-24 07:21:57.000000,31.97,0.0,1,0,31.97,0.0,0.0,NO REFUND
96308,77215,2024-06-03 06:20:55.000000,146.43,0.0,4,0,146.43,0.0,0.0,NO REFUND
4606,3638,2023-03-16 12:57:00.000000,32.0,0.0,1,0,32.0,0.0,0.0,NO REFUND
9142,7286,2025-12-27 12:17:24.000000,456.95,0.0,4,0,456.95,0.0,0.0,NO REFUND
91860,73555,2025-07-05 07:55:41.000000,338.68,0.0,4,0,338.68,0.0,0.0,NO REFUND
75843,60662,2023-07-01 21:20:10.000000,32.99,0.0,1,0,32.99,0.0,0.0,NO REFUND
46963,37524,2025-09-30 00:48:52.000000,32.99,0.0,1,0,32.99,0.0,0.0,NO REFUND
58180,46494,2024-08-20 17:11:38.000000,32.99,32.99,1,1,0.0,1.0,1.0,FULLY REFUNDED
123488,98881,2024-01-16 06:18:06.000000,77.99,0.0,2,0,77.99,0.0,0.0,NO REFUND
10898,8685,2025-05-25 05:46:31.000000,33.0,33.0,1,1,0.0,1.0,1.0,FULLY REFUNDED
124700,99831,2026-01-30 04:03:31.000000,97.49,0.0,2,0,97.49,0.0,0.0,NO REFUND
18749,14943,2026-05-14 04:02:17.000000,33.6,0.0,1,0,33.6,0.0,0.0,NO REFUND
40139,32046,2026-04-24 02:00:50.000000,33.95,33.95,1,1,0.0,1.0,1.0,FULLY REFUNDED
255,208,2023-06-19 11:50:43.000000,34.0,0.0,1,0,34.0,0.0,0.0,NO REFUND
101408,81310,2026-04-08 02:31:15.000000,273.9,0.0,3,0,273.9,0.0,0.0,NO REFUND
5431,4298,2025-10-14 10:29:12.000000,149.95,0.0,2,0,149.95,0.0,0.0,NO REFUND
98701,79130,2023-09-05 19:08:30.000000,95.25,0.0,2,0,95.25,0.0,0.0,NO REFUND
642,530,2025-06-19 07:16:35.000000,34.99,0.0,1,0,34.99,0.0,0.0,NO REFUND
29839,23838,2026-04-06 17:25:16.000000,237.11,0.0,3,0,237.11,0.0,0.0,NO REFUND
72814,58243,2026-06-14 02:22:27.441359,452.99,452.99,3,3,0.0,1.0,1.0,FULLY REFUNDED
78685,62893,2026-05-17 19:55:10.000000,88.99,0.0,2,0,88.99,0.0,0.0,NO REFUND
15106,12053,2025-07-20 15:50:03.000000,35.0,0.0,1,0,35.0,0.0,0.0,NO REFUND
44602,35570,2022-05-22 07:36:42.000000,75.0,0.0,2,0,75.0,0.0,0.0,NO REFUND
120694,96609,2025-10-27 07:24:24.000000,230.0,0.0,2,0,230.0,0.0,0.0,NO REFUND
21173,16936,2025-08-13 20:47:17.000000,35.0,0.0,1,0,35.0,0.0,0.0,NO REFUND
84769,67823,2024-05-02 15:26:30.000000,104.99,0.0,2,0,104.99,0.0,0.0,NO REFUND
45469,36296,2026-01-20 20:15:54.000000,263.5,0.0,4,0,263.5,0.0,0.0,NO REFUND
7887,6309,2026-01-11 06:22:50.000000,115.67,0.0,2,0,115.67,0.0,0.0,NO REFUND
100312,80455,2025-08-01 07:03:56.000000,36.0,0.0,1,0,36.0,0.0,0.0,NO REFUND
87422,69964,2024-07-18 20:24:20.000000,36.0,0.0,1,0,36.0,0.0,0.0,NO REFUND
113771,91081,2023-04-26 16:18:27.000000,224.59,0.0,2,0,224.59,0.0,0.0,NO REFUND
8015,6407,2025-10-11 02:15:45.000000,101.17,0.0,2,0,101.17,0.0,0.0,NO REFUND
91818,73520,2026-06-17 13:47:15.900817,102.99,0.0,2,0,102.99,0.0,0.0,NO REFUND
122428,98028,2025-11-01 20:03:41.000000,86.99,0.0,2,0,86.99,0.0,0.0,NO REFUND
38980,31146,2026-02-18 18:19:20.000000,143.6,0.0,2,0,143.6,0.0,0.0,NO REFUND
3600,2870,2023-05-26 08:52:06.000000,80.99,0.0,2,0,80.99,0.0,0.0,NO REFUND
48112,38441,2022-02-27 22:06:03.000000,39.45,0.0,1,0,39.45,0.0,0.0,NO REFUND
115334,92329,2023-03-26 01:09:25.000000,138.5,138.5,2,2,0.0,1.0,1.0,FULLY REFUNDED
112118,89786,2022-04-16 04:47:56.000000,109.93,0.0,2,0,109.93,0.0,0.0,NO REFUND
83067,66475,2026-06-14 07:34:14.000000,123.99,0.0,2,0,123.99,0.0,0.0,NO REFUND
15219,12136,2026-05-15 20:46:17.000000,91.99,0.0,2,0,91.99,0.0,0.0,NO REFUND
82941,66361,2022-04-30 20:52:58.000000,238.99,0.0,2,0,238.99,0.0,0.0,NO REFUND
54862,43826,2024-06-04 00:28:47.000000,276.0,0.0,3,0,276.0,0.0,0.0,NO REFUND
40989,32707,2026-05-31 12:52:28.000000,219.49,0.0,3,0,219.49,0.0,0.0,NO REFUND
68078,54487,2025-10-08 11:19:13.000000,42.0,0.0,1,0,42.0,0.0,0.0,NO REFUND
114023,91301,2025-11-22 21:52:07.000000,131.41,0.0,2,0,131.41,0.0,0.0,NO REFUND
22775,18191,2023-02-26 21:29:44.000000,44.0,0.0,1,0,44.0,0.0,0.0,NO REFUND
119486,95620,2024-11-30 15:34:42.000000,203.0,0.0,2,0,203.0,0.0,0.0,NO REFUND
31034,24785,2021-02-24 06:03:06.000000,95.0,0.0,2,0,95.0,0.0,0.0,NO REFUND
40624,32438,2024-06-29 00:08:13.000000,195.36,0.0,3,0,195.36,0.0,0.0,NO REFUND
3849,3050,2024-08-28 02:15:59.000000,113.92,0.0,2,0,113.92,0.0,0.0,NO REFUND
107499,86144,2023-02-11 22:20:00.000000,102.4,0.0,2,0,102.4,0.0,0.0,NO REFUND
78426,62697,2025-10-02 12:51:59.000000,152.4,0.0,3,0,152.4,0.0,0.0,NO REFUND
53266,42529,2024-11-24 20:53:00.000000,44.99,0.0,1,0,44.99,0.0,0.0,NO REFUND
92356,73940,2026-03-15 15:38:45.000000,386.19,0.0,4,0,386.19,0.0,0.0,NO REFUND
4807,3801,2024-04-26 14:51:27.000000,45.0,0.0,1,0,45.0,0.0,0.0,NO REFUND
833,670,2025-02-07 16:29:10.000000,250.48,250.48,4,4,0.0,1.0,1.0,FULLY REFUNDED
95600,76632,2025-04-10 05:31:31.000000,45.42,0.0,1,0,45.42,0.0,0.0,NO REFUND
16621,13239,2020-04-01 01:03:03.000000,46.5,0.0,1,0,46.5,0.0,0.0,NO REFUND
48783,38938,2025-05-23 03:00:49.000000,46.5,0.0,1,0,46.5,0.0,0.0,NO REFUND
75538,60410,2024-09-28 05:58:58.000000,46.99,0.0,1,0,46.99,0.0,0.0,NO REFUND
35535,28367,2026-03-23 00:45:18.000000,46.99,0.0,1,0,46.99,0.0,0.0,NO REFUND
38634,30847,2024-10-11 14:36:22.000000,102.0,0.0,2,0,102.0,0.0,0.0,NO REFUND
81158,64922,2025-09-09 03:05:11.000000,138.15,0.0,2,0,138.15,0.0,0.0,NO REFUND
112377,89979,2024-11-04 20:09:52.000000,294.36,0.0,4,0,294.36,0.0,0.0,NO REFUND
34563,27590,2025-10-27 05:52:39.000000,49.0,0.0,1,0,49.0,0.0,0.0,NO REFUND
114530,91723,2024-07-31 14:07:28.000000,49.45,0.0,1,0,49.45,0.0,0.0,NO REFUND
43343,34592,2022-03-21 21:26:19.000000,103.47,0.0,2,0,103.47,0.0,0.0,NO REFUND
43905,35032,2026-01-09 04:37:20.000000,49.5,0.0,1,0,49.5,0.0,0.0,NO REFUND
62637,50049,2025-09-06 08:30:30.000000,49.5,0.0,1,0,49.5,0.0,0.0,NO REFUND
74653,59702,2025-12-04 17:57:20.000000,109.45,0.0,2,0,109.45,0.0,0.0,NO REFUND
108124,86621,2024-10-28 12:57:39.000000,129.94,0.0,2,0,129.94,0.0,0.0,NO REFUND
666,546,2025-11-29 20:10:56.000000,49.99,0.0,1,0,49.99,0.0,0.0,NO REFUND
22276,17776,2021-04-15 20:56:16.000000,539.99,0.0,3,0,539.99,0.0,0.0,NO REFUND
43136,34424,2025-11-30 10:54:24.000000,181.42,0.0,2,0,181.42,0.0,0.0,NO REFUND
117203,93861,2024-01-07 08:59:23.000000,49.99,0.0,1,0,49.99,0.0,0.0,NO REFUND
58809,46990,2025-03-03 17:55:29.000000,177.49,0.0,3,0,177.49,0.0,0.0,NO REFUND
42586,33989,2026-03-06 23:32:39.000000,146.95,0.0,2,0,146.95,0.0,0.0,NO REFUND
55843,44625,2026-01-04 10:17:26.000000,195.75,0.0,2,0,195.75,0.0,0.0,NO REFUND
31119,24856,2025-12-13 03:55:51.000000,220.38,0.0,3,0,220.38,0.0,0.0,NO REFUND
109601,87803,2026-02-21 03:25:57.000000,53.0,53.0,1,1,0.0,1.0,1.0,FULLY REFUNDED
116743,93454,2024-08-07 00:04:55.000000,329.95,0.0,3,0,329.95,0.0,0.0,NO REFUND
61878,49417,2023-08-28 00:39:04.000000,54.0,0.0,1,0,54.0,0.0,0.0,NO REFUND
83419,66758,2024-05-03 22:01:56.000000,54.0,0.0,1,0,54.0,0.0,0.0,NO REFUND
106613,85452,2026-05-31 01:11:34.000000,152.5,0.0,2,0,152.5,0.0,0.0,NO REFUND
68820,55056,2024-08-08 11:25:22.000000,114.52,0.0,2,0,114.52,0.0,0.0,NO REFUND
43732,34891,2025-01-06 11:54:38.000000,57.0,0.0,1,0,57.0,0.0,0.0,NO REFUND
69546,55623,2022-07-23 08:12:50.000000,214.99,0.0,3,0,214.99,0.0,0.0,NO REFUND
86052,68898,2023-11-01 08:18:11.000000,58.99,0.0,1,0,58.99,0.0,0.0,NO REFUND
89257,71420,2020-03-08 15:43:03.000000,58.99,0.0,1,0,58.99,0.0,0.0,NO REFUND
1478,1159,2025-10-29 06:41:06.000000,148.5,148.5,2,2,0.0,1.0,1.0,FULLY REFUNDED
33002,26327,2025-03-15 19:20:12.000000,962.5,0.0,2,0,962.5,0.0,0.0,NO REFUND
38399,30653,2026-04-28 13:43:44.000000,137.52,0.0,2,0,137.52,0.0,0.0,NO REFUND
87771,70248,2022-09-09 22:23:28.000000,120.94,0.0,2,0,120.94,0.0,0.0,NO REFUND
118468,94851,2024-12-27 16:42:41.000000,59.95,0.0,1,0,59.95,0.0,0.0,NO REFUND
10607,8444,2025-02-07 21:31:45.000000,158.99,0.0,2,0,158.99,0.0,0.0,NO REFUND
119108,95311,2024-06-10 03:25:18.000000,60.0,0.0,1,0,60.0,0.0,0.0,NO REFUND
69335,55455,2023-10-31 00:21:15.000000,60.99,0.0,1,0,60.99,0.0,0.0,NO REFUND
102674,82329,2024-09-21 15:29:46.000000,61.5,0.0,1,0,61.5,0.0,0.0,NO REFUND
67554,54041,2024-04-10 16:24:51.000000,232.75,0.0,2,0,232.75,0.0,0.0,NO REFUND
102167,81901,2023-07-01 15:39:50.000000,162.0,0.0,2,0,162.0,0.0,0.0,NO REFUND
68705,54969,2026-05-27 06:06:58.000000,418.95,418.95,4,4,0.0,1.0,1.0,FULLY REFUNDED
66713,53339,2023-11-15 04:51:18.000000,138.98,0.0,2,0,138.98,0.0,0.0,NO REFUND
15404,12285,2022-05-25 05:03:41.000000,65.0,0.0,1,0,65.0,0.0,0.0,NO REFUND
34168,27262,2021-12-13 13:39:26.000000,65.0,0.0,1,0,65.0,0.0,0.0,NO REFUND
89450,71586,2024-11-12 14:28:50.000000,65.0,0.0,1,0,65.0,0.0,0.0,NO REFUND
6833,5444,2024-02-07 20:29:02.000000,67.95,67.95,1,1,0.0,1.0,1.0,FULLY REFUNDED
76434,61114,2022-10-22 16:14:23.000000,69.5,0.0,1,0,69.5,0.0,0.0,NO REFUND
119007,95250,2022-11-26 06:06:00.000000,69.5,69.5,1,1,0.0,1.0,1.0,FULLY REFUNDED
91885,73577,2025-09-04 10:10:39.000000,69.95,0.0,1,0,69.95,0.0,0.0,NO REFUND
90653,72538,2024-01-17 10:53:04.000000,69.99,0.0,1,0,69.99,0.0,0.0,NO REFUND
23866,19067,2026-06-16 03:07:23.787690,164.99,0.0,2,0,164.99,0.0,0.0,NO REFUND
84748,67807,2023-09-29 21:04:51.000000,70.0,0.0,1,0,70.0,0.0,0.0,NO REFUND
103748,83167,2022-03-26 14:33:32.000000,70.0,0.0,1,0,70.0,0.0,0.0,NO REFUND
49848,39814,2024-03-19 21:32:10.000000,74.0,0.0,1,0,74.0,0.0,0.0,NO REFUND
53305,42570,2025-12-10 03:22:09.000000,202.34,0.0,2,0,202.34,0.0,0.0,NO REFUND
44537,35516,2024-06-08 08:50:55.000000,154.0,0.0,2,0,154.0,0.0,0.0,NO REFUND
13963,11116,2026-06-15 23:44:51.420538,78.0,0.0,1,0,78.0,0.0,0.0,NO REFUND
57342,45852,2020-05-01 22:08:13.000000,78.0,0.0,1,0,78.0,0.0,0.0,NO REFUND
6414,5086,2024-02-16 17:03:47.000000,203.99,0.0,2,0,203.99,0.0,0.0,NO REFUND
33843,26995,2026-02-14 23:56:15.000000,79.0,0.0,1,0,79.0,0.0,0.0,NO REFUND
74746,59762,2019-10-24 14:23:04.000000,79.86,0.0,1,0,79.86,0.0,0.0,NO REFUND
99805,80056,2024-08-28 04:04:49.000000,79.95,0.0,1,0,79.95,0.0,0.0,NO REFUND
19786,15799,2024-05-18 10:42:37.000000,79.99,0.0,1,0,79.99,0.0,0.0,NO REFUND
105185,84310,2026-02-01 14:20:07.000000,80.99,0.0,1,0,80.99,0.0,0.0,NO REFUND
35871,28614,2024-04-28 07:54:51.000000,84.0,0.0,1,0,84.0,0.0,0.0,NO REFUND
34501,27550,2025-06-02 19:23:46.000000,84.12,0.0,1,0,84.12,0.0,0.0,NO REFUND
54229,43312,2023-03-26 05:40:20.000000,359.74,0.0,3,0,359.74,0.0,0.0,NO REFUND
44924,35829,2023-01-23 13:40:58.000000,88.0,0.0,1,0,88.0,0.0,0.0,NO REFUND
75558,60428,2025-09-12 14:03:21.000000,89.5,0.0,1,0,89.5,0.0,0.0,NO REFUND
136,108,2023-12-28 05:55:36.000000,89.5,0.0,1,0,89.5,0.0,0.0,NO REFUND
80950,64753,2023-04-04 11:02:52.000000,89.99,0.0,1,0,89.99,0.0,0.0,NO REFUND
96451,77334,2026-06-06 21:18:45.000000,90.0,0.0,1,0,90.0,0.0,0.0,NO REFUND
18355,14616,2026-05-04 21:48:08.000000,90.0,0.0,1,0,90.0,0.0,0.0,NO REFUND
105461,84533,2024-04-22 00:24:48.000000,94.0,0.0,1,0,94.0,0.0,0.0,NO REFUND
8554,6837,2023-10-16 05:07:19.000000,327.0,0.0,3,0,327.0,0.0,0.0,NO REFUND
25357,20255,2026-01-23 06:31:15.000000,98.0,0.0,1,0,98.0,0.0,0.0,NO REFUND
94420,75677,2025-09-11 04:50:29.000000,98.0,0.0,1,0,98.0,0.0,0.0,NO REFUND
67056,53635,2021-11-29 02:24:17.000000,99.99,0.0,1,0,99.99,0.0,0.0,NO REFUND
90019,72036,2020-11-08 15:43:58.000000,100.99,0.0,1,0,100.99,0.0,0.0,NO REFUND
95055,76185,2024-11-01 22:40:14.000000,101.0,0.0,1,0,101.0,0.0,0.0,NO REFUND
23403,18688,2023-07-24 13:17:21.000000,103.13,0.0,1,0,103.13,0.0,0.0,NO REFUND
66321,53022,2026-06-15 18:12:49.264384,105.26,0.0,1,0,105.26,0.0,0.0,NO REFUND
111812,89533,2023-01-02 14:04:28.000000,106.0,106.0,1,1,0.0,1.0,1.0,FULLY REFUNDED
93265,74731,2022-04-15 05:14:25.000000,110.0,0.0,1,0,110.0,0.0,0.0,NO REFUND
65651,52437,2022-07-19 18:53:13.000000,112.86,0.0,1,0,112.86,0.0,0.0,NO REFUND
21113,16889,2026-01-20 04:51:26.000000,408.88,0.0,2,0,408.88,0.0,0.0,NO REFUND
50798,40582,2025-12-24 06:10:04.000000,139.99,139.99,1,1,0.0,1.0,1.0,FULLY REFUNDED
96463,77345,2026-06-12 04:09:40.000000,147.5,0.0,1,0,147.5,0.0,0.0,NO REFUND
557,463,2024-12-22 22:12:24.000000,151.99,0.0,1,0,151.99,0.0,0.0,NO REFUND
121757,97478,2025-06-07 19:33:05.000000,159.95,0.0,1,0,159.95,0.0,0.0,NO REFUND
43850,34987,2024-08-20 09:59:04.000000,160.0,0.0,1,0,160.0,0.0,0.0,NO REFUND
114304,91541,2019-08-01 03:59:34.000000,171.0,0.0,1,0,171.0,0.0,0.0,NO REFUND
25479,20345,2023-01-07 23:01:41.000000,176.0,176.0,1,1,0.0,1.0,1.0,FULLY REFUNDED
67754,54215,2024-08-24 17:48:16.000000,187.6,0.0,1,0,187.6,0.0,0.0,NO REFUND
123254,98696,2024-09-26 11:26:17.000000,189.0,0.0,1,0,189.0,0.0,0.0,NO REFUND
30077,24028,2026-04-03 15:48:44.000000,193.95,0.0,1,0,193.95,0.0,0.0,NO REFUND
95766,76775,2025-04-15 10:24:28.000000,195.0,0.0,1,0,195.0,0.0,0.0,NO REFUND
91676,73397,2025-05-28 14:19:43.000000,229.0,0.0,1,0,229.0,0.0,0.0,NO REFUND
67822,54272,2024-11-02 05:30:08.000000,280.0,0.0,1,0,280.0,0.0,0.0,NO REFUND
101945,81727,2023-01-10 14:14:26.000000,299.0,0.0,1,0,299.0,0.0,0.0,NO REFUND
49104,39160,2021-10-21 01:41:26.000000,308.0,0.0,1,0,308.0,0.0,0.0,NO REFUND
62766,50156,2024-03-16 22:52:22.000000,339.0,0.0,1,0,339.0,0.0,0.0,NO REFUND
120350,96332,2025-09-08 19:41:52.000000,345.99,345.99,1,1,0.0,1.0,1.0,FULLY REFUNDED
60782,48532,2026-04-01 23:43:05.000000,345.99,0.0,1,0,345.99,0.0,0.0,NO REFUND
100230,80402,2025-01-06 05:47:26.000000,399.0,399.0,1,1,0.0,1.0,1.0,FULLY REFUNDED
49674,39655,2025-03-09 04:13:42.000000,795.0,0.0,1,0,795.0,0.0,0.0,NO REFUND
-15,49518,2026-06-16 10:17:00.000000,412.0,0.0,3,0,412.0,0.0,0.0,NO REFUND
-19,80693,2026-06-16 09:28:00.000000,122.0,0.0,2,0,122.0,0.0,0.0,NO REFUND
-38,66792,2026-06-16 17:58:00.000000,53.0,0.0,1,0,53.0,0.0,0.0,NO REFUND
-45,16798,2026-06-16 14:48:00.000000,219.0,0.0,3,0,219.0,0.0,0.0,NO REFUND
-52,16094,2026-06-16 09:16:00.000000,166.0,0.0,2,0,166.0,0.0,0.0,NO REFUND
-75,23309,2026-06-16 11:53:00.000000,259.0,0.0,3,0,259.0,0.0,0.0,NO REFUND
-79,49840,2026-06-16 13:36:00.000000,279.0,0.0,3,0,279.0,0.0,0.0,NO REFUND
-127,88005,2026-06-16 13:43:00.000000,194.0,0.0,3,0,194.0,0.0,0.0,NO REFUND
-208,31707,2026-06-16 17:36:00.000000,464.0,0.0,3,0,464.0,0.0,0.0,NO REFUND
-241,15612,2026-06-16 09:30:00.000000,296.0,0.0,2,0,296.0,0.0,0.0,NO REFUND
-265,16558,2026-06-16 10:03:00.000000,352.0,0.0,3,0,352.0,0.0,0.0,NO REFUND
-273,59223,2026-06-16 16:13:00.000000,216.0,0.0,2,0,216.0,0.0,0.0,NO REFUND
-279,4564,2026-06-16 15:36:00.000000,159.0,0.0,1,0,159.0,0.0,0.0,NO REFUND
-292,41853,2026-06-16 16:43:00.000000,182.0,0.0,1,0,182.0,0.0,0.0,NO REFUND
-293,59166,2026-06-16 14:19:00.000000,273.0,0.0,3,0,273.0,0.0,0.0,NO REFUND
41881,33401,2020-04-09 17:13:46.000000,45.62,0.0,2,0,45.62,0.0,0.0,NO REFUND
28572,22837,2026-06-12 19:05:53.797747,116.23,0.0,3,0,116.23,0.0,0.0,NO REFUND
56423,45085,2025-02-14 07:09:00.000000,96.95,0.0,2,0,96.95,0.0,0.0,NO REFUND
123379,98794,2026-01-15 05:52:13.000000,165.9,0.0,4,0,165.9,0.0,0.0,NO REFUND
325,264,2025-09-20 20:59:56.000000,4.04,0.0,1,0,4.04,0.0,0.0,NO REFUND
53513,42728,2024-04-09 23:05:28.000000,84.08,0.0,2,0,84.08,0.0,0.0,NO REFUND
61842,49382,2022-02-13 13:11:35.000000,182.89,0.0,4,0,182.89,0.0,0.0,NO REFUND
68537,54839,2024-01-17 18:29:28.000000,71.97,0.0,3,0,71.97,0.0,0.0,NO REFUND
15638,12487,2025-05-20 21:09:37.000000,155.97,0.0,2,0,155.97,0.0,0.0,NO REFUND
54234,43318,2025-01-25 01:48:55.000000,70.94,0.0,2,0,70.94,0.0,0.0,NO REFUND
18543,14771,2025-08-21 10:23:00.000000,36.98,36.98,2,2,0.0,1.0,1.0,FULLY REFUNDED
79527,63566,2025-01-05 16:38:15.000000,40.2,0.0,3,0,40.2,0.0,0.0,NO REFUND
78678,62887,2026-06-16 01:33:00.758020,69.77,0.0,3,0,69.77,0.0,0.0,NO REFUND
8005,6402,2022-06-11 13:00:36.000000,59.94,0.0,2,0,59.94,0.0,0.0,NO REFUND
19257,15373,2022-11-07 17:11:15.000000,135.98,0.0,2,0,135.98,0.0,0.0,NO REFUND
56937,45510,2026-03-06 10:49:22.000000,71.92,0.0,4,0,71.92,0.0,0.0,NO REFUND
63417,50687,2024-10-27 20:38:32.000000,171.29,0.0,4,0,171.29,0.0,0.0,NO REFUND
81084,64858,2024-08-02 19:17:27.000000,7.9,7.9,1,1,0.0,1.0,1.0,FULLY REFUNDED
1030,822,2026-03-22 06:20:46.000000,156.57,0.0,2,0,156.57,0.0,0.0,NO REFUND
34377,27438,2025-10-21 21:42:29.000000,91.99,0.0,2,0,91.99,0.0,0.0,NO REFUND
66192,52918,2025-10-10 22:56:57.000000,8.0,0.0,1,0,8.0,0.0,0.0,NO REFUND
53409,42642,2025-05-06 06:07:39.000000,158.98,0.0,2,0,158.98,0.0,0.0,NO REFUND
13871,11039,2022-09-18 21:34:52.000000,20.33,0.0,2,0,20.33,0.0,0.0,NO REFUND
72946,58351,2024-08-15 09:31:21.000000,146.36,0.0,3,0,146.36,0.0,0.0,NO REFUND
45203,36072,2024-05-28 02:46:31.000000,18.98,0.0,2,0,18.98,0.0,0.0,NO REFUND
97419,78093,2024-03-19 06:17:47.000000,70.98,0.0,3,0,70.98,0.0,0.0,NO REFUND
114401,91625,2026-04-06 00:23:01.000000,9.0,0.0,1,0,9.0,0.0,0.0,NO REFUND
100,81,2026-03-11 20:45:26.000000,283.79,0.0,4,0,283.79,0.0,0.0,NO REFUND
105332,84430,2026-05-21 05:36:39.000000,104.78,0.0,4,0,104.78,0.0,0.0,NO REFUND
101215,81144,2025-07-06 10:38:42.000000,9.03,0.0,1,0,9.03,0.0,0.0,NO REFUND
35586,28405,2026-05-17 19:10:11.000000,87.1,0.0,4,0,87.1,0.0,0.0,NO REFUND
44475,35476,2023-09-11 23:22:29.000000,50.35,0.0,2,0,50.35,0.0,0.0,NO REFUND
77464,61926,2026-05-31 02:28:54.000000,87.09,87.09,3,3,0.0,1.0,1.0,FULLY REFUNDED
66523,53200,2023-05-29 00:04:06.000000,9.9,0.0,1,0,9.9,0.0,0.0,NO REFUND
48477,38716,2022-12-03 05:03:08.000000,9.99,0.0,1,0,9.99,0.0,0.0,NO REFUND
83673,66956,2025-03-07 17:34:08.000000,127.99,0.0,2,0,127.99,0.0,0.0,NO REFUND
17606,14009,2020-09-20 10:22:25.000000,40.89,40.89,2,2,0.0,1.0,1.0,FULLY REFUNDED
47572,38008,2025-12-18 07:01:21.000000,59.98,59.98,2,2,0.0,1.0,1.0,FULLY REFUNDED
14509,11574,2025-07-15 16:45:23.000000,9.99,0.0,1,0,9.99,0.0,0.0,NO REFUND
104769,83981,2024-01-25 22:25:22.000000,75.56,0.0,4,0,75.56,0.0,0.0,NO REFUND
94642,75859,2024-03-10 12:57:53.000000,156.92,0.0,4,0,156.92,0.0,0.0,NO REFUND
34777,27781,2023-02-12 03:57:41.000000,40.98,0.0,2,0,40.98,0.0,0.0,NO REFUND
8239,6579,2025-11-27 00:02:24.000000,10.99,0.0,1,0,10.99,0.0,0.0,NO REFUND
8199,6549,2024-06-14 12:10:20.000000,11.99,0.0,1,0,11.99,0.0,0.0,NO REFUND
93229,74694,2023-04-03 18:59:23.000000,384.99,0.0,4,0,384.99,0.0,0.0,NO REFUND
67639,54114,2024-02-24 22:09:09.000000,355.98,355.98,4,4,0.0,1.0,1.0,FULLY REFUNDED
6204,4920,2019-10-31 10:40:03.000000,11.99,0.0,1,0,11.99,0.0,0.0,NO REFUND
6856,5466,2024-09-24 10:10:56.000000,140.44,0.0,4,0,140.44,0.0,0.0,NO REFUND
75429,60327,2026-05-10 14:17:49.000000,11.99,0.0,1,0,11.99,0.0,0.0,NO REFUND
88604,70890,2026-06-08 19:12:29.000000,11.99,0.0,1,0,11.99,0.0,0.0,NO REFUND
86581,69328,2021-10-22 14:51:20.000000,12.0,0.0,1,0,12.0,0.0,0.0,NO REFUND
62400,49840,2025-12-25 20:09:29.000000,12.0,12.0,1,1,0.0,1.0,1.0,FULLY REFUNDED
22330,17815,2024-12-17 17:56:06.000000,129.92,0.0,4,0,129.92,0.0,0.0,NO REFUND
68227,54598,2026-04-13 10:56:42.000000,61.48,0.0,2,0,61.48,0.0,0.0,NO REFUND
67308,53827,2025-10-09 20:38:52.000000,12.64,0.0,1,0,12.64,0.0,0.0,NO REFUND
9089,7253,2024-01-30 11:57:45.000000,12.99,0.0,1,0,12.99,0.0,0.0,NO REFUND
76892,61483,2024-01-21 12:33:42.000000,12.99,0.0,1,0,12.99,0.0,0.0,NO REFUND
56735,45340,2024-12-24 21:25:01.000000,99.98,0.0,3,0,99.98,0.0,0.0,NO REFUND
46266,36967,2024-12-13 10:52:32.000000,149.19,0.0,4,0,149.19,0.0,0.0,NO REFUND
87382,69932,2025-12-19 10:16:22.000000,13.0,13.0,1,1,0.0,1.0,1.0,FULLY REFUNDED
57598,46042,2025-05-29 13:48:21.000000,13.01,0.0,1,0,13.01,0.0,0.0,NO REFUND
19700,15729,2020-06-04 19:24:04.000000,13.31,0.0,1,0,13.31,0.0,0.0,NO REFUND
63901,51066,2021-11-08 02:38:48.000000,42.3,0.0,2,0,42.3,0.0,0.0,NO REFUND
41080,32769,2026-06-13 20:40:48.431640,43.95,0.0,2,0,43.95,0.0,0.0,NO REFUND
20038,16001,2025-11-23 10:39:53.000000,13.5,13.5,1,1,0.0,1.0,1.0,FULLY REFUNDED
30400,24273,2022-01-31 19:03:13.000000,72.5,0.0,2,0,72.5,0.0,0.0,NO REFUND
85110,68101,2026-06-06 10:07:28.000000,139.19,0.0,4,0,139.19,0.0,0.0,NO REFUND
95226,76326,2026-05-24 23:09:17.000000,30.74,0.0,2,0,30.74,0.0,0.0,NO REFUND
40678,32476,2023-05-10 10:55:24.000000,101.37,101.37,2,2,0.0,1.0,1.0,FULLY REFUNDED
101036,80999,2022-11-27 04:05:00.000000,104.99,0.0,3,0,104.99,0.0,0.0,NO REFUND
9773,7798,2025-10-19 21:34:58.000000,620.75,0.0,4,0,620.75,0.0,0.0,NO REFUND
22360,17842,2026-06-13 16:20:51.000000,186.0,0.0,2,0,186.0,0.0,0.0,NO REFUND
75304,60226,2024-04-10 23:50:19.000000,38.25,0.0,2,0,38.25,0.0,0.0,NO REFUND
77408,61874,2023-03-28 20:29:07.000000,146.4,0.0,2,0,146.4,0.0,0.0,NO REFUND
69641,55693,2020-10-01 03:18:25.000000,38.86,0.0,2,0,38.86,0.0,0.0,NO REFUND
87540,70061,2025-11-30 13:41:24.000000,14.99,0.0,1,0,14.99,0.0,0.0,NO REFUND
9272,7391,2026-02-04 04:40:02.000000,14.99,0.0,1,0,14.99,0.0,0.0,NO REFUND
67868,54313,2025-02-08 23:37:40.000000,201.94,0.0,4,0,201.94,0.0,0.0,NO REFUND
117016,93700,2021-01-29 22:50:08.000000,44.97,0.0,2,0,44.97,0.0,0.0,NO REFUND
10411,8287,2020-03-07 21:50:34.000000,15.0,0.0,1,0,15.0,0.0,0.0,NO REFUND
65678,52457,2022-12-11 20:21:19.000000,406.47,0.0,4,0,406.47,0.0,0.0,NO REFUND
12213,9730,2020-09-18 16:32:03.000000,43.0,0.0,2,0,43.0,0.0,0.0,NO REFUND
118000,94470,2023-10-09 09:51:12.000000,15.0,15.0,1,1,0.0,1.0,1.0,FULLY REFUNDED
52211,41676,2022-11-04 02:54:56.000000,525.76,0.0,4,0,525.76,0.0,0.0,NO REFUND
3856,3055,2024-05-07 05:21:53.000000,50.27,0.0,2,0,50.27,0.0,0.0,NO REFUND
124477,99664,2023-05-29 13:22:56.000000,15.52,0.0,1,0,15.52,0.0,0.0,NO REFUND
90565,72473,2024-07-31 02:11:34.000000,15.9,0.0,1,0,15.9,0.0,0.0,NO REFUND
98991,79372,2023-01-10 21:28:51.000000,194.87,0.0,4,0,194.87,0.0,0.0,NO REFUND
57802,46198,2025-06-03 07:45:49.000000,70.99,70.99,2,2,0.0,1.0,1.0,FULLY REFUNDED
29436,23522,2022-02-02 19:13:43.000000,130.99,0.0,4,0,130.99,0.0,0.0,NO REFUND
83259,66623,2026-06-03 16:06:02.000000,43.0,0.0,2,0,43.0,0.0,0.0,NO REFUND
124025,99318,2024-10-06 19:05:25.000000,16.0,0.0,1,0,16.0,0.0,0.0,NO REFUND
89251,71416,2024-11-10 16:35:40.000000,139.74,0.0,4,0,139.74,0.0,0.0,NO REFUND
39994,31938,2026-05-14 10:21:15.000000,136.44,136.44,2,2,0.0,1.0,1.0,FULLY REFUNDED
79182,63287,2025-10-29 19:27:23.000000,152.74,0.0,4,0,152.74,0.0,0.0,NO REFUND
116429,93213,2026-04-26 00:46:34.000000,131.94,0.0,3,0,131.94,0.0,0.0,NO REFUND
73471,58764,2023-12-26 03:51:25.000000,16.99,0.0,1,0,16.99,0.0,0.0,NO REFUND
24121,19276,2022-06-25 21:44:25.000000,16.99,16.99,1,1,0.0,1.0,1.0,FULLY REFUNDED
2459,1976,2026-05-07 02:55:09.000000,38.99,0.0,2,0,38.99,0.0,0.0,NO REFUND
96788,77596,2024-08-07 18:36:19.000000,52.9,0.0,2,0,52.9,0.0,0.0,NO REFUND
107582,86214,2026-06-06 15:46:42.000000,54.89,0.0,2,0,54.89,0.0,0.0,NO REFUND
123857,99180,2024-03-13 22:10:14.000000,81.6,0.0,2,0,81.6,0.0,0.0,NO REFUND
7042,5616,2022-10-30 12:43:33.000000,73.0,0.0,2,0,73.0,0.0,0.0,NO REFUND
68274,54642,2026-05-26 03:10:16.000000,157.99,0.0,4,0,157.99,0.0,0.0,NO REFUND
62214,49699,2025-08-09 16:09:57.000000,18.0,0.0,1,0,18.0,0.0,0.0,NO REFUND
76401,61092,2019-09-21 16:28:23.000000,52.99,0.0,2,0,52.99,0.0,0.0,NO REFUND
120645,96569,2026-06-03 11:28:49.000000,127.7,0.0,4,0,127.7,0.0,0.0,NO REFUND
84620,67705,2023-01-12 11:11:21.000000,158.55,0.0,4,0,158.55,0.0,0.0,NO REFUND
88899,71139,2023-12-21 07:11:46.000000,210.88,0.0,4,0,210.88,0.0,0.0,NO REFUND
40876,32616,2022-08-27 04:15:11.000000,18.95,0.0,1,0,18.95,0.0,0.0,NO REFUND
43517,34730,2025-05-08 23:17:27.000000,108.99,0.0,2,0,108.99,0.0,0.0,NO REFUND
99155,79517,2026-05-08 12:28:33.000000,18.99,0.0,1,0,18.99,0.0,0.0,NO REFUND
28249,22584,2024-03-19 15:07:20.000000,260.96,260.96,3,3,0.0,1.0,1.0,FULLY REFUNDED
67744,54210,2026-01-11 20:57:38.000000,453.78,0.0,4,0,453.78,0.0,0.0,NO REFUND
55020,43950,2022-10-21 10:34:15.000000,19.95,0.0,1,0,19.95,0.0,0.0,NO REFUND
74729,59752,2025-12-20 14:59:04.000000,88.97,0.0,2,0,88.97,0.0,0.0,NO REFUND
36080,28787,2025-08-07 03:58:43.000000,283.99,0.0,2,0,283.99,0.0,0.0,NO REFUND
84431,67554,2025-10-16 00:37:20.000000,19.99,0.0,1,0,19.99,0.0,0.0,NO REFUND
86984,69628,2026-05-19 01:20:28.000000,113.88,0.0,4,0,113.88,0.0,0.0,NO REFUND
15117,12061,2023-07-07 21:59:41.000000,56.94,0.0,2,0,56.94,0.0,0.0,NO REFUND
47195,37711,2026-03-22 21:17:10.000000,19.99,0.0,1,0,19.99,0.0,0.0,NO REFUND
50618,40454,2026-06-17 16:34:02.480433,104.99,0.0,2,0,104.99,0.0,0.0,NO REFUND
73658,58914,2026-02-26 18:22:48.000000,112.99,0.0,3,0,112.99,0.0,0.0,NO REFUND
65264,52124,2023-07-10 04:18:46.000000,119.46,119.46,4,4,0.0,1.0,1.0,FULLY REFUNDED
81220,64974,2025-12-04 19:49:33.000000,236.17,0.0,4,0,236.17,0.0,0.0,NO REFUND
114786,91925,2024-04-30 10:06:09.000000,167.97,0.0,4,0,167.97,0.0,0.0,NO REFUND
97712,78331,2023-02-28 07:09:48.000000,56.0,0.0,2,0,56.0,0.0,0.0,NO REFUND
106001,84947,2026-05-04 03:06:20.000000,85.52,0.0,3,0,85.52,0.0,0.0,NO REFUND
86050,68897,2025-08-23 21:27:14.000000,113.07,0.0,2,0,113.07,0.0,0.0,NO REFUND
82227,65805,2023-01-21 23:09:28.000000,146.34,0.0,2,0,146.34,0.0,0.0,NO REFUND
102982,82572,2025-12-26 23:54:52.000000,237.06,0.0,4,0,237.06,0.0,0.0,NO REFUND
33867,27018,2021-10-02 05:12:14.000000,21.87,0.0,1,0,21.87,0.0,0.0,NO REFUND
36330,28982,2023-01-13 01:17:11.000000,21.95,0.0,1,0,21.95,0.0,0.0,NO REFUND
85325,68275,2025-12-14 12:15:05.000000,94.98,0.0,3,0,94.98,0.0,0.0,NO REFUND
60279,48141,2024-09-27 00:08:44.000000,21.99,0.0,1,0,21.99,0.0,0.0,NO REFUND
122754,98294,2025-12-01 02:14:06.000000,187.66,0.0,4,0,187.66,0.0,0.0,NO REFUND
25883,20676,2026-06-16 06:46:54.000000,22.45,0.0,1,0,22.45,0.0,0.0,NO REFUND
70762,56581,2023-08-06 04:39:22.000000,22.5,0.0,1,0,22.5,0.0,0.0,NO REFUND
92957,74466,2021-06-14 23:53:19.000000,326.23,0.0,4,0,326.23,0.0,0.0,NO REFUND
57120,45668,2023-12-25 14:40:20.000000,57.95,0.0,2,0,57.95,0.0,0.0,NO REFUND
118977,95231,2021-10-15 10:48:16.000000,67.55,0.0,2,0,67.55,0.0,0.0,NO REFUND
89504,71624,2024-10-25 03:04:02.000000,57.94,0.0,2,0,57.94,0.0,0.0,NO REFUND
59657,47655,2025-06-19 03:45:44.000000,24.0,0.0,1,0,24.0,0.0,0.0,NO REFUND
89357,71517,2026-04-05 04:37:47.000000,24.0,0.0,1,0,24.0,0.0,0.0,NO REFUND
54453,43486,2024-11-01 19:50:03.000000,172.23,0.0,4,0,172.23,0.0,0.0,NO REFUND
47990,38340,2023-10-09 05:58:14.000000,68.12,0.0,2,0,68.12,0.0,0.0,NO REFUND
94675,75890,2026-05-17 09:20:47.000000,24.99,0.0,1,0,24.99,0.0,0.0,NO REFUND
104657,83875,2025-12-21 20:20:52.000000,24.99,0.0,1,0,24.99,0.0,0.0,NO REFUND
82723,66191,2025-06-05 09:42:38.000000,24.99,24.99,1,1,0.0,1.0,1.0,FULLY REFUNDED
82844,66282,2022-08-11 09:52:11.000000,202.98,202.98,4,4,0.0,1.0,1.0,FULLY REFUNDED
100383,80504,2025-12-12 14:55:07.000000,287.98,0.0,4,0,287.98,0.0,0.0,NO REFUND
11942,9498,2024-06-26 19:58:43.000000,177.09,0.0,4,0,177.09,0.0,0.0,NO REFUND
46488,37140,2025-07-07 12:03:29.000000,138.84,0.0,3,0,138.84,0.0,0.0,NO REFUND
54431,43470,2026-01-09 08:01:20.000000,148.98,0.0,3,0,148.98,0.0,0.0,NO REFUND
104988,84141,2024-11-17 23:40:41.000000,363.24,0.0,4,0,363.24,0.0,0.0,NO REFUND
106588,85428,2023-01-01 00:49:54.000000,79.0,0.0,2,0,79.0,0.0,0.0,NO REFUND
70656,56497,2024-03-10 03:40:30.000000,173.0,0.0,2,0,173.0,0.0,0.0,NO REFUND
92786,74332,2022-06-28 15:22:03.000000,25.0,0.0,1,0,25.0,0.0,0.0,NO REFUND
94526,75762,2024-10-11 18:50:39.000000,25.0,0.0,1,0,25.0,0.0,0.0,NO REFUND
17357,13807,2025-06-19 06:03:13.000000,112.0,0.0,3,0,112.0,0.0,0.0,NO REFUND
20368,16288,2021-05-21 11:52:28.000000,79.98,0.0,2,0,79.98,0.0,0.0,NO REFUND
60420,48257,2024-02-27 21:58:09.000000,25.0,0.0,1,0,25.0,0.0,0.0,NO REFUND
80759,64602,2023-04-13 06:15:35.000000,110.0,0.0,2,0,110.0,0.0,0.0,NO REFUND
119491,95624,2025-11-04 15:37:29.000000,70.95,0.0,2,0,70.95,0.0,0.0,NO REFUND
2303,1831,2023-10-25 14:28:24.000000,55.0,55.0,2,2,0.0,1.0,1.0,FULLY REFUNDED
62666,50070,2026-06-16 03:55:59.000000,333.65,333.65,4,4,0.0,1.0,1.0,FULLY REFUNDED
108367,86803,2026-06-15 14:04:51.000000,82.95,82.95,2,2,0.0,1.0,1.0,FULLY REFUNDED
24344,19453,2024-03-23 21:02:37.000000,25.0,0.0,1,0,25.0,0.0,0.0,NO REFUND
30784,24575,2022-08-20 13:06:34.000000,194.98,0.0,2,0,194.98,0.0,0.0,NO REFUND
48273,38567,2023-05-17 23:09:59.000000,25.0,0.0,1,0,25.0,0.0,0.0,NO REFUND
48722,38894,2026-06-15 11:19:00.000000,115.64,0.0,3,0,115.64,0.0,0.0,NO REFUND
50865,40624,2022-03-24 08:44:18.000000,25.0,0.0,1,0,25.0,0.0,0.0,NO REFUND
117325,93960,2022-07-05 13:50:02.000000,283.95,0.0,3,0,283.95,0.0,0.0,NO REFUND
92510,74079,2024-09-14 02:42:53.000000,25.2,0.0,1,0,25.2,0.0,0.0,NO REFUND
72061,57627,2026-03-11 17:10:57.000000,99.03,0.0,3,0,99.03,0.0,0.0,NO REFUND
79168,63276,2026-06-12 22:26:44.000000,75.0,0.0,2,0,75.0,0.0,0.0,NO REFUND
16577,13197,2019-09-06 00:46:56.000000,26.0,0.0,1,0,26.0,0.0,0.0,NO REFUND
57752,46158,2024-12-28 10:53:28.000000,26.0,0.0,1,0,26.0,0.0,0.0,NO REFUND
95892,76876,2025-12-10 02:07:46.000000,124.85,0.0,2,0,124.85,0.0,0.0,NO REFUND
69857,55868,2024-12-07 17:52:25.000000,26.47,26.47,1,1,0.0,1.0,1.0,FULLY REFUNDED
56202,44907,2024-11-29 01:15:09.000000,96.59,0.0,2,0,96.59,0.0,0.0,NO REFUND
86919,69584,2024-05-24 11:06:26.000000,324.95,0.0,4,0,324.95,0.0,0.0,NO REFUND
41093,32781,2021-06-29 08:02:03.000000,26.95,0.0,1,0,26.95,0.0,0.0,NO REFUND
121790,97510,2024-03-28 07:52:03.000000,58.33,58.33,2,2,0.0,1.0,1.0,FULLY REFUNDED
14735,11760,2022-10-26 13:41:49.000000,27.8,0.0,1,0,27.8,0.0,0.0,NO REFUND
112438,90024,2026-01-03 17:28:03.000000,27.8,0.0,1,0,27.8,0.0,0.0,NO REFUND
12358,9843,2025-03-17 15:03:13.000000,67.99,0.0,2,0,67.99,0.0,0.0,NO REFUND
37315,29800,2026-06-13 23:49:47.000000,28.82,0.0,1,0,28.82,0.0,0.0,NO REFUND
61253,48931,2022-06-14 09:48:13.000000,78.94,0.0,2,0,78.94,0.0,0.0,NO REFUND
2012,1616,2024-07-26 16:31:59.000000,93.95,0.0,2,0,93.95,0.0,0.0,NO REFUND
95572,76614,2025-04-05 09:36:40.000000,29.18,0.0,1,0,29.18,0.0,0.0,NO REFUND
71039,56815,2026-05-13 18:28:31.000000,67.6,0.0,2,0,67.6,0.0,0.0,NO REFUND
34707,27720,2025-02-02 01:25:38.000000,74.92,0.0,2,0,74.92,0.0,0.0,NO REFUND
50850,40619,2025-11-24 06:55:31.000000,75.5,75.5,2,2,0.0,1.0,1.0,FULLY REFUNDED
95275,76358,2025-10-09 15:56:20.000000,29.9,0.0,1,0,29.9,0.0,0.0,NO REFUND
22662,18093,2025-04-24 05:36:04.000000,254.98,0.0,3,0,254.98,0.0,0.0,NO REFUND
11530,9161,2026-06-14 08:03:31.912824,29.99,0.0,1,0,29.99,0.0,0.0,NO REFUND
103812,83227,2019-12-01 07:19:38.000000,99.49,0.0,2,0,99.49,0.0,0.0,NO REFUND
114867,91986,2023-03-25 14:36:52.000000,87.98,0.0,2,0,87.98,0.0,0.0,NO REFUND
4850,3829,2026-06-14 20:52:27.000000,99.98,0.0,2,0,99.98,0.0,0.0,NO REFUND
75184,60124,2026-05-05 02:15:06.000000,29.99,0.0,1,0,29.99,0.0,0.0,NO REFUND
18478,14716,2022-10-28 02:37:32.000000,158.17,158.17,3,3,0.0,1.0,1.0,FULLY REFUNDED
95756,76767,2019-10-24 14:52:17.000000,29.99,29.99,1,1,0.0,1.0,1.0,FULLY REFUNDED
98685,79115,2024-07-17 20:07:01.000000,448.98,0.0,3,0,448.98,0.0,0.0,NO REFUND
111237,89089,2024-08-05 13:12:02.000000,156.63,0.0,2,0,156.63,0.0,0.0,NO REFUND
12286,9794,2021-10-22 19:24:57.000000,309.99,0.0,2,0,309.99,0.0,0.0,NO REFUND
19968,15944,2025-07-31 07:59:31.000000,274.0,0.0,3,0,274.0,0.0,0.0,NO REFUND
54486,43510,2025-04-24 11:56:33.000000,30.4,0.0,1,0,30.4,0.0,0.0,NO REFUND
62980,50328,2026-05-28 01:41:58.000000,30.9,0.0,1,0,30.9,0.0,0.0,NO REFUND
40019,31957,2024-12-31 08:28:31.000000,725.9,0.0,2,0,725.9,0.0,0.0,NO REFUND
120945,96821,2026-02-04 00:20:41.000000,73.68,0.0,2,0,73.68,0.0,0.0,NO REFUND
25903,20696,2026-06-08 19:13:43.000000,407.95,0.0,4,0,407.95,0.0,0.0,NO REFUND
22466,17932,2026-06-15 23:35:04.657868,107.55,0.0,2,0,107.55,0.0,0.0,NO REFUND
87789,70262,2026-04-25 14:00:32.000000,120.98,0.0,3,0,120.98,0.0,0.0,NO REFUND
8348,6671,2025-08-15 23:52:33.000000,31.99,0.0,1,0,31.99,0.0,0.0,NO REFUND
121153,96982,2026-04-14 16:09:37.000000,91.99,0.0,2,0,91.99,0.0,0.0,NO REFUND
90537,72450,2021-01-14 19:26:27.000000,32.0,32.0,1,1,0.0,1.0,1.0,FULLY REFUNDED
16486,13133,2021-12-30 14:25:01.000000,32.0,0.0,1,0,32.0,0.0,0.0,NO REFUND
42253,33708,2022-07-31 11:52:09.000000,32.0,0.0,1,0,32.0,0.0,0.0,NO REFUND
44724,35662,2026-06-01 12:29:18.000000,76.99,0.0,2,0,76.99,0.0,0.0,NO REFUND
112201,89847,2023-09-25 20:54:07.000000,150.95,0.0,3,0,150.95,0.0,0.0,NO REFUND
108993,87316,2026-01-03 15:23:50.000000,32.5,0.0,1,0,32.5,0.0,0.0,NO REFUND
12653,10066,2026-05-23 22:15:47.000000,102.9,0.0,2,0,102.9,0.0,0.0,NO REFUND
82614,66097,2026-05-10 15:13:29.000000,96.99,0.0,2,0,96.99,0.0,0.0,NO REFUND
46056,36790,2025-02-20 05:31:14.000000,104.06,0.0,3,0,104.06,0.0,0.0,NO REFUND
74760,59776,2026-04-15 11:26:20.000000,33.0,0.0,1,0,33.0,0.0,0.0,NO REFUND
81719,65402,2019-10-19 04:39:07.000000,33.68,0.0,1,0,33.68,0.0,0.0,NO REFUND
95245,76337,2025-11-20 09:07:40.000000,33.97,0.0,1,0,33.97,0.0,0.0,NO REFUND
79929,63887,2025-11-12 05:30:30.000000,33.97,0.0,1,0,33.97,0.0,0.0,NO REFUND
100160,80347,2023-02-22 02:18:44.000000,34.0,0.0,1,0,34.0,0.0,0.0,NO REFUND
33613,26824,2024-07-27 19:25:46.000000,100.17,0.0,2,0,100.17,0.0,0.0,NO REFUND
48978,39082,2024-06-25 06:03:25.000000,628.99,0.0,4,0,628.99,0.0,0.0,NO REFUND
24789,19797,2024-12-22 01:07:30.000000,34.0,0.0,1,0,34.0,0.0,0.0,NO REFUND
98207,78736,2022-01-07 23:26:24.000000,902.7,0.0,4,0,902.7,0.0,0.0,NO REFUND
6580,5224,2026-01-04 07:02:39.000000,69.83,0.0,2,0,69.83,0.0,0.0,NO REFUND
73116,58478,2024-04-07 23:10:44.000000,263.95,0.0,2,0,263.95,0.0,0.0,NO REFUND
3275,2610,2026-06-12 11:25:20.000000,195.33,0.0,2,0,195.33,0.0,0.0,NO REFUND
10770,8588,2026-06-05 22:31:23.000000,154.41,0.0,3,0,154.41,0.0,0.0,NO REFUND
124440,99636,2023-01-04 06:25:02.000000,228.94,0.0,2,0,228.94,0.0,0.0,NO REFUND
80999,64787,2022-12-20 03:57:22.000000,364.99,0.0,3,0,364.99,0.0,0.0,NO REFUND
71114,56874,2025-01-30 00:25:44.000000,35.0,0.0,1,0,35.0,0.0,0.0,NO REFUND
39219,31327,2022-07-10 18:08:54.000000,35.67,0.0,1,0,35.67,0.0,0.0,NO REFUND
62073,49595,2025-04-27 19:34:44.000000,35.73,0.0,1,0,35.73,0.0,0.0,NO REFUND
100822,80841,2021-08-30 14:46:20.000000,35.73,0.0,1,0,35.73,0.0,0.0,NO REFUND
20417,16325,2025-04-27 03:42:15.000000,220.9,0.0,2,0,220.9,0.0,0.0,NO REFUND
53972,43118,2026-03-11 10:21:46.000000,939.0,0.0,2,0,939.0,0.0,0.0,NO REFUND
65269,52130,2024-01-08 08:46:51.000000,194.33,0.0,2,0,194.33,0.0,0.0,NO REFUND
57974,46330,2024-12-26 19:07:37.000000,196.0,196.0,2,2,0.0,1.0,1.0,FULLY REFUNDED
61765,49334,2025-12-06 07:45:10.000000,36.98,0.0,1,0,36.98,0.0,0.0,NO REFUND
26525,21194,2024-05-17 23:57:09.000000,314.99,0.0,3,0,314.99,0.0,0.0,NO REFUND
96218,77132,2026-03-15 00:56:47.000000,91.96,0.0,2,0,91.96,0.0,0.0,NO REFUND
93037,74531,2022-03-03 03:14:35.000000,37.99,0.0,1,0,37.99,0.0,0.0,NO REFUND
115280,92294,2023-02-13 03:03:17.000000,97.98,97.98,2,2,0.0,1.0,1.0,FULLY REFUNDED
22068,17601,2026-06-12 18:01:00.000000,38.0,0.0,1,0,38.0,0.0,0.0,NO REFUND
64790,51759,2026-02-22 17:50:44.000000,38.0,0.0,1,0,38.0,0.0,0.0,NO REFUND
70584,56445,2024-01-10 01:54:27.000000,81.15,0.0,2,0,81.15,0.0,0.0,NO REFUND
52180,41649,2025-05-13 09:30:09.000000,38.0,0.0,1,0,38.0,0.0,0.0,NO REFUND
93709,75088,2025-03-11 21:20:18.000000,251.0,0.0,3,0,251.0,0.0,0.0,NO REFUND
115961,92846,2021-04-20 17:41:09.000000,38.0,0.0,1,0,38.0,0.0,0.0,NO REFUND
6196,4915,2023-11-07 00:19:34.000000,38.0,0.0,1,0,38.0,0.0,0.0,NO REFUND
68239,54608,2020-03-21 00:35:22.000000,77.98,0.0,2,0,77.98,0.0,0.0,NO REFUND
26084,20844,2022-07-02 12:36:25.000000,38.19,0.0,1,0,38.19,0.0,0.0,NO REFUND
100233,80405,2022-12-05 06:08:56.000000,165.0,0.0,3,0,165.0,0.0,0.0,NO REFUND
121997,97678,2026-01-16 09:34:41.000000,39.45,0.0,1,0,39.45,0.0,0.0,NO REFUND
97448,78114,2026-01-14 21:18:16.000000,39.5,0.0,1,0,39.5,0.0,0.0,NO REFUND
56690,45300,2025-12-28 06:11:47.000000,89.45,0.0,2,0,89.45,0.0,0.0,NO REFUND
62436,49869,2026-04-21 05:54:28.000000,39.6,0.0,1,0,39.6,0.0,0.0,NO REFUND
50583,40423,2026-01-08 15:52:57.000000,130.58,0.0,2,0,130.58,0.0,0.0,NO REFUND
85434,68373,2025-10-19 13:20:00.000000,39.9,0.0,1,0,39.9,0.0,0.0,NO REFUND
52208,41673,2026-06-15 17:46:31.000000,87.98,0.0,2,0,87.98,0.0,0.0,NO REFUND
65545,52347,2025-10-16 12:24:59.000000,379.12,0.0,4,0,379.12,0.0,0.0,NO REFUND
70782,56599,2025-06-10 05:45:42.000000,129.49,0.0,2,0,129.49,0.0,0.0,NO REFUND
118097,94556,2021-11-23 13:36:32.000000,39.99,0.0,1,0,39.99,0.0,0.0,NO REFUND
43402,34637,2026-03-19 16:04:09.000000,90.28,90.28,2,2,0.0,1.0,1.0,FULLY REFUNDED
103502,82988,2025-07-06 06:23:38.000000,251.99,0.0,3,0,251.99,0.0,0.0,NO REFUND
47215,37728,2025-11-16 21:34:43.000000,221.99,0.0,3,0,221.99,0.0,0.0,NO REFUND
45387,36231,2024-04-13 13:09:33.000000,42.0,42.0,1,1,0.0,1.0,1.0,FULLY REFUNDED
92291,73887,2026-03-29 04:20:24.000000,42.0,42.0,1,1,0.0,1.0,1.0,FULLY REFUNDED
60493,48310,2025-11-19 01:53:20.000000,279.69,0.0,4,0,279.69,0.0,0.0,NO REFUND
101482,81367,2025-03-22 12:10:02.000000,91.6,0.0,2,0,91.6,0.0,0.0,NO REFUND
2064,1651,2024-02-15 04:09:33.000000,42.5,0.0,1,0,42.5,0.0,0.0,NO REFUND
105737,84753,2020-11-02 20:30:27.000000,42.99,0.0,1,0,42.99,0.0,0.0,NO REFUND
25743,20557,2023-04-02 19:08:43.000000,589.99,0.0,3,0,589.99,0.0,0.0,NO REFUND
28817,23031,2024-07-22 03:13:43.000000,88.99,0.0,2,0,88.99,0.0,0.0,NO REFUND
101891,81686,2024-10-24 03:28:32.000000,44.0,0.0,1,0,44.0,0.0,0.0,NO REFUND
18444,14682,2025-04-20 23:22:25.000000,44.42,0.0,1,0,44.42,0.0,0.0,NO REFUND
67378,53888,2025-10-24 15:53:11.000000,44.5,0.0,1,0,44.5,0.0,0.0,NO REFUND
49737,39712,2024-09-16 12:45:29.000000,220.98,220.98,3,3,0.0,1.0,1.0,FULLY REFUNDED
79441,63498,2025-06-29 01:32:14.000000,44.99,0.0,1,0,44.99,0.0,0.0,NO REFUND
32146,25661,2023-03-01 08:23:37.000000,91.0,91.0,2,2,0.0,1.0,1.0,FULLY REFUNDED
10652,8477,2026-05-31 13:25:29.000000,46.0,0.0,1,0,46.0,0.0,0.0,NO REFUND
17992,14332,2022-10-29 06:33:58.000000,290.61,0.0,4,0,290.61,0.0,0.0,NO REFUND
726,586,2023-05-20 19:48:57.000000,47.0,0.0,1,0,47.0,0.0,0.0,NO REFUND
106139,85061,2023-06-21 03:08:05.000000,112.98,0.0,2,0,112.98,0.0,0.0,NO REFUND
101065,81022,2025-03-06 17:33:29.000000,133.0,0.0,2,0,133.0,0.0,0.0,NO REFUND
63939,51088,2025-10-18 13:32:10.000000,127.99,0.0,2,0,127.99,0.0,0.0,NO REFUND
110227,88294,2026-06-13 15:26:59.000000,48.0,0.0,1,0,48.0,0.0,0.0,NO REFUND
373,301,2024-12-21 13:37:21.000000,48.95,0.0,1,0,48.95,0.0,0.0,NO REFUND
16960,13504,2026-02-19 21:37:56.000000,473.96,0.0,2,0,473.96,0.0,0.0,NO REFUND
51712,41301,2025-04-29 09:37:01.000000,114.44,0.0,2,0,114.44,0.0,0.0,NO REFUND
112908,90392,2025-04-10 19:28:05.000000,48.98,0.0,1,0,48.98,0.0,0.0,NO REFUND
40769,32541,2024-04-11 00:12:57.000000,49.0,0.0,1,0,49.0,0.0,0.0,NO REFUND
43519,34732,2026-04-27 03:31:38.000000,170.0,0.0,2,0,170.0,0.0,0.0,NO REFUND
33367,26610,2025-09-12 15:58:58.000000,104.5,0.0,2,0,104.5,0.0,0.0,NO REFUND
113378,90764,2026-04-18 10:27:49.000000,109.49,0.0,2,0,109.49,0.0,0.0,NO REFUND
2617,2087,2024-11-04 07:07:22.000000,49.5,49.5,1,1,0.0,1.0,1.0,FULLY REFUNDED
113713,91038,2026-06-15 15:21:54.396630,49.5,0.0,1,0,49.5,0.0,0.0,NO REFUND
107868,86426,2024-06-11 02:19:35.000000,227.44,0.0,3,0,227.44,0.0,0.0,NO REFUND
113836,91134,2023-03-16 04:34:48.000000,49.95,0.0,1,0,49.95,0.0,0.0,NO REFUND
66944,53536,2023-05-24 19:31:30.000000,49.99,0.0,1,0,49.99,0.0,0.0,NO REFUND
77600,62047,2025-01-08 17:30:07.000000,49.99,0.0,1,0,49.99,0.0,0.0,NO REFUND
66091,52824,2021-10-24 22:45:41.000000,49.99,0.0,1,0,49.99,0.0,0.0,NO REFUND
59254,47353,2025-07-29 13:52:56.000000,49.99,0.0,1,0,49.99,0.0,0.0,NO REFUND
74250,59381,2022-06-03 14:19:29.000000,49.99,49.99,1,1,0.0,1.0,1.0,FULLY REFUNDED
62493,49926,2021-05-07 14:22:13.000000,49.99,0.0,1,0,49.99,0.0,0.0,NO REFUND
120488,96445,2019-12-24 03:26:02.000000,49.99,0.0,1,0,49.99,0.0,0.0,NO REFUND
45582,36390,2025-04-09 08:08:40.000000,175.0,0.0,2,0,175.0,0.0,0.0,NO REFUND
118682,95006,2025-05-31 12:16:14.000000,175.0,0.0,2,0,175.0,0.0,0.0,NO REFUND
98668,79105,2023-05-25 13:59:19.000000,52.0,52.0,1,1,0.0,1.0,1.0,FULLY REFUNDED
27303,21829,2023-09-20 12:05:53.000000,116.5,0.0,2,0,116.5,0.0,0.0,NO REFUND
12702,10096,2023-12-24 21:46:18.000000,53.0,0.0,1,0,53.0,0.0,0.0,NO REFUND
14055,11187,2026-03-23 07:07:54.000000,53.0,0.0,1,0,53.0,0.0,0.0,NO REFUND
20953,16745,2022-07-21 18:24:37.000000,53.0,0.0,1,0,53.0,0.0,0.0,NO REFUND
55825,44612,2023-01-07 19:05:04.000000,183.0,0.0,2,0,183.0,0.0,0.0,NO REFUND
109124,87424,2026-06-16 01:36:08.163126,55.0,0.0,1,0,55.0,0.0,0.0,NO REFUND
97643,78275,2026-03-17 02:08:04.000000,206.06,206.06,3,3,0.0,1.0,1.0,FULLY REFUNDED
49572,39563,2024-10-27 12:36:29.000000,55.0,0.0,1,0,55.0,0.0,0.0,NO REFUND
108711,87075,2024-08-27 20:46:41.000000,55.0,0.0,1,0,55.0,0.0,0.0,NO REFUND
54386,43433,2023-11-03 04:59:29.000000,581.79,0.0,4,0,581.79,0.0,0.0,NO REFUND
24494,19556,2026-05-09 21:19:04.000000,57.99,0.0,1,0,57.99,0.0,0.0,NO REFUND
96771,77583,2025-10-26 11:25:18.000000,57.99,57.99,1,1,0.0,1.0,1.0,FULLY REFUNDED
8479,6779,2026-01-14 03:27:42.000000,58.0,0.0,1,0,58.0,0.0,0.0,NO REFUND
46262,36966,2026-04-04 08:54:08.000000,58.0,0.0,1,0,58.0,0.0,0.0,NO REFUND
8788,7027,2026-02-25 03:08:31.000000,159.49,0.0,2,0,159.49,0.0,0.0,NO REFUND
82756,66218,2022-05-12 06:30:55.000000,59.5,0.0,1,0,59.5,0.0,0.0,NO REFUND
101182,81116,2022-04-13 07:31:11.000000,59.99,0.0,1,0,59.99,0.0,0.0,NO REFUND
36919,29463,2023-01-11 01:57:37.000000,60.0,0.0,1,0,60.0,0.0,0.0,NO REFUND
46956,37517,2025-04-20 15:55:28.000000,61.0,0.0,1,0,61.0,0.0,0.0,NO REFUND
46616,37243,2020-10-19 14:54:23.000000,63.95,0.0,1,0,63.95,0.0,0.0,NO REFUND
112125,89793,2026-02-28 04:17:41.000000,63.95,63.95,1,1,0.0,1.0,1.0,FULLY REFUNDED
60326,48183,2026-02-16 08:45:27.000000,64.5,0.0,1,0,64.5,0.0,0.0,NO REFUND
66813,53427,2025-07-25 20:20:39.000000,64.95,0.0,1,0,64.95,0.0,0.0,NO REFUND
119253,95448,2024-02-28 00:56:35.000000,344.95,0.0,3,0,344.95,0.0,0.0,NO REFUND
116230,93058,2022-06-30 19:26:47.000000,65.0,0.0,1,0,65.0,0.0,0.0,NO REFUND
62773,50162,2026-04-28 15:51:16.000000,65.17,0.0,1,0,65.17,0.0,0.0,NO REFUND
48437,38688,2021-06-05 10:58:45.000000,66.96,66.96,1,1,0.0,1.0,1.0,FULLY REFUNDED
57886,46261,2024-05-25 15:25:34.000000,68.0,0.0,1,0,68.0,0.0,0.0,NO REFUND
110523,88515,2025-05-11 16:35:55.000000,203.69,0.0,2,0,203.69,0.0,0.0,NO REFUND
44759,35697,2023-04-11 02:45:51.000000,69.0,0.0,1,0,69.0,0.0,0.0,NO REFUND
91159,72974,2022-01-12 12:00:53.000000,69.99,0.0,1,0,69.99,0.0,0.0,NO REFUND
76629,61266,2025-06-01 05:14:24.000000,489.48,0.0,4,0,489.48,0.0,0.0,NO REFUND
4558,3598,2022-06-19 20:41:15.000000,72.0,0.0,1,0,72.0,0.0,0.0,NO REFUND
73969,59166,2026-02-08 02:50:46.000000,78.0,0.0,1,0,78.0,0.0,0.0,NO REFUND
30176,24105,2025-11-29 04:52:54.000000,78.0,0.0,1,0,78.0,0.0,0.0,NO REFUND
4767,3778,2022-08-28 04:16:35.000000,79.5,0.0,1,0,79.5,0.0,0.0,NO REFUND
106800,85585,2019-04-29 22:51:36.000000,79.5,0.0,1,0,79.5,0.0,0.0,NO REFUND
54602,43606,2023-09-28 00:22:35.000000,79.99,0.0,1,0,79.99,0.0,0.0,NO REFUND
115188,92225,2026-04-24 08:01:38.000000,80.0,0.0,1,0,80.0,0.0,0.0,NO REFUND
10920,8706,2024-07-05 22:58:56.000000,83.84,0.0,1,0,83.84,0.0,0.0,NO REFUND
99255,79583,2022-05-25 12:54:39.000000,84.12,84.12,1,1,0.0,1.0,1.0,FULLY REFUNDED
102408,82097,2025-03-27 03:18:26.000000,85.0,0.0,1,0,85.0,0.0,0.0,NO REFUND
116701,93422,2025-12-04 06:54:30.000000,85.0,0.0,1,0,85.0,0.0,0.0,NO REFUND
22107,17632,2026-06-06 04:14:33.000000,86.11,0.0,1,0,86.11,0.0,0.0,NO REFUND
118673,95000,2023-02-21 21:00:02.000000,88.0,0.0,1,0,88.0,0.0,0.0,NO REFUND
53420,42652,2019-10-05 23:27:06.000000,88.0,0.0,1,0,88.0,0.0,0.0,NO REFUND
112516,90089,2020-10-22 00:24:07.000000,88.0,0.0,1,0,88.0,0.0,0.0,NO REFUND
20088,16044,2025-01-11 18:40:02.000000,198.0,0.0,2,0,198.0,0.0,0.0,NO REFUND
102153,81893,2026-04-15 17:33:07.000000,89.95,89.95,1,1,0.0,1.0,1.0,FULLY REFUNDED
122863,98380,2025-06-06 05:00:56.000000,89.99,0.0,1,0,89.99,0.0,0.0,NO REFUND
80902,64715,2025-06-30 21:28:41.000000,353.99,0.0,3,0,353.99,0.0,0.0,NO REFUND
118963,95215,2025-08-08 08:40:18.000000,996.82,996.82,2,2,0.0,1.0,1.0,FULLY REFUNDED
101187,81121,2023-01-21 13:51:00.000000,98.0,0.0,1,0,98.0,0.0,0.0,NO REFUND
113219,90642,2025-10-15 04:57:49.000000,98.0,0.0,1,0,98.0,0.0,0.0,NO REFUND
61221,48902,2023-05-23 14:32:56.000000,1002.99,0.0,2,0,1002.99,0.0,0.0,NO REFUND
59923,47860,2024-08-06 15:50:00.000000,100.99,0.0,1,0,100.99,0.0,0.0,NO REFUND
10592,8435,2025-06-18 02:06:08.000000,109.0,109.0,1,1,0.0,1.0,1.0,FULLY REFUNDED
17476,13917,2023-10-12 08:49:00.000000,109.0,0.0,1,0,109.0,0.0,0.0,NO REFUND
18988,15155,2026-01-25 02:22:04.000000,109.0,0.0,1,0,109.0,0.0,0.0,NO REFUND
55920,44687,2026-06-13 20:26:16.254864,109.91,0.0,1,0,109.91,0.0,0.0,NO REFUND
117157,93820,2025-04-12 10:00:32.000000,110.0,0.0,1,0,110.0,0.0,0.0,NO REFUND
6952,5546,2023-09-22 21:01:17.000000,118.0,0.0,1,0,118.0,0.0,0.0,NO REFUND
22056,17594,2024-06-04 11:47:28.000000,119.0,119.0,1,1,0.0,1.0,1.0,FULLY REFUNDED
8340,6665,2024-12-23 21:40:09.000000,119.95,0.0,1,0,119.95,0.0,0.0,NO REFUND
23280,18595,2024-11-25 14:42:07.000000,119.95,0.0,1,0,119.95,0.0,0.0,NO REFUND
113426,90801,2021-12-25 22:36:27.000000,121.0,0.0,1,0,121.0,0.0,0.0,NO REFUND
62135,49637,2025-05-15 09:04:08.000000,126.0,0.0,1,0,126.0,0.0,0.0,NO REFUND
96385,77280,2025-12-31 23:01:03.000000,126.63,0.0,1,0,126.63,0.0,0.0,NO REFUND
124778,99896,2023-03-03 15:04:11.000000,129.88,0.0,1,0,129.88,0.0,0.0,NO REFUND
4263,3383,2026-02-14 03:47:52.000000,129.99,0.0,1,0,129.99,0.0,0.0,NO REFUND
16456,13115,2024-08-10 04:30:54.000000,133.0,133.0,1,1,0.0,1.0,1.0,FULLY REFUNDED
10254,8176,2022-11-23 06:46:53.000000,405.49,0.0,2,0,405.49,0.0,0.0,NO REFUND
4822,3812,2025-12-06 07:20:16.000000,142.8,0.0,1,0,142.8,0.0,0.0,NO REFUND
111658,89428,2023-10-30 09:52:33.000000,147.5,0.0,1,0,147.5,0.0,0.0,NO REFUND
25190,20118,2026-04-21 20:09:55.000000,147.5,0.0,1,0,147.5,0.0,0.0,NO REFUND
63736,50934,2020-02-12 11:04:03.000000,149.99,0.0,1,0,149.99,0.0,0.0,NO REFUND
12307,9807,2025-11-10 12:17:09.000000,150.0,0.0,1,0,150.0,0.0,0.0,NO REFUND
2922,2312,2022-11-13 13:16:21.000000,160.0,160.0,1,1,0.0,1.0,1.0,FULLY REFUNDED
1639,1290,2024-08-18 05:53:19.000000,161.0,0.0,1,0,161.0,0.0,0.0,NO REFUND
2956,2346,2025-09-14 21:16:59.000000,169.0,0.0,1,0,169.0,0.0,0.0,NO REFUND
60377,48218,2025-05-25 08:42:51.000000,178.0,0.0,1,0,178.0,0.0,0.0,NO REFUND
98624,79073,2023-10-24 20:47:58.000000,179.0,0.0,1,0,179.0,0.0,0.0,NO REFUND
80346,64242,2024-06-08 07:55:17.000000,483.0,0.0,2,0,483.0,0.0,0.0,NO REFUND
118893,95170,2025-02-05 16:59:34.000000,189.5,0.0,1,0,189.5,0.0,0.0,NO REFUND
58121,46450,2023-08-14 11:44:14.000000,193.95,0.0,1,0,193.95,0.0,0.0,NO REFUND
70703,56534,2024-05-01 23:08:24.000000,218.0,218.0,1,1,0.0,1.0,1.0,FULLY REFUNDED
114086,91352,2024-09-23 11:00:54.000000,220.0,0.0,1,0,220.0,0.0,0.0,NO REFUND
1370,1088,2023-11-28 17:24:52.000000,229.0,0.0,1,0,229.0,0.0,0.0,NO REFUND
104033,83386,2023-03-23 06:54:32.000000,280.0,0.0,1,0,280.0,0.0,0.0,NO REFUND
5673,4488,2024-09-06 16:59:46.000000,903.0,0.0,1,0,903.0,0.0,0.0,NO REFUND
-24,44000,2026-06-16 11:08:00.000000,203.0,135.0,2,1,68.0,0.665,0.5,PARTIALLY REFUNDED
-28,4415,2026-06-16 12:18:00.000000,86.0,0.0,1,0,86.0,0.0,0.0,NO REFUND
-55,66792,2026-06-16 18:00:00.000000,79.0,0.0,1,0,79.0,0.0,0.0,NO REFUND
-59,79437,2026-06-16 10:47:00.000000,127.0,0.0,2,0,127.0,0.0,0.0,NO REFUND
-64,82302,2026-06-16 10:22:00.000000,34.0,0.0,1,0,34.0,0.0,0.0,NO REFUND
-77,42828,2026-06-16 15:26:00.000000,234.0,0.0,3,0,234.0,0.0,0.0,NO REFUND
-95,34732,2026-06-16 17:07:00.000000,284.0,0.0,2,0,284.0,0.0,0.0,NO REFUND
-96,25205,2026-06-16 17:49:00.000000,275.0,0.0,3,0,275.0,0.0,0.0,NO REFUND
-104,13672,2026-06-16 14:59:00.000000,23.0,23.0,1,1,0.0,1.0,1.0,FULLY REFUNDED
-119,3812,2026-06-16 11:30:00.000000,388.0,137.0,3,1,251.0,0.3531,0.3333,PARTIALLY REFUNDED
-142,82273,2026-06-16 09:09:00.000000,402.0,0.0,3,0,402.0,0.0,0.0,NO REFUND
-178,26697,2026-06-16 10:15:00.000000,304.0,0.0,3,0,304.0,0.0,0.0,NO REFUND
-181,99678,2026-06-16 16:04:00.000000,335.0,0.0,3,0,335.0,0.0,0.0,NO REFUND
-199,53719,2026-06-16 11:19:00.000000,197.0,197.0,2,2,0.0,1.0,1.0,FULLY REFUNDED
-212,63221,2026-06-16 15:19:00.000000,65.0,0.0,2,0,65.0,0.0,0.0,NO REFUND
-256,22977,2026-06-16 12:07:00.000000,290.0,0.0,3,0,290.0,0.0,0.0,NO REFUND
-261,15547,2026-06-16 16:14:00.000000,144.0,0.0,1,0,144.0,0.0,0.0,NO REFUND
-299,61831,2026-06-16 14:28:00.000000,132.0,0.0,2,0,132.0,0.0,0.0,NO REFUND
74273,59398,2025-06-24 00:44:49.000000,269.49,0.0,4,0,269.49,0.0,0.0,NO REFUND
63060,50385,2023-12-26 05:09:26.000000,4.04,4.04,1,1,0.0,1.0,1.0,FULLY REFUNDED
32720,26135,2026-01-27 06:30:16.000000,16.99,0.0,2,0,16.99,0.0,0.0,NO REFUND
9050,7223,2023-01-31 12:22:37.000000,6.0,0.0,1,0,6.0,0.0,0.0,NO REFUND
107688,86293,2026-03-18 18:01:49.000000,6.25,0.0,1,0,6.25,0.0,0.0,NO REFUND
87363,69918,2024-05-17 08:58:07.000000,6.99,0.0,1,0,6.99,0.0,0.0,NO REFUND
69073,55262,2026-05-16 06:50:55.000000,26.98,0.0,2,0,26.98,0.0,0.0,NO REFUND
14245,11355,2026-06-02 11:20:28.000000,155.97,0.0,4,0,155.97,0.0,0.0,NO REFUND
124556,99720,2025-04-23 23:12:14.000000,166.93,0.0,4,0,166.93,0.0,0.0,NO REFUND
14352,11437,2022-09-12 20:02:12.000000,8.0,8.0,1,1,0.0,1.0,1.0,FULLY REFUNDED
38031,30356,2026-04-28 20:08:30.000000,202.95,0.0,2,0,202.95,0.0,0.0,NO REFUND
70375,56283,2023-02-05 02:19:48.000000,298.48,0.0,4,0,298.48,0.0,0.0,NO REFUND
78716,62914,2024-10-22 19:40:42.000000,51.45,0.0,2,0,51.45,0.0,0.0,NO REFUND
121885,97591,2025-06-29 00:11:50.000000,67.49,0.0,4,0,67.49,0.0,0.0,NO REFUND
94194,75517,2025-07-28 04:18:57.000000,55.4,0.0,2,0,55.4,0.0,0.0,NO REFUND
65790,52567,2023-10-01 21:49:54.000000,168.94,0.0,4,0,168.94,0.0,0.0,NO REFUND
4170,3305,2023-08-29 07:35:33.000000,164.97,0.0,4,0,164.97,0.0,0.0,NO REFUND
28992,23180,2026-03-31 11:55:18.000000,38.83,0.0,2,0,38.83,0.0,0.0,NO REFUND
117133,93803,2022-03-23 09:42:42.000000,84.98,0.0,3,0,84.98,0.0,0.0,NO REFUND
17020,13546,2023-01-03 14:51:09.000000,18.02,18.02,2,2,0.0,1.0,1.0,FULLY REFUNDED
118870,95155,2025-07-11 00:00:01.000000,101.57,0.0,4,0,101.57,0.0,0.0,NO REFUND
20306,16236,2024-07-13 08:08:40.000000,59.25,0.0,2,0,59.25,0.0,0.0,NO REFUND
70741,56569,2024-11-22 01:45:19.000000,23.94,0.0,2,0,23.94,0.0,0.0,NO REFUND
108778,87127,2025-06-29 04:43:27.000000,204.35,0.0,4,0,204.35,0.0,0.0,NO REFUND
115055,92125,2026-04-16 01:27:31.000000,83.13,0.0,4,0,83.13,0.0,0.0,NO REFUND
8218,6567,2020-11-03 15:43:26.000000,9.99,0.0,1,0,9.99,0.0,0.0,NO REFUND
20037,16001,2026-05-05 22:03:04.000000,55.0,0.0,2,0,55.0,0.0,0.0,NO REFUND
122913,98418,2026-06-03 15:36:56.000000,58.03,0.0,4,0,58.03,0.0,0.0,NO REFUND
38426,30677,2025-11-24 05:27:00.000000,189.0,189.0,2,2,0.0,1.0,1.0,FULLY REFUNDED
123900,99222,2026-06-17 14:48:13.311071,35.0,35.0,2,2,0.0,1.0,1.0,FULLY REFUNDED
104158,83477,2026-02-16 07:19:57.000000,10.0,0.0,1,0,10.0,0.0,0.0,NO REFUND
111263,89114,2026-02-10 12:30:04.000000,90.0,0.0,2,0,90.0,0.0,0.0,NO REFUND
71569,57239,2025-12-02 01:56:52.000000,333.68,0.0,4,0,333.68,0.0,0.0,NO REFUND
31881,25459,2023-08-30 16:14:39.000000,282.64,0.0,4,0,282.64,0.0,0.0,NO REFUND
53255,42523,2025-10-12 06:56:13.000000,307.24,307.24,2,2,0.0,1.0,1.0,FULLY REFUNDED
72140,57683,2026-06-15 21:36:48.806735,80.96,0.0,2,0,80.96,0.0,0.0,NO REFUND
32003,25565,2023-08-12 16:41:36.000000,94.99,0.0,2,0,94.99,0.0,0.0,NO REFUND
82354,65900,2024-04-22 11:43:14.000000,10.99,0.0,1,0,10.99,0.0,0.0,NO REFUND
109213,87496,2021-11-02 03:42:06.000000,24.5,0.0,2,0,24.5,0.0,0.0,NO REFUND
61758,49330,2024-05-18 15:42:57.000000,11.0,0.0,1,0,11.0,0.0,0.0,NO REFUND
65278,52137,2025-11-27 19:19:54.000000,49.02,49.02,2,2,0.0,1.0,1.0,FULLY REFUNDED
64424,51470,2026-06-15 10:48:54.094003,216.63,0.0,3,0,216.63,0.0,0.0,NO REFUND
73456,58753,2021-09-15 13:42:49.000000,195.5,195.5,4,4,0.0,1.0,1.0,FULLY REFUNDED
119844,95928,2025-07-04 18:28:22.000000,60.65,0.0,3,0,60.65,0.0,0.0,NO REFUND
95729,76742,2025-04-12 21:10:40.000000,189.39,0.0,4,0,189.39,0.0,0.0,NO REFUND
965,773,2026-04-06 06:09:50.000000,49.95,0.0,2,0,49.95,0.0,0.0,NO REFUND
3323,2642,2025-09-16 07:53:24.000000,59.95,0.0,2,0,59.95,0.0,0.0,NO REFUND
97225,77926,2026-05-23 19:20:44.000000,297.18,0.0,4,0,297.18,0.0,0.0,NO REFUND
116806,93508,2025-11-30 04:34:23.000000,61.99,0.0,2,0,61.99,0.0,0.0,NO REFUND
117650,94216,2026-03-24 15:41:48.000000,71.53,0.0,3,0,71.53,0.0,0.0,NO REFUND
84970,67995,2025-07-13 04:32:46.000000,130.0,0.0,3,0,130.0,0.0,0.0,NO REFUND
40809,32570,2025-10-13 08:16:09.000000,12.0,0.0,1,0,12.0,0.0,0.0,NO REFUND
18336,14603,2025-09-06 05:17:35.000000,12.0,0.0,1,0,12.0,0.0,0.0,NO REFUND
75536,60409,2026-01-31 02:49:38.000000,169.84,0.0,4,0,169.84,0.0,0.0,NO REFUND
57958,46317,2025-06-23 14:37:50.000000,171.95,0.0,4,0,171.95,0.0,0.0,NO REFUND
116799,93503,2021-08-08 09:58:58.000000,65.45,0.0,3,0,65.45,0.0,0.0,NO REFUND
17525,13947,2025-11-30 23:23:58.000000,148.4,148.4,4,4,0.0,1.0,1.0,FULLY REFUNDED
55323,44193,2026-01-01 17:04:56.000000,526.5,0.0,4,0,526.5,0.0,0.0,NO REFUND
37203,29704,2022-11-10 07:48:09.000000,58.43,0.0,3,0,58.43,0.0,0.0,NO REFUND
96149,77066,2026-06-15 11:53:50.117568,295.27,0.0,4,0,295.27,0.0,0.0,NO REFUND
50684,40502,2026-03-06 16:26:57.000000,163.83,0.0,4,0,163.83,0.0,0.0,NO REFUND
78219,62537,2024-12-13 14:53:34.000000,169.98,0.0,4,0,169.98,0.0,0.0,NO REFUND
41952,33454,2026-01-26 12:13:59.000000,13.5,0.0,1,0,13.5,0.0,0.0,NO REFUND
28444,22733,2024-11-01 06:26:19.000000,151.68,0.0,3,0,151.68,0.0,0.0,NO REFUND
69255,55395,2025-07-28 08:11:23.000000,13.79,0.0,1,0,13.79,0.0,0.0,NO REFUND
51505,41128,2022-05-13 21:47:28.000000,13.93,0.0,1,0,13.93,0.0,0.0,NO REFUND
19987,15958,2024-08-13 13:59:56.000000,52.98,0.0,3,0,52.98,0.0,0.0,NO REFUND
100925,80909,2020-03-14 15:19:54.000000,14.0,0.0,1,0,14.0,0.0,0.0,NO REFUND
60680,48461,2026-01-05 01:50:01.000000,113.25,0.0,3,0,113.25,0.0,0.0,NO REFUND
41511,33114,2024-06-19 19:28:51.000000,133.5,0.0,2,0,133.5,0.0,0.0,NO REFUND
44668,35617,2026-06-16 00:17:19.259277,232.83,0.0,4,0,232.83,0.0,0.0,NO REFUND
63021,50355,2025-02-04 14:12:06.000000,193.94,0.0,4,0,193.94,0.0,0.0,NO REFUND
78693,62897,2024-12-07 15:22:21.000000,14.97,0.0,1,0,14.97,0.0,0.0,NO REFUND
78119,62454,2022-11-02 04:57:14.000000,14.99,0.0,1,0,14.99,0.0,0.0,NO REFUND
28804,23019,2023-08-19 20:22:02.000000,183.98,0.0,4,0,183.98,0.0,0.0,NO REFUND
58571,46804,2025-10-21 23:52:15.000000,14.99,0.0,1,0,14.99,0.0,0.0,NO REFUND
65766,52540,2026-05-14 00:03:12.000000,133.06,0.0,3,0,133.06,0.0,0.0,NO REFUND
94881,76061,2026-03-30 21:47:49.000000,165.42,0.0,4,0,165.42,0.0,0.0,NO REFUND
43618,34801,2023-08-21 22:26:02.000000,31.94,0.0,2,0,31.94,0.0,0.0,NO REFUND
98572,79038,2021-07-15 16:01:26.000000,15.0,0.0,1,0,15.0,0.0,0.0,NO REFUND
20141,16094,2026-02-02 11:33:21.000000,54.86,0.0,3,0,54.86,0.0,0.0,NO REFUND
104153,83471,2021-04-30 16:12:16.000000,261.42,0.0,4,0,261.42,0.0,0.0,NO REFUND
18400,14645,2026-06-14 11:44:56.000000,358.95,358.95,4,4,0.0,1.0,1.0,FULLY REFUNDED
86397,69182,2025-03-24 13:12:51.000000,113.0,113.0,2,2,0.0,1.0,1.0,FULLY REFUNDED
36254,28927,2024-09-05 22:47:11.000000,15.0,0.0,1,0,15.0,0.0,0.0,NO REFUND
112583,90134,2022-03-21 06:46:33.000000,55.28,0.0,2,0,55.28,0.0,0.0,NO REFUND
89377,71530,2021-04-05 18:09:25.000000,285.61,0.0,4,0,285.61,0.0,0.0,NO REFUND
121459,97237,2025-01-15 19:55:25.000000,788.82,0.0,4,0,788.82,0.0,0.0,NO REFUND
50693,40508,2025-03-25 18:02:22.000000,39.92,0.0,2,0,39.92,0.0,0.0,NO REFUND
14093,11219,2026-06-16 02:03:18.919215,216.54,0.0,4,0,216.54,0.0,0.0,NO REFUND
103635,83095,2024-04-19 08:47:53.000000,212.49,0.0,4,0,212.49,0.0,0.0,NO REFUND
1753,1399,2019-12-15 03:05:55.000000,16.0,0.0,1,0,16.0,0.0,0.0,NO REFUND
122557,98140,2024-12-29 07:00:36.000000,108.97,0.0,4,0,108.97,0.0,0.0,NO REFUND
55952,44717,2023-11-23 11:36:57.000000,52.5,52.5,2,2,0.0,1.0,1.0,FULLY REFUNDED
95356,76428,2026-06-15 02:53:24.459381,241.51,0.0,4,0,241.51,0.0,0.0,NO REFUND
35839,28593,2021-02-06 13:10:51.000000,106.08,0.0,4,0,106.08,0.0,0.0,NO REFUND
9161,7302,2022-05-01 16:51:19.000000,16.98,0.0,1,0,16.98,0.0,0.0,NO REFUND
21524,17202,2026-03-18 04:23:23.000000,40.96,40.96,2,2,0.0,1.0,1.0,FULLY REFUNDED
113677,91009,2026-02-11 03:22:23.000000,117.99,0.0,2,0,117.99,0.0,0.0,NO REFUND
97007,77756,2022-06-01 11:15:45.000000,17.0,0.0,1,0,17.0,0.0,0.0,NO REFUND
116172,93008,2022-05-01 23:12:15.000000,17.24,17.24,1,1,0.0,1.0,1.0,FULLY REFUNDED
110114,88190,2026-05-29 09:19:32.000000,176.75,0.0,4,0,176.75,0.0,0.0,NO REFUND
8722,6966,2022-05-04 18:37:13.000000,95.9,0.0,2,0,95.9,0.0,0.0,NO REFUND
123010,98492,2026-02-18 09:31:00.000000,42.6,0.0,2,0,42.6,0.0,0.0,NO REFUND
49654,39639,2023-11-01 05:16:14.000000,92.95,0.0,2,0,92.95,0.0,0.0,NO REFUND
14620,11670,2023-02-08 19:13:03.000000,295.94,0.0,4,0,295.94,0.0,0.0,NO REFUND
109211,87494,2024-01-20 22:17:54.000000,114.98,0.0,3,0,114.98,0.0,0.0,NO REFUND
61768,49336,2025-06-13 12:49:33.000000,18.0,0.0,1,0,18.0,0.0,0.0,NO REFUND
40792,32558,2025-07-16 23:27:52.000000,47.0,0.0,2,0,47.0,0.0,0.0,NO REFUND
33309,26572,2026-06-13 19:26:48.000000,162.22,0.0,4,0,162.22,0.0,0.0,NO REFUND
66732,53354,2026-01-14 23:14:39.000000,312.57,0.0,4,0,312.57,0.0,0.0,NO REFUND
61957,49488,2024-07-13 03:22:23.000000,60.94,0.0,2,0,60.94,0.0,0.0,NO REFUND
19984,15956,2025-02-25 05:17:26.000000,50.97,0.0,2,0,50.97,0.0,0.0,NO REFUND
60618,48405,2023-09-23 16:39:49.000000,18.99,0.0,1,0,18.99,0.0,0.0,NO REFUND
18361,14620,2021-09-21 00:45:47.000000,44.95,0.0,2,0,44.95,0.0,0.0,NO REFUND
71969,57558,2025-05-27 22:58:39.000000,75.69,75.69,3,3,0.0,1.0,1.0,FULLY REFUNDED
4310,3417,2020-06-02 08:31:37.000000,304.9,0.0,3,0,304.9,0.0,0.0,NO REFUND
86157,68970,2024-08-01 04:20:13.000000,59.96,0.0,2,0,59.96,0.0,0.0,NO REFUND
66839,53445,2026-05-07 04:24:34.000000,19.99,0.0,1,0,19.99,0.0,0.0,NO REFUND
84103,67315,2026-04-26 16:29:17.000000,118.99,0.0,2,0,118.99,0.0,0.0,NO REFUND
31262,24981,2024-06-08 08:14:42.000000,69.98,0.0,2,0,69.98,0.0,0.0,NO REFUND
19438,15520,2025-10-05 03:40:03.000000,922.99,0.0,2,0,922.99,0.0,0.0,NO REFUND
89831,71870,2025-05-18 08:29:32.000000,68.94,68.94,2,2,0.0,1.0,1.0,FULLY REFUNDED
18162,14474,2025-10-02 07:08:39.000000,294.86,0.0,4,0,294.86,0.0,0.0,NO REFUND
121163,96989,2022-06-15 14:58:20.000000,149.87,0.0,2,0,149.87,0.0,0.0,NO REFUND
95107,76227,2026-03-12 08:21:59.000000,20.0,0.0,1,0,20.0,0.0,0.0,NO REFUND
23847,19056,2025-09-18 19:32:11.000000,372.9,372.9,4,4,0.0,1.0,1.0,FULLY REFUNDED
117050,93719,2023-09-10 14:29:23.000000,75.47,0.0,2,0,75.47,0.0,0.0,NO REFUND
119472,95611,2023-07-31 22:43:02.000000,171.26,0.0,4,0,171.26,0.0,0.0,NO REFUND
28367,22678,2024-01-03 08:50:56.000000,55.95,0.0,2,0,55.95,0.0,0.0,NO REFUND
36519,29143,2025-12-06 08:16:09.000000,21.0,0.0,1,0,21.0,0.0,0.0,NO REFUND
35259,28154,2022-05-15 00:24:55.000000,21.6,0.0,1,0,21.6,0.0,0.0,NO REFUND
48532,38756,2020-08-20 22:20:09.000000,271.95,0.0,2,0,271.95,0.0,0.0,NO REFUND
21141,16910,2022-07-10 19:19:03.000000,21.99,0.0,1,0,21.99,0.0,0.0,NO REFUND
66892,53491,2026-06-14 17:04:56.543153,90.99,0.0,2,0,90.99,0.0,0.0,NO REFUND
114137,91394,2026-06-15 19:31:05.062042,125.47,0.0,4,0,125.47,0.0,0.0,NO REFUND
106879,85642,2026-05-01 14:57:03.000000,22.0,0.0,1,0,22.0,0.0,0.0,NO REFUND
118220,94645,2023-02-15 13:18:23.000000,71.75,0.0,2,0,71.75,0.0,0.0,NO REFUND
5230,4146,2025-05-18 21:35:25.000000,22.5,22.5,1,1,0.0,1.0,1.0,FULLY REFUNDED
1076,860,2024-09-30 06:50:15.000000,160.9,0.0,2,0,160.9,0.0,0.0,NO REFUND
12731,10112,2020-10-09 15:09:50.000000,196.39,0.0,4,0,196.39,0.0,0.0,NO REFUND
80172,64087,2022-04-05 08:54:57.000000,97.94,0.0,4,0,97.94,0.0,0.0,NO REFUND
57768,46172,2026-01-03 18:58:13.000000,77.99,0.0,2,0,77.99,0.0,0.0,NO REFUND
103003,82594,2026-01-04 09:12:19.000000,22.99,0.0,1,0,22.99,0.0,0.0,NO REFUND
4353,3449,2023-07-05 13:08:48.000000,170.45,170.45,4,4,0.0,1.0,1.0,FULLY REFUNDED
42796,34153,2024-08-05 12:20:52.000000,22.99,0.0,1,0,22.99,0.0,0.0,NO REFUND
33090,26398,2025-02-01 22:51:36.000000,23.0,0.0,1,0,23.0,0.0,0.0,NO REFUND
87840,70299,2025-12-16 16:24:04.000000,23.0,0.0,1,0,23.0,0.0,0.0,NO REFUND
48075,38407,2024-10-22 15:15:32.000000,111.26,0.0,3,0,111.26,0.0,0.0,NO REFUND
44876,35789,2023-07-09 10:07:21.000000,23.99,0.0,1,0,23.99,0.0,0.0,NO REFUND
74619,59674,2026-04-03 19:12:14.000000,243.94,0.0,4,0,243.94,0.0,0.0,NO REFUND
34226,27309,2025-07-17 19:29:22.000000,144.99,144.99,2,2,0.0,1.0,1.0,FULLY REFUNDED
45115,36011,2024-03-10 13:15:46.000000,80.99,0.0,2,0,80.99,0.0,0.0,NO REFUND
93164,74639,2021-10-18 23:00:05.000000,24.0,0.0,1,0,24.0,0.0,0.0,NO REFUND
29984,23950,2022-02-22 23:01:07.000000,135.82,0.0,3,0,135.82,0.0,0.0,NO REFUND
80055,63994,2026-06-03 01:06:48.000000,24.91,0.0,1,0,24.91,0.0,0.0,NO REFUND
33411,26642,2022-07-01 14:46:23.000000,355.95,0.0,4,0,355.95,0.0,0.0,NO REFUND
53523,42738,2024-11-19 10:26:07.000000,73.96,73.96,2,2,0.0,1.0,1.0,FULLY REFUNDED
119883,95964,2025-07-13 00:19:16.000000,81.96,0.0,3,0,81.96,0.0,0.0,NO REFUND
111877,89583,2026-06-11 09:48:05.909494,139.42,0.0,3,0,139.42,0.0,0.0,NO REFUND
33107,26411,2026-05-29 07:02:33.000000,211.32,0.0,4,0,211.32,0.0,0.0,NO REFUND
26743,21369,2023-09-30 09:50:21.000000,103.99,0.0,3,0,103.99,0.0,0.0,NO REFUND
40013,31951,2026-06-14 10:25:47.000000,115.99,0.0,2,0,115.99,0.0,0.0,NO REFUND
99304,79618,2024-04-29 11:58:29.000000,25.0,0.0,1,0,25.0,0.0,0.0,NO REFUND
120039,96088,2022-10-27 01:03:37.000000,164.53,0.0,4,0,164.53,0.0,0.0,NO REFUND
15078,12029,2024-08-10 07:08:52.000000,144.99,0.0,2,0,144.99,0.0,0.0,NO REFUND
48958,39072,2026-02-05 01:29:13.000000,25.0,0.0,1,0,25.0,0.0,0.0,NO REFUND
96575,77435,2026-05-22 01:58:46.000000,214.12,0.0,4,0,214.12,0.0,0.0,NO REFUND
120246,96252,2022-04-01 08:45:28.000000,25.0,0.0,1,0,25.0,0.0,0.0,NO REFUND
121520,97284,2022-07-31 17:41:31.000000,25.0,0.0,1,0,25.0,0.0,0.0,NO REFUND
3161,2525,2023-08-21 21:38:55.000000,25.0,0.0,1,0,25.0,0.0,0.0,NO REFUND
22178,17692,2025-12-17 22:26:47.000000,102.0,0.0,2,0,102.0,0.0,0.0,NO REFUND
51398,41043,2021-03-23 12:13:52.000000,25.0,0.0,1,0,25.0,0.0,0.0,NO REFUND
64191,51295,2026-05-24 19:08:32.000000,100.6,0.0,2,0,100.6,0.0,0.0,NO REFUND
70106,56068,2025-05-01 07:51:15.000000,466.0,0.0,3,0,466.0,0.0,0.0,NO REFUND
77656,62091,2025-01-16 11:01:11.000000,50.99,0.0,2,0,50.99,0.0,0.0,NO REFUND
85350,68294,2023-08-25 11:47:57.000000,191.92,0.0,3,0,191.92,0.0,0.0,NO REFUND
119699,95800,2023-03-28 23:25:50.000000,82.41,0.0,2,0,82.41,0.0,0.0,NO REFUND
26367,21072,2023-02-16 08:16:41.000000,153.5,153.5,3,3,0.0,1.0,1.0,FULLY REFUNDED
110952,88866,2025-12-15 01:01:05.000000,132.94,132.94,4,4,0.0,1.0,1.0,FULLY REFUNDED
24770,19781,2021-11-24 07:19:03.000000,25.0,0.0,1,0,25.0,0.0,0.0,NO REFUND
55614,44423,2026-04-27 16:25:00.000000,200.33,0.0,3,0,200.33,0.0,0.0,NO REFUND
105814,84811,2024-11-22 00:11:59.000000,64.5,0.0,2,0,64.5,0.0,0.0,NO REFUND
2594,2069,2021-05-22 07:31:35.000000,144.1,0.0,3,0,144.1,0.0,0.0,NO REFUND
97482,78141,2025-05-26 11:24:11.000000,25.5,0.0,1,0,25.5,0.0,0.0,NO REFUND
124747,99868,2025-06-29 13:10:06.000000,26.0,0.0,1,0,26.0,0.0,0.0,NO REFUND
94524,75758,2026-05-09 04:18:36.000000,26.0,0.0,1,0,26.0,0.0,0.0,NO REFUND
69530,55610,2025-12-31 19:13:09.000000,26.9,0.0,1,0,26.9,0.0,0.0,NO REFUND
59977,47910,2026-04-19 12:09:50.000000,92.94,0.0,3,0,92.94,0.0,0.0,NO REFUND
88022,70418,2024-12-01 18:41:53.000000,26.95,0.0,1,0,26.95,0.0,0.0,NO REFUND
63684,50894,2026-04-21 17:12:35.000000,269.91,0.0,3,0,269.91,0.0,0.0,NO REFUND
65923,52687,2026-04-24 14:17:08.000000,53.97,0.0,2,0,53.97,0.0,0.0,NO REFUND
97292,77980,2025-07-31 04:00:41.000000,205.98,0.0,3,0,205.98,0.0,0.0,NO REFUND
88160,70525,2026-02-09 03:38:43.000000,27.0,0.0,1,0,27.0,0.0,0.0,NO REFUND
12907,10245,2025-11-06 18:01:57.000000,146.16,0.0,3,0,146.16,0.0,0.0,NO REFUND
11644,9252,2024-12-25 14:39:55.000000,27.7,0.0,1,0,27.7,0.0,0.0,NO REFUND
24151,19299,2019-12-26 01:31:35.000000,92.07,0.0,2,0,92.07,0.0,0.0,NO REFUND
42347,33788,2025-08-21 00:14:19.000000,62.9,0.0,2,0,62.9,0.0,0.0,NO REFUND
31272,24988,2025-12-16 11:25:08.000000,194.99,0.0,3,0,194.99,0.0,0.0,NO REFUND
66619,53274,2026-05-06 19:32:49.000000,27.99,0.0,1,0,27.99,0.0,0.0,NO REFUND
116282,93102,2024-08-27 01:39:58.000000,179.35,0.0,4,0,179.35,0.0,0.0,NO REFUND
1853,1487,2026-06-16 12:52:02.757757,313.38,0.0,4,0,313.38,0.0,0.0,NO REFUND
45855,36605,2025-04-24 14:27:46.000000,102.0,0.0,2,0,102.0,0.0,0.0,NO REFUND
35665,28473,2025-10-17 22:30:52.000000,29.0,0.0,1,0,29.0,0.0,0.0,NO REFUND
44272,35321,2023-08-10 21:14:50.000000,29.41,0.0,1,0,29.41,0.0,0.0,NO REFUND
5760,4560,2021-04-15 10:25:49.000000,126.35,0.0,4,0,126.35,0.0,0.0,NO REFUND
81634,65329,2026-01-26 17:56:07.000000,440.4,0.0,4,0,440.4,0.0,0.0,NO REFUND
56834,45431,2025-09-18 05:33:53.000000,314.34,0.0,3,0,314.34,0.0,0.0,NO REFUND
50929,40676,2026-02-01 18:52:41.000000,199.44,0.0,4,0,199.44,0.0,0.0,NO REFUND
86008,68867,2024-07-29 23:37:27.000000,29.98,0.0,1,0,29.98,0.0,0.0,NO REFUND
44940,35847,2025-05-21 13:47:12.000000,29.99,0.0,1,0,29.99,0.0,0.0,NO REFUND
10793,8599,2024-04-19 15:16:02.000000,29.99,0.0,1,0,29.99,0.0,0.0,NO REFUND
51387,41033,2026-03-19 11:29:17.000000,81.99,0.0,2,0,81.99,0.0,0.0,NO REFUND
52755,42098,2025-02-23 14:46:04.000000,29.99,29.99,1,1,0.0,1.0,1.0,FULLY REFUNDED
56203,44908,2024-01-23 19:52:11.000000,309.98,0.0,2,0,309.98,0.0,0.0,NO REFUND
55080,44000,2026-05-20 23:40:06.000000,359.75,0.0,4,0,359.75,0.0,0.0,NO REFUND
97639,78270,2024-11-22 20:45:21.000000,75.2,0.0,2,0,75.2,0.0,0.0,NO REFUND
60320,48176,2026-01-17 03:49:01.000000,30.4,0.0,1,0,30.4,0.0,0.0,NO REFUND
39227,31330,2023-02-04 13:48:52.000000,174.84,0.0,3,0,174.84,0.0,0.0,NO REFUND
4366,3463,2025-06-25 08:08:57.000000,31.07,0.0,1,0,31.07,0.0,0.0,NO REFUND
100104,80303,2025-09-27 12:56:41.000000,31.68,0.0,1,0,31.68,0.0,0.0,NO REFUND
47190,37709,2023-07-09 17:29:17.000000,285.95,0.0,3,0,285.95,0.0,0.0,NO REFUND
111982,89673,2024-09-09 21:53:16.000000,31.99,0.0,1,0,31.99,0.0,0.0,NO REFUND
101677,81521,2024-08-24 00:54:13.000000,32.0,0.0,1,0,32.0,0.0,0.0,NO REFUND
17634,14034,2024-02-15 17:37:28.000000,130.09,0.0,2,0,130.09,0.0,0.0,NO REFUND
13783,10975,2024-10-10 14:06:22.000000,145.97,0.0,3,0,145.97,0.0,0.0,NO REFUND
76607,61248,2026-06-16 01:11:38.000000,32.99,0.0,1,0,32.99,0.0,0.0,NO REFUND
56122,44846,2022-02-08 09:30:30.000000,125.99,125.99,3,3,0.0,1.0,1.0,FULLY REFUNDED
122485,98079,2023-08-24 05:14:11.000000,697.0,0.0,3,0,697.0,0.0,0.0,NO REFUND
6704,5340,2024-01-22 06:08:31.000000,34.0,34.0,1,1,0.0,1.0,1.0,FULLY REFUNDED
26544,21211,2023-01-07 19:15:48.000000,265.23,0.0,3,0,265.23,0.0,0.0,NO REFUND
106812,85592,2025-09-05 04:05:28.000000,144.3,0.0,2,0,144.3,0.0,0.0,NO REFUND
6510,5156,2025-02-18 22:30:02.000000,243.14,0.0,4,0,243.14,0.0,0.0,NO REFUND
122118,97759,2025-02-26 10:28:26.000000,83.9,0.0,2,0,83.9,0.0,0.0,NO REFUND
60078,47980,2026-06-14 16:37:12.000000,428.93,0.0,3,0,428.93,0.0,0.0,NO REFUND
42157,33626,2026-05-16 17:46:33.000000,77.99,0.0,2,0,77.99,0.0,0.0,NO REFUND
639,528,2026-02-22 06:05:49.000000,34.99,34.99,1,1,0.0,1.0,1.0,FULLY REFUNDED
78133,62467,2024-05-08 10:46:58.000000,300.98,300.98,2,2,0.0,1.0,1.0,FULLY REFUNDED
64663,51663,2025-09-13 08:35:58.000000,34.99,0.0,1,0,34.99,0.0,0.0,NO REFUND
10023,7992,2020-06-28 11:36:08.000000,168.0,0.0,2,0,168.0,0.0,0.0,NO REFUND
41552,33143,2023-10-19 05:36:20.000000,230.76,0.0,4,0,230.76,0.0,0.0,NO REFUND
102328,82035,2026-06-10 05:51:45.000000,176.37,0.0,4,0,176.37,0.0,0.0,NO REFUND
23145,18487,2021-09-02 04:58:40.000000,634.0,0.0,2,0,634.0,0.0,0.0,NO REFUND
104307,83596,2025-04-08 09:38:04.000000,254.49,0.0,4,0,254.49,0.0,0.0,NO REFUND
16385,13056,2019-10-16 03:03:14.000000,125.0,0.0,2,0,125.0,0.0,0.0,NO REFUND
124763,99876,2026-06-13 20:05:02.587881,36.76,0.0,1,0,36.76,0.0,0.0,NO REFUND
121936,97631,2024-07-29 05:03:32.000000,136.35,0.0,3,0,136.35,0.0,0.0,NO REFUND
26352,21053,2021-04-29 18:31:38.000000,106.45,106.45,2,2,0.0,1.0,1.0,FULLY REFUNDED
31320,25020,2026-05-03 19:11:19.000000,36.99,0.0,1,0,36.99,0.0,0.0,NO REFUND
67123,53683,2021-10-14 17:39:08.000000,37.99,37.99,1,1,0.0,1.0,1.0,FULLY REFUNDED
49724,39702,2024-12-27 09:28:23.000000,200.99,0.0,2,0,200.99,0.0,0.0,NO REFUND
7631,6112,2026-04-07 09:57:54.000000,38.0,0.0,1,0,38.0,0.0,0.0,NO REFUND
3122,2495,2025-04-27 16:37:33.000000,253.07,0.0,4,0,253.07,0.0,0.0,NO REFUND
12175,9694,2020-12-31 08:03:18.000000,39.0,0.0,1,0,39.0,0.0,0.0,NO REFUND
80917,64724,2023-11-17 14:11:52.000000,103.5,0.0,2,0,103.5,0.0,0.0,NO REFUND
85314,68268,2025-12-28 16:30:45.000000,151.49,0.0,3,0,151.49,0.0,0.0,NO REFUND
85485,68412,2026-05-17 19:21:42.000000,108.6,0.0,2,0,108.6,0.0,0.0,NO REFUND
17219,13688,2024-12-12 16:29:02.000000,39.88,0.0,1,0,39.88,0.0,0.0,NO REFUND
33469,26697,2025-11-13 02:44:39.000000,39.9,39.9,1,1,0.0,1.0,1.0,FULLY REFUNDED
7333,5862,2026-04-15 22:07:32.000000,187.98,0.0,2,0,187.98,0.0,0.0,NO REFUND
82555,66053,2021-05-14 09:41:55.000000,39.99,0.0,1,0,39.99,0.0,0.0,NO REFUND
16421,13081,2024-07-21 01:28:11.000000,146.38,0.0,3,0,146.38,0.0,0.0,NO REFUND
15304,12205,2026-06-07 00:15:37.000000,149.99,0.0,2,0,149.99,0.0,0.0,NO REFUND
95541,76584,2025-08-26 03:07:18.000000,86.99,0.0,2,0,86.99,0.0,0.0,NO REFUND
49615,39607,2026-03-08 00:38:57.000000,39.99,39.99,1,1,0.0,1.0,1.0,FULLY REFUNDED
119678,95780,2022-12-27 06:36:24.000000,119.99,0.0,2,0,119.99,0.0,0.0,NO REFUND
12386,9868,2025-10-14 13:37:54.000000,40.28,0.0,1,0,40.28,0.0,0.0,NO REFUND
79056,63175,2026-06-15 02:33:46.190069,40.99,0.0,1,0,40.99,0.0,0.0,NO REFUND
95851,76844,2025-12-16 20:14:29.000000,42.0,42.0,1,1,0.0,1.0,1.0,FULLY REFUNDED
20586,16459,2026-06-17 02:39:25.031138,196.53,0.0,3,0,196.53,0.0,0.0,NO REFUND
22834,18240,2025-08-22 09:13:21.000000,42.95,42.95,1,1,0.0,1.0,1.0,FULLY REFUNDED
95991,76952,2024-10-06 07:31:14.000000,141.7,0.0,2,0,141.7,0.0,0.0,NO REFUND
46275,36972,2024-05-26 07:35:53.000000,42.99,0.0,1,0,42.99,0.0,0.0,NO REFUND
86552,69304,2021-07-17 05:01:15.000000,132.94,0.0,2,0,132.94,0.0,0.0,NO REFUND
107358,86029,2023-05-19 14:41:52.000000,42.99,0.0,1,0,42.99,0.0,0.0,NO REFUND
115398,92386,2026-04-23 17:22:27.000000,240.99,0.0,4,0,240.99,0.0,0.0,NO REFUND
50801,40583,2026-06-12 10:17:17.416604,371.15,0.0,2,0,371.15,0.0,0.0,NO REFUND
72649,58100,2026-03-14 15:08:35.000000,43.99,0.0,1,0,43.99,0.0,0.0,NO REFUND
90918,72775,2026-03-14 06:15:47.000000,108.94,0.0,2,0,108.94,0.0,0.0,NO REFUND
32422,25889,2025-03-31 11:17:09.000000,44.0,0.0,1,0,44.0,0.0,0.0,NO REFUND
61441,49089,2021-09-25 13:25:14.000000,168.49,0.0,3,0,168.49,0.0,0.0,NO REFUND
93615,75025,2024-07-03 10:31:18.000000,93.97,0.0,2,0,93.97,0.0,0.0,NO REFUND
43914,35040,2023-08-31 18:27:06.000000,304.67,0.0,4,0,304.67,0.0,0.0,NO REFUND
111827,89544,2022-02-23 11:45:00.000000,219.02,0.0,3,0,219.02,0.0,0.0,NO REFUND
45188,36059,2026-06-10 03:04:41.000000,188.41,0.0,2,0,188.41,0.0,0.0,NO REFUND
7473,5971,2025-11-17 09:17:43.000000,197.49,0.0,2,0,197.49,0.0,0.0,NO REFUND
101899,81696,2024-03-23 04:22:31.000000,96.99,0.0,2,0,96.99,0.0,0.0,NO REFUND
3703,2941,2023-04-30 09:55:21.000000,199.99,0.0,2,0,199.99,0.0,0.0,NO REFUND
17607,14010,2025-04-02 23:37:16.000000,119.3,0.0,2,0,119.3,0.0,0.0,NO REFUND
10999,8770,2020-10-15 21:12:12.000000,48.98,0.0,1,0,48.98,0.0,0.0,NO REFUND
102318,82031,2022-08-02 06:38:46.000000,49.0,0.0,1,0,49.0,0.0,0.0,NO REFUND
71102,56867,2026-05-26 23:33:46.000000,374.5,0.0,3,0,374.5,0.0,0.0,NO REFUND
40582,32398,2024-08-06 10:20:32.000000,99.45,0.0,2,0,99.45,0.0,0.0,NO REFUND
76853,61455,2025-12-15 11:54:00.000000,49.5,49.5,1,1,0.0,1.0,1.0,FULLY REFUNDED
54685,43680,2026-06-15 23:29:22.805509,49.5,0.0,1,0,49.5,0.0,0.0,NO REFUND
78851,63015,2024-09-28 17:01:56.000000,49.95,49.95,1,1,0.0,1.0,1.0,FULLY REFUNDED
69717,55756,2025-01-09 01:35:56.000000,49.99,0.0,1,0,49.99,0.0,0.0,NO REFUND
97950,78529,2026-05-08 14:31:00.000000,104.99,0.0,2,0,104.99,0.0,0.0,NO REFUND
57129,45678,2023-09-30 06:24:13.000000,905.0,0.0,3,0,905.0,0.0,0.0,NO REFUND
17048,13565,2026-03-31 19:18:58.000000,53.48,0.0,1,0,53.48,0.0,0.0,NO REFUND
124712,99839,2026-04-05 02:12:06.000000,53.48,0.0,1,0,53.48,0.0,0.0,NO REFUND
25930,20718,2025-10-06 16:13:09.000000,54.0,0.0,1,0,54.0,0.0,0.0,NO REFUND
63004,50344,2025-07-18 10:34:26.000000,54.5,0.0,1,0,54.5,0.0,0.0,NO REFUND
89433,71576,2024-07-17 09:09:40.000000,156.0,0.0,2,0,156.0,0.0,0.0,NO REFUND
19829,15834,2022-12-21 08:51:40.000000,163.0,0.0,2,0,163.0,0.0,0.0,NO REFUND
70187,56130,2023-11-03 01:46:44.000000,54.5,0.0,1,0,54.5,0.0,0.0,NO REFUND
29598,23650,2026-02-23 17:01:53.000000,55.0,0.0,1,0,55.0,0.0,0.0,NO REFUND
83783,67045,2026-06-16 04:51:07.023861,175.0,0.0,2,0,175.0,0.0,0.0,NO REFUND
84712,67779,2020-05-18 02:11:57.000000,55.0,55.0,1,1,0.0,1.0,1.0,FULLY REFUNDED
19745,15766,2024-05-05 06:37:27.000000,55.0,0.0,1,0,55.0,0.0,0.0,NO REFUND
48082,38411,2026-06-15 23:23:37.338548,55.0,0.0,1,0,55.0,0.0,0.0,NO REFUND
60451,48278,2025-07-12 10:38:04.000000,55.0,0.0,1,0,55.0,0.0,0.0,NO REFUND
38689,30900,2024-03-16 05:17:50.000000,58.5,0.0,1,0,58.5,0.0,0.0,NO REFUND
88732,71001,2023-10-20 08:07:44.000000,58.5,0.0,1,0,58.5,0.0,0.0,NO REFUND
1235,981,2023-06-14 15:13:56.000000,58.5,0.0,1,0,58.5,0.0,0.0,NO REFUND
121147,96978,2026-04-18 14:37:49.000000,168.52,168.52,2,2,0.0,1.0,1.0,FULLY REFUNDED
124311,99552,2024-09-21 20:08:05.000000,59.0,0.0,1,0,59.0,0.0,0.0,NO REFUND
105533,84594,2026-04-30 15:20:02.000000,59.0,0.0,1,0,59.0,0.0,0.0,NO REFUND
98818,79226,2026-01-10 10:46:17.000000,59.5,0.0,1,0,59.5,0.0,0.0,NO REFUND
78466,62721,2025-08-24 09:46:04.000000,59.52,0.0,1,0,59.52,0.0,0.0,NO REFUND
38723,30932,2025-02-01 06:41:40.000000,60.0,0.0,1,0,60.0,0.0,0.0,NO REFUND
53357,42605,2025-04-20 01:35:46.000000,60.0,0.0,1,0,60.0,0.0,0.0,NO REFUND
118104,94561,2024-07-12 17:00:42.000000,229.82,0.0,3,0,229.82,0.0,0.0,NO REFUND
120372,96353,2023-12-30 12:47:17.000000,60.99,0.0,1,0,60.99,0.0,0.0,NO REFUND
115359,92355,2024-02-09 16:34:21.000000,63.99,0.0,1,0,63.99,0.0,0.0,NO REFUND
92928,74447,2024-05-25 18:01:27.000000,64.69,0.0,1,0,64.69,0.0,0.0,NO REFUND
108323,86771,2022-09-17 15:19:29.000000,64.99,0.0,1,0,64.99,0.0,0.0,NO REFUND
114257,91494,2025-08-13 05:06:26.000000,286.0,0.0,3,0,286.0,0.0,0.0,NO REFUND
79482,63529,2024-01-18 03:25:16.000000,68.0,0.0,1,0,68.0,0.0,0.0,NO REFUND
80889,64705,2026-06-01 07:01:06.000000,69.5,69.5,1,1,0.0,1.0,1.0,FULLY REFUNDED
21980,17542,2026-03-09 22:31:28.000000,69.99,0.0,1,0,69.99,0.0,0.0,NO REFUND
31857,25444,2022-07-16 07:20:33.000000,69.99,0.0,1,0,69.99,0.0,0.0,NO REFUND
57731,46139,2026-03-05 08:24:36.000000,75.0,0.0,1,0,75.0,0.0,0.0,NO REFUND
40513,32346,2024-11-21 21:35:09.000000,75.56,0.0,1,0,75.56,0.0,0.0,NO REFUND
34742,27751,2023-12-17 06:37:16.000000,79.1,0.0,1,0,79.1,0.0,0.0,NO REFUND
108144,86633,2022-09-13 02:25:26.000000,79.5,0.0,1,0,79.5,0.0,0.0,NO REFUND
11481,9126,2023-03-25 16:00:26.000000,79.5,0.0,1,0,79.5,0.0,0.0,NO REFUND
50620,40455,2026-06-14 18:11:19.495124,79.99,0.0,1,0,79.99,0.0,0.0,NO REFUND
61464,49106,2024-12-29 12:57:27.000000,84.12,0.0,1,0,84.12,0.0,0.0,NO REFUND
83896,67150,2024-05-03 08:11:26.000000,305.0,305.0,2,2,0.0,1.0,1.0,FULLY REFUNDED
75024,59987,2024-11-27 15:49:45.000000,86.11,0.0,1,0,86.11,0.0,0.0,NO REFUND
66093,52828,2023-10-27 00:37:02.000000,328.64,0.0,2,0,328.64,0.0,0.0,NO REFUND
60007,47934,2026-05-29 17:36:18.000000,178.0,0.0,2,0,178.0,0.0,0.0,NO REFUND
46360,37031,2023-11-19 16:37:14.000000,89.5,0.0,1,0,89.5,0.0,0.0,NO REFUND
48733,38900,2026-05-30 16:18:23.000000,90.0,0.0,1,0,90.0,0.0,0.0,NO REFUND
1563,1224,2024-06-05 16:37:43.000000,92.56,0.0,1,0,92.56,0.0,0.0,NO REFUND
83769,67034,2026-02-25 01:40:41.000000,94.95,0.0,1,0,94.95,0.0,0.0,NO REFUND
41497,33098,2021-10-30 15:37:47.000000,94.95,0.0,1,0,94.95,0.0,0.0,NO REFUND
3118,2493,2025-01-10 02:50:32.000000,94.99,0.0,1,0,94.99,0.0,0.0,NO REFUND
72270,57792,2026-06-13 05:12:30.432145,97.0,0.0,1,0,97.0,0.0,0.0,NO REFUND
100815,80835,2026-03-10 17:54:45.000000,97.95,0.0,1,0,97.95,0.0,0.0,NO REFUND
90527,72442,2026-06-15 21:38:59.000000,98.0,0.0,1,0,98.0,0.0,0.0,NO REFUND
36062,28766,2026-02-25 03:02:20.000000,98.0,0.0,1,0,98.0,0.0,0.0,NO REFUND
22900,18290,2023-01-17 04:29:49.000000,98.0,0.0,1,0,98.0,0.0,0.0,NO REFUND
115878,92775,2024-01-07 04:38:52.000000,98.0,0.0,1,0,98.0,0.0,0.0,NO REFUND
111631,89404,2026-06-08 10:36:56.000000,98.08,98.08,1,1,0.0,1.0,1.0,FULLY REFUNDED
70724,56555,2026-05-31 10:52:29.000000,98.95,0.0,1,0,98.95,0.0,0.0,NO REFUND
85208,68181,2025-02-28 15:00:00.000000,99.99,0.0,1,0,99.99,0.0,0.0,NO REFUND
99013,79394,2024-10-21 03:53:12.000000,105.26,0.0,1,0,105.26,0.0,0.0,NO REFUND
94765,75964,2025-08-30 00:24:11.000000,109.0,0.0,1,0,109.0,0.0,0.0,NO REFUND
63515,50765,2025-01-17 06:40:26.000000,110.0,110.0,1,1,0.0,1.0,1.0,FULLY REFUNDED
124119,99393,2026-06-14 11:24:53.961949,110.0,0.0,1,0,110.0,0.0,0.0,NO REFUND
32415,25886,2021-08-29 02:06:31.000000,114.75,0.0,1,0,114.75,0.0,0.0,NO REFUND
9771,7796,2023-09-08 08:22:17.000000,131.94,0.0,1,0,131.94,0.0,0.0,NO REFUND
60612,48401,2022-01-06 01:28:05.000000,138.0,0.0,1,0,138.0,0.0,0.0,NO REFUND
10766,8584,2021-08-20 22:58:39.000000,138.0,138.0,1,1,0.0,1.0,1.0,FULLY REFUNDED
33421,26647,2026-05-24 18:13:33.000000,140.0,0.0,1,0,140.0,0.0,0.0,NO REFUND
6480,5134,2025-03-06 22:41:48.000000,142.8,0.0,1,0,142.8,0.0,0.0,NO REFUND
34476,27528,2025-02-05 20:16:31.000000,148.0,148.0,1,1,0.0,1.0,1.0,FULLY REFUNDED
5854,4631,2025-12-23 03:58:14.000000,150.0,0.0,1,0,150.0,0.0,0.0,NO REFUND
85157,68138,2023-05-31 22:44:24.000000,328.0,0.0,2,0,328.0,0.0,0.0,NO REFUND
113556,90902,2023-02-08 11:21:46.000000,171.95,0.0,1,0,171.95,0.0,0.0,NO REFUND
10893,8682,2026-06-14 08:53:59.560031,178.0,178.0,1,1,0.0,1.0,1.0,FULLY REFUNDED
92541,74112,2024-01-02 11:08:21.000000,195.0,0.0,1,0,195.0,0.0,0.0,NO REFUND
51052,40790,2025-03-02 05:26:21.000000,239.99,239.99,1,1,0.0,1.0,1.0,FULLY REFUNDED
33196,26490,2025-09-09 05:49:02.000000,265.99,0.0,1,0,265.99,0.0,0.0,NO REFUND
40836,32591,2024-02-12 09:18:10.000000,279.99,0.0,1,0,279.99,0.0,0.0,NO REFUND
111127,89007,2022-03-09 15:30:50.000000,345.99,345.99,1,1,0.0,1.0,1.0,FULLY REFUNDED
109815,87977,2025-12-21 17:59:01.000000,374.0,0.0,1,0,374.0,0.0,0.0,NO REFUND
93905,75261,2026-02-19 00:43:57.000000,399.0,399.0,1,1,0.0,1.0,1.0,FULLY REFUNDED
115285,92295,2022-11-17 19:45:49.000000,449.0,0.0,1,0,449.0,0.0,0.0,NO REFUND
-3,46811,2026-06-16 10:22:00.000000,291.0,291.0,3,3,0.0,1.0,1.0,FULLY REFUNDED
-12,77461,2026-06-16 09:30:00.000000,258.0,0.0,2,0,258.0,0.0,0.0,NO REFUND
-22,11691,2026-06-16 17:15:00.000000,344.0,0.0,3,0,344.0,0.0,0.0,NO REFUND
-33,29458,2026-06-16 12:21:00.000000,388.0,0.0,3,0,388.0,0.0,0.0,NO REFUND
-47,80533,2026-06-16 12:42:00.000000,176.0,62.0,2,1,114.0,0.3523,0.5,PARTIALLY REFUNDED
-76,95155,2026-06-16 17:51:00.000000,417.0,0.0,3,0,417.0,0.0,0.0,NO REFUND
-80,86724,2026-06-16 16:12:00.000000,298.0,0.0,2,0,298.0,0.0,0.0,NO REFUND
-87,76848,2026-06-16 09:14:00.000000,25.0,0.0,1,0,25.0,0.0,0.0,NO REFUND
-112,43257,2026-06-16 14:05:00.000000,249.0,57.0,2,1,192.0,0.2289,0.5,PARTIALLY REFUNDED
-123,97518,2026-06-16 10:27:00.000000,294.0,0.0,2,0,294.0,0.0,0.0,NO REFUND
-126,67008,2026-06-16 09:57:00.000000,371.0,188.0,2,1,183.0,0.5067,0.5,PARTIALLY REFUNDED
-134,73547,2026-06-16 11:38:00.000000,245.0,72.0,3,1,173.0,0.2939,0.3333,PARTIALLY REFUNDED
-139,82620,2026-06-16 15:53:00.000000,318.0,0.0,3,0,318.0,0.0,0.0,NO REFUND
-167,29370,2026-06-16 12:23:00.000000,101.0,0.0,1,0,101.0,0.0,0.0,NO REFUND
-176,38646,2026-06-16 10:24:00.000000,195.0,0.0,1,0,195.0,0.0,0.0,NO REFUND
-184,74694,2026-06-16 17:17:00.000000,378.0,0.0,3,0,378.0,0.0,0.0,NO REFUND
-214,40063,2026-06-16 10:19:00.000000,240.0,0.0,3,0,240.0,0.0,0.0,NO REFUND
-225,65927,2026-06-16 15:46:00.000000,114.0,0.0,1,0,114.0,0.0,0.0,NO REFUND
-226,18874,2026-06-16 11:01:00.000000,315.0,0.0,3,0,315.0,0.0,0.0,NO REFUND
-228,77886,2026-06-16 16:05:00.000000,341.0,0.0,3,0,341.0,0.0,0.0,NO REFUND
-245,36723,2026-06-16 12:20:00.000000,387.0,0.0,3,0,387.0,0.0,0.0,NO REFUND
-246,27750,2026-06-16 09:44:00.000000,245.0,0.0,3,0,245.0,0.0,0.0,NO REFUND
-252,36571,2026-06-16 16:58:00.000000,248.0,0.0,3,0,248.0,0.0,0.0,NO REFUND
-257,89934,2026-06-16 11:25:00.000000,300.0,0.0,2,0,300.0,0.0,0.0,NO REFUND
-278,91459,2026-06-16 11:10:00.000000,80.0,0.0,1,0,80.0,0.0,0.0,NO REFUND
-284,59210,2026-06-16 17:41:00.000000,370.0,0.0,2,0,370.0,0.0,0.0,NO REFUND
49331,39360,2026-05-22 05:58:20.000000,209.48,0.0,2,0,209.48,0.0,0.0,NO REFUND
92204,73830,2024-09-02 07:50:04.000000,4.13,0.0,1,0,4.13,0.0,0.0,NO REFUND
56047,44792,2026-04-10 10:05:08.000000,4.13,0.0,1,0,4.13,0.0,0.0,NO REFUND
107938,86481,2025-01-06 13:41:44.000000,219.7,0.0,4,0,219.7,0.0,0.0,NO REFUND
16488,13133,2025-11-02 04:23:02.000000,46.99,46.99,2,2,0.0,1.0,1.0,FULLY REFUNDED
41820,33354,2026-02-20 22:05:40.000000,261.33,0.0,4,0,261.33,0.0,0.0,NO REFUND
91851,73547,2024-03-14 10:21:28.000000,6.83,0.0,1,0,6.83,0.0,0.0,NO REFUND
27484,21977,2025-12-11 22:47:14.000000,42.99,0.0,2,0,42.99,0.0,0.0,NO REFUND
83032,66440,2026-05-03 06:48:35.000000,7.0,0.0,1,0,7.0,0.0,0.0,NO REFUND
56908,45487,2026-01-11 12:55:21.000000,27.55,0.0,2,0,27.55,0.0,0.0,NO REFUND
124431,99630,2024-05-18 20:30:25.000000,7.99,0.0,1,0,7.99,0.0,0.0,NO REFUND
114289,91522,2026-03-01 09:55:05.000000,185.48,0.0,4,0,185.48,0.0,0.0,NO REFUND
47273,37772,2025-04-17 21:42:20.000000,131.67,0.0,4,0,131.67,0.0,0.0,NO REFUND
90810,72672,2026-01-31 12:58:07.000000,51.44,0.0,3,0,51.44,0.0,0.0,NO REFUND
86097,68933,2026-06-13 13:17:28.000000,8.75,0.0,1,0,8.75,0.0,0.0,NO REFUND
98704,79133,2025-12-17 12:42:58.000000,162.74,0.0,4,0,162.74,0.0,0.0,NO REFUND
68985,55186,2022-09-02 06:13:12.000000,8.75,0.0,1,0,8.75,0.0,0.0,NO REFUND
1275,1014,2025-12-08 03:49:57.000000,99.4,0.0,3,0,99.4,0.0,0.0,NO REFUND
15738,12561,2020-12-03 15:52:42.000000,101.98,0.0,3,0,101.98,0.0,0.0,NO REFUND
63396,50670,2025-10-06 18:14:36.000000,217.99,0.0,4,0,217.99,0.0,0.0,NO REFUND
13352,10603,2024-12-31 11:22:41.000000,8.99,0.0,1,0,8.99,0.0,0.0,NO REFUND
21117,16891,2022-12-27 01:48:31.000000,28.98,0.0,2,0,28.98,0.0,0.0,NO REFUND
64609,51612,2026-04-13 12:58:16.000000,215.71,0.0,4,0,215.71,0.0,0.0,NO REFUND
5563,4393,2026-06-15 04:23:45.000000,148.98,0.0,2,0,148.98,0.0,0.0,NO REFUND
77061,61612,2025-07-20 11:23:58.000000,9.12,0.0,1,0,9.12,0.0,0.0,NO REFUND
16836,13407,2025-10-28 15:47:50.000000,96.88,0.0,4,0,96.88,0.0,0.0,NO REFUND
107365,86034,2023-09-05 07:31:47.000000,25.14,25.14,2,2,0.0,1.0,1.0,FULLY REFUNDED
93069,74553,2025-02-01 20:23:24.000000,139.28,0.0,4,0,139.28,0.0,0.0,NO REFUND
55174,44077,2023-10-10 17:00:13.000000,9.99,0.0,1,0,9.99,0.0,0.0,NO REFUND
105622,84668,2022-03-26 15:07:36.000000,10.0,0.0,1,0,10.0,0.0,0.0,NO REFUND
96217,77129,2026-06-12 20:22:58.041748,104.78,0.0,2,0,104.78,0.0,0.0,NO REFUND
19196,15335,2026-06-13 21:25:16.000000,10.87,10.87,1,1,0.0,1.0,1.0,FULLY REFUNDED
23542,18796,2023-01-04 15:02:31.000000,10.97,0.0,1,0,10.97,0.0,0.0,NO REFUND
30242,24156,2025-07-14 22:33:53.000000,161.97,0.0,4,0,161.97,0.0,0.0,NO REFUND
55520,44350,2023-01-08 09:26:38.000000,82.98,0.0,2,0,82.98,0.0,0.0,NO REFUND
6858,5467,2025-12-26 07:17:25.000000,11.41,0.0,1,0,11.41,0.0,0.0,NO REFUND
116750,93467,2026-01-24 23:04:37.000000,45.44,0.0,2,0,45.44,0.0,0.0,NO REFUND
74004,59193,2026-06-14 20:43:57.172526,11.67,0.0,1,0,11.67,0.0,0.0,NO REFUND
64372,51435,2024-04-09 11:36:25.000000,11.95,0.0,1,0,11.95,0.0,0.0,NO REFUND
62486,49920,2022-02-15 03:06:30.000000,87.59,0.0,2,0,87.59,0.0,0.0,NO REFUND
63764,50954,2025-04-11 12:46:52.000000,274.54,0.0,4,0,274.54,0.0,0.0,NO REFUND
123926,99242,2022-01-23 21:40:03.000000,26.99,0.0,2,0,26.99,0.0,0.0,NO REFUND
8207,6559,2024-09-29 09:14:52.000000,12.5,0.0,1,0,12.5,0.0,0.0,NO REFUND
24765,19776,2026-01-20 12:44:51.000000,12.5,0.0,1,0,12.5,0.0,0.0,NO REFUND
62282,49742,2026-04-20 13:15:54.000000,12.51,0.0,1,0,12.51,0.0,0.0,NO REFUND
69558,55630,2024-10-03 11:30:49.000000,37.95,0.0,2,0,37.95,0.0,0.0,NO REFUND
48328,38608,2023-12-17 10:49:38.000000,228.98,0.0,4,0,228.98,0.0,0.0,NO REFUND
44228,35282,2026-01-28 17:03:51.000000,12.99,0.0,1,0,12.99,0.0,0.0,NO REFUND
55314,44186,2023-11-21 00:31:25.000000,248.37,0.0,4,0,248.37,0.0,0.0,NO REFUND
30714,24523,2024-04-13 10:59:58.000000,167.19,0.0,4,0,167.19,0.0,0.0,NO REFUND
57422,45915,2024-11-19 03:56:14.000000,113.95,0.0,4,0,113.95,0.0,0.0,NO REFUND
42728,34099,2025-08-14 10:35:26.000000,97.44,0.0,3,0,97.44,0.0,0.0,NO REFUND
8200,6549,2025-06-07 09:43:30.000000,162.0,162.0,2,2,0.0,1.0,1.0,FULLY REFUNDED
26290,21000,2023-10-11 01:37:11.000000,377.94,0.0,4,0,377.94,0.0,0.0,NO REFUND
98205,78734,2025-10-13 00:43:50.000000,120.97,0.0,3,0,120.97,0.0,0.0,NO REFUND
23976,19157,2024-10-28 03:15:02.000000,14.95,0.0,1,0,14.95,0.0,0.0,NO REFUND
98292,78807,2022-02-23 08:41:31.000000,14.99,0.0,1,0,14.99,0.0,0.0,NO REFUND
38780,30978,2026-02-17 12:36:12.000000,14.99,0.0,1,0,14.99,0.0,0.0,NO REFUND
22210,17719,2026-06-12 15:36:15.000000,41.0,41.0,2,2,0.0,1.0,1.0,FULLY REFUNDED
16389,13059,2026-04-23 09:29:04.000000,15.0,0.0,1,0,15.0,0.0,0.0,NO REFUND
14357,11444,2025-09-14 20:36:27.000000,15.52,15.52,1,1,0.0,1.0,1.0,FULLY REFUNDED
83014,66423,2024-12-09 18:51:00.000000,97.52,0.0,4,0,97.52,0.0,0.0,NO REFUND
12109,9641,2025-02-15 12:48:50.000000,229.54,0.0,4,0,229.54,0.0,0.0,NO REFUND
22990,18364,2021-08-25 17:00:16.000000,84.3,84.3,3,3,0.0,1.0,1.0,FULLY REFUNDED
102650,82302,2023-12-07 05:25:28.000000,141.45,141.45,3,3,0.0,1.0,1.0,FULLY REFUNDED
36533,29160,2024-09-20 09:18:44.000000,39.89,0.0,2,0,39.89,0.0,0.0,NO REFUND
61626,49227,2026-05-06 14:03:14.000000,217.52,0.0,4,0,217.52,0.0,0.0,NO REFUND
7215,5764,2026-04-04 03:39:30.000000,35.94,0.0,2,0,35.94,0.0,0.0,NO REFUND
15033,11993,2024-06-18 19:42:37.000000,295.94,0.0,2,0,295.94,0.0,0.0,NO REFUND
49630,39620,2024-06-30 09:06:50.000000,132.97,0.0,4,0,132.97,0.0,0.0,NO REFUND
54287,43351,2026-05-25 07:46:51.000000,15.99,0.0,1,0,15.99,0.0,0.0,NO REFUND
3087,2472,2026-05-14 03:56:12.000000,145.98,0.0,2,0,145.98,0.0,0.0,NO REFUND
83242,66605,2024-05-21 21:07:28.000000,127.49,0.0,3,0,127.49,0.0,0.0,NO REFUND
35484,28325,2025-04-20 23:29:40.000000,41.0,0.0,2,0,41.0,0.0,0.0,NO REFUND
116955,93647,2023-11-03 09:54:48.000000,108.48,0.0,4,0,108.48,0.0,0.0,NO REFUND
77226,61744,2026-01-10 03:53:40.000000,16.95,0.0,1,0,16.95,0.0,0.0,NO REFUND
67460,53956,2022-11-24 07:05:53.000000,16.99,0.0,1,0,16.99,0.0,0.0,NO REFUND
51918,41441,2026-02-10 17:04:16.000000,17.95,0.0,1,0,17.95,0.0,0.0,NO REFUND
110874,88796,2020-10-15 00:17:32.000000,17.95,0.0,1,0,17.95,0.0,0.0,NO REFUND
103711,83142,2025-06-09 01:14:31.000000,67.49,0.0,2,0,67.49,0.0,0.0,NO REFUND
4594,3630,2026-01-06 10:21:08.000000,131.95,0.0,3,0,131.95,0.0,0.0,NO REFUND
72872,58291,2023-03-03 13:03:01.000000,117.0,0.0,2,0,117.0,0.0,0.0,NO REFUND
60052,47963,2023-04-08 17:59:56.000000,210.54,0.0,4,0,210.54,0.0,0.0,NO REFUND
98380,78880,2026-05-19 22:23:50.000000,314.68,0.0,4,0,314.68,0.0,0.0,NO REFUND
2569,2049,2026-01-30 15:39:19.000000,18.97,0.0,1,0,18.97,0.0,0.0,NO REFUND
62066,49589,2023-07-13 17:11:24.000000,18.99,0.0,1,0,18.99,0.0,0.0,NO REFUND
68423,54752,2026-06-08 07:10:20.000000,189.98,0.0,3,0,189.98,0.0,0.0,NO REFUND
84889,67918,2026-01-08 11:19:30.000000,334.23,334.23,4,4,0.0,1.0,1.0,FULLY REFUNDED
29307,23419,2025-07-11 03:42:13.000000,79.3,0.0,2,0,79.3,0.0,0.0,NO REFUND
73585,58855,2023-09-11 21:08:03.000000,19.5,0.0,1,0,19.5,0.0,0.0,NO REFUND
75490,60376,2022-10-05 08:55:05.000000,188.87,188.87,4,4,0.0,1.0,1.0,FULLY REFUNDED
20182,16123,2021-05-03 21:47:46.000000,45.94,0.0,2,0,45.94,0.0,0.0,NO REFUND
36509,29132,2025-05-22 00:01:07.000000,132.99,0.0,3,0,132.99,0.0,0.0,NO REFUND
10070,8036,2024-12-27 18:13:48.000000,19.99,0.0,1,0,19.99,0.0,0.0,NO REFUND
51695,41280,2026-06-16 03:54:01.825819,19.99,0.0,1,0,19.99,0.0,0.0,NO REFUND
52238,41695,2025-12-29 02:46:45.000000,19.99,0.0,1,0,19.99,0.0,0.0,NO REFUND
24168,19314,2023-02-22 10:32:02.000000,84.99,0.0,2,0,84.99,0.0,0.0,NO REFUND
122057,97718,2024-07-17 22:57:10.000000,19.99,19.99,1,1,0.0,1.0,1.0,FULLY REFUNDED
10497,8352,2026-05-14 10:30:14.000000,128.16,0.0,4,0,128.16,0.0,0.0,NO REFUND
3989,3176,2025-09-09 18:45:35.000000,143.61,0.0,2,0,143.61,0.0,0.0,NO REFUND
30196,24118,2025-08-23 05:03:18.000000,20.0,0.0,1,0,20.0,0.0,0.0,NO REFUND
109391,87641,2025-01-12 09:00:32.000000,154.93,0.0,4,0,154.93,0.0,0.0,NO REFUND
26580,21244,2026-04-25 05:15:45.000000,46.98,0.0,2,0,46.98,0.0,0.0,NO REFUND
35188,28098,2025-10-19 17:01:48.000000,73.99,0.0,3,0,73.99,0.0,0.0,NO REFUND
119987,96044,2025-10-31 05:24:03.000000,60.7,0.0,2,0,60.7,0.0,0.0,NO REFUND
115093,92153,2022-07-11 22:39:18.000000,20.99,0.0,1,0,20.99,0.0,0.0,NO REFUND
41449,33068,2020-10-29 00:22:28.000000,21.34,0.0,1,0,21.34,0.0,0.0,NO REFUND
103016,82605,2023-08-29 09:46:27.000000,243.84,0.0,3,0,243.84,0.0,0.0,NO REFUND
99890,80127,2026-06-07 02:10:05.000000,21.9,0.0,1,0,21.9,0.0,0.0,NO REFUND
30839,24617,2026-02-22 11:18:07.000000,21.95,0.0,1,0,21.95,0.0,0.0,NO REFUND
50777,40570,2026-03-01 06:42:42.000000,184.98,0.0,4,0,184.98,0.0,0.0,NO REFUND
70362,56272,2024-05-13 16:36:58.000000,125.93,0.0,3,0,125.93,0.0,0.0,NO REFUND
3737,2964,2026-02-15 04:32:00.000000,22.0,0.0,1,0,22.0,0.0,0.0,NO REFUND
101659,81507,2026-01-08 11:48:00.000000,197.29,0.0,4,0,197.29,0.0,0.0,NO REFUND
92959,74467,2021-09-02 23:38:41.000000,22.0,0.0,1,0,22.0,0.0,0.0,NO REFUND
112180,89829,2023-04-13 22:02:32.000000,218.1,0.0,4,0,218.1,0.0,0.0,NO REFUND
44874,35787,2022-09-17 12:10:48.000000,22.97,0.0,1,0,22.97,0.0,0.0,NO REFUND
66709,53337,2024-05-06 09:29:13.000000,118.88,0.0,4,0,118.88,0.0,0.0,NO REFUND
102962,82554,2025-04-26 17:06:23.000000,23.0,0.0,1,0,23.0,0.0,0.0,NO REFUND
18965,15141,2024-06-04 12:44:10.000000,127.42,0.0,4,0,127.42,0.0,0.0,NO REFUND
3158,2518,2023-09-05 19:50:45.000000,23.5,0.0,1,0,23.5,0.0,0.0,NO REFUND
116185,93019,2021-10-02 22:34:39.000000,23.7,0.0,1,0,23.7,0.0,0.0,NO REFUND
44888,35800,2023-10-21 01:11:54.000000,23.97,23.97,1,1,0.0,1.0,1.0,FULLY REFUNDED
65964,52725,2023-07-23 14:32:54.000000,349.89,0.0,4,0,349.89,0.0,0.0,NO REFUND
98982,79361,2025-03-07 12:03:32.000000,93.98,0.0,2,0,93.98,0.0,0.0,NO REFUND
123719,99074,2025-06-02 20:04:47.000000,65.8,0.0,2,0,65.8,0.0,0.0,NO REFUND
3520,2800,2023-10-02 01:32:24.000000,24.0,0.0,1,0,24.0,0.0,0.0,NO REFUND
13579,10794,2026-05-10 11:01:56.000000,24.0,0.0,1,0,24.0,0.0,0.0,NO REFUND
115081,92143,2024-12-21 01:36:03.000000,103.66,0.0,3,0,103.66,0.0,0.0,NO REFUND
40679,32476,2019-09-28 06:17:59.000000,24.95,0.0,1,0,24.95,0.0,0.0,NO REFUND
76585,61232,2024-09-10 12:13:18.000000,24.99,0.0,1,0,24.99,0.0,0.0,NO REFUND
79426,63488,2020-06-10 00:32:31.000000,24.99,0.0,1,0,24.99,0.0,0.0,NO REFUND
114901,92010,2024-12-01 17:21:57.000000,82.99,0.0,2,0,82.99,0.0,0.0,NO REFUND
46390,37055,2020-06-15 23:25:12.000000,353.32,0.0,3,0,353.32,0.0,0.0,NO REFUND
98901,79298,2026-06-16 03:14:36.299712,24.99,0.0,1,0,24.99,0.0,0.0,NO REFUND
19028,15187,2025-11-02 10:33:28.000000,76.99,76.99,2,2,0.0,1.0,1.0,FULLY REFUNDED
43909,35036,2022-12-29 10:31:15.000000,68.13,0.0,2,0,68.13,0.0,0.0,NO REFUND
88613,70900,2026-02-17 15:35:52.000000,24.99,0.0,1,0,24.99,0.0,0.0,NO REFUND
12887,10231,2026-05-21 22:19:14.000000,184.5,0.0,3,0,184.5,0.0,0.0,NO REFUND
83518,66844,2026-04-30 11:16:01.000000,50.0,0.0,2,0,50.0,0.0,0.0,NO REFUND
8592,6870,2024-01-10 23:07:05.000000,25.0,0.0,1,0,25.0,0.0,0.0,NO REFUND
12926,10261,2022-02-28 02:19:03.000000,25.0,0.0,1,0,25.0,0.0,0.0,NO REFUND
56668,45278,2021-01-26 13:21:35.000000,95.0,0.0,2,0,95.0,0.0,0.0,NO REFUND
57486,45963,2024-02-09 00:28:45.000000,25.0,0.0,1,0,25.0,0.0,0.0,NO REFUND
73001,58401,2024-12-07 06:47:29.000000,94.99,0.0,2,0,94.99,0.0,0.0,NO REFUND
102698,82350,2023-04-18 08:51:09.000000,167.45,0.0,4,0,167.45,0.0,0.0,NO REFUND
48875,39011,2026-01-01 18:43:18.000000,25.0,0.0,1,0,25.0,0.0,0.0,NO REFUND
65370,52203,2021-11-30 01:44:32.000000,25.0,0.0,1,0,25.0,0.0,0.0,NO REFUND
86521,69279,2025-08-24 05:39:17.000000,371.0,0.0,4,0,371.0,0.0,0.0,NO REFUND
114815,91945,2024-05-06 13:37:50.000000,25.0,25.0,1,1,0.0,1.0,1.0,FULLY REFUNDED
50176,40074,2025-10-08 08:11:36.000000,63.95,0.0,2,0,63.95,0.0,0.0,NO REFUND
50207,40104,2026-05-21 21:52:34.000000,67.0,0.0,2,0,67.0,0.0,0.0,NO REFUND
61526,49146,2025-12-01 07:23:27.000000,25.2,0.0,1,0,25.2,0.0,0.0,NO REFUND
91716,73431,2023-05-08 14:18:59.000000,25.5,25.5,1,1,0.0,1.0,1.0,FULLY REFUNDED
66985,53575,2020-01-27 20:59:00.000000,327.99,0.0,4,0,327.99,0.0,0.0,NO REFUND
46874,37455,2024-10-27 17:13:42.000000,26.0,0.0,1,0,26.0,0.0,0.0,NO REFUND
100879,80878,2021-03-01 04:13:23.000000,81.95,0.0,2,0,81.95,0.0,0.0,NO REFUND
94661,75880,2024-08-29 17:05:21.000000,150.99,0.0,2,0,150.99,0.0,0.0,NO REFUND
9041,7219,2025-07-25 05:03:26.000000,284.99,284.99,4,4,0.0,1.0,1.0,FULLY REFUNDED
9647,7699,2022-08-02 05:19:45.000000,26.23,0.0,1,0,26.23,0.0,0.0,NO REFUND
4003,3191,2024-09-28 14:06:28.000000,26.47,26.47,1,1,0.0,1.0,1.0,FULLY REFUNDED
61759,49331,2023-10-30 10:41:11.000000,26.9,0.0,1,0,26.9,0.0,0.0,NO REFUND
31867,25450,2024-10-30 05:52:04.000000,116.49,0.0,2,0,116.49,0.0,0.0,NO REFUND
33925,27066,2023-10-21 02:25:49.000000,215.99,0.0,2,0,215.99,0.0,0.0,NO REFUND
95324,76402,2026-05-14 07:36:53.000000,105.71,0.0,3,0,105.71,0.0,0.0,NO REFUND
28668,22921,2026-03-10 08:46:21.000000,70.95,0.0,2,0,70.95,0.0,0.0,NO REFUND
102300,82014,2024-09-02 02:47:21.000000,27.7,0.0,1,0,27.7,0.0,0.0,NO REFUND
124060,99358,2024-06-08 11:11:19.000000,114.79,0.0,2,0,114.79,0.0,0.0,NO REFUND
93185,74662,2025-06-12 06:14:57.000000,94.68,0.0,2,0,94.68,0.0,0.0,NO REFUND
66833,53440,2024-09-03 16:16:37.000000,28.0,0.0,1,0,28.0,0.0,0.0,NO REFUND
40961,32687,2025-03-12 14:53:18.000000,192.45,0.0,4,0,192.45,0.0,0.0,NO REFUND
95470,76514,2021-06-07 20:32:19.000000,28.0,0.0,1,0,28.0,0.0,0.0,NO REFUND
28710,22948,2023-05-16 14:12:03.000000,775.99,0.0,3,0,775.99,0.0,0.0,NO REFUND
43325,34578,2022-03-05 06:13:52.000000,197.98,0.0,3,0,197.98,0.0,0.0,NO REFUND
49189,39240,2025-02-01 02:46:20.000000,126.95,0.0,2,0,126.95,0.0,0.0,NO REFUND
116032,92894,2025-04-06 15:24:34.000000,28.0,0.0,1,0,28.0,0.0,0.0,NO REFUND
113294,90704,2026-06-15 19:26:00.004908,28.95,28.95,1,1,0.0,1.0,1.0,FULLY REFUNDED
21014,16802,2023-06-06 13:10:18.000000,112.98,0.0,3,0,112.98,0.0,0.0,NO REFUND
12191,9709,2023-02-26 18:39:09.000000,29.18,0.0,1,0,29.18,0.0,0.0,NO REFUND
87059,69685,2026-04-15 02:51:51.000000,84.41,0.0,2,0,84.41,0.0,0.0,NO REFUND
95795,76797,2022-05-16 05:23:50.000000,29.9,0.0,1,0,29.9,0.0,0.0,NO REFUND
75348,60260,2025-11-03 17:14:08.000000,60.99,0.0,2,0,60.99,0.0,0.0,NO REFUND
15873,12656,2022-11-17 22:45:19.000000,69.94,0.0,2,0,69.94,0.0,0.0,NO REFUND
117685,94244,2023-03-12 08:48:57.000000,121.44,0.0,3,0,121.44,0.0,0.0,NO REFUND
20228,16168,2026-05-23 20:48:09.000000,325.59,0.0,4,0,325.59,0.0,0.0,NO REFUND
122399,98002,2026-03-09 10:14:40.000000,71.8,0.0,2,0,71.8,0.0,0.0,NO REFUND
60198,48073,2022-03-07 07:38:47.000000,30.2,0.0,1,0,30.2,0.0,0.0,NO REFUND
31233,24958,2026-05-11 22:43:15.000000,30.4,0.0,1,0,30.4,0.0,0.0,NO REFUND
81488,65201,2024-07-15 10:50:45.000000,80.5,0.0,2,0,80.5,0.0,0.0,NO REFUND
30475,24330,2025-03-06 23:01:20.000000,270.99,0.0,4,0,270.99,0.0,0.0,NO REFUND
75826,60647,2022-11-02 02:42:18.000000,31.98,0.0,1,0,31.98,0.0,0.0,NO REFUND
88810,71063,2026-05-13 17:04:55.000000,31.98,0.0,1,0,31.98,0.0,0.0,NO REFUND
83791,67051,2023-08-24 01:55:33.000000,31.99,0.0,1,0,31.99,0.0,0.0,NO REFUND
106424,85311,2023-08-16 04:19:47.000000,188.98,0.0,4,0,188.98,0.0,0.0,NO REFUND
117440,94047,2023-01-16 14:12:46.000000,485.89,0.0,4,0,485.89,0.0,0.0,NO REFUND
97781,78380,2026-03-13 06:09:45.000000,32.99,0.0,1,0,32.99,0.0,0.0,NO REFUND
110414,88431,2026-04-03 06:09:47.000000,32.99,0.0,1,0,32.99,0.0,0.0,NO REFUND
49183,39238,2023-12-29 04:55:36.000000,32.99,0.0,1,0,32.99,0.0,0.0,NO REFUND
106857,85628,2024-09-22 21:04:33.000000,32.99,0.0,1,0,32.99,0.0,0.0,NO REFUND
95962,76926,2022-11-21 19:03:07.000000,33.0,0.0,1,0,33.0,0.0,0.0,NO REFUND
65542,52346,2023-10-28 14:56:49.000000,33.0,33.0,1,1,0.0,1.0,1.0,FULLY REFUNDED
58727,46924,2026-03-06 06:30:25.000000,188.62,0.0,3,0,188.62,0.0,0.0,NO REFUND
91680,73400,2026-06-14 04:22:44.063788,34.0,0.0,1,0,34.0,0.0,0.0,NO REFUND
94651,75869,2023-03-12 05:21:27.000000,88.0,0.0,2,0,88.0,0.0,0.0,NO REFUND
103910,83299,2026-05-22 20:52:42.000000,34.0,0.0,1,0,34.0,0.0,0.0,NO REFUND
16791,13371,2024-06-05 14:12:48.000000,131.23,0.0,2,0,131.23,0.0,0.0,NO REFUND
115399,92387,2025-12-04 11:43:12.000000,120.18,0.0,2,0,120.18,0.0,0.0,NO REFUND
121483,97257,2024-10-21 00:19:29.000000,34.95,0.0,1,0,34.95,0.0,0.0,NO REFUND
79786,63761,2026-02-02 23:11:33.000000,163.97,0.0,3,0,163.97,0.0,0.0,NO REFUND
42670,34041,2024-02-27 02:32:00.000000,79.99,0.0,2,0,79.99,0.0,0.0,NO REFUND
75646,60496,2022-12-21 07:26:38.000000,34.99,0.0,1,0,34.99,0.0,0.0,NO REFUND
53758,42922,2023-06-30 09:16:18.000000,150.8,0.0,2,0,150.8,0.0,0.0,NO REFUND
39962,31910,2021-09-18 06:24:24.000000,134.08,0.0,2,0,134.08,0.0,0.0,NO REFUND
69851,55859,2026-04-27 14:47:17.000000,214.09,0.0,2,0,214.09,0.0,0.0,NO REFUND
10071,8038,2021-07-11 18:17:00.000000,108.95,0.0,2,0,108.95,0.0,0.0,NO REFUND
123886,99203,2025-08-15 17:55:05.000000,1217.94,0.0,4,0,1217.94,0.0,0.0,NO REFUND
61241,48919,2025-11-04 13:13:01.000000,37.99,0.0,1,0,37.99,0.0,0.0,NO REFUND
9753,7779,2025-01-18 10:23:26.000000,38.0,0.0,1,0,38.0,0.0,0.0,NO REFUND
12449,9915,2019-12-26 01:49:38.000000,90.98,90.98,2,2,0.0,1.0,1.0,FULLY REFUNDED
14679,11715,2020-08-11 02:49:09.000000,275.03,0.0,2,0,275.03,0.0,0.0,NO REFUND
118508,94876,2025-05-17 06:58:08.000000,38.19,38.19,1,1,0.0,1.0,1.0,FULLY REFUNDED
108115,86615,2021-08-22 12:34:10.000000,38.84,0.0,1,0,38.84,0.0,0.0,NO REFUND
58006,46359,2025-06-24 00:17:42.000000,39.45,0.0,1,0,39.45,0.0,0.0,NO REFUND
32151,25665,2024-05-07 23:37:45.000000,139.83,139.83,3,3,0.0,1.0,1.0,FULLY REFUNDED
61040,48743,2023-05-11 06:26:42.000000,39.95,0.0,1,0,39.95,0.0,0.0,NO REFUND
122540,98121,2026-06-04 12:44:09.000000,307.95,0.0,2,0,307.95,0.0,0.0,NO REFUND
37849,30215,2024-07-18 17:21:33.000000,39.98,0.0,1,0,39.98,0.0,0.0,NO REFUND
2527,2024,2026-05-12 03:51:30.000000,84.89,0.0,2,0,84.89,0.0,0.0,NO REFUND
8460,6760,2025-11-28 06:57:57.000000,86.49,0.0,2,0,86.49,0.0,0.0,NO REFUND
44276,35322,2025-01-07 09:39:53.000000,39.99,0.0,1,0,39.99,0.0,0.0,NO REFUND
101543,81411,2025-11-23 04:17:10.000000,39.99,0.0,1,0,39.99,0.0,0.0,NO REFUND
85248,68209,2020-02-01 18:31:46.000000,144.94,0.0,2,0,144.94,0.0,0.0,NO REFUND
24803,19811,2026-01-30 02:51:13.000000,41.45,0.0,1,0,41.45,0.0,0.0,NO REFUND
53727,42896,2026-01-29 03:46:46.000000,41.45,41.45,1,1,0.0,1.0,1.0,FULLY REFUNDED
122742,98282,2025-06-17 21:09:14.000000,96.8,0.0,2,0,96.8,0.0,0.0,NO REFUND
21791,17390,2026-02-16 03:09:59.000000,41.99,0.0,1,0,41.99,0.0,0.0,NO REFUND
80039,63978,2025-03-21 21:50:32.000000,41.99,0.0,1,0,41.99,0.0,0.0,NO REFUND
121085,96934,2025-01-14 06:37:05.000000,592.0,0.0,3,0,592.0,0.0,0.0,NO REFUND
17873,14233,2026-05-20 18:12:48.000000,172.42,0.0,2,0,172.42,0.0,0.0,NO REFUND
114898,92009,2024-09-18 03:32:22.000000,44.93,0.0,1,0,44.93,0.0,0.0,NO REFUND
93954,75310,2025-11-27 20:14:07.000000,330.99,0.0,2,0,330.99,0.0,0.0,NO REFUND
83661,66949,2025-01-23 08:40:00.000000,44.99,0.0,1,0,44.99,0.0,0.0,NO REFUND
13760,10948,2026-03-20 09:21:34.000000,150.55,150.55,2,2,0.0,1.0,1.0,FULLY REFUNDED
55446,44286,2021-01-03 22:22:54.000000,45.0,0.0,1,0,45.0,0.0,0.0,NO REFUND
54469,43494,2025-10-22 06:55:39.000000,46.0,0.0,1,0,46.0,0.0,0.0,NO REFUND
110175,88252,2026-04-29 10:18:43.000000,46.0,46.0,1,1,0.0,1.0,1.0,FULLY REFUNDED
28268,22597,2025-12-16 10:34:30.000000,46.99,0.0,1,0,46.99,0.0,0.0,NO REFUND
26502,21178,2024-06-26 03:27:22.000000,141.94,0.0,2,0,141.94,0.0,0.0,NO REFUND
121834,97546,2025-12-02 04:37:44.000000,48.98,0.0,1,0,48.98,0.0,0.0,NO REFUND
117919,94411,2024-09-05 09:18:54.000000,48.99,48.99,1,1,0.0,1.0,1.0,FULLY REFUNDED
90362,72315,2026-03-28 16:17:52.000000,49.0,0.0,1,0,49.0,0.0,0.0,NO REFUND
110386,88412,2025-06-07 22:53:39.000000,49.45,49.45,1,1,0.0,1.0,1.0,FULLY REFUNDED
104638,83866,2023-10-05 17:54:53.000000,181.44,0.0,2,0,181.44,0.0,0.0,NO REFUND
3049,2435,2024-11-20 17:38:07.000000,49.5,0.0,1,0,49.5,0.0,0.0,NO REFUND
12634,10052,2025-10-28 07:32:31.000000,953.27,0.0,3,0,953.27,0.0,0.0,NO REFUND
100744,80777,2026-01-05 22:05:22.000000,179.38,0.0,2,0,179.38,0.0,0.0,NO REFUND
57582,46029,2022-10-17 14:55:10.000000,764.8,0.0,4,0,764.8,0.0,0.0,NO REFUND
117979,94452,2021-05-05 17:11:17.000000,416.12,0.0,4,0,416.12,0.0,0.0,NO REFUND
120389,96367,2025-07-11 13:36:53.000000,49.99,0.0,1,0,49.99,0.0,0.0,NO REFUND
39693,31698,2023-06-11 07:33:20.000000,104.98,0.0,2,0,104.98,0.0,0.0,NO REFUND
104553,83781,2022-07-06 00:34:01.000000,49.99,0.0,1,0,49.99,0.0,0.0,NO REFUND
103803,83221,2021-11-06 23:08:14.000000,109.99,109.99,2,2,0.0,1.0,1.0,FULLY REFUNDED
31146,24877,2021-08-28 10:20:55.000000,49.99,0.0,1,0,49.99,0.0,0.0,NO REFUND
77734,62149,2025-02-12 19:39:52.000000,50.99,0.0,1,0,50.99,0.0,0.0,NO REFUND
58019,46369,2026-06-12 03:49:21.072899,52.0,0.0,1,0,52.0,0.0,0.0,NO REFUND
13456,10688,2026-05-24 20:21:15.000000,52.0,52.0,1,1,0.0,1.0,1.0,FULLY REFUNDED
89723,71791,2025-07-19 03:29:55.000000,52.0,52.0,1,1,0.0,1.0,1.0,FULLY REFUNDED
112282,89912,2026-03-15 10:44:03.000000,122.0,0.0,2,0,122.0,0.0,0.0,NO REFUND
116642,93378,2025-10-11 03:12:56.000000,108.08,0.0,2,0,108.08,0.0,0.0,NO REFUND
80436,64326,2023-01-30 18:42:52.000000,52.5,0.0,1,0,52.5,0.0,0.0,NO REFUND
111230,89083,2022-09-25 05:07:05.000000,53.0,0.0,1,0,53.0,0.0,0.0,NO REFUND
11520,9155,2024-11-28 14:55:59.000000,53.0,0.0,1,0,53.0,0.0,0.0,NO REFUND
69004,55206,2022-06-06 06:09:53.000000,53.02,0.0,1,0,53.02,0.0,0.0,NO REFUND
95544,76587,2025-08-31 06:48:29.000000,53.95,0.0,1,0,53.95,0.0,0.0,NO REFUND
38657,30868,2021-07-15 01:56:23.000000,194.0,0.0,2,0,194.0,0.0,0.0,NO REFUND
93842,75205,2026-02-13 16:47:59.000000,108.99,0.0,2,0,108.99,0.0,0.0,NO REFUND
102704,82353,2020-02-24 23:43:38.000000,232.0,0.0,2,0,232.0,0.0,0.0,NO REFUND
43841,34979,2020-12-28 03:52:21.000000,54.98,54.98,1,1,0.0,1.0,1.0,FULLY REFUNDED
22028,17577,2023-06-27 01:57:27.000000,252.99,0.0,2,0,252.99,0.0,0.0,NO REFUND
57141,45689,2024-11-15 00:56:08.000000,55.0,0.0,1,0,55.0,0.0,0.0,NO REFUND
84020,67242,2026-06-13 04:28:42.101026,117.36,0.0,2,0,117.36,0.0,0.0,NO REFUND
86529,69285,2025-08-26 11:24:47.000000,289.85,0.0,4,0,289.85,0.0,0.0,NO REFUND
61456,49097,2025-09-03 00:56:16.000000,57.19,0.0,1,0,57.19,0.0,0.0,NO REFUND
58978,47117,2026-06-15 04:18:34.268676,57.5,0.0,1,0,57.5,0.0,0.0,NO REFUND
43127,34420,2025-02-23 04:43:44.000000,192.95,0.0,2,0,192.95,0.0,0.0,NO REFUND
112840,90337,2024-06-16 23:18:01.000000,57.99,0.0,1,0,57.99,0.0,0.0,NO REFUND
18490,14724,2022-05-13 08:04:57.000000,58.0,58.0,1,1,0.0,1.0,1.0,FULLY REFUNDED
66900,53498,2026-01-05 18:38:21.000000,58.5,0.0,1,0,58.5,0.0,0.0,NO REFUND
76706,61333,2025-03-26 19:23:10.000000,58.5,58.5,1,1,0.0,1.0,1.0,FULLY REFUNDED
4986,3937,2020-03-09 12:04:21.000000,58.97,0.0,1,0,58.97,0.0,0.0,NO REFUND
75965,60747,2023-05-07 18:59:35.000000,59.0,0.0,1,0,59.0,0.0,0.0,NO REFUND
10262,8180,2025-09-05 05:14:05.000000,59.5,0.0,1,0,59.5,0.0,0.0,NO REFUND
62599,50022,2025-01-06 02:10:00.000000,60.0,0.0,1,0,60.0,0.0,0.0,NO REFUND
114405,91628,2025-05-28 05:20:37.000000,63.95,0.0,1,0,63.95,0.0,0.0,NO REFUND
57115,45665,2026-06-14 01:25:29.000000,1000.5,0.0,3,0,1000.5,0.0,0.0,NO REFUND
28234,22574,2026-06-06 04:52:25.000000,64.95,0.0,1,0,64.95,0.0,0.0,NO REFUND
82339,65890,2022-11-05 08:34:00.000000,65.0,0.0,1,0,65.0,0.0,0.0,NO REFUND
96280,77189,2023-05-06 17:12:36.000000,155.45,0.0,2,0,155.45,0.0,0.0,NO REFUND
12835,10189,2025-01-19 14:27:43.000000,65.0,0.0,1,0,65.0,0.0,0.0,NO REFUND
11138,8867,2025-04-01 21:29:55.000000,148.95,0.0,2,0,148.95,0.0,0.0,NO REFUND
94670,75885,2023-09-13 16:38:55.000000,135.2,0.0,2,0,135.2,0.0,0.0,NO REFUND
24109,19269,2025-12-20 08:32:34.000000,152.97,0.0,2,0,152.97,0.0,0.0,NO REFUND
123461,98861,2022-11-12 11:02:05.000000,69.5,0.0,1,0,69.5,0.0,0.0,NO REFUND
107689,86293,2026-06-15 13:55:27.000000,69.5,0.0,1,0,69.5,0.0,0.0,NO REFUND
39684,31693,2021-11-13 21:05:05.000000,69.99,0.0,1,0,69.99,0.0,0.0,NO REFUND
60854,48591,2021-08-17 02:38:28.000000,69.99,0.0,1,0,69.99,0.0,0.0,NO REFUND
61141,48824,2024-05-30 01:19:06.000000,72.0,0.0,1,0,72.0,0.0,0.0,NO REFUND
119170,95362,2026-05-25 20:05:42.000000,72.0,72.0,1,1,0.0,1.0,1.0,FULLY REFUNDED
113279,90687,2022-07-02 00:09:17.000000,74.0,0.0,1,0,74.0,0.0,0.0,NO REFUND
24741,19756,2024-10-15 07:42:50.000000,74.0,0.0,1,0,74.0,0.0,0.0,NO REFUND
34018,27146,2023-09-11 13:43:38.000000,78.0,0.0,1,0,78.0,0.0,0.0,NO REFUND
86110,68940,2024-05-16 08:55:30.000000,189.48,0.0,2,0,189.48,0.0,0.0,NO REFUND
10665,8487,2023-12-23 22:18:25.000000,79.99,79.99,1,1,0.0,1.0,1.0,FULLY REFUNDED
67321,53838,2025-10-30 13:13:01.000000,367.0,0.0,3,0,367.0,0.0,0.0,NO REFUND
88177,70538,2025-03-04 23:03:31.000000,80.99,0.0,1,0,80.99,0.0,0.0,NO REFUND
107210,85926,2024-11-24 06:09:29.000000,83.3,83.3,1,1,0.0,1.0,1.0,FULLY REFUNDED
12066,9607,2024-09-11 02:20:25.000000,85.0,0.0,1,0,85.0,0.0,0.0,NO REFUND
111807,89531,2023-06-05 16:42:52.000000,85.9,85.9,1,1,0.0,1.0,1.0,FULLY REFUNDED
863,697,2024-10-05 04:08:56.000000,233.5,0.0,2,0,233.5,0.0,0.0,NO REFUND
40754,32524,2025-11-09 21:51:35.000000,86.25,0.0,1,0,86.25,0.0,0.0,NO REFUND
112936,90416,2026-03-17 21:29:48.000000,89.0,0.0,1,0,89.0,0.0,0.0,NO REFUND
3775,2997,2024-09-08 15:37:50.000000,89.5,89.5,1,1,0.0,1.0,1.0,FULLY REFUNDED
96633,77485,2025-07-20 07:27:30.000000,518.94,0.0,3,0,518.94,0.0,0.0,NO REFUND
5752,4552,2023-08-03 22:03:32.000000,91.77,0.0,1,0,91.77,0.0,0.0,NO REFUND
25886,20677,2026-01-01 09:54:00.000000,94.95,0.0,1,0,94.95,0.0,0.0,NO REFUND
112092,89761,2025-02-05 00:28:20.000000,99.99,0.0,1,0,99.99,0.0,0.0,NO REFUND
23698,18936,2025-06-20 05:32:48.000000,100.99,0.0,1,0,100.99,0.0,0.0,NO REFUND
2986,2372,2022-07-19 02:18:05.000000,101.0,0.0,1,0,101.0,0.0,0.0,NO REFUND
114003,91285,2024-06-04 06:57:35.000000,105.26,0.0,1,0,105.26,0.0,0.0,NO REFUND
55015,43948,2026-03-21 00:52:21.000000,105.56,0.0,1,0,105.56,0.0,0.0,NO REFUND
16697,13292,2026-03-14 05:53:17.000000,275.99,0.0,2,0,275.99,0.0,0.0,NO REFUND
113502,90864,2026-06-10 03:44:10.000000,110.0,0.0,1,0,110.0,0.0,0.0,NO REFUND
18184,14494,2026-06-09 04:07:06.000000,129.88,0.0,1,0,129.88,0.0,0.0,NO REFUND
62746,50141,2026-05-25 09:13:25.000000,129.99,0.0,1,0,129.99,0.0,0.0,NO REFUND
56501,45137,2026-04-08 02:40:38.000000,338.0,0.0,2,0,338.0,0.0,0.0,NO REFUND
110141,88220,2026-05-07 18:04:50.000000,142.78,142.78,1,1,0.0,1.0,1.0,FULLY REFUNDED
2911,2306,2026-06-13 09:48:07.259014,149.99,0.0,1,0,149.99,0.0,0.0,NO REFUND
120614,96543,2025-09-26 15:33:05.000000,156.87,0.0,1,0,156.87,0.0,0.0,NO REFUND
79145,63263,2025-11-23 02:57:49.000000,158.33,0.0,1,0,158.33,0.0,0.0,NO REFUND
4391,3479,2025-09-07 01:07:39.000000,160.0,0.0,1,0,160.0,0.0,0.0,NO REFUND
60221,48091,2026-03-17 10:59:29.000000,160.0,0.0,1,0,160.0,0.0,0.0,NO REFUND
33189,26483,2021-03-22 11:13:34.000000,162.0,0.0,1,0,162.0,0.0,0.0,NO REFUND
28018,22399,2022-08-09 05:41:16.000000,169.0,0.0,1,0,169.0,0.0,0.0,NO REFUND
52915,42232,2025-09-09 00:43:52.000000,169.0,0.0,1,0,169.0,0.0,0.0,NO REFUND
38478,30714,2026-05-13 01:08:22.000000,169.99,0.0,1,0,169.99,0.0,0.0,NO REFUND
75657,60505,2024-04-22 19:39:00.000000,169.99,0.0,1,0,169.99,0.0,0.0,NO REFUND
105059,84207,2021-04-01 11:40:43.000000,170.0,170.0,1,1,0.0,1.0,1.0,FULLY REFUNDED
89200,71369,2022-08-03 09:40:10.000000,178.0,0.0,1,0,178.0,0.0,0.0,NO REFUND
2899,2297,2024-02-24 02:21:09.000000,189.5,0.0,1,0,189.5,0.0,0.0,NO REFUND
122267,97896,2022-04-28 10:11:35.000000,194.0,0.0,1,0,194.0,0.0,0.0,NO REFUND
42788,34147,2025-07-07 18:01:57.000000,218.0,0.0,1,0,218.0,0.0,0.0,NO REFUND
40872,32613,2025-08-21 19:59:10.000000,220.0,0.0,1,0,220.0,0.0,0.0,NO REFUND
11212,8917,2025-02-25 12:13:19.000000,220.0,0.0,1,0,220.0,0.0,0.0,NO REFUND
120214,96231,2026-01-23 13:15:30.000000,239.99,0.0,1,0,239.99,0.0,0.0,NO REFUND
52749,42092,2025-09-19 12:23:56.000000,264.0,0.0,1,0,264.0,0.0,0.0,NO REFUND
90484,72410,2025-08-09 12:58:11.000000,279.99,0.0,1,0,279.99,0.0,0.0,NO REFUND
77480,61940,2025-08-13 07:02:45.000000,399.0,0.0,1,0,399.0,0.0,0.0,NO REFUND
-8,54388,2026-06-16 13:38:00.000000,230.0,230.0,2,2,0.0,1.0,1.0,FULLY REFUNDED
-21,71139,2026-06-16 14:23:00.000000,268.0,141.0,2,1,127.0,0.5261,0.5,PARTIALLY REFUNDED
-44,82236,2026-06-16 14:18:00.000000,209.0,114.0,2,1,95.0,0.5455,0.5,PARTIALLY REFUNDED
-50,90775,2026-06-16 14:42:00.000000,130.0,0.0,1,0,130.0,0.0,0.0,NO REFUND
-78,95654,2026-06-16 12:18:00.000000,330.0,0.0,2,0,330.0,0.0,0.0,NO REFUND
-85,41374,2026-06-16 17:34:00.000000,263.0,0.0,2,0,263.0,0.0,0.0,NO REFUND
-91,11189,2026-06-16 15:35:00.000000,167.0,0.0,1,0,167.0,0.0,0.0,NO REFUND
-115,29132,2026-06-16 10:12:00.000000,315.0,155.0,2,1,160.0,0.4921,0.5,PARTIALLY REFUNDED
-125,79311,2026-06-16 16:57:00.000000,323.0,134.0,2,1,189.0,0.4149,0.5,PARTIALLY REFUNDED
-131,67842,2026-06-16 15:01:00.000000,154.0,0.0,2,0,154.0,0.0,0.0,NO REFUND
-137,23546,2026-06-16 15:10:00.000000,345.0,0.0,3,0,345.0,0.0,0.0,NO REFUND
-174,28409,2026-06-16 09:29:00.000000,322.0,0.0,3,0,322.0,0.0,0.0,NO REFUND
-179,74466,2026-06-16 17:10:00.000000,224.0,224.0,2,2,0.0,1.0,1.0,FULLY REFUNDED
-198,58842,2026-06-16 12:54:00.000000,115.0,57.0,2,1,58.0,0.4957,0.5,PARTIALLY REFUNDED
-206,45207,2026-06-16 15:08:00.000000,129.0,0.0,1,0,129.0,0.0,0.0,NO REFUND
-216,65201,2026-06-16 15:15:00.000000,508.0,0.0,3,0,508.0,0.0,0.0,NO REFUND
-230,33190,2026-06-16 17:03:00.000000,359.0,0.0,2,0,359.0,0.0,0.0,NO REFUND
-247,77157,2026-06-16 11:12:00.000000,459.0,459.0,3,3,0.0,1.0,1.0,FULLY REFUNDED
-248,59502,2026-06-16 12:22:00.000000,272.0,0.0,2,0,272.0,0.0,0.0,NO REFUND
-283,85826,2026-06-16 15:34:00.000000,196.0,0.0,3,0,196.0,0.0,0.0,NO REFUND
-287,54440,2026-06-16 12:37:00.000000,257.0,0.0,3,0,257.0,0.0,0.0,NO REFUND
73675,58925,2023-04-27 18:17:32.000000,2.95,2.95,1,1,0.0,1.0,1.0,FULLY REFUNDED
10521,8371,2024-03-09 23:45:47.000000,130.58,0.0,2,0,130.58,0.0,0.0,NO REFUND
100300,80451,2022-11-04 05:50:16.000000,171.67,0.0,4,0,171.67,0.0,0.0,NO REFUND
90084,72086,2023-10-14 06:44:17.000000,272.95,0.0,3,0,272.95,0.0,0.0,NO REFUND
68794,55035,2023-02-09 13:43:07.000000,31.0,0.0,2,0,31.0,0.0,0.0,NO REFUND
10247,8172,2026-01-30 03:04:07.000000,30.94,0.0,2,0,30.94,0.0,0.0,NO REFUND
86699,69424,2022-01-11 01:32:45.000000,79.93,0.0,3,0,79.93,0.0,0.0,NO REFUND
9461,7543,2026-05-10 00:36:29.000000,6.83,0.0,1,0,6.83,0.0,0.0,NO REFUND
100019,80245,2026-02-17 13:33:26.000000,6.94,0.0,1,0,6.94,0.0,0.0,NO REFUND
12431,9904,2025-12-28 10:10:15.000000,210.82,210.82,4,4,0.0,1.0,1.0,FULLY REFUNDED
68990,55194,2025-03-24 20:50:23.000000,20.73,0.0,2,0,20.73,0.0,0.0,NO REFUND
122094,97742,2024-03-09 03:03:48.000000,55.8,0.0,4,0,55.8,0.0,0.0,NO REFUND
22586,18032,2019-09-12 07:19:49.000000,202.4,0.0,4,0,202.4,0.0,0.0,NO REFUND
47983,38336,2024-06-08 04:03:18.000000,8.99,0.0,1,0,8.99,0.0,0.0,NO REFUND
107599,86223,2025-01-04 00:03:50.000000,8.99,0.0,1,0,8.99,0.0,0.0,NO REFUND
50410,40297,2025-04-25 18:49:17.000000,48.98,0.0,2,0,48.98,0.0,0.0,NO REFUND
103541,83020,2022-11-21 21:40:50.000000,98.36,98.36,4,4,0.0,1.0,1.0,FULLY REFUNDED
41358,32989,2025-10-13 09:58:44.000000,9.0,0.0,1,0,9.0,0.0,0.0,NO REFUND
19373,15462,2023-01-09 08:03:57.000000,106.85,106.85,4,4,0.0,1.0,1.0,FULLY REFUNDED
121587,97333,2024-10-22 12:32:32.000000,372.37,372.37,4,4,0.0,1.0,1.0,FULLY REFUNDED
109842,87998,2020-05-10 20:31:28.000000,124.52,0.0,4,0,124.52,0.0,0.0,NO REFUND
7895,6316,2025-04-02 20:48:36.000000,109.92,0.0,3,0,109.92,0.0,0.0,NO REFUND
67236,53772,2024-12-16 21:46:46.000000,236.08,236.08,4,4,0.0,1.0,1.0,FULLY REFUNDED
105921,84891,2023-08-25 04:37:54.000000,252.92,0.0,4,0,252.92,0.0,0.0,NO REFUND
72954,58360,2023-09-01 23:43:49.000000,63.99,0.0,2,0,63.99,0.0,0.0,NO REFUND
44550,35524,2025-11-30 05:35:30.000000,171.53,171.53,4,4,0.0,1.0,1.0,FULLY REFUNDED
120291,96287,2025-01-18 16:44:47.000000,28.99,0.0,2,0,28.99,0.0,0.0,NO REFUND
73805,59027,2026-03-21 20:06:25.000000,290.11,0.0,2,0,290.11,0.0,0.0,NO REFUND
52415,41853,2021-08-20 03:36:34.000000,953.21,0.0,3,0,953.21,0.0,0.0,NO REFUND
80821,64651,2026-05-10 13:07:58.000000,84.45,0.0,3,0,84.45,0.0,0.0,NO REFUND
62855,50225,2025-11-03 07:53:54.000000,21.5,0.0,2,0,21.5,0.0,0.0,NO REFUND
32337,25822,2026-05-16 15:52:48.000000,10.69,0.0,1,0,10.69,0.0,0.0,NO REFUND
84952,67976,2025-12-06 05:02:22.000000,10.69,0.0,1,0,10.69,0.0,0.0,NO REFUND
30695,24507,2025-07-14 15:55:31.000000,76.01,0.0,2,0,76.01,0.0,0.0,NO REFUND
63430,50694,2025-01-19 01:48:27.000000,193.97,193.97,4,4,0.0,1.0,1.0,FULLY REFUNDED
57618,46053,2026-05-22 14:37:48.000000,228.39,0.0,3,0,228.39,0.0,0.0,NO REFUND
30665,24480,2021-05-26 08:37:29.000000,160.36,0.0,3,0,160.36,0.0,0.0,NO REFUND
63142,50452,2025-06-13 12:43:15.000000,129.03,0.0,4,0,129.03,0.0,0.0,NO REFUND
50673,40496,2023-05-23 23:05:17.000000,11.25,0.0,1,0,11.25,0.0,0.0,NO REFUND
76428,61110,2025-12-23 15:49:29.000000,11.25,0.0,1,0,11.25,0.0,0.0,NO REFUND
124066,99361,2026-06-13 16:48:47.000000,71.12,0.0,3,0,71.12,0.0,0.0,NO REFUND
25067,20026,2022-08-18 21:44:26.000000,121.68,0.0,4,0,121.68,0.0,0.0,NO REFUND
87749,70226,2026-06-06 14:22:17.000000,11.95,0.0,1,0,11.95,0.0,0.0,NO REFUND
52844,42178,2024-09-07 04:04:42.000000,11.95,11.95,1,1,0.0,1.0,1.0,FULLY REFUNDED
29485,23560,2025-10-06 15:45:54.000000,76.98,0.0,2,0,76.98,0.0,0.0,NO REFUND
42678,34048,2022-02-14 04:33:04.000000,28.98,28.98,2,2,0.0,1.0,1.0,FULLY REFUNDED
89995,72019,2026-03-02 10:15:08.000000,41.97,0.0,2,0,41.97,0.0,0.0,NO REFUND
114118,91382,2022-05-03 05:15:22.000000,11.99,0.0,1,0,11.99,0.0,0.0,NO REFUND
34584,27605,2025-08-19 02:31:03.000000,156.96,0.0,4,0,156.96,0.0,0.0,NO REFUND
45914,36667,2025-04-11 13:59:04.000000,101.5,0.0,2,0,101.5,0.0,0.0,NO REFUND
62732,50128,2022-09-11 11:53:30.000000,122.0,0.0,2,0,122.0,0.0,0.0,NO REFUND
60159,48039,2024-12-02 15:15:55.000000,273.0,273.0,3,3,0.0,1.0,1.0,FULLY REFUNDED
898,723,2025-07-31 18:48:39.000000,188.99,0.0,4,0,188.99,0.0,0.0,NO REFUND
97202,77909,2025-05-13 04:10:45.000000,141.51,0.0,2,0,141.51,0.0,0.0,NO REFUND
110264,88326,2026-02-20 20:03:15.000000,203.03,0.0,3,0,203.03,0.0,0.0,NO REFUND
118844,95134,2024-03-25 21:58:45.000000,40.88,40.88,2,2,0.0,1.0,1.0,FULLY REFUNDED
47477,37927,2020-07-10 14:22:16.000000,144.93,0.0,2,0,144.93,0.0,0.0,NO REFUND
52272,41726,2026-05-13 16:51:54.000000,146.49,0.0,4,0,146.49,0.0,0.0,NO REFUND
529,440,2025-08-12 00:05:08.000000,58.0,0.0,2,0,58.0,0.0,0.0,NO REFUND
117234,93885,2024-12-21 02:01:38.000000,13.71,0.0,1,0,13.71,0.0,0.0,NO REFUND
63824,51006,2023-08-21 23:46:34.000000,272.68,0.0,4,0,272.68,0.0,0.0,NO REFUND
64486,51520,2025-03-19 12:59:16.000000,85.26,85.26,3,3,0.0,1.0,1.0,FULLY REFUNDED
50047,39977,2024-08-29 07:00:43.000000,41.9,41.9,2,2,0.0,1.0,1.0,FULLY REFUNDED
29508,23582,2020-03-03 00:45:27.000000,147.49,0.0,3,0,147.49,0.0,0.0,NO REFUND
63250,50549,2026-06-14 07:06:14.000000,29.0,0.0,2,0,29.0,0.0,0.0,NO REFUND
57117,45667,2025-10-15 01:29:50.000000,32.19,0.0,2,0,32.19,0.0,0.0,NO REFUND
15794,12602,2025-03-23 19:41:51.000000,230.92,0.0,3,0,230.92,0.0,0.0,NO REFUND
26097,20853,2024-12-08 17:55:01.000000,180.99,0.0,3,0,180.99,0.0,0.0,NO REFUND
107301,85992,2021-10-07 23:42:07.000000,14.99,0.0,1,0,14.99,0.0,0.0,NO REFUND
56239,44935,2026-04-12 16:01:22.000000,221.99,0.0,3,0,221.99,0.0,0.0,NO REFUND
62485,49920,2023-12-21 06:58:59.000000,14.99,0.0,1,0,14.99,0.0,0.0,NO REFUND
24222,19354,2025-11-10 05:30:07.000000,170.68,170.68,4,4,0.0,1.0,1.0,FULLY REFUNDED
30010,23965,2024-06-27 10:34:46.000000,14.99,14.99,1,1,0.0,1.0,1.0,FULLY REFUNDED
108603,86991,2024-05-12 18:51:53.000000,170.44,0.0,4,0,170.44,0.0,0.0,NO REFUND
119528,95654,2023-07-18 08:45:20.000000,14.99,0.0,1,0,14.99,0.0,0.0,NO REFUND
2555,2039,2024-06-13 08:47:04.000000,113.53,0.0,4,0,113.53,0.0,0.0,NO REFUND
72666,58111,2024-11-24 10:11:41.000000,140.48,0.0,4,0,140.48,0.0,0.0,NO REFUND
471,383,2026-02-03 05:50:15.000000,65.02,0.0,2,0,65.02,0.0,0.0,NO REFUND
116307,93127,2025-11-02 21:36:20.000000,139.9,0.0,4,0,139.9,0.0,0.0,NO REFUND
42265,33720,2026-03-27 18:15:38.000000,89.94,89.94,3,3,0.0,1.0,1.0,FULLY REFUNDED
1211,962,2026-06-10 19:17:54.000000,15.99,0.0,1,0,15.99,0.0,0.0,NO REFUND
93398,74848,2024-03-14 23:51:58.000000,261.99,0.0,2,0,261.99,0.0,0.0,NO REFUND
95915,76892,2026-01-17 16:12:38.000000,80.94,0.0,2,0,80.94,0.0,0.0,NO REFUND
35597,28409,2023-11-04 20:17:30.000000,71.21,0.0,2,0,71.21,0.0,0.0,NO REFUND
80129,64054,2026-06-08 19:42:33.000000,74.82,0.0,3,0,74.82,0.0,0.0,NO REFUND
95063,76192,2026-06-10 07:54:17.000000,296.92,296.92,4,4,0.0,1.0,1.0,FULLY REFUNDED
97479,78140,2024-12-28 23:15:13.000000,16.99,16.99,1,1,0.0,1.0,1.0,FULLY REFUNDED
97462,78126,2024-03-12 09:09:35.000000,67.0,0.0,2,0,67.0,0.0,0.0,NO REFUND
15722,12549,2025-01-01 18:00:50.000000,80.99,0.0,4,0,80.99,0.0,0.0,NO REFUND
87699,70181,2026-05-19 12:33:38.000000,17.05,0.0,1,0,17.05,0.0,0.0,NO REFUND
121157,96985,2026-04-14 15:05:53.000000,49.77,49.77,2,2,0.0,1.0,1.0,FULLY REFUNDED
60737,48501,2025-06-05 12:49:04.000000,18.0,0.0,1,0,18.0,0.0,0.0,NO REFUND
69765,55793,2026-02-24 03:10:23.000000,18.0,0.0,1,0,18.0,0.0,0.0,NO REFUND
3340,2655,2021-03-06 07:22:18.000000,118.27,0.0,4,0,118.27,0.0,0.0,NO REFUND
75187,60127,2019-06-06 10:05:34.000000,493.67,0.0,4,0,493.67,0.0,0.0,NO REFUND
117018,93700,2020-01-21 13:09:27.000000,18.0,18.0,1,1,0.0,1.0,1.0,FULLY REFUNDED
60667,48449,2023-08-03 03:35:24.000000,166.65,0.0,4,0,166.65,0.0,0.0,NO REFUND
31376,25066,2023-10-31 01:49:48.000000,18.95,0.0,1,0,18.95,0.0,0.0,NO REFUND
34552,27582,2026-06-06 15:17:21.000000,38.45,0.0,2,0,38.45,0.0,0.0,NO REFUND
48755,38913,2026-01-01 04:29:46.000000,377.49,0.0,4,0,377.49,0.0,0.0,NO REFUND
53918,43058,2024-04-12 01:12:58.000000,145.69,0.0,3,0,145.69,0.0,0.0,NO REFUND
61976,49505,2026-06-11 10:00:53.000000,56.94,0.0,2,0,56.94,0.0,0.0,NO REFUND
123359,98779,2023-12-10 21:56:47.000000,50.04,0.0,2,0,50.04,0.0,0.0,NO REFUND
38433,30682,2021-07-05 06:19:38.000000,126.65,0.0,4,0,126.65,0.0,0.0,NO REFUND
93449,74891,2026-02-03 03:58:02.000000,19.99,0.0,1,0,19.99,0.0,0.0,NO REFUND
43741,34895,2023-04-04 21:16:29.000000,98.99,0.0,2,0,98.99,0.0,0.0,NO REFUND
118437,94831,2025-10-25 08:35:19.000000,197.99,197.99,2,2,0.0,1.0,1.0,FULLY REFUNDED
3249,2592,2026-04-18 00:01:15.000000,123.99,0.0,3,0,123.99,0.0,0.0,NO REFUND
120302,96296,2025-12-12 00:08:12.000000,237.98,0.0,3,0,237.98,0.0,0.0,NO REFUND
54063,43189,2026-05-01 01:43:41.000000,131.61,0.0,4,0,131.61,0.0,0.0,NO REFUND
14716,11747,2025-05-01 07:02:57.000000,47.99,0.0,2,0,47.99,0.0,0.0,NO REFUND
73741,58977,2026-02-04 17:16:45.000000,131.16,0.0,3,0,131.16,0.0,0.0,NO REFUND
108885,87221,2022-09-08 13:50:01.000000,20.93,0.0,1,0,20.93,0.0,0.0,NO REFUND
86903,69574,2026-01-16 07:48:26.000000,117.0,0.0,4,0,117.0,0.0,0.0,NO REFUND
69555,55630,2024-01-04 04:13:36.000000,134.97,0.0,3,0,134.97,0.0,0.0,NO REFUND
119653,95761,2026-04-09 06:23:58.000000,181.83,0.0,3,0,181.83,0.0,0.0,NO REFUND
46065,36798,2024-11-26 18:05:59.000000,21.87,0.0,1,0,21.87,0.0,0.0,NO REFUND
112783,90282,2023-07-22 19:35:35.000000,21.87,0.0,1,0,21.87,0.0,0.0,NO REFUND
43273,34532,2026-06-16 11:15:22.555299,96.9,0.0,2,0,96.9,0.0,0.0,NO REFUND
116615,93358,2026-03-03 15:19:11.000000,43.95,0.0,2,0,43.95,0.0,0.0,NO REFUND
58600,46828,2022-08-06 17:46:30.000000,72.43,0.0,3,0,72.43,0.0,0.0,NO REFUND
118130,94578,2026-04-25 17:03:00.000000,21.99,0.0,1,0,21.99,0.0,0.0,NO REFUND
66879,53474,2025-01-13 05:39:15.000000,46.99,0.0,2,0,46.99,0.0,0.0,NO REFUND
70417,56316,2024-04-10 09:45:23.000000,133.68,0.0,4,0,133.68,0.0,0.0,NO REFUND
92901,74429,2024-09-27 19:56:30.000000,21.99,0.0,1,0,21.99,0.0,0.0,NO REFUND
75227,60162,2024-12-18 09:31:20.000000,21.99,0.0,1,0,21.99,0.0,0.0,NO REFUND
35034,27980,2022-12-30 04:39:29.000000,77.0,0.0,2,0,77.0,0.0,0.0,NO REFUND
82761,66221,2024-07-02 19:03:39.000000,22.45,22.45,1,1,0.0,1.0,1.0,FULLY REFUNDED
47117,37653,2023-05-17 21:46:25.000000,162.5,0.0,3,0,162.5,0.0,0.0,NO REFUND
19075,15228,2025-08-25 13:10:04.000000,46.73,0.0,2,0,46.73,0.0,0.0,NO REFUND
15075,12027,2021-07-18 11:06:28.000000,283.42,0.0,4,0,283.42,0.0,0.0,NO REFUND
86516,69277,2026-02-23 12:47:00.000000,442.96,0.0,4,0,442.96,0.0,0.0,NO REFUND
99927,80162,2025-03-17 23:00:08.000000,445.9,0.0,4,0,445.9,0.0,0.0,NO REFUND
88284,70627,2023-02-27 11:18:37.000000,276.22,0.0,4,0,276.22,0.0,0.0,NO REFUND
123964,99264,2023-12-31 02:10:22.000000,67.5,0.0,2,0,67.5,0.0,0.0,NO REFUND
67795,54254,2024-04-28 16:00:35.000000,23.99,0.0,1,0,23.99,0.0,0.0,NO REFUND
30024,23978,2025-07-06 00:57:08.000000,73.99,0.0,2,0,73.99,0.0,0.0,NO REFUND
32688,26107,2024-10-08 18:58:55.000000,63.98,0.0,2,0,63.98,0.0,0.0,NO REFUND
32117,25645,2023-03-22 04:13:11.000000,118.99,0.0,2,0,118.99,0.0,0.0,NO REFUND
73244,58588,2025-07-16 12:02:52.000000,23.99,0.0,1,0,23.99,0.0,0.0,NO REFUND
124479,99666,2023-10-28 23:15:06.000000,316.06,0.0,4,0,316.06,0.0,0.0,NO REFUND
31577,25231,2026-04-05 05:34:38.000000,181.75,0.0,4,0,181.75,0.0,0.0,NO REFUND
21558,17224,2024-12-13 05:07:43.000000,24.74,0.0,1,0,24.74,0.0,0.0,NO REFUND
47687,38085,2024-10-06 19:23:29.000000,24.98,0.0,1,0,24.98,0.0,0.0,NO REFUND
93431,74877,2026-02-06 15:29:52.000000,24.98,0.0,1,0,24.98,0.0,0.0,NO REFUND
74907,59894,2026-01-28 07:11:04.000000,223.95,223.95,4,4,0.0,1.0,1.0,FULLY REFUNDED
122430,98030,2022-07-06 13:07:43.000000,152.46,0.0,4,0,152.46,0.0,0.0,NO REFUND
15636,12487,2022-06-03 22:55:05.000000,102.99,0.0,2,0,102.99,0.0,0.0,NO REFUND
85278,68229,2025-08-10 18:08:52.000000,464.94,0.0,3,0,464.94,0.0,0.0,NO REFUND
104920,84090,2026-06-16 01:19:13.017189,64.94,64.94,2,2,0.0,1.0,1.0,FULLY REFUNDED
3042,2429,2020-11-13 02:16:37.000000,253.99,0.0,2,0,253.99,0.0,0.0,NO REFUND
39624,31644,2024-11-20 23:17:13.000000,139.73,0.0,3,0,139.73,0.0,0.0,NO REFUND
62894,50251,2022-10-06 19:52:28.000000,55.88,0.0,2,0,55.88,0.0,0.0,NO REFUND
37761,30143,2025-12-07 16:45:37.000000,25.0,0.0,1,0,25.0,0.0,0.0,NO REFUND
71729,57365,2026-02-12 14:26:01.000000,25.0,0.0,1,0,25.0,0.0,0.0,NO REFUND
89310,71473,2022-06-24 03:41:46.000000,25.0,0.0,1,0,25.0,0.0,0.0,NO REFUND
11976,9532,2024-09-08 06:00:03.000000,334.92,0.0,4,0,334.92,0.0,0.0,NO REFUND
43505,34719,2025-06-30 07:19:05.000000,108.84,0.0,2,0,108.84,0.0,0.0,NO REFUND
78664,62881,2023-11-17 08:09:44.000000,144.45,0.0,4,0,144.45,0.0,0.0,NO REFUND
105456,84529,2026-06-15 11:55:28.886119,25.0,0.0,1,0,25.0,0.0,0.0,NO REFUND
106351,85247,2025-06-27 12:28:44.000000,84.5,0.0,2,0,84.5,0.0,0.0,NO REFUND
110168,88248,2024-02-18 10:53:43.000000,25.0,0.0,1,0,25.0,0.0,0.0,NO REFUND
119418,95574,2025-03-10 09:53:32.000000,74.99,0.0,2,0,74.99,0.0,0.0,NO REFUND
36891,29443,2024-04-08 08:31:02.000000,25.0,0.0,1,0,25.0,0.0,0.0,NO REFUND
47001,37553,2026-06-15 22:21:39.281971,94.5,0.0,2,0,94.5,0.0,0.0,NO REFUND
48762,38921,2026-06-06 18:47:05.000000,25.0,25.0,1,1,0.0,1.0,1.0,FULLY REFUNDED
15558,12422,2025-10-12 10:39:57.000000,25.0,0.0,1,0,25.0,0.0,0.0,NO REFUND
50110,40025,2023-11-23 22:12:29.000000,151.0,0.0,2,0,151.0,0.0,0.0,NO REFUND
65701,52474,2023-09-23 09:42:58.000000,62.99,0.0,2,0,62.99,0.0,0.0,NO REFUND
104178,83487,2022-02-01 20:17:08.000000,50.0,0.0,2,0,50.0,0.0,0.0,NO REFUND
105327,84428,2025-08-15 23:49:10.000000,25.0,0.0,1,0,25.0,0.0,0.0,NO REFUND
115802,92708,2025-09-12 07:06:59.000000,59.95,0.0,2,0,59.95,0.0,0.0,NO REFUND
76293,60997,2026-02-28 04:26:27.000000,25.08,0.0,1,0,25.08,0.0,0.0,NO REFUND
9480,7558,2024-09-01 20:02:32.000000,129.93,129.93,3,3,0.0,1.0,1.0,FULLY REFUNDED
7669,6140,2026-05-13 00:55:04.000000,104.52,0.0,2,0,104.52,0.0,0.0,NO REFUND
45137,36026,2024-06-09 17:29:26.000000,25.52,0.0,1,0,25.52,0.0,0.0,NO REFUND
113513,90870,2022-12-05 05:16:05.000000,59.95,0.0,2,0,59.95,0.0,0.0,NO REFUND
788,628,2025-11-04 14:33:04.000000,25.98,0.0,1,0,25.98,0.0,0.0,NO REFUND
44363,35389,2025-04-21 10:27:38.000000,111.9,0.0,2,0,111.9,0.0,0.0,NO REFUND
59270,47364,2026-06-01 03:39:19.000000,114.77,0.0,2,0,114.77,0.0,0.0,NO REFUND
57441,45933,2024-05-06 21:45:07.000000,93.96,93.96,3,3,0.0,1.0,1.0,FULLY REFUNDED
84164,67367,2026-06-06 00:44:26.000000,86.5,0.0,2,0,86.5,0.0,0.0,NO REFUND
25973,20754,2024-03-29 14:22:59.000000,27.9,27.9,1,1,0.0,1.0,1.0,FULLY REFUNDED
122361,97968,2026-03-10 07:12:33.000000,157.95,0.0,3,0,157.95,0.0,0.0,NO REFUND
7712,6173,2022-01-29 22:55:20.000000,67.5,0.0,2,0,67.5,0.0,0.0,NO REFUND
25071,20027,2022-12-01 13:51:53.000000,57.99,0.0,2,0,57.99,0.0,0.0,NO REFUND
81385,65112,2026-05-15 10:23:29.000000,28.74,0.0,1,0,28.74,0.0,0.0,NO REFUND
96036,76983,2026-06-13 04:02:07.000000,168.83,0.0,3,0,168.83,0.0,0.0,NO REFUND
88282,70626,2025-11-06 12:06:02.000000,28.97,0.0,1,0,28.97,0.0,0.0,NO REFUND
107677,86282,2025-06-07 08:14:26.000000,83.99,0.0,2,0,83.99,0.0,0.0,NO REFUND
81724,65404,2023-10-06 17:58:32.000000,205.42,0.0,4,0,205.42,0.0,0.0,NO REFUND
70337,56250,2020-03-04 12:55:57.000000,29.9,0.0,1,0,29.9,0.0,0.0,NO REFUND
118257,94683,2025-08-17 07:53:43.000000,168.99,0.0,3,0,168.99,0.0,0.0,NO REFUND
41021,32729,2025-11-15 22:02:11.000000,146.99,0.0,3,0,146.99,0.0,0.0,NO REFUND
58387,46656,2026-04-05 05:02:20.000000,119.94,0.0,3,0,119.94,0.0,0.0,NO REFUND
77795,62199,2024-02-29 22:37:14.000000,129.37,0.0,3,0,129.37,0.0,0.0,NO REFUND
13295,10552,2025-11-11 03:34:38.000000,109.49,109.49,2,2,0.0,1.0,1.0,FULLY REFUNDED
22468,17933,2025-01-28 12:51:31.000000,171.57,171.57,4,4,0.0,1.0,1.0,FULLY REFUNDED
74885,59877,2026-01-15 16:03:47.000000,87.05,87.05,2,2,0.0,1.0,1.0,FULLY REFUNDED
109597,87799,2023-06-06 10:31:55.000000,30.0,0.0,1,0,30.0,0.0,0.0,NO REFUND
93928,75287,2025-07-06 03:03:37.000000,195.0,0.0,2,0,195.0,0.0,0.0,NO REFUND
42262,33718,2025-09-25 11:16:04.000000,217.4,0.0,3,0,217.4,0.0,0.0,NO REFUND
108490,86895,2025-05-23 01:17:46.000000,86.16,0.0,2,0,86.16,0.0,0.0,NO REFUND
79403,63468,2025-11-17 19:02:58.000000,68.95,0.0,2,0,68.95,0.0,0.0,NO REFUND
87895,70338,2026-04-04 01:15:42.000000,64.44,64.44,2,2,0.0,1.0,1.0,FULLY REFUNDED
119818,95906,2025-07-08 10:25:18.000000,67.85,0.0,2,0,67.85,0.0,0.0,NO REFUND
107890,86440,2026-01-03 22:01:34.000000,88.86,0.0,2,0,88.86,0.0,0.0,NO REFUND
119174,95364,2022-04-24 18:03:23.000000,79.16,79.16,2,2,0.0,1.0,1.0,FULLY REFUNDED
51687,41273,2023-02-26 22:25:21.000000,32.0,0.0,1,0,32.0,0.0,0.0,NO REFUND
45621,36424,2023-06-21 00:27:28.000000,32.0,0.0,1,0,32.0,0.0,0.0,NO REFUND
88881,71126,2024-09-25 08:30:06.000000,32.5,0.0,1,0,32.5,0.0,0.0,NO REFUND
14184,11301,2024-01-27 10:21:11.000000,32.5,0.0,1,0,32.5,0.0,0.0,NO REFUND
109435,87677,2022-08-19 03:08:15.000000,847.94,847.94,4,4,0.0,1.0,1.0,FULLY REFUNDED
29458,23538,2025-10-09 15:20:27.000000,32.99,0.0,1,0,32.99,0.0,0.0,NO REFUND
119112,95313,2025-04-30 12:28:44.000000,75.82,0.0,2,0,75.82,0.0,0.0,NO REFUND
57432,45925,2025-12-13 17:17:27.000000,318.62,0.0,4,0,318.62,0.0,0.0,NO REFUND
66699,53328,2021-09-29 01:38:44.000000,153.97,0.0,3,0,153.97,0.0,0.0,NO REFUND
109559,87776,2026-06-04 01:27:08.000000,88.97,0.0,2,0,88.97,0.0,0.0,NO REFUND
24455,19527,2024-06-04 22:42:06.000000,34.0,0.0,1,0,34.0,0.0,0.0,NO REFUND
31970,25536,2025-11-02 11:29:17.000000,124.5,0.0,2,0,124.5,0.0,0.0,NO REFUND
95537,76581,2024-04-08 00:41:48.000000,34.5,0.0,1,0,34.5,0.0,0.0,NO REFUND
50941,40684,2026-04-11 12:08:37.000000,398.46,0.0,4,0,398.46,0.0,0.0,NO REFUND
48935,39058,2025-01-15 05:24:51.000000,90.49,0.0,2,0,90.49,0.0,0.0,NO REFUND
4779,3786,2025-10-31 20:50:35.000000,732.99,732.99,2,2,0.0,1.0,1.0,FULLY REFUNDED
77409,61875,2023-11-05 20:25:44.000000,159.99,0.0,3,0,159.99,0.0,0.0,NO REFUND
88259,70605,2025-06-21 20:06:25.000000,35.0,0.0,1,0,35.0,0.0,0.0,NO REFUND
40508,32342,2020-01-03 17:46:18.000000,35.0,0.0,1,0,35.0,0.0,0.0,NO REFUND
58483,46733,2025-12-21 19:07:24.000000,261.22,0.0,4,0,261.22,0.0,0.0,NO REFUND
59973,47904,2025-04-13 12:32:49.000000,289.11,0.0,4,0,289.11,0.0,0.0,NO REFUND
65621,52414,2025-12-31 12:42:59.000000,37.89,0.0,1,0,37.89,0.0,0.0,NO REFUND
30529,24370,2021-11-11 12:21:54.000000,87.49,0.0,2,0,87.49,0.0,0.0,NO REFUND
31894,25473,2025-12-16 07:32:48.000000,233.99,0.0,2,0,233.99,0.0,0.0,NO REFUND
103103,82671,2019-10-01 20:02:58.000000,176.99,0.0,3,0,176.99,0.0,0.0,NO REFUND
19402,15484,2024-11-10 23:49:35.000000,208.97,0.0,2,0,208.97,0.0,0.0,NO REFUND
81954,65583,2026-03-15 14:05:03.000000,257.94,0.0,4,0,257.94,0.0,0.0,NO REFUND
84628,67709,2024-04-16 15:32:56.000000,38.0,0.0,1,0,38.0,0.0,0.0,NO REFUND
122709,98256,2024-08-11 01:05:31.000000,38.0,0.0,1,0,38.0,0.0,0.0,NO REFUND
46668,37291,2026-05-09 10:58:41.000000,129.4,0.0,2,0,129.4,0.0,0.0,NO REFUND
98408,78905,2022-03-22 09:23:21.000000,143.3,0.0,2,0,143.3,0.0,0.0,NO REFUND
118842,95133,2026-06-15 00:09:19.000000,39.5,39.5,1,1,0.0,1.0,1.0,FULLY REFUNDED
51863,41407,2025-03-03 11:27:43.000000,167.49,0.0,2,0,167.49,0.0,0.0,NO REFUND
26145,20883,2022-12-05 10:28:03.000000,123.99,0.0,2,0,123.99,0.0,0.0,NO REFUND
30299,24191,2024-03-08 02:39:43.000000,39.99,0.0,1,0,39.99,0.0,0.0,NO REFUND
61632,49231,2025-09-15 12:09:36.000000,39.99,0.0,1,0,39.99,0.0,0.0,NO REFUND
2704,2156,2025-11-08 14:14:49.000000,39.99,0.0,1,0,39.99,0.0,0.0,NO REFUND
825,665,2024-02-06 17:48:37.000000,39.99,0.0,1,0,39.99,0.0,0.0,NO REFUND
37046,29577,2023-07-25 03:28:02.000000,39.99,0.0,1,0,39.99,0.0,0.0,NO REFUND
21009,16798,2020-07-29 23:06:45.000000,175.59,0.0,2,0,175.59,0.0,0.0,NO REFUND
83788,67048,2026-06-15 21:55:27.075197,40.6,0.0,1,0,40.6,0.0,0.0,NO REFUND
105701,84721,2026-04-12 17:22:20.000000,83.0,83.0,2,2,0.0,1.0,1.0,FULLY REFUNDED
108555,86943,2025-09-17 14:56:11.000000,233.13,0.0,3,0,233.13,0.0,0.0,NO REFUND
29490,23565,2021-08-15 16:58:54.000000,41.8,0.0,1,0,41.8,0.0,0.0,NO REFUND
722,583,2023-06-05 05:53:55.000000,156.71,0.0,2,0,156.71,0.0,0.0,NO REFUND
11824,9393,2025-09-15 03:11:49.000000,42.0,0.0,1,0,42.0,0.0,0.0,NO REFUND
59219,47324,2025-12-21 05:16:34.000000,42.01,0.0,1,0,42.01,0.0,0.0,NO REFUND
108794,87136,2026-04-25 04:33:25.000000,42.01,0.0,1,0,42.01,0.0,0.0,NO REFUND
88508,70808,2025-04-12 22:05:48.000000,190.5,0.0,2,0,190.5,0.0,0.0,NO REFUND
39010,31170,2025-03-27 12:13:20.000000,43.15,0.0,1,0,43.15,0.0,0.0,NO REFUND
57025,45585,2025-03-14 01:30:42.000000,43.2,0.0,1,0,43.2,0.0,0.0,NO REFUND
63998,51137,2026-02-22 14:05:18.000000,44.0,0.0,1,0,44.0,0.0,0.0,NO REFUND
109283,87561,2019-10-26 00:55:43.000000,134.94,0.0,2,0,134.94,0.0,0.0,NO REFUND
50961,40706,2026-04-30 22:10:27.000000,45.0,0.0,1,0,45.0,0.0,0.0,NO REFUND
59831,47794,2026-05-03 20:54:17.000000,45.0,0.0,1,0,45.0,0.0,0.0,NO REFUND
68169,54550,2026-05-28 00:26:02.000000,124.95,124.95,2,2,0.0,1.0,1.0,FULLY REFUNDED
17109,13610,2021-06-21 17:00:01.000000,45.0,0.0,1,0,45.0,0.0,0.0,NO REFUND
113010,90475,2022-08-18 18:22:22.000000,399.99,0.0,3,0,399.99,0.0,0.0,NO REFUND
58580,46811,2024-05-24 01:38:14.000000,96.0,0.0,2,0,96.0,0.0,0.0,NO REFUND
5724,4530,2026-02-11 12:27:40.000000,421.45,421.45,3,3,0.0,1.0,1.0,FULLY REFUNDED
111276,89120,2025-11-30 11:56:20.000000,47.0,0.0,1,0,47.0,0.0,0.0,NO REFUND
123879,99199,2024-07-30 01:17:58.000000,138.44,0.0,2,0,138.44,0.0,0.0,NO REFUND
4592,3627,2026-05-30 06:38:43.000000,147.99,0.0,2,0,147.99,0.0,0.0,NO REFUND
104000,83364,2023-02-26 14:23:22.000000,48.0,0.0,1,0,48.0,0.0,0.0,NO REFUND
21612,17258,2026-02-11 09:34:44.000000,48.0,0.0,1,0,48.0,0.0,0.0,NO REFUND
50447,40327,2026-04-04 14:23:43.000000,257.46,0.0,4,0,257.46,0.0,0.0,NO REFUND
69849,55857,2026-05-26 17:09:58.000000,49.5,0.0,1,0,49.5,0.0,0.0,NO REFUND
104207,83510,2021-08-26 02:52:11.000000,49.5,0.0,1,0,49.5,0.0,0.0,NO REFUND
113837,91135,2025-02-19 04:42:33.000000,49.5,0.0,1,0,49.5,0.0,0.0,NO REFUND
6946,5539,2025-08-04 07:24:48.000000,49.5,0.0,1,0,49.5,0.0,0.0,NO REFUND
69355,55468,2025-04-10 09:40:58.000000,49.99,0.0,1,0,49.99,0.0,0.0,NO REFUND
35226,28124,2026-04-20 13:26:19.000000,49.99,0.0,1,0,49.99,0.0,0.0,NO REFUND
55278,44163,2025-01-22 18:22:45.000000,49.99,0.0,1,0,49.99,0.0,0.0,NO REFUND
113993,91274,2022-03-31 20:17:58.000000,159.99,0.0,2,0,159.99,0.0,0.0,NO REFUND
119234,95433,2022-03-30 11:31:08.000000,50.0,0.0,1,0,50.0,0.0,0.0,NO REFUND
119244,95441,2019-10-29 19:10:30.000000,50.0,0.0,1,0,50.0,0.0,0.0,NO REFUND
5493,4339,2025-05-15 12:48:06.000000,149.94,0.0,2,0,149.94,0.0,0.0,NO REFUND
25824,20631,2025-11-13 19:55:55.000000,52.0,0.0,1,0,52.0,0.0,0.0,NO REFUND
38527,30758,2024-05-24 07:32:00.000000,53.02,53.02,1,1,0.0,1.0,1.0,FULLY REFUNDED
89159,71344,2025-11-25 10:14:27.000000,53.02,0.0,1,0,53.02,0.0,0.0,NO REFUND
24521,19580,2026-06-12 18:38:00.750531,299.0,299.0,3,3,0.0,1.0,1.0,FULLY REFUNDED
38181,30467,2026-01-25 19:51:06.000000,54.0,0.0,1,0,54.0,0.0,0.0,NO REFUND
33114,26421,2025-01-28 14:33:48.000000,54.5,0.0,1,0,54.5,0.0,0.0,NO REFUND
81178,64941,2023-08-12 05:27:20.000000,54.98,54.98,1,1,0.0,1.0,1.0,FULLY REFUNDED
23241,18574,2024-05-16 08:36:01.000000,54.98,0.0,1,0,54.98,0.0,0.0,NO REFUND
33649,26851,2026-03-06 21:46:24.000000,122.98,0.0,2,0,122.98,0.0,0.0,NO REFUND
100646,80694,2020-06-02 01:06:46.000000,55.0,0.0,1,0,55.0,0.0,0.0,NO REFUND
36498,29124,2026-04-19 23:06:44.000000,320.0,0.0,2,0,320.0,0.0,0.0,NO REFUND
122538,98119,2026-06-09 09:47:16.000000,57.0,0.0,1,0,57.0,0.0,0.0,NO REFUND
37004,29542,2023-03-24 17:22:50.000000,57.5,0.0,1,0,57.5,0.0,0.0,NO REFUND
78769,62951,2023-04-27 10:56:23.000000,57.5,0.0,1,0,57.5,0.0,0.0,NO REFUND
106619,85457,2024-07-08 08:05:11.000000,269.95,0.0,4,0,269.95,0.0,0.0,NO REFUND
103703,83135,2024-05-20 18:43:35.000000,58.5,58.5,1,1,0.0,1.0,1.0,FULLY REFUNDED
45567,36376,2021-06-14 21:30:13.000000,194.45,0.0,2,0,194.45,0.0,0.0,NO REFUND
5667,4483,2024-05-26 10:59:48.000000,135.06,0.0,2,0,135.06,0.0,0.0,NO REFUND
56997,45564,2022-07-15 12:17:56.000000,235.5,0.0,2,0,235.5,0.0,0.0,NO REFUND
70160,56116,2026-06-12 22:07:59.000000,59.5,0.0,1,0,59.5,0.0,0.0,NO REFUND
23857,19060,2025-12-11 02:16:06.000000,219.49,0.0,2,0,219.49,0.0,0.0,NO REFUND
120070,96117,2021-02-10 14:39:03.000000,62.0,0.0,1,0,62.0,0.0,0.0,NO REFUND
38929,31103,2025-01-27 13:59:13.000000,62.36,0.0,1,0,62.36,0.0,0.0,NO REFUND
93963,75319,2023-08-15 07:50:00.000000,249.96,0.0,2,0,249.96,0.0,0.0,NO REFUND
102755,82385,2023-02-09 18:57:49.000000,165.16,0.0,2,0,165.16,0.0,0.0,NO REFUND
71295,57022,2024-08-01 12:02:28.000000,64.5,0.0,1,0,64.5,0.0,0.0,NO REFUND
34913,27892,2024-08-19 20:02:35.000000,64.95,0.0,1,0,64.95,0.0,0.0,NO REFUND
39383,31459,2021-03-06 16:41:10.000000,65.0,0.0,1,0,65.0,0.0,0.0,NO REFUND
73671,58924,2026-04-13 18:39:45.000000,65.0,0.0,1,0,65.0,0.0,0.0,NO REFUND
2583,2056,2020-02-18 09:06:06.000000,66.0,0.0,1,0,66.0,0.0,0.0,NO REFUND
122578,98154,2026-06-16 13:36:15.751244,154.95,0.0,2,0,154.95,0.0,0.0,NO REFUND
4253,3370,2024-04-13 19:10:01.000000,136.0,0.0,2,0,136.0,0.0,0.0,NO REFUND
73309,58642,2026-02-20 00:23:17.000000,67.98,0.0,1,0,67.98,0.0,0.0,NO REFUND
45349,36196,2025-08-28 09:25:00.000000,68.0,0.0,1,0,68.0,0.0,0.0,NO REFUND
110636,88603,2025-09-13 23:57:07.000000,68.96,0.0,1,0,68.96,0.0,0.0,NO REFUND
38424,30675,2023-07-11 17:13:04.000000,147.96,0.0,2,0,147.96,0.0,0.0,NO REFUND
22559,18016,2026-03-24 01:41:25.000000,69.0,0.0,1,0,69.0,0.0,0.0,NO REFUND
124553,99718,2022-04-30 10:32:52.000000,69.5,0.0,1,0,69.5,0.0,0.0,NO REFUND
87928,70357,2026-05-07 16:28:49.000000,70.0,0.0,1,0,70.0,0.0,0.0,NO REFUND
123349,98772,2025-04-23 18:57:22.000000,74.0,0.0,1,0,74.0,0.0,0.0,NO REFUND
95992,76952,2024-04-27 08:56:19.000000,171.0,0.0,2,0,171.0,0.0,0.0,NO REFUND
124715,99841,2025-04-13 13:41:58.000000,687.94,0.0,4,0,687.94,0.0,0.0,NO REFUND
49028,39111,2025-01-27 01:29:23.000000,78.0,0.0,1,0,78.0,0.0,0.0,NO REFUND
109305,87578,2025-04-24 07:29:22.000000,243.4,0.0,3,0,243.4,0.0,0.0,NO REFUND
122678,98230,2026-01-04 08:22:32.000000,349.45,0.0,2,0,349.45,0.0,0.0,NO REFUND
30805,24592,2026-01-14 04:57:36.000000,79.99,0.0,1,0,79.99,0.0,0.0,NO REFUND
99689,79962,2026-03-16 11:12:42.000000,80.0,0.0,1,0,80.0,0.0,0.0,NO REFUND
87249,69837,2022-12-18 09:32:52.000000,80.99,0.0,1,0,80.99,0.0,0.0,NO REFUND
74878,59872,2025-10-13 12:34:02.000000,201.7,0.0,2,0,201.7,0.0,0.0,NO REFUND
206,171,2024-04-07 22:36:47.000000,85.0,0.0,1,0,85.0,0.0,0.0,NO REFUND
46394,37061,2025-06-02 14:52:15.000000,88.0,0.0,1,0,88.0,0.0,0.0,NO REFUND
94474,75726,2025-04-12 14:07:13.000000,89.5,0.0,1,0,89.5,0.0,0.0,NO REFUND
30339,24225,2025-01-27 23:09:27.000000,89.99,0.0,1,0,89.99,0.0,0.0,NO REFUND
118584,94933,2022-02-02 01:08:58.000000,90.45,90.45,1,1,0.0,1.0,1.0,FULLY REFUNDED
120951,96827,2026-06-12 13:28:06.000000,98.75,0.0,1,0,98.75,0.0,0.0,NO REFUND
5829,4617,2021-07-26 01:37:38.000000,99.99,0.0,1,0,99.99,0.0,0.0,NO REFUND
47712,38105,2025-12-07 19:17:09.000000,109.0,0.0,1,0,109.0,0.0,0.0,NO REFUND
75834,60654,2023-01-15 08:08:21.000000,264.99,0.0,2,0,264.99,0.0,0.0,NO REFUND
32839,26217,2026-05-31 08:11:12.000000,119.05,0.0,1,0,119.05,0.0,0.0,NO REFUND
93112,74588,2025-11-15 01:43:08.000000,129.99,0.0,1,0,129.99,0.0,0.0,NO REFUND
80,61,2021-03-21 12:18:27.000000,133.0,0.0,1,0,133.0,0.0,0.0,NO REFUND
1760,1404,2019-12-05 05:59:37.000000,140.0,0.0,1,0,140.0,0.0,0.0,NO REFUND
123111,98577,2025-01-16 00:45:29.000000,142.78,0.0,1,0,142.78,0.0,0.0,NO REFUND
113925,91211,2024-10-22 04:50:17.000000,147.5,147.5,1,1,0.0,1.0,1.0,FULLY REFUNDED
92925,74444,2025-04-21 16:19:54.000000,148.0,0.0,1,0,148.0,0.0,0.0,NO REFUND
12906,10244,2025-12-19 13:22:23.000000,149.0,0.0,1,0,149.0,0.0,0.0,NO REFUND
56643,45257,2025-12-13 09:48:13.000000,322.0,0.0,2,0,322.0,0.0,0.0,NO REFUND
8612,6882,2025-02-27 02:14:46.000000,158.0,0.0,1,0,158.0,0.0,0.0,NO REFUND
44310,35347,2025-07-16 17:53:36.000000,162.0,162.0,1,1,0.0,1.0,1.0,FULLY REFUNDED
68732,54989,2026-05-14 08:15:00.000000,171.0,0.0,1,0,171.0,0.0,0.0,NO REFUND
7581,6062,2022-06-23 20:47:22.000000,171.95,0.0,1,0,171.95,0.0,0.0,NO REFUND
116228,93057,2024-01-10 06:16:37.000000,176.0,0.0,1,0,176.0,0.0,0.0,NO REFUND
24987,19961,2021-09-01 19:13:35.000000,176.0,0.0,1,0,176.0,0.0,0.0,NO REFUND
22654,18087,2023-09-24 03:13:40.000000,178.0,0.0,1,0,178.0,0.0,0.0,NO REFUND
113470,90838,2025-05-19 00:13:25.000000,178.0,0.0,1,0,178.0,0.0,0.0,NO REFUND
103746,83166,2024-04-19 00:09:06.000000,357.0,0.0,2,0,357.0,0.0,0.0,NO REFUND
15224,12140,2025-05-22 09:51:34.000000,185.0,0.0,1,0,185.0,0.0,0.0,NO REFUND
60859,48594,2026-04-18 13:19:16.000000,194.0,0.0,1,0,194.0,0.0,0.0,NO REFUND
97446,78113,2024-06-03 02:43:08.000000,195.0,0.0,1,0,195.0,0.0,0.0,NO REFUND
63795,50980,2024-04-12 21:11:08.000000,196.0,0.0,1,0,196.0,0.0,0.0,NO REFUND
19995,15963,2025-01-07 09:23:28.000000,228.0,0.0,1,0,228.0,0.0,0.0,NO REFUND
107169,85894,2022-09-06 01:15:15.000000,239.99,239.99,1,1,0.0,1.0,1.0,FULLY REFUNDED
113734,91049,2024-08-28 08:59:47.000000,287.64,0.0,1,0,287.64,0.0,0.0,NO REFUND
105934,84898,2025-07-08 11:54:51.000000,300.0,0.0,1,0,300.0,0.0,0.0,NO REFUND
99753,80017,2026-01-20 00:49:15.000000,345.0,0.0,1,0,345.0,0.0,0.0,NO REFUND
55851,44634,2026-06-15 23:39:14.458149,345.99,0.0,1,0,345.99,0.0,0.0,NO REFUND
111817,89536,2026-06-14 07:27:49.176529,399.0,0.0,1,0,399.0,0.0,0.0,NO REFUND
26135,20876,2020-07-05 02:38:11.000000,903.0,0.0,1,0,903.0,0.0,0.0,NO REFUND
-27,26400,2026-06-16 16:00:00.000000,197.0,0.0,1,0,197.0,0.0,0.0,NO REFUND
-61,11688,2026-06-16 11:36:00.000000,213.0,50.0,3,1,163.0,0.2347,0.3333,PARTIALLY REFUNDED
-65,63679,2026-06-16 10:32:00.000000,67.0,0.0,2,0,67.0,0.0,0.0,NO REFUND
-90,5971,2026-06-16 14:54:00.000000,176.0,0.0,1,0,176.0,0.0,0.0,NO REFUND
-99,23703,2026-06-16 11:09:00.000000,220.0,76.0,2,1,144.0,0.3455,0.5,PARTIALLY REFUNDED
-100,88062,2026-06-16 10:37:00.000000,203.0,203.0,3,3,0.0,1.0,1.0,FULLY REFUNDED
-120,52030,2026-06-16 13:29:00.000000,210.0,152.0,2,1,58.0,0.7238,0.5,PARTIALLY REFUNDED
-187,4529,2026-06-16 11:26:00.000000,228.0,0.0,3,0,228.0,0.0,0.0,NO REFUND
-190,14104,2026-06-16 17:18:00.000000,322.0,0.0,3,0,322.0,0.0,0.0,NO REFUND
-191,7391,2026-06-16 09:22:00.000000,164.0,0.0,1,0,164.0,0.0,0.0,NO REFUND
-196,10052,2026-06-16 15:54:00.000000,235.0,141.0,2,1,94.0,0.6,0.5,PARTIALLY REFUNDED
-215,47147,2026-06-16 15:13:00.000000,139.0,0.0,1,0,139.0,0.0,0.0,NO REFUND
-222,24044,2026-06-16 16:23:00.000000,207.0,0.0,2,0,207.0,0.0,0.0,NO REFUND
-243,80613,2026-06-16 16:32:00.000000,189.0,97.0,3,1,92.0,0.5132,0.3333,PARTIALLY REFUNDED
-251,3409,2026-06-16 13:40:00.000000,528.0,528.0,3,3,0.0,1.0,1.0,FULLY REFUNDED
-258,32524,2026-06-16 10:05:00.000000,167.0,0.0,2,0,167.0,0.0,0.0,NO REFUND
-266,76307,2026-06-16 12:56:00.000000,216.0,0.0,2,0,216.0,0.0,0.0,NO REFUND
-277,85518,2026-06-16 17:39:00.000000,190.0,0.0,2,0,190.0,0.0,0.0,NO REFUND
50497,40363,2026-03-07 08:17:19.000000,83.75,0.0,2,0,83.75,0.0,0.0,NO REFUND
4725,3745,2022-08-25 11:01:51.000000,43.9,0.0,2,0,43.9,0.0,0.0,NO REFUND
76509,61174,2026-06-15 18:42:31.000000,142.88,0.0,3,0,142.88,0.0,0.0,NO REFUND
13740,10924,2024-06-11 19:03:28.000000,30.76,0.0,2,0,30.76,0.0,0.0,NO REFUND
91651,73379,2024-07-03 04:53:10.000000,183.38,183.38,3,3,0.0,1.0,1.0,FULLY REFUNDED
2383,1902,2020-01-26 10:55:06.000000,83.94,0.0,3,0,83.94,0.0,0.0,NO REFUND
7297,5829,2023-04-21 17:02:54.000000,44.99,0.0,2,0,44.99,0.0,0.0,NO REFUND
98022,78590,2023-03-06 04:27:23.000000,70.32,0.0,2,0,70.32,0.0,0.0,NO REFUND
43155,34436,2024-04-06 07:15:58.000000,116.97,116.97,3,3,0.0,1.0,1.0,FULLY REFUNDED
68496,54810,2024-10-26 23:03:20.000000,130.89,0.0,3,0,130.89,0.0,0.0,NO REFUND
121404,97187,2024-03-30 22:44:31.000000,8.0,0.0,1,0,8.0,0.0,0.0,NO REFUND
34342,27403,2021-04-18 14:55:02.000000,8.0,0.0,1,0,8.0,0.0,0.0,NO REFUND
85559,68473,2026-02-02 08:46:42.000000,33.48,0.0,2,0,33.48,0.0,0.0,NO REFUND
56107,44837,2025-07-15 13:29:15.000000,329.38,0.0,3,0,329.38,0.0,0.0,NO REFUND
10917,8704,2023-10-29 15:00:24.000000,273.48,0.0,4,0,273.48,0.0,0.0,NO REFUND
109491,87721,2025-09-03 23:11:01.000000,8.99,0.0,1,0,8.99,0.0,0.0,NO REFUND
53161,42437,2025-07-31 09:30:23.000000,8.99,8.99,1,1,0.0,1.0,1.0,FULLY REFUNDED
110726,88672,2026-01-23 22:25:26.000000,9.0,0.0,1,0,9.0,0.0,0.0,NO REFUND
107851,86413,2021-01-28 13:42:34.000000,32.95,32.95,2,2,0.0,1.0,1.0,FULLY REFUNDED
31613,25261,2024-07-18 03:56:27.000000,35.5,35.5,2,2,0.0,1.0,1.0,FULLY REFUNDED
97163,77880,2021-03-16 08:01:59.000000,111.01,0.0,3,0,111.01,0.0,0.0,NO REFUND
71701,57348,2025-01-25 00:40:32.000000,9.99,0.0,1,0,9.99,0.0,0.0,NO REFUND
110061,88153,2023-11-15 14:48:33.000000,9.99,0.0,1,0,9.99,0.0,0.0,NO REFUND
124849,99955,2026-06-02 15:39:18.000000,9.99,0.0,1,0,9.99,0.0,0.0,NO REFUND
120231,96243,2026-05-09 02:54:39.000000,20.0,0.0,2,0,20.0,0.0,0.0,NO REFUND
18285,14564,2026-01-19 00:48:49.000000,54.36,0.0,2,0,54.36,0.0,0.0,NO REFUND
22051,17592,2020-08-12 14:49:57.000000,224.43,0.0,4,0,224.43,0.0,0.0,NO REFUND
113814,91113,2025-09-12 11:34:25.000000,35.51,0.0,2,0,35.51,0.0,0.0,NO REFUND
50502,40368,2026-02-26 00:49:24.000000,10.69,0.0,1,0,10.69,0.0,0.0,NO REFUND
95871,76862,2024-08-06 07:30:29.000000,10.99,0.0,1,0,10.99,0.0,0.0,NO REFUND
36913,29458,2022-03-13 05:32:20.000000,89.97,0.0,4,0,89.97,0.0,0.0,NO REFUND
108274,86724,2023-01-08 00:08:27.000000,80.24,0.0,2,0,80.24,0.0,0.0,NO REFUND
26057,20822,2026-06-11 22:20:11.000000,192.66,0.0,4,0,192.66,0.0,0.0,NO REFUND
93530,74953,2022-11-16 00:56:38.000000,193.84,0.0,4,0,193.84,0.0,0.0,NO REFUND
84366,67511,2025-08-01 10:35:28.000000,11.86,0.0,1,0,11.86,0.0,0.0,NO REFUND
76413,61097,2026-03-22 10:49:43.000000,52.18,52.18,2,2,0.0,1.0,1.0,FULLY REFUNDED
22838,18244,2025-02-14 03:55:43.000000,170.89,0.0,4,0,170.89,0.0,0.0,NO REFUND
66371,53068,2024-09-09 16:17:46.000000,11.95,0.0,1,0,11.95,0.0,0.0,NO REFUND
55458,44296,2025-11-05 20:00:57.000000,11.99,0.0,1,0,11.99,0.0,0.0,NO REFUND
39478,31536,2025-09-10 00:27:40.000000,11.99,0.0,1,0,11.99,0.0,0.0,NO REFUND
30382,24261,2024-11-28 09:12:00.000000,359.45,0.0,4,0,359.45,0.0,0.0,NO REFUND
124533,99704,2025-12-22 01:54:13.000000,26.99,0.0,2,0,26.99,0.0,0.0,NO REFUND
26756,21383,2021-09-21 05:18:13.000000,12.0,0.0,1,0,12.0,0.0,0.0,NO REFUND
109350,87612,2024-07-08 01:54:41.000000,12.0,0.0,1,0,12.0,0.0,0.0,NO REFUND
115866,92764,2025-07-05 03:41:06.000000,545.0,0.0,4,0,545.0,0.0,0.0,NO REFUND
51937,41453,2025-05-23 00:10:35.000000,12.0,0.0,1,0,12.0,0.0,0.0,NO REFUND
51131,40840,2025-08-06 18:36:17.000000,29.91,0.0,2,0,29.91,0.0,0.0,NO REFUND
39054,31202,2022-04-02 03:35:43.000000,12.5,0.0,1,0,12.5,0.0,0.0,NO REFUND
37971,30307,2023-10-01 15:36:18.000000,30.9,0.0,2,0,30.9,0.0,0.0,NO REFUND
594,491,2021-05-14 23:06:04.000000,171.91,0.0,4,0,171.91,0.0,0.0,NO REFUND
22827,18235,2022-03-22 14:50:07.000000,272.97,0.0,4,0,272.97,0.0,0.0,NO REFUND
24994,19966,2023-05-06 21:07:04.000000,32.97,0.0,2,0,32.97,0.0,0.0,NO REFUND
35570,28392,2025-12-01 00:19:56.000000,242.98,0.0,4,0,242.98,0.0,0.0,NO REFUND
78319,62614,2026-05-07 23:16:54.000000,636.39,0.0,4,0,636.39,0.0,0.0,NO REFUND
46329,37009,2024-08-14 01:06:47.000000,131.99,0.0,2,0,131.99,0.0,0.0,NO REFUND
32742,26156,2023-06-17 06:54:33.000000,190.99,0.0,2,0,190.99,0.0,0.0,NO REFUND
74895,59883,2025-06-15 05:03:21.000000,29.04,0.0,2,0,29.04,0.0,0.0,NO REFUND
79400,63465,2021-09-26 00:33:04.000000,362.44,0.0,4,0,362.44,0.0,0.0,NO REFUND
83049,66461,2026-06-12 08:41:12.337086,185.5,0.0,2,0,185.5,0.0,0.0,NO REFUND
9875,7877,2024-03-05 01:30:35.000000,133.71,133.71,2,2,0.0,1.0,1.0,FULLY REFUNDED
106566,85411,2024-07-25 03:23:45.000000,107.25,107.25,4,4,0.0,1.0,1.0,FULLY REFUNDED
51928,41446,2023-08-06 13:21:00.000000,121.68,121.68,3,3,0.0,1.0,1.0,FULLY REFUNDED
1274,1013,2021-04-12 12:18:27.000000,13.95,0.0,1,0,13.95,0.0,0.0,NO REFUND
61993,49518,2026-06-14 16:19:57.851163,14.0,14.0,1,1,0.0,1.0,1.0,FULLY REFUNDED
108888,87226,2026-03-19 18:22:13.000000,382.39,0.0,4,0,382.39,0.0,0.0,NO REFUND
16548,13169,2022-09-14 15:19:06.000000,69.94,0.0,2,0,69.94,0.0,0.0,NO REFUND
45564,36373,2026-04-21 18:03:03.000000,59.5,0.0,2,0,59.5,0.0,0.0,NO REFUND
79491,63538,2022-12-03 15:03:56.000000,38.94,0.0,2,0,38.94,0.0,0.0,NO REFUND
52682,42040,2026-04-06 14:24:10.000000,464.49,0.0,3,0,464.49,0.0,0.0,NO REFUND
84237,67414,2025-11-12 19:57:10.000000,14.99,0.0,1,0,14.99,0.0,0.0,NO REFUND
102473,82149,2025-03-31 00:23:38.000000,249.53,0.0,4,0,249.53,0.0,0.0,NO REFUND
76929,61507,2021-12-27 10:12:38.000000,61.99,0.0,3,0,61.99,0.0,0.0,NO REFUND
54441,43477,2025-08-06 09:21:54.000000,118.15,0.0,4,0,118.15,0.0,0.0,NO REFUND
26701,21336,2026-04-27 10:41:14.000000,15.0,0.0,1,0,15.0,0.0,0.0,NO REFUND
24825,19832,2025-05-12 14:27:49.000000,35.55,0.0,2,0,35.55,0.0,0.0,NO REFUND
33086,26394,2023-04-24 00:17:42.000000,50.94,0.0,2,0,50.94,0.0,0.0,NO REFUND
78979,63125,2026-04-08 18:19:58.000000,72.96,0.0,3,0,72.96,0.0,0.0,NO REFUND
121597,97343,2022-07-07 01:01:08.000000,83.98,0.0,4,0,83.98,0.0,0.0,NO REFUND
5612,4436,2026-02-23 01:44:39.000000,165.99,0.0,2,0,165.99,0.0,0.0,NO REFUND
72660,58107,2026-03-28 04:45:24.000000,38.49,0.0,2,0,38.49,0.0,0.0,NO REFUND
98337,78848,2026-05-27 21:09:12.000000,64.99,0.0,2,0,64.99,0.0,0.0,NO REFUND
93388,74836,2025-04-05 17:18:52.000000,62.97,0.0,2,0,62.97,0.0,0.0,NO REFUND
77170,61690,2023-02-28 13:07:27.000000,142.34,0.0,4,0,142.34,0.0,0.0,NO REFUND
63964,51108,2026-05-04 03:47:46.000000,16.99,16.99,1,1,0.0,1.0,1.0,FULLY REFUNDED
62276,49739,2024-07-26 23:59:44.000000,117.99,0.0,2,0,117.99,0.0,0.0,NO REFUND
71165,56922,2023-08-04 07:23:00.000000,16.99,0.0,1,0,16.99,0.0,0.0,NO REFUND
45810,36571,2025-10-10 17:00:50.000000,199.99,0.0,3,0,199.99,0.0,0.0,NO REFUND
100742,80775,2025-10-09 07:27:15.000000,17.05,0.0,1,0,17.05,0.0,0.0,NO REFUND
102873,82478,2024-10-22 02:28:51.000000,274.14,0.0,4,0,274.14,0.0,0.0,NO REFUND
106675,85492,2025-10-18 04:57:37.000000,17.95,0.0,1,0,17.95,0.0,0.0,NO REFUND
52088,41576,2026-06-04 00:33:42.000000,85.95,0.0,2,0,85.95,0.0,0.0,NO REFUND
97321,78004,2023-07-07 15:52:54.000000,47.98,0.0,2,0,47.98,0.0,0.0,NO REFUND
60013,47939,2024-11-15 09:07:00.000000,43.97,0.0,2,0,43.97,0.0,0.0,NO REFUND
124305,99545,2026-05-11 16:00:16.000000,120.09,0.0,4,0,120.09,0.0,0.0,NO REFUND
110308,88358,2025-07-22 16:02:44.000000,18.0,0.0,1,0,18.0,0.0,0.0,NO REFUND
70555,56422,2023-09-12 08:16:43.000000,193.67,193.67,3,3,0.0,1.0,1.0,FULLY REFUNDED
15266,12170,2026-05-16 01:50:58.000000,18.99,0.0,1,0,18.99,0.0,0.0,NO REFUND
45771,36545,2026-03-29 07:15:45.000000,19.0,0.0,1,0,19.0,0.0,0.0,NO REFUND
92367,73950,2024-10-12 10:18:49.000000,84.23,84.23,2,2,0.0,1.0,1.0,FULLY REFUNDED
118708,95024,2026-01-24 05:51:45.000000,19.49,0.0,1,0,19.49,0.0,0.0,NO REFUND
33375,26614,2025-03-16 16:08:28.000000,83.82,0.0,2,0,83.82,0.0,0.0,NO REFUND
67903,54347,2024-07-12 19:55:40.000000,425.95,0.0,4,0,425.95,0.0,0.0,NO REFUND
82519,66019,2025-12-28 01:15:57.000000,52.94,0.0,2,0,52.94,0.0,0.0,NO REFUND
772,614,2026-04-26 11:09:16.000000,19.95,0.0,1,0,19.95,0.0,0.0,NO REFUND
22050,17592,2025-01-01 14:33:30.000000,19.99,0.0,1,0,19.99,0.0,0.0,NO REFUND
118109,94565,2024-10-16 06:03:18.000000,201.42,201.42,4,4,0.0,1.0,1.0,FULLY REFUNDED
47480,37929,2025-04-11 15:59:00.000000,503.98,0.0,3,0,503.98,0.0,0.0,NO REFUND
51040,40776,2023-08-01 17:32:37.000000,212.98,0.0,4,0,212.98,0.0,0.0,NO REFUND
64321,51395,2024-10-12 00:07:03.000000,19.99,0.0,1,0,19.99,0.0,0.0,NO REFUND
85503,68425,2025-08-12 09:30:29.000000,19.99,0.0,1,0,19.99,0.0,0.0,NO REFUND
96759,77577,2024-09-12 14:35:45.000000,58.0,0.0,2,0,58.0,0.0,0.0,NO REFUND
82095,65695,2025-02-01 05:01:08.000000,20.0,0.0,1,0,20.0,0.0,0.0,NO REFUND
3194,2553,2024-01-04 04:21:40.000000,60.49,0.0,2,0,60.49,0.0,0.0,NO REFUND
105380,84463,2023-05-19 08:51:03.000000,169.99,0.0,2,0,169.99,0.0,0.0,NO REFUND
57469,45953,2024-06-15 19:48:51.000000,104.08,0.0,3,0,104.08,0.0,0.0,NO REFUND
1784,1427,2023-05-02 19:42:08.000000,100.93,100.93,3,3,0.0,1.0,1.0,FULLY REFUNDED
25801,20610,2025-06-18 00:53:04.000000,21.9,0.0,1,0,21.9,0.0,0.0,NO REFUND
80026,63970,2026-02-07 06:06:39.000000,21.95,0.0,1,0,21.95,0.0,0.0,NO REFUND
71372,57089,2025-11-21 12:30:53.000000,21.99,0.0,1,0,21.99,0.0,0.0,NO REFUND
116060,92920,2025-11-29 12:40:44.000000,91.49,0.0,2,0,91.49,0.0,0.0,NO REFUND
118829,95123,2026-05-04 16:04:32.000000,85.98,85.98,2,2,0.0,1.0,1.0,FULLY REFUNDED
94146,75482,2026-05-27 00:39:40.000000,79.98,0.0,3,0,79.98,0.0,0.0,NO REFUND
13308,10562,2026-05-05 16:54:18.000000,211.18,0.0,4,0,211.18,0.0,0.0,NO REFUND
32660,26081,2024-12-30 22:34:12.000000,191.0,191.0,2,2,0.0,1.0,1.0,FULLY REFUNDED
97247,77942,2019-12-31 18:46:05.000000,22.1,22.1,1,1,0.0,1.0,1.0,FULLY REFUNDED
118146,94589,2024-04-03 11:44:11.000000,87.59,0.0,3,0,87.59,0.0,0.0,NO REFUND
47191,37709,2019-06-02 23:58:44.000000,176.45,0.0,2,0,176.45,0.0,0.0,NO REFUND
69017,55217,2025-05-11 02:19:22.000000,67.98,0.0,2,0,67.98,0.0,0.0,NO REFUND
31830,25425,2022-07-07 08:53:48.000000,69.98,0.0,2,0,69.98,0.0,0.0,NO REFUND
124038,99334,2021-05-18 14:31:53.000000,72.94,0.0,2,0,72.94,0.0,0.0,NO REFUND
117533,94115,2026-05-30 21:29:23.000000,23.56,0.0,1,0,23.56,0.0,0.0,NO REFUND
107114,85841,2023-06-28 20:51:49.000000,49.65,0.0,2,0,49.65,0.0,0.0,NO REFUND
85739,68618,2026-06-14 18:52:40.956383,23.99,0.0,1,0,23.99,0.0,0.0,NO REFUND
34691,27704,2023-09-13 01:55:50.000000,245.63,0.0,4,0,245.63,0.0,0.0,NO REFUND
51778,41352,2024-07-15 21:06:09.000000,24.0,0.0,1,0,24.0,0.0,0.0,NO REFUND
99122,79484,2026-06-15 04:39:58.117051,48.95,0.0,2,0,48.95,0.0,0.0,NO REFUND
63474,50725,2021-04-05 13:20:58.000000,239.81,0.0,4,0,239.81,0.0,0.0,NO REFUND
75831,60653,2022-01-27 15:52:29.000000,83.9,0.0,3,0,83.9,0.0,0.0,NO REFUND
43655,34835,2026-03-03 13:21:05.000000,198.44,0.0,3,0,198.44,0.0,0.0,NO REFUND
5681,4495,2026-02-19 14:30:05.000000,24.99,24.99,1,1,0.0,1.0,1.0,FULLY REFUNDED
59519,47568,2024-06-07 00:08:29.000000,67.99,0.0,2,0,67.99,0.0,0.0,NO REFUND
114136,91393,2025-06-10 07:02:00.000000,25.0,0.0,1,0,25.0,0.0,0.0,NO REFUND
117584,94162,2025-08-22 10:29:31.000000,218.85,0.0,4,0,218.85,0.0,0.0,NO REFUND
124107,99386,2024-12-07 14:43:43.000000,193.57,0.0,4,0,193.57,0.0,0.0,NO REFUND
43643,34826,2026-05-15 17:49:37.000000,25.0,0.0,1,0,25.0,0.0,0.0,NO REFUND
89824,71867,2024-09-19 09:35:48.000000,25.0,0.0,1,0,25.0,0.0,0.0,NO REFUND
118202,94633,2025-08-27 08:01:15.000000,186.0,0.0,2,0,186.0,0.0,0.0,NO REFUND
22377,17860,2022-04-24 01:19:00.000000,25.0,0.0,1,0,25.0,0.0,0.0,NO REFUND
44065,35164,2023-11-28 07:27:19.000000,324.99,0.0,3,0,324.99,0.0,0.0,NO REFUND
91257,73056,2023-10-02 14:03:24.000000,25.0,0.0,1,0,25.0,0.0,0.0,NO REFUND
122665,98223,2024-10-11 22:39:26.000000,218.45,0.0,4,0,218.45,0.0,0.0,NO REFUND
34643,27667,2023-09-26 08:58:16.000000,118.98,118.98,3,3,0.0,1.0,1.0,FULLY REFUNDED
64992,51914,2026-02-13 05:55:38.000000,191.91,191.91,3,3,0.0,1.0,1.0,FULLY REFUNDED
8947,7143,2023-10-11 18:47:13.000000,263.95,0.0,4,0,263.95,0.0,0.0,NO REFUND
20121,16075,2022-02-15 02:09:33.000000,25.0,0.0,1,0,25.0,0.0,0.0,NO REFUND
44433,35443,2025-11-14 01:47:47.000000,121.67,0.0,3,0,121.67,0.0,0.0,NO REFUND
53192,42463,2025-09-04 06:06:34.000000,25.0,0.0,1,0,25.0,0.0,0.0,NO REFUND
57036,45592,2025-08-14 05:34:57.000000,61.99,0.0,2,0,61.99,0.0,0.0,NO REFUND
41478,33083,2025-10-12 23:12:14.000000,251.06,0.0,4,0,251.06,0.0,0.0,NO REFUND
104895,84071,2023-03-07 06:33:50.000000,203.48,0.0,2,0,203.48,0.0,0.0,NO REFUND
94054,75401,2025-04-24 07:08:42.000000,65.98,0.0,2,0,65.98,0.0,0.0,NO REFUND
62665,50069,2024-07-26 20:57:43.000000,257.39,0.0,4,0,257.39,0.0,0.0,NO REFUND
38728,30938,2023-01-24 23:24:21.000000,26.0,0.0,1,0,26.0,0.0,0.0,NO REFUND
49897,39855,2023-09-13 03:28:12.000000,154.0,0.0,2,0,154.0,0.0,0.0,NO REFUND
78544,62775,2019-07-05 15:49:08.000000,220.43,0.0,4,0,220.43,0.0,0.0,NO REFUND
104052,83404,2024-05-28 09:45:25.000000,26.9,0.0,1,0,26.9,0.0,0.0,NO REFUND
119516,95641,2026-05-15 16:07:57.000000,26.95,0.0,1,0,26.95,0.0,0.0,NO REFUND
40003,31945,2025-05-23 04:23:05.000000,138.57,0.0,4,0,138.57,0.0,0.0,NO REFUND
32542,25992,2026-02-12 22:55:42.000000,26.99,26.99,1,1,0.0,1.0,1.0,FULLY REFUNDED
5935,4704,2022-09-25 11:19:45.000000,325.59,0.0,4,0,325.59,0.0,0.0,NO REFUND
9095,7255,2024-04-12 07:47:44.000000,27.16,0.0,1,0,27.16,0.0,0.0,NO REFUND
115511,92475,2026-04-27 20:09:02.000000,27.7,0.0,1,0,27.7,0.0,0.0,NO REFUND
388,314,2021-08-04 12:12:18.000000,62.69,0.0,2,0,62.69,0.0,0.0,NO REFUND
124717,99844,2021-11-30 08:04:12.000000,27.9,0.0,1,0,27.9,0.0,0.0,NO REFUND
100834,80848,2024-03-25 19:05:35.000000,356.46,0.0,4,0,356.46,0.0,0.0,NO REFUND
118747,95057,2024-08-22 04:36:05.000000,323.73,0.0,4,0,323.73,0.0,0.0,NO REFUND
41256,32913,2020-09-04 06:13:00.000000,513.7,0.0,4,0,513.7,0.0,0.0,NO REFUND
42000,33488,2026-05-06 00:10:49.000000,29.0,0.0,1,0,29.0,0.0,0.0,NO REFUND
9418,7509,2025-04-19 14:15:48.000000,29.45,0.0,1,0,29.45,0.0,0.0,NO REFUND
54969,43910,2021-02-27 10:06:52.000000,158.9,0.0,2,0,158.9,0.0,0.0,NO REFUND
33260,26538,2025-12-01 19:47:25.000000,29.9,0.0,1,0,29.9,0.0,0.0,NO REFUND
88690,70965,2022-09-19 20:36:22.000000,230.39,0.0,4,0,230.39,0.0,0.0,NO REFUND
5128,4064,2026-06-01 21:19:57.000000,98.98,0.0,2,0,98.98,0.0,0.0,NO REFUND
26284,20996,2025-11-29 09:45:27.000000,66.98,0.0,2,0,66.98,0.0,0.0,NO REFUND
26370,21074,2026-06-16 20:32:35.556363,79.98,0.0,2,0,79.98,0.0,0.0,NO REFUND
122010,97689,2026-01-04 05:57:02.000000,29.99,0.0,1,0,29.99,0.0,0.0,NO REFUND
50015,39947,2026-01-01 01:29:18.000000,30.2,0.0,1,0,30.2,0.0,0.0,NO REFUND
111601,89384,2025-06-26 13:07:55.000000,31.07,0.0,1,0,31.07,0.0,0.0,NO REFUND
70333,56247,2024-08-24 04:46:13.000000,31.68,0.0,1,0,31.68,0.0,0.0,NO REFUND
33092,26400,2024-07-18 17:15:38.000000,31.95,0.0,1,0,31.95,0.0,0.0,NO REFUND
106091,85015,2026-03-06 16:21:28.000000,31.95,31.95,1,1,0.0,1.0,1.0,FULLY REFUNDED
88044,70438,2022-12-15 04:35:36.000000,161.31,0.0,3,0,161.31,0.0,0.0,NO REFUND
104871,84054,2026-06-14 03:46:42.475134,32.51,0.0,1,0,32.51,0.0,0.0,NO REFUND
97557,78197,2026-03-19 11:59:52.000000,110.65,0.0,2,0,110.65,0.0,0.0,NO REFUND
72538,57995,2025-11-24 15:53:06.000000,32.99,0.0,1,0,32.99,0.0,0.0,NO REFUND
89710,71779,2023-09-22 19:44:54.000000,137.59,137.59,3,3,0.0,1.0,1.0,FULLY REFUNDED
64674,51670,2022-04-17 15:23:24.000000,32.99,0.0,1,0,32.99,0.0,0.0,NO REFUND
4234,3356,2026-03-14 17:35:17.000000,33.0,0.0,1,0,33.0,0.0,0.0,NO REFUND
11710,9301,2023-10-16 22:00:27.000000,124.45,0.0,3,0,124.45,0.0,0.0,NO REFUND
110543,88531,2026-06-06 14:57:43.000000,33.6,0.0,1,0,33.6,0.0,0.0,NO REFUND
30624,24445,2025-12-03 20:46:34.000000,81.75,0.0,2,0,81.75,0.0,0.0,NO REFUND
67081,53652,2026-02-12 13:17:13.000000,33.97,0.0,1,0,33.97,0.0,0.0,NO REFUND
480,388,2025-09-07 22:26:02.000000,90.0,0.0,2,0,90.0,0.0,0.0,NO REFUND
37926,30273,2025-12-09 17:17:34.000000,34.0,0.0,1,0,34.0,0.0,0.0,NO REFUND
59008,47142,2025-06-21 20:40:28.000000,133.95,0.0,2,0,133.95,0.0,0.0,NO REFUND
41669,33236,2019-10-12 16:20:37.000000,34.5,0.0,1,0,34.5,0.0,0.0,NO REFUND
7873,6301,2022-11-26 05:02:34.000000,183.95,0.0,2,0,183.95,0.0,0.0,NO REFUND
31765,25370,2026-03-05 08:30:24.000000,34.95,0.0,1,0,34.95,0.0,0.0,NO REFUND
117972,94450,2025-12-21 22:08:29.000000,402.68,0.0,4,0,402.68,0.0,0.0,NO REFUND
81687,65366,2021-10-12 21:11:37.000000,84.98,0.0,2,0,84.98,0.0,0.0,NO REFUND
50710,40523,2025-11-16 06:36:44.000000,84.56,0.0,2,0,84.56,0.0,0.0,NO REFUND
7400,5916,2023-09-30 21:31:45.000000,35.0,0.0,1,0,35.0,0.0,0.0,NO REFUND
89134,71327,2024-04-30 17:07:15.000000,35.73,0.0,1,0,35.73,0.0,0.0,NO REFUND
56334,45011,2022-05-10 19:51:30.000000,447.65,0.0,4,0,447.65,0.0,0.0,NO REFUND
112087,89759,2023-11-09 04:07:58.000000,277.32,0.0,3,0,277.32,0.0,0.0,NO REFUND
1610,1271,2022-08-04 10:00:54.000000,95.95,0.0,2,0,95.95,0.0,0.0,NO REFUND
53994,43134,2025-01-14 14:36:06.000000,36.0,0.0,1,0,36.0,0.0,0.0,NO REFUND
122703,98252,2026-06-13 17:27:26.296549,36.0,0.0,1,0,36.0,0.0,0.0,NO REFUND
65380,52211,2022-10-15 14:37:35.000000,106.93,0.0,2,0,106.93,0.0,0.0,NO REFUND
13709,10898,2024-12-24 01:33:04.000000,37.84,0.0,1,0,37.84,0.0,0.0,NO REFUND
113374,90759,2025-07-18 15:48:24.000000,37.99,0.0,1,0,37.99,0.0,0.0,NO REFUND
38199,30484,2024-03-23 19:28:30.000000,37.99,0.0,1,0,37.99,0.0,0.0,NO REFUND
53091,42382,2022-04-29 17:11:53.000000,38.0,0.0,1,0,38.0,0.0,0.0,NO REFUND
12817,10178,2024-03-17 18:50:32.000000,138.0,0.0,2,0,138.0,0.0,0.0,NO REFUND
84129,67339,2026-04-17 21:05:45.000000,209.0,0.0,3,0,209.0,0.0,0.0,NO REFUND
109884,88028,2025-12-21 04:19:41.000000,90.5,0.0,2,0,90.5,0.0,0.0,NO REFUND
70612,56469,2026-01-03 20:09:07.000000,39.6,0.0,1,0,39.6,0.0,0.0,NO REFUND
22224,17729,2026-04-03 13:31:58.000000,39.95,0.0,1,0,39.95,0.0,0.0,NO REFUND
4235,3357,2026-03-14 08:54:12.000000,39.98,0.0,1,0,39.98,0.0,0.0,NO REFUND
42984,34295,2026-06-13 14:43:53.000000,39.99,0.0,1,0,39.99,0.0,0.0,NO REFUND
11354,9027,2024-06-16 00:06:46.000000,39.99,0.0,1,0,39.99,0.0,0.0,NO REFUND
30250,24158,2025-02-08 05:49:39.000000,219.49,0.0,2,0,219.49,0.0,0.0,NO REFUND
63015,50351,2025-09-07 19:43:55.000000,39.99,0.0,1,0,39.99,0.0,0.0,NO REFUND
86789,69484,2025-05-31 10:05:51.000000,117.99,0.0,2,0,117.99,0.0,0.0,NO REFUND
90255,72230,2022-01-26 20:31:14.000000,139.98,0.0,2,0,139.98,0.0,0.0,NO REFUND
96260,77167,2021-03-23 19:25:19.000000,108.99,0.0,2,0,108.99,0.0,0.0,NO REFUND
101531,81402,2020-01-10 05:49:31.000000,144.49,0.0,3,0,144.49,0.0,0.0,NO REFUND
17990,14329,2025-06-19 17:26:40.000000,40.49,0.0,1,0,40.49,0.0,0.0,NO REFUND
50662,40489,2024-04-03 03:16:20.000000,187.38,0.0,3,0,187.38,0.0,0.0,NO REFUND
80697,64552,2025-02-09 00:33:26.000000,311.74,0.0,4,0,311.74,0.0,0.0,NO REFUND
54872,43830,2026-03-27 17:16:33.000000,42.99,0.0,1,0,42.99,0.0,0.0,NO REFUND
55502,44338,2026-04-04 02:33:49.000000,136.99,0.0,3,0,136.99,0.0,0.0,NO REFUND
108244,86708,2024-01-10 02:21:54.000000,43.14,0.0,1,0,43.14,0.0,0.0,NO REFUND
97589,78217,2026-02-25 00:11:53.000000,44.0,0.0,1,0,44.0,0.0,0.0,NO REFUND
121386,97169,2023-06-21 11:30:53.000000,286.0,0.0,2,0,286.0,0.0,0.0,NO REFUND
72886,58300,2023-09-11 22:16:58.000000,44.0,0.0,1,0,44.0,0.0,0.0,NO REFUND
10655,8478,2025-01-18 03:45:18.000000,44.0,0.0,1,0,44.0,0.0,0.0,NO REFUND
10904,8693,2024-05-16 21:26:15.000000,92.95,0.0,2,0,92.95,0.0,0.0,NO REFUND
111303,89136,2025-11-22 05:55:57.000000,99.95,0.0,2,0,99.95,0.0,0.0,NO REFUND
82162,65752,2026-05-03 00:52:50.000000,44.99,0.0,1,0,44.99,0.0,0.0,NO REFUND
27697,22151,2026-03-25 12:21:07.000000,102.49,0.0,2,0,102.49,0.0,0.0,NO REFUND
81590,65301,2026-06-10 03:55:39.000000,44.99,0.0,1,0,44.99,0.0,0.0,NO REFUND
116770,93486,2023-08-29 23:03:06.000000,111.49,0.0,2,0,111.49,0.0,0.0,NO REFUND
61194,48882,2021-08-21 19:04:53.000000,45.0,0.0,1,0,45.0,0.0,0.0,NO REFUND
112075,89750,2024-01-23 09:42:18.000000,45.08,0.0,1,0,45.08,0.0,0.0,NO REFUND
47347,37826,2024-11-29 02:47:37.000000,100.33,0.0,2,0,100.33,0.0,0.0,NO REFUND
110169,88248,2022-01-24 23:03:25.000000,45.95,0.0,1,0,45.95,0.0,0.0,NO REFUND
72188,57723,2023-12-30 15:01:15.000000,46.0,0.0,1,0,46.0,0.0,0.0,NO REFUND
104304,83593,2025-10-28 16:09:05.000000,46.5,46.5,1,1,0.0,1.0,1.0,FULLY REFUNDED
36115,28817,2026-01-24 14:33:32.000000,499.99,0.0,3,0,499.99,0.0,0.0,NO REFUND
113172,90604,2025-12-14 09:48:55.000000,599.43,0.0,4,0,599.43,0.0,0.0,NO REFUND
52925,42239,2023-04-22 18:53:49.000000,48.95,0.0,1,0,48.95,0.0,0.0,NO REFUND
123856,99180,2024-09-04 16:23:09.000000,146.95,0.0,2,0,146.95,0.0,0.0,NO REFUND
84646,67723,2026-04-14 04:22:40.000000,49.0,0.0,1,0,49.0,0.0,0.0,NO REFUND
74768,59781,2025-04-24 19:02:19.000000,178.95,178.95,2,2,0.0,1.0,1.0,FULLY REFUNDED
8767,7006,2026-05-31 18:15:26.000000,49.5,49.5,1,1,0.0,1.0,1.0,FULLY REFUNDED
31839,25431,2024-09-16 23:04:13.000000,141.9,0.0,2,0,141.9,0.0,0.0,NO REFUND
119242,95440,2024-02-14 06:34:07.000000,200.45,0.0,3,0,200.45,0.0,0.0,NO REFUND
96006,76960,2025-05-31 01:17:11.000000,134.56,0.0,2,0,134.56,0.0,0.0,NO REFUND
97432,78102,2023-01-29 18:51:51.000000,49.95,0.0,1,0,49.95,0.0,0.0,NO REFUND
21552,17219,2023-09-30 21:12:58.000000,49.95,0.0,1,0,49.95,0.0,0.0,NO REFUND
83413,66751,2025-07-10 22:40:08.000000,135.97,0.0,2,0,135.97,0.0,0.0,NO REFUND
18166,14477,2025-11-06 00:23:44.000000,111.99,0.0,2,0,111.99,0.0,0.0,NO REFUND
25977,20755,2025-01-23 09:48:43.000000,326.98,0.0,4,0,326.98,0.0,0.0,NO REFUND
55996,44749,2024-09-08 08:41:54.000000,52.0,0.0,1,0,52.0,0.0,0.0,NO REFUND
118539,94896,2025-04-17 13:56:42.000000,53.0,0.0,1,0,53.0,0.0,0.0,NO REFUND
75599,60461,2026-02-20 15:32:06.000000,173.64,173.64,2,2,0.0,1.0,1.0,FULLY REFUNDED
91183,72995,2021-10-25 08:25:28.000000,53.97,0.0,1,0,53.97,0.0,0.0,NO REFUND
60363,48209,2025-12-04 05:19:56.000000,54.0,0.0,1,0,54.0,0.0,0.0,NO REFUND
85307,68261,2026-03-28 15:54:50.000000,54.0,0.0,1,0,54.0,0.0,0.0,NO REFUND
95580,76619,2026-05-13 00:43:53.000000,54.0,0.0,1,0,54.0,0.0,0.0,NO REFUND
47981,38334,2026-05-14 16:53:12.000000,54.5,0.0,1,0,54.5,0.0,0.0,NO REFUND
24761,19772,2026-03-03 17:07:57.000000,55.0,0.0,1,0,55.0,0.0,0.0,NO REFUND
65850,52620,2026-06-11 10:40:46.975293,389.99,0.0,4,0,389.99,0.0,0.0,NO REFUND
20530,16409,2022-09-07 16:14:46.000000,233.0,0.0,2,0,233.0,0.0,0.0,NO REFUND
113573,90917,2025-09-01 15:24:29.000000,282.88,0.0,3,0,282.88,0.0,0.0,NO REFUND
5937,4704,2023-12-15 01:45:45.000000,55.65,0.0,1,0,55.65,0.0,0.0,NO REFUND
67532,54022,2024-11-08 12:39:58.000000,57.99,0.0,1,0,57.99,0.0,0.0,NO REFUND
77898,62282,2022-03-23 18:57:23.000000,59.5,0.0,1,0,59.5,0.0,0.0,NO REFUND
21661,17292,2023-01-21 16:14:03.000000,59.95,0.0,1,0,59.95,0.0,0.0,NO REFUND
87784,70257,2024-11-03 19:30:18.000000,59.99,0.0,1,0,59.99,0.0,0.0,NO REFUND
104125,83450,2023-12-10 20:28:54.000000,288.18,0.0,4,0,288.18,0.0,0.0,NO REFUND
7543,6029,2020-03-24 08:16:23.000000,60.0,60.0,1,1,0.0,1.0,1.0,FULLY REFUNDED
124257,99517,2023-04-15 13:19:08.000000,60.27,0.0,1,0,60.27,0.0,0.0,NO REFUND
105722,84740,2024-05-01 19:39:29.000000,215.27,0.0,2,0,215.27,0.0,0.0,NO REFUND
10324,8224,2025-10-08 02:55:22.000000,64.0,0.0,1,0,64.0,0.0,0.0,NO REFUND
111000,88905,2026-02-11 12:41:00.000000,161.5,0.0,2,0,161.5,0.0,0.0,NO REFUND
27805,22228,2025-12-19 18:11:55.000000,64.17,64.17,1,1,0.0,1.0,1.0,FULLY REFUNDED
105548,84608,2025-10-21 00:23:00.000000,194.93,194.93,2,2,0.0,1.0,1.0,FULLY REFUNDED
80081,64014,2025-07-22 05:47:53.000000,66.0,0.0,1,0,66.0,0.0,0.0,NO REFUND
94369,75629,2021-12-30 09:50:38.000000,66.0,0.0,1,0,66.0,0.0,0.0,NO REFUND
101872,81672,2025-12-29 20:32:06.000000,68.0,0.0,1,0,68.0,0.0,0.0,NO REFUND
40032,31966,2021-02-09 22:18:45.000000,69.5,0.0,1,0,69.5,0.0,0.0,NO REFUND
45510,36333,2025-11-07 10:12:03.000000,69.5,0.0,1,0,69.5,0.0,0.0,NO REFUND
114943,92040,2025-08-11 06:29:35.000000,69.5,0.0,1,0,69.5,0.0,0.0,NO REFUND
11196,8907,2026-01-04 15:39:42.000000,209.9,0.0,2,0,209.9,0.0,0.0,NO REFUND
64913,51853,2026-03-10 08:12:23.000000,69.99,0.0,1,0,69.99,0.0,0.0,NO REFUND
97796,78393,2023-04-26 16:15:14.000000,69.99,0.0,1,0,69.99,0.0,0.0,NO REFUND
83771,67034,2026-02-09 17:57:52.000000,70.0,0.0,1,0,70.0,0.0,0.0,NO REFUND
40456,32306,2025-07-22 17:53:23.000000,72.0,0.0,1,0,72.0,0.0,0.0,NO REFUND
67707,54174,2020-05-26 00:13:11.000000,72.0,0.0,1,0,72.0,0.0,0.0,NO REFUND
51021,40755,2023-10-23 18:21:12.000000,157.84,0.0,2,0,157.84,0.0,0.0,NO REFUND
122905,98412,2023-01-19 01:28:44.000000,78.0,0.0,1,0,78.0,0.0,0.0,NO REFUND
107972,86505,2024-03-03 23:08:20.000000,79.0,0.0,1,0,79.0,0.0,0.0,NO REFUND
19078,15231,2025-11-11 17:55:06.000000,79.0,0.0,1,0,79.0,0.0,0.0,NO REFUND
27457,21954,2026-06-08 00:42:38.000000,79.99,0.0,1,0,79.99,0.0,0.0,NO REFUND
7464,5963,2026-05-02 00:49:42.000000,79.99,0.0,1,0,79.99,0.0,0.0,NO REFUND
72302,57814,2020-03-25 21:20:24.000000,81.4,0.0,1,0,81.4,0.0,0.0,NO REFUND
111744,89489,2021-12-08 21:06:15.000000,83.62,0.0,1,0,83.62,0.0,0.0,NO REFUND
25652,20481,2026-04-23 23:48:56.000000,87.89,0.0,1,0,87.89,0.0,0.0,NO REFUND
83975,67206,2025-01-05 15:47:13.000000,89.5,0.0,1,0,89.5,0.0,0.0,NO REFUND
7255,5798,2024-09-01 17:35:46.000000,90.0,0.0,1,0,90.0,0.0,0.0,NO REFUND
1666,1322,2024-10-24 06:02:41.000000,91.77,0.0,1,0,91.77,0.0,0.0,NO REFUND
24417,19500,2023-01-26 22:52:33.000000,96.0,0.0,1,0,96.0,0.0,0.0,NO REFUND
70331,56245,2025-08-22 07:04:56.000000,237.99,0.0,2,0,237.99,0.0,0.0,NO REFUND
120580,96520,2025-12-11 09:59:31.000000,323.0,0.0,2,0,323.0,0.0,0.0,NO REFUND
7047,5620,2021-07-17 09:12:36.000000,98.0,98.0,1,1,0.0,1.0,1.0,FULLY REFUNDED
97583,78212,2026-06-14 20:07:30.629587,98.0,0.0,1,0,98.0,0.0,0.0,NO REFUND
11139,8867,2025-03-10 05:36:00.000000,98.95,0.0,1,0,98.95,0.0,0.0,NO REFUND
42849,34192,2026-03-16 16:38:28.000000,99.0,0.0,1,0,99.0,0.0,0.0,NO REFUND
53400,42634,2024-07-24 09:54:51.000000,99.99,0.0,1,0,99.99,0.0,0.0,NO REFUND
76586,61234,2025-03-03 21:58:37.000000,101.49,0.0,1,0,101.49,0.0,0.0,NO REFUND
31610,25261,2022-12-28 12:19:30.000000,106.0,0.0,1,0,106.0,0.0,0.0,NO REFUND
49752,39726,2021-11-02 12:22:12.000000,108.0,0.0,1,0,108.0,0.0,0.0,NO REFUND
110316,88366,2026-04-11 20:53:53.000000,108.5,0.0,1,0,108.5,0.0,0.0,NO REFUND
91980,73657,2026-05-19 04:31:01.000000,109.95,0.0,1,0,109.95,0.0,0.0,NO REFUND
72763,58198,2022-11-27 02:06:33.000000,290.0,0.0,2,0,290.0,0.0,0.0,NO REFUND
73052,58438,2025-08-26 14:25:36.000000,117.6,0.0,1,0,117.6,0.0,0.0,NO REFUND
23749,18973,2020-06-29 02:43:44.000000,118.0,0.0,1,0,118.0,0.0,0.0,NO REFUND
118415,94811,2025-08-29 19:16:35.000000,135.0,0.0,1,0,135.0,0.0,0.0,NO REFUND
99068,79438,2023-10-17 18:20:29.000000,138.0,0.0,1,0,138.0,0.0,0.0,NO REFUND
71218,56969,2022-01-15 16:39:13.000000,154.0,0.0,1,0,154.0,0.0,0.0,NO REFUND
112257,89879,2023-07-04 20:10:15.000000,162.0,0.0,1,0,162.0,0.0,0.0,NO REFUND
96774,77585,2025-06-26 08:10:18.000000,178.0,0.0,1,0,178.0,0.0,0.0,NO REFUND
35636,28444,2026-04-26 19:24:36.000000,198.0,0.0,1,0,198.0,0.0,0.0,NO REFUND
68403,54741,2024-11-03 10:24:21.000000,209.99,0.0,1,0,209.99,0.0,0.0,NO REFUND
110104,88184,2023-09-15 21:27:40.000000,209.99,0.0,1,0,209.99,0.0,0.0,NO REFUND
84042,67264,2024-07-27 07:49:34.000000,265.99,0.0,1,0,265.99,0.0,0.0,NO REFUND
64746,51726,2023-04-12 02:36:21.000000,269.0,0.0,1,0,269.0,0.0,0.0,NO REFUND
5690,4501,2025-11-02 21:57:41.000000,269.0,269.0,1,1,0.0,1.0,1.0,FULLY REFUNDED
101481,81367,2025-03-31 12:54:56.000000,269.0,269.0,1,1,0.0,1.0,1.0,FULLY REFUNDED
80309,64208,2021-12-15 11:05:34.000000,279.99,0.0,1,0,279.99,0.0,0.0,NO REFUND
114912,92017,2021-03-04 22:05:25.000000,286.0,0.0,1,0,286.0,0.0,0.0,NO REFUND
117247,93898,2026-02-03 19:31:23.000000,286.0,0.0,1,0,286.0,0.0,0.0,NO REFUND
81742,65418,2025-06-10 18:56:22.000000,345.0,0.0,1,0,345.0,0.0,0.0,NO REFUND
-11,73268,2026-06-16 12:32:00.000000,197.0,21.0,2,1,176.0,0.1066,0.5,PARTIALLY REFUNDED
-16,39152,2026-06-16 14:20:00.000000,366.0,176.0,2,1,190.0,0.4809,0.5,PARTIALLY REFUNDED
-25,73379,2026-06-16 09:06:00.000000,194.0,0.0,3,0,194.0,0.0,0.0,NO REFUND
-32,63420,2026-06-16 17:26:00.000000,200.0,121.0,2,1,79.0,0.605,0.5,PARTIALLY REFUNDED
-36,86223,2026-06-16 15:58:00.000000,100.0,0.0,1,0,100.0,0.0,0.0,NO REFUND
-57,87283,2026-06-16 09:57:00.000000,342.0,0.0,2,0,342.0,0.0,0.0,NO REFUND
-97,85812,2026-06-16 13:15:00.000000,252.0,51.0,3,1,201.0,0.2024,0.3333,PARTIALLY REFUNDED
-124,88681,2026-06-16 16:28:00.000000,180.0,0.0,2,0,180.0,0.0,0.0,NO REFUND
-157,66949,2026-06-16 11:36:00.000000,374.0,0.0,3,0,374.0,0.0,0.0,NO REFUND
-168,80138,2026-06-16 16:41:00.000000,420.0,0.0,3,0,420.0,0.0,0.0,NO REFUND
-172,66623,2026-06-16 10:34:00.000000,240.0,0.0,3,0,240.0,0.0,0.0,NO REFUND
-195,21930,2026-06-16 17:00:00.000000,97.0,0.0,2,0,97.0,0.0,0.0,NO REFUND
-200,92633,2026-06-16 11:08:00.000000,111.0,0.0,1,0,111.0,0.0,0.0,NO REFUND
-235,81521,2026-06-16 13:15:00.000000,239.0,0.0,3,0,239.0,0.0,0.0,NO REFUND
-244,97985,2026-06-16 15:43:00.000000,383.0,0.0,3,0,383.0,0.0,0.0,NO REFUND
-250,31536,2026-06-16 09:58:00.000000,369.0,0.0,2,0,369.0,0.0,0.0,NO REFUND
-255,25800,2026-06-16 09:08:00.000000,88.0,0.0,1,0,88.0,0.0,0.0,NO REFUND
-260,35040,2026-06-16 12:53:00.000000,350.0,106.0,3,1,244.0,0.3029,0.3333,PARTIALLY REFUNDED
-268,78783,2026-06-16 16:45:00.000000,348.0,0.0,3,0,348.0,0.0,0.0,NO REFUND
-298,85833,2026-06-16 11:23:00.000000,198.0,84.0,3,1,114.0,0.4242,0.3333,PARTIALLY REFUNDED
-335,98785,2026-06-17 12:23:00.000000,115.0,115.0,2,2,0.0,1.0,1.0,FULLY REFUNDED
-421,10794,2026-06-18 13:07:00.000000,422.0,0.0,3,0,422.0,0.0,0.0,NO REFUND
-496,24523,2026-06-18 10:27:00.000000,46.0,0.0,1,0,46.0,0.0,0.0,NO REFUND
-430,41358,2026-06-18 16:32:00.000000,251.0,0.0,3,0,251.0,0.0,0.0,NO REFUND
-417,49938,2026-06-18 09:44:00.000000,148.0,0.0,1,0,148.0,0.0,0.0,NO REFUND
-489,47573,2026-06-18 15:00:00.000000,315.0,0.0,3,0,315.0,0.0,0.0,NO REFUND
-317,51224,2026-06-17 17:53:00.000000,379.0,116.0,3,1,263.0,0.3061,0.3333,PARTIALLY REFUNDED
-330,11398,2026-06-17 10:52:00.000000,128.0,90.0,2,1,38.0,0.7031,0.5,PARTIALLY REFUNDED
-491,93057,2026-06-18 12:27:00.000000,221.0,0.0,2,0,221.0,0.0,0.0,NO REFUND
-411,45185,2026-06-18 14:19:00.000000,222.0,128.0,2,1,94.0,0.5766,0.5,PARTIALLY REFUNDED
-363,94561,2026-06-17 09:04:00.000000,169.0,45.0,2,1,124.0,0.2663,0.5,PARTIALLY REFUNDED
-481,51707,2026-06-18 14:07:00.000000,200.0,0.0,1,0,200.0,0.0,0.0,NO REFUND
-485,61507,2026-06-18 11:34:00.000000,215.0,0.0,2,0,215.0,0.0,0.0,NO REFUND
-474,13684,2026-06-18 09:02:00.000000,395.0,0.0,3,0,395.0,0.0,0.0,NO REFUND
-445,43470,2026-06-18 10:03:00.000000,392.0,0.0,3,0,392.0,0.0,0.0,NO REFUND
-320,52687,2026-06-17 16:44:00.000000,297.0,187.0,2,1,110.0,0.6296,0.5,PARTIALLY REFUNDED
-425,87418,2026-06-18 10:50:00.000000,167.0,0.0,2,0,167.0,0.0,0.0,NO REFUND
-492,77086,2026-06-18 16:43:00.000000,321.0,321.0,3,3,0.0,1.0,1.0,FULLY REFUNDED
-470,97333,2026-06-18 17:37:00.000000,214.0,0.0,2,0,214.0,0.0,0.0,NO REFUND
-467,43835,2026-06-18 11:49:00.000000,213.0,0.0,2,0,213.0,0.0,0.0,NO REFUND
-468,22832,2026-06-18 15:20:00.000000,345.0,0.0,2,0,345.0,0.0,0.0,NO REFUND
-356,56339,2026-06-17 17:00:00.000000,129.0,56.0,2,1,73.0,0.4341,0.5,PARTIALLY REFUNDED
-443,3055,2026-06-18 16:22:00.000000,321.0,321.0,3,3,0.0,1.0,1.0,FULLY REFUNDED
-394,84533,2026-06-17 12:17:00.000000,104.0,104.0,1,1,0.0,1.0,1.0,FULLY REFUNDED
-478,51183,2026-06-18 16:54:00.000000,252.0,0.0,3,0,252.0,0.0,0.0,NO REFUND
-484,91211,2026-06-18 14:29:00.000000,137.0,0.0,2,0,137.0,0.0,0.0,NO REFUND
-437,72232,2026-06-18 10:07:00.000000,400.0,0.0,3,0,400.0,0.0,0.0,NO REFUND
-428,773,2026-06-18 17:27:00.000000,184.0,0.0,1,0,184.0,0.0,0.0,NO REFUND
-456,83154,2026-06-18 16:40:00.000000,229.0,0.0,3,0,229.0,0.0,0.0,NO REFUND
-392,6579,2026-06-17 13:33:00.000000,394.0,196.0,3,1,198.0,0.4975,0.3333,PARTIALLY REFUNDED
-458,80533,2026-06-18 10:09:00.000000,433.0,0.0,3,0,433.0,0.0,0.0,NO REFUND
-432,89013,2026-06-18 09:55:00.000000,94.0,94.0,2,2,0.0,1.0,1.0,FULLY REFUNDED
-451,83204,2026-06-18 15:57:00.000000,393.0,0.0,3,0,393.0,0.0,0.0,NO REFUND
-469,75902,2026-06-18 11:41:00.000000,173.0,0.0,3,0,173.0,0.0,0.0,NO REFUND
-475,97510,2026-06-18 11:35:00.000000,354.0,164.0,2,1,190.0,0.4633,0.5,PARTIALLY REFUNDED
-459,89268,2026-06-18 16:56:00.000000,189.0,189.0,1,1,0.0,1.0,1.0,FULLY REFUNDED
-473,30637,2026-06-18 10:56:00.000000,380.0,0.0,3,0,380.0,0.0,0.0,NO REFUND
-341,87999,2026-06-17 13:36:00.000000,119.0,33.0,2,1,86.0,0.2773,0.5,PARTIALLY REFUNDED
-434,83244,2026-06-18 12:48:00.000000,156.0,0.0,1,0,156.0,0.0,0.0,NO REFUND
-449,76307,2026-06-18 16:44:00.000000,56.0,0.0,1,0,56.0,0.0,0.0,NO REFUND
-500,14260,2026-06-18 12:25:00.000000,270.0,130.0,2,1,140.0,0.4815,0.5,PARTIALLY REFUNDED
-403,93584,2026-06-18 17:10:00.000000,144.0,144.0,1,1,0.0,1.0,1.0,FULLY REFUNDED
-480,5361,2026-06-18 15:31:00.000000,377.0,0.0,3,0,377.0,0.0,0.0,NO REFUND
-431,91404,2026-06-18 09:17:00.000000,74.0,0.0,1,0,74.0,0.0,0.0,NO REFUND
-472,70061,2026-06-18 12:52:00.000000,307.0,0.0,3,0,307.0,0.0,0.0,NO REFUND
-460,71808,2026-06-18 11:41:00.000000,273.0,0.0,2,0,273.0,0.0,0.0,NO REFUND
-490,35825,2026-06-18 17:39:00.000000,482.0,0.0,3,0,482.0,0.0,0.0,NO REFUND
-413,85926,2026-06-18 09:03:00.000000,74.0,74.0,2,2,0.0,1.0,1.0,FULLY REFUNDED
-418,31966,2026-06-18 10:09:00.000000,338.0,167.0,2,1,171.0,0.4941,0.5,PARTIALLY REFUNDED
-447,10603,2026-06-18 17:57:00.000000,173.0,153.0,2,1,20.0,0.8844,0.5,PARTIALLY REFUNDED
-477,69729,2026-06-18 14:25:00.000000,170.0,0.0,2,0,170.0,0.0,0.0,NO REFUND
-439,70890,2026-06-18 13:35:00.000000,25.0,0.0,1,0,25.0,0.0,0.0,NO REFUND
-342,51435,2026-06-17 09:58:00.000000,312.0,163.0,2,1,149.0,0.5224,0.5,PARTIALLY REFUNDED
-488,40900,2026-06-18 09:05:00.000000,339.0,0.0,3,0,339.0,0.0,0.0,NO REFUND
-419,70357,2026-06-18 13:22:00.000000,272.0,87.0,2,1,185.0,0.3199,0.5,PARTIALLY REFUNDED
-466,46029,2026-06-18 16:40:00.000000,121.0,0.0,1,0,121.0,0.0,0.0,NO REFUND
-482,13281,2026-06-18 09:28:00.000000,229.0,0.0,2,0,229.0,0.0,0.0,NO REFUND
-463,97608,2026-06-18 13:39:00.000000,346.0,120.0,3,1,226.0,0.3468,0.3333,PARTIALLY REFUNDED
-397,52474,2026-06-17 11:02:00.000000,437.0,102.0,3,1,335.0,0.2334,0.3333,PARTIALLY REFUNDED
-409,22387,2026-06-18 17:00:00.000000,96.0,96.0,1,1,0.0,1.0,1.0,FULLY REFUNDED
-438,92585,2026-06-18 17:30:00.000000,243.0,43.0,2,1,200.0,0.177,0.5,PARTIALLY REFUNDED
-333,74112,2026-06-17 13:51:00.000000,282.0,154.0,2,1,128.0,0.5461,0.5,PARTIALLY REFUNDED
-389,19060,2026-06-17 14:35:00.000000,194.0,194.0,1,1,0.0,1.0,1.0,FULLY REFUNDED
-429,586,2026-06-18 13:58:00.000000,177.0,0.0,2,0,177.0,0.0,0.0,NO REFUND
-457,11550,2026-06-18 16:46:00.000000,164.0,0.0,1,0,164.0,0.0,0.0,NO REFUND
-440,8960,2026-06-18 10:40:00.000000,327.0,0.0,3,0,327.0,0.0,0.0,NO REFUND
-412,388,2026-06-18 09:47:00.000000,267.0,0.0,2,0,267.0,0.0,0.0,NO REFUND
-415,4561,2026-06-18 12:57:00.000000,167.0,0.0,3,0,167.0,0.0,0.0,NO REFUND
-453,92876,2026-06-18 10:45:00.000000,204.0,0.0,2,0,204.0,0.0,0.0,NO REFUND
-486,87293,2026-06-18 12:06:00.000000,129.0,0.0,2,0,129.0,0.0,0.0,NO REFUND
-464,13197,2026-06-18 10:04:00.000000,392.0,0.0,3,0,392.0,0.0,0.0,NO REFUND
-427,84207,2026-06-18 14:03:00.000000,343.0,174.0,2,1,169.0,0.5073,0.5,PARTIALLY REFUNDED
-406,53274,2026-06-18 16:46:00.000000,295.0,0.0,3,0,295.0,0.0,0.0,NO REFUND
-495,30965,2026-06-18 15:21:00.000000,241.0,139.0,2,1,102.0,0.5768,0.5,PARTIALLY REFUNDED
-423,11437,2026-06-18 15:49:00.000000,69.0,0.0,1,0,69.0,0.0,0.0,NO REFUND
-493,29921,2026-06-18 16:41:00.000000,383.0,0.0,3,0,383.0,0.0,0.0,NO REFUND
-420,17958,2026-06-18 12:01:00.000000,195.0,0.0,3,0,195.0,0.0,0.0,NO REFUND
-441,80432,2026-06-18 11:30:00.000000,109.0,0.0,1,0,109.0,0.0,0.0,NO REFUND
-444,65366,2026-06-18 15:12:00.000000,256.0,0.0,3,0,256.0,0.0,0.0,NO REFUND
-426,85428,2026-06-18 16:10:00.000000,240.0,0.0,2,0,240.0,0.0,0.0,NO REFUND
-471,50954,2026-06-18 16:54:00.000000,328.0,158.0,2,1,170.0,0.4817,0.5,PARTIALLY REFUNDED
-404,35800,2026-06-18 11:18:00.000000,178.0,0.0,2,0,178.0,0.0,0.0,NO REFUND
-461,54538,2026-06-18 12:28:00.000000,160.0,160.0,2,2,0.0,1.0,1.0,FULLY REFUNDED
-483,39181,2026-06-18 11:00:00.000000,34.0,0.0,1,0,34.0,0.0,0.0,NO REFUND
-303,29908,2026-06-17 12:01:00.000000,67.0,67.0,1,1,0.0,1.0,1.0,FULLY REFUNDED
-378,51747,2026-06-17 17:28:00.000000,307.0,108.0,2,1,199.0,0.3518,0.5,PARTIALLY REFUNDED
-494,51014,2026-06-18 14:21:00.000000,279.0,0.0,2,0,279.0,0.0,0.0,NO REFUND
-465,3388,2026-06-18 17:44:00.000000,216.0,0.0,2,0,216.0,0.0,0.0,NO REFUND
-365,9161,2026-06-17 16:25:00.000000,294.0,186.0,2,1,108.0,0.6327,0.5,PARTIALLY REFUNDED
-407,46746,2026-06-18 16:07:00.000000,38.0,0.0,1,0,38.0,0.0,0.0,NO REFUND
-452,51612,2026-06-18 11:31:00.000000,486.0,0.0,3,0,486.0,0.0,0.0,NO REFUND
-497,5875,2026-06-18 15:02:00.000000,169.0,103.0,2,1,66.0,0.6095,0.5,PARTIALLY REFUNDED
-402,13169,2026-06-18 09:42:00.000000,37.0,0.0,1,0,37.0,0.0,0.0,NO REFUND
-435,92825,2026-06-18 15:14:00.000000,158.0,0.0,2,0,158.0,0.0,0.0,NO REFUND
-339,96367,2026-06-17 09:08:00.000000,96.0,24.0,2,1,72.0,0.25,0.5,PARTIALLY REFUNDED
-416,23455,2026-06-18 15:54:00.000000,369.0,134.0,3,1,235.0,0.3631,0.3333,PARTIALLY REFUNDED
-388,56087,2026-06-17 15:56:00.000000,431.0,193.0,3,1,238.0,0.4478,0.3333,PARTIALLY REFUNDED
-346,13201,2026-06-17 09:32:00.000000,161.0,25.0,2,1,136.0,0.1553,0.5,PARTIALLY REFUNDED
-462,8478,2026-06-18 15:34:00.000000,314.0,76.0,3,1,238.0,0.242,0.3333,PARTIALLY REFUNDED
-442,78807,2026-06-18 14:05:00.000000,161.0,35.0,2,1,126.0,0.2174,0.5,PARTIALLY REFUNDED
-401,31138,2026-06-18 17:31:00.000000,289.0,0.0,2,0,289.0,0.0,0.0,NO REFUND
-414,40024,2026-06-18 13:56:00.000000,111.0,0.0,1,0,111.0,0.0,0.0,NO REFUND
-328,63488,2026-06-17 10:04:00.000000,144.0,144.0,1,1,0.0,1.0,1.0,FULLY REFUNDED
-455,4522,2026-06-18 17:47:00.000000,98.0,98.0,1,1,0.0,1.0,1.0,FULLY REFUNDED
-450,46232,2026-06-18 15:36:00.000000,419.0,0.0,3,0,419.0,0.0,0.0,NO REFUND
-311,21222,2026-06-17 14:45:00.000000,274.0,68.0,3,1,206.0,0.2482,0.3333,PARTIALLY REFUNDED
-498,25459,2026-06-18 09:22:00.000000,273.0,273.0,2,2,0.0,1.0,1.0,FULLY REFUNDED
-422,18561,2026-06-18 11:35:00.000000,260.0,160.0,3,1,100.0,0.6154,0.3333,PARTIALLY REFUNDED
-408,98198,2026-06-18 12:25:00.000000,444.0,0.0,3,0,444.0,0.0,0.0,NO REFUND
-476,82872,2026-06-18 09:55:00.000000,137.0,0.0,2,0,137.0,0.0,0.0,NO REFUND
-479,84947,2026-06-18 13:04:00.000000,129.0,129.0,2,2,0.0,1.0,1.0,FULLY REFUNDED
-433,44235,2026-06-18 14:59:00.000000,152.0,0.0,1,0,152.0,0.0,0.0,NO REFUND
-374,53287,2026-06-17 11:40:00.000000,476.0,476.0,3,3,0.0,1.0,1.0,FULLY REFUNDED
-454,97114,2026-06-18 16:16:00.000000,223.0,70.0,2,1,153.0,0.3139,0.5,PARTIALLY REFUNDED
-405,37626,2026-06-18 11:02:00.000000,33.0,0.0,1,0,33.0,0.0,0.0,NO REFUND
-410,39938,2026-06-18 17:18:00.000000,156.0,0.0,1,0,156.0,0.0,0.0,NO REFUND
-324,44960,2026-06-17 14:20:00.000000,167.0,167.0,1,1,0.0,1.0,1.0,FULLY REFUNDED
-487,84071,2026-06-18 10:03:00.000000,221.0,0.0,2,0,221.0,0.0,0.0,NO REFUND
-448,32438,2026-06-18 14:52:00.000000,141.0,0.0,2,0,141.0,0.0,0.0,NO REFUND
-499,75025,2026-06-18 16:35:00.000000,191.0,0.0,1,0,191.0,0.0,0.0,NO REFUND
-424,63237,2026-06-18 15:30:00.000000,181.0,60.0,3,1,121.0,0.3315,0.3333,PARTIALLY REFUNDED
-436,78497,2026-06-18 09:03:00.000000,39.0,0.0,1,0,39.0,0.0,0.0,NO REFUND
-446,63290,2026-06-18 15:35:00.000000,210.0,27.0,3,1,183.0,0.1286,0.3333,PARTIALLY REFUNDED
