order_id,user_id,order_status,created_at,shipped_at,recognized_revenue,gross_revenue,total_item_count,data_integrity_status,cutoff_status
50497,40363,complete,2026-03-05 09:28:56.000000,2026-03-07 17:25:56.000000,83.75,83.75,2,MATCHED,NORMAL
4725,3745,shipped,2022-08-22 13:22:50.000000,2022-08-25 10:35:50.000000,43.9,43.9,2,MATCHED,NORMAL
76509,61174,cancelled,2026-06-15 19:51:39.000000,,0.0,142.88,3,MATCHED,SHIPPING_PENDING
13740,10924,shipped,2024-06-08 22:55:20.000000,2024-06-10 20:46:20.000000,30.76,30.76,2,MATCHED,NORMAL
91651,73379,returned,2024-07-03 05:42:10.000000,2024-07-04 10:39:10.000000,183.38,183.38,3,MATCHED,NORMAL
2383,1902,complete,2020-01-23 13:57:46.000000,2020-01-26 02:47:46.000000,83.94,83.94,3,MATCHED,NORMAL
7297,5829,complete,2023-04-21 17:04:12.000000,2023-04-23 02:02:12.000000,44.99,44.99,2,MATCHED,NORMAL
98022,78590,complete,2023-03-05 06:52:53.000000,2023-03-06 13:59:53.000000,70.32,70.32,2,MATCHED,NORMAL
43155,34436,returned,2024-04-06 07:12:48.000000,2024-04-07 17:20:48.000000,116.97,116.97,3,MATCHED,NORMAL
68496,54810,complete,2024-10-23 02:31:55.000000,2024-10-23 11:24:55.000000,130.89,130.89,3,MATCHED,NORMAL
121404,97187,cancelled,2024-03-31 01:29:01.000000,,0.0,8.0,1,MATCHED,SHIPPING_PENDING
34342,27403,processing,2021-04-18 15:49:21.000000,,0.0,8.0,1,MATCHED,SHIPPING_PENDING
85559,68473,shipped,2026-02-02 11:00:18.000000,2026-02-04 09:40:18.000000,33.48,33.48,2,MATCHED,NORMAL
56107,44837,shipped,2025-07-15 14:24:40.000000,2025-07-17 13:06:40.000000,329.38,329.38,3,MATCHED,NORMAL
10917,8704,complete,2023-10-27 17:57:57.000000,2023-10-30 08:38:57.000000,273.48,273.48,4,MATCHED,NORMAL
109491,87721,processing,2025-09-03 23:14:28.000000,,0.0,8.99,1,MATCHED,SHIPPING_PENDING
53161,42437,returned,2025-07-31 13:04:07.000000,2025-07-31 13:56:07.000000,8.99,8.99,1,MATCHED,NORMAL
110726,88672,shipped,2026-01-24 02:01:22.000000,2026-01-26 04:39:22.000000,9.0,9.0,1,MATCHED,NORMAL
107851,86413,returned,2021-01-27 14:38:01.000000,2021-01-28 05:03:01.000000,32.95,32.95,2,MATCHED,NORMAL
31613,25261,returned,2024-07-15 06:45:14.000000,2024-07-17 22:13:14.000000,35.5,35.5,2,MATCHED,NORMAL
97163,77880,complete,2021-03-16 11:25:03.000000,2021-03-18 19:20:03.000000,111.01,111.01,3,MATCHED,NORMAL
71701,57348,processing,2025-01-25 01:16:06.000000,,0.0,9.99,1,MATCHED,SHIPPING_PENDING
110061,88153,shipped,2023-11-15 17:25:43.000000,2023-11-18 02:12:43.000000,9.99,9.99,1,MATCHED,NORMAL
124849,99955,shipped,2026-06-02 17:54:27.000000,2026-06-04 08:43:27.000000,9.99,9.99,1,MATCHED,NORMAL
120231,96243,complete,2026-05-08 04:05:52.000000,2026-05-10 08:41:52.000000,20.0,20.0,2,MATCHED,NORMAL
18285,14564,complete,2026-01-17 03:13:25.000000,2026-01-18 13:13:25.000000,54.36,54.36,2,MATCHED,NORMAL
22051,17592,complete,2020-08-12 17:42:02.000000,2020-08-13 17:10:02.000000,224.43,224.43,4,MATCHED,NORMAL
113814,91113,processing,2025-09-10 13:14:41.000000,,0.0,35.51,2,MATCHED,SHIPPING_PENDING
50502,40368,processing,2026-02-26 03:18:59.000000,,0.0,10.69,1,MATCHED,SHIPPING_PENDING
95871,76862,processing,2024-08-06 09:43:53.000000,,0.0,10.99,1,MATCHED,SHIPPING_PENDING
36913,29458,shipped,2022-03-12 07:37:55.000000,2022-03-13 14:16:55.000000,89.97,89.97,4,MATCHED,NORMAL
108274,86724,shipped,2023-01-08 02:23:01.000000,2023-01-10 13:19:01.000000,80.24,80.24,2,MATCHED,NORMAL
26057,20822,shipped,2026-06-11 23:24:52.000000,2026-06-12 08:17:52.000000,192.66,192.66,4,MATCHED,NORMAL
93530,74953,complete,2022-11-16 02:26:32.000000,2022-11-16 16:23:32.000000,193.84,193.84,4,MATCHED,NORMAL
84366,67511,cancelled,2025-08-01 12:00:09.000000,,0.0,11.86,1,MATCHED,SHIPPING_PENDING
76413,61097,returned,2026-03-20 14:22:31.000000,2026-03-21 08:16:31.000000,52.18,52.18,2,MATCHED,NORMAL
22838,18244,cancelled,2025-02-12 05:08:25.000000,,0.0,170.89,4,MATCHED,SHIPPING_PENDING
66371,53068,complete,2024-09-09 19:00:58.000000,2024-09-12 15:44:58.000000,11.95,11.95,1,MATCHED,NORMAL
55458,44296,cancelled,2025-11-05 21:30:56.000000,,0.0,11.99,1,MATCHED,SHIPPING_PENDING
39478,31536,shipped,2025-09-10 04:12:53.000000,2025-09-10 06:37:53.000000,11.99,11.99,1,MATCHED,NORMAL
30382,24261,complete,2024-11-28 11:21:09.000000,2024-11-28 19:30:09.000000,359.45,359.45,4,MATCHED,NORMAL
124533,99704,complete,2025-12-22 03:02:08.000000,2025-12-24 08:11:08.000000,26.99,26.99,2,MATCHED,NORMAL
26756,21383,processing,2021-09-21 08:24:15.000000,,0.0,12.0,1,MATCHED,SHIPPING_PENDING
109350,87612,processing,2024-07-08 04:05:43.000000,,0.0,12.0,1,MATCHED,SHIPPING_PENDING
115866,92764,processing,2025-07-04 04:48:41.000000,,0.0,545.0,4,MATCHED,SHIPPING_PENDING
51937,41453,shipped,2025-05-23 03:11:19.000000,2025-05-24 16:50:19.000000,12.0,12.0,1,MATCHED,NORMAL
51131,40840,shipped,2025-08-04 20:26:32.000000,2025-08-06 17:29:32.000000,29.91,29.91,2,MATCHED,NORMAL
39054,31202,cancelled,2022-04-02 05:14:45.000000,,0.0,12.5,1,MATCHED,SHIPPING_PENDING
37971,30307,cancelled,2023-10-01 15:44:40.000000,,0.0,30.9,2,MATCHED,SHIPPING_PENDING
594,491,complete,2021-05-14 02:18:11.000000,2021-05-16 00:04:11.000000,171.91,171.91,4,MATCHED,NORMAL
22827,18235,cancelled,2022-03-22 18:14:21.000000,,0.0,272.97,4,MATCHED,SHIPPING_PENDING
24994,19966,complete,2023-05-04 22:11:24.000000,2023-05-05 12:42:24.000000,32.97,32.97,2,MATCHED,NORMAL
35570,28392,complete,2025-12-01 00:11:59.000000,2025-12-01 15:01:59.000000,242.98,242.98,4,MATCHED,NORMAL
78319,62614,complete,2026-05-06 23:55:46.000000,2026-05-08 01:03:46.000000,636.39,636.39,4,MATCHED,NORMAL
46329,37009,processing,2024-08-12 02:51:37.000000,,0.0,131.99,2,MATCHED,SHIPPING_PENDING
32742,26156,shipped,2023-06-15 08:14:49.000000,2023-06-15 21:22:49.000000,190.99,190.99,2,MATCHED,NORMAL
74895,59883,complete,2025-06-15 05:11:24.000000,2025-06-15 17:20:24.000000,29.04,29.04,2,MATCHED,NORMAL
79400,63465,processing,2021-09-26 03:26:05.000000,,0.0,362.44,4,MATCHED,SHIPPING_PENDING
83049,66461,shipped,2026-06-12 12:02:35.337086,2026-06-14 22:42:35.337086,185.5,185.5,2,MATCHED,NORMAL
9875,7877,returned,2024-03-03 04:02:40.000000,2024-03-03 06:14:40.000000,133.71,133.71,2,MATCHED,NORMAL
106566,85411,returned,2024-07-24 05:17:36.000000,2024-07-26 11:29:36.000000,107.25,107.25,4,MATCHED,NORMAL
51928,41446,returned,2023-08-04 13:27:38.000000,2023-08-05 12:37:38.000000,121.68,121.68,3,MATCHED,NORMAL
1274,1013,complete,2021-04-12 13:19:24.000000,2021-04-12 22:38:24.000000,13.95,13.95,1,MATCHED,NORMAL
61993,49518,returned,2026-06-14 19:25:36.851163,2026-06-15 06:22:36.851163,14.0,14.0,1,MATCHED,NORMAL
108888,87226,cancelled,2026-03-18 21:44:21.000000,,0.0,382.39,4,MATCHED,SHIPPING_PENDING
16548,13169,cancelled,2022-09-14 18:20:13.000000,,0.0,69.94,2,MATCHED,SHIPPING_PENDING
45564,36373,complete,2026-04-21 19:56:31.000000,2026-04-23 12:07:31.000000,59.5,59.5,2,MATCHED,NORMAL
79491,63538,complete,2022-12-03 18:12:44.000000,2022-12-05 12:04:44.000000,38.94,38.94,2,MATCHED,NORMAL
52682,42040,shipped,2026-04-04 17:24:49.000000,2026-04-05 11:41:49.000000,464.49,464.49,3,MATCHED,NORMAL
84237,67414,shipped,2025-11-12 23:27:25.000000,2025-11-13 04:04:25.000000,14.99,14.99,1,MATCHED,NORMAL
102473,82149,shipped,2025-03-28 04:01:07.000000,2025-03-30 11:41:07.000000,249.53,249.53,4,MATCHED,NORMAL
76929,61507,cancelled,2021-12-26 12:51:52.000000,,0.0,61.99,3,MATCHED,SHIPPING_PENDING
54441,43477,processing,2025-08-06 11:36:15.000000,,0.0,118.15,4,MATCHED,SHIPPING_PENDING
26701,21336,shipped,2026-04-27 12:34:16.000000,2026-04-27 22:49:16.000000,15.0,15.0,1,MATCHED,NORMAL
24825,19832,shipped,2025-05-12 16:50:48.000000,2025-05-13 03:55:48.000000,35.55,35.55,2,MATCHED,NORMAL
33086,26394,complete,2023-04-22 03:27:10.000000,2023-04-23 23:11:10.000000,50.94,50.94,2,MATCHED,NORMAL
78979,63125,complete,2026-04-07 20:26:23.000000,2026-04-10 18:39:23.000000,72.96,72.96,3,MATCHED,NORMAL
121597,97343,processing,2022-07-06 02:19:56.000000,,0.0,83.98,4,MATCHED,SHIPPING_PENDING
5612,4436,shipped,2026-02-23 04:13:35.000000,2026-02-23 09:50:35.000000,165.99,165.99,2,MATCHED,NORMAL
72660,58107,shipped,2026-03-26 06:33:28.000000,2026-03-26 16:26:28.000000,38.49,38.49,2,MATCHED,NORMAL
98337,78848,complete,2026-05-25 00:51:20.000000,2026-05-25 14:52:20.000000,64.99,64.99,2,MATCHED,NORMAL
93388,74836,cancelled,2025-04-05 20:33:26.000000,,0.0,62.97,2,MATCHED,SHIPPING_PENDING
77170,61690,processing,2023-02-26 14:54:13.000000,,0.0,142.34,4,MATCHED,SHIPPING_PENDING
63964,51108,returned,2026-05-04 06:24:54.000000,2026-05-06 23:03:54.000000,16.99,16.99,1,MATCHED,NORMAL
62276,49739,shipped,2024-07-26 01:13:23.000000,2024-07-28 07:25:23.000000,117.99,117.99,2,MATCHED,NORMAL
71165,56922,shipped,2023-08-04 08:18:27.000000,2023-08-07 05:36:27.000000,16.99,16.99,1,MATCHED,NORMAL
45810,36571,shipped,2025-10-09 19:25:52.000000,2025-10-12 16:58:52.000000,199.99,199.99,3,MATCHED,NORMAL
100742,80775,cancelled,2025-10-09 07:55:35.000000,,0.0,17.05,1,MATCHED,SHIPPING_PENDING
102873,82478,cancelled,2024-10-21 05:46:18.000000,,0.0,274.14,4,MATCHED,SHIPPING_PENDING
106675,85492,complete,2025-10-18 07:59:01.000000,2025-10-19 19:22:01.000000,17.95,17.95,1,MATCHED,NORMAL
52088,41576,shipped,2026-06-03 03:48:34.000000,2026-06-05 05:02:34.000000,85.95,85.95,2,MATCHED,NORMAL
97321,78004,cancelled,2023-07-06 17:03:58.000000,,0.0,47.98,2,MATCHED,SHIPPING_PENDING
60013,47939,shipped,2024-11-12 10:19:53.000000,2024-11-13 19:57:53.000000,43.97,43.97,2,MATCHED,NORMAL
124305,99545,complete,2026-05-11 16:43:59.000000,2026-05-14 03:07:59.000000,120.09,120.09,4,MATCHED,NORMAL
110308,88358,processing,2025-07-22 16:23:22.000000,,0.0,18.0,1,MATCHED,SHIPPING_PENDING
70555,56422,returned,2023-09-12 11:04:26.000000,2023-09-13 01:14:26.000000,193.67,193.67,3,MATCHED,NORMAL
15266,12170,complete,2026-05-16 05:20:01.000000,2026-05-16 08:22:01.000000,18.99,18.99,1,MATCHED,NORMAL
45771,36545,processing,2026-03-29 08:39:51.000000,,0.0,19.0,1,MATCHED,SHIPPING_PENDING
92367,73950,returned,2024-10-12 12:41:43.000000,2024-10-14 04:38:43.000000,84.23,84.23,2,MATCHED,NORMAL
118708,95024,processing,2026-01-24 05:46:51.000000,,0.0,19.49,1,MATCHED,SHIPPING_PENDING
33375,26614,processing,2025-03-15 17:24:34.000000,,0.0,83.82,2,MATCHED,SHIPPING_PENDING
67903,54347,cancelled,2024-07-10 23:03:54.000000,,0.0,425.95,4,MATCHED,SHIPPING_PENDING
82519,66019,complete,2025-12-27 04:47:13.000000,2025-12-27 14:43:13.000000,52.94,52.94,2,MATCHED,NORMAL
772,614,shipped,2026-04-26 11:08:14.000000,2026-04-26 21:41:14.000000,19.95,19.95,1,MATCHED,NORMAL
22050,17592,cancelled,2025-01-01 15:28:35.000000,,0.0,19.99,1,MATCHED,SHIPPING_PENDING
118109,94565,returned,2024-10-15 08:52:18.000000,2024-10-17 18:11:18.000000,201.42,201.42,4,MATCHED,NORMAL
47480,37929,shipped,2025-04-08 18:09:40.000000,2025-04-11 17:39:40.000000,503.98,503.98,3,MATCHED,NORMAL
51040,40776,shipped,2023-08-01 17:50:26.000000,2023-08-02 14:36:26.000000,212.98,212.98,4,MATCHED,NORMAL
64321,51395,shipped,2024-10-12 01:34:01.000000,2024-10-12 13:18:01.000000,19.99,19.99,1,MATCHED,NORMAL
85503,68425,shipped,2025-08-12 10:20:30.000000,2025-08-14 01:58:30.000000,19.99,19.99,1,MATCHED,NORMAL
96759,77577,processing,2024-09-12 15:54:23.000000,,0.0,58.0,2,MATCHED,SHIPPING_PENDING
82095,65695,shipped,2025-02-01 05:23:48.000000,2025-02-03 16:49:48.000000,20.0,20.0,1,MATCHED,NORMAL
3194,2553,complete,2024-01-03 06:06:35.000000,2024-01-05 12:30:35.000000,60.49,60.49,2,MATCHED,NORMAL
105380,84463,processing,2023-05-17 11:19:16.000000,,0.0,169.99,2,MATCHED,SHIPPING_PENDING
57469,45953,processing,2024-06-15 22:38:10.000000,,0.0,104.08,3,MATCHED,SHIPPING_PENDING
1784,1427,returned,2023-05-02 22:45:12.000000,2023-05-05 13:11:12.000000,100.93,100.93,3,MATCHED,NORMAL
25801,20610,shipped,2025-06-18 01:22:25.000000,2025-06-18 15:07:25.000000,21.9,21.9,1,MATCHED,NORMAL
80026,63970,complete,2026-02-07 08:21:49.000000,2026-02-07 14:15:49.000000,21.95,21.95,1,MATCHED,NORMAL
71372,57089,cancelled,2025-11-21 15:57:49.000000,,0.0,21.99,1,MATCHED,SHIPPING_PENDING
116060,92920,cancelled,2025-11-27 15:31:14.000000,,0.0,91.49,2,MATCHED,SHIPPING_PENDING
118829,95123,returned,2026-05-03 17:25:22.000000,2026-05-05 19:41:22.000000,85.98,85.98,2,MATCHED,NORMAL
94146,75482,shipped,2026-05-27 02:00:15.000000,2026-05-28 16:34:15.000000,79.98,79.98,3,MATCHED,NORMAL
13308,10562,processing,2026-05-05 20:16:39.000000,,0.0,211.18,4,MATCHED,SHIPPING_PENDING
32660,26081,returned,2024-12-27 00:44:35.000000,2024-12-28 14:04:35.000000,191.0,191.0,2,MATCHED,NORMAL
97247,77942,returned,2019-12-31 19:14:55.000000,2020-01-02 22:52:55.000000,22.1,22.1,1,MATCHED,POTENTIAL CUT-OFF RISK
118146,94589,complete,2024-04-01 12:29:41.000000,2024-04-02 20:41:41.000000,87.59,87.59,3,MATCHED,NORMAL
47191,37709,processing,2019-05-31 03:04:20.000000,,0.0,176.45,2,MATCHED,SHIPPING_PENDING
69017,55217,complete,2025-05-08 04:40:24.000000,2025-05-09 07:44:24.000000,67.98,67.98,2,MATCHED,NORMAL
31830,25425,processing,2022-07-06 09:13:44.000000,,0.0,69.98,2,MATCHED,SHIPPING_PENDING
124038,99334,shipped,2021-05-16 18:03:55.000000,2021-05-17 18:08:55.000000,72.94,72.94,2,MATCHED,NORMAL
117533,94115,complete,2026-05-30 21:54:46.000000,2026-05-31 11:36:46.000000,23.56,23.56,1,MATCHED,NORMAL
107114,85841,shipped,2023-06-28 22:54:18.000000,2023-06-29 00:03:18.000000,49.65,49.65,2,MATCHED,NORMAL
85739,68618,cancelled,2026-06-14 19:49:40.956383,,0.0,23.99,1,MATCHED,SHIPPING_PENDING
34691,27704,complete,2023-09-13 05:34:53.000000,2023-09-15 19:35:53.000000,245.63,245.63,4,MATCHED,NORMAL
51778,41352,complete,2024-07-15 21:29:50.000000,2024-07-16 00:22:50.000000,24.0,24.0,1,MATCHED,NORMAL
99122,79484,shipped,2026-06-14 08:15:11.117051,2026-06-15 07:42:11.117051,48.95,48.95,2,MATCHED,NORMAL
63474,50725,cancelled,2021-04-05 16:22:09.000000,,0.0,239.81,4,MATCHED,SHIPPING_PENDING
75831,60653,shipped,2022-01-26 19:22:26.000000,2022-01-28 15:57:26.000000,83.9,83.9,3,MATCHED,NORMAL
43655,34835,complete,2026-03-02 14:24:06.000000,2026-03-04 04:45:06.000000,198.44,198.44,3,MATCHED,NORMAL
5681,4495,returned,2026-02-19 16:36:35.000000,2026-02-21 17:55:35.000000,24.99,24.99,1,MATCHED,NORMAL
59519,47568,cancelled,2024-06-05 03:12:58.000000,,0.0,67.99,2,MATCHED,SHIPPING_PENDING
114136,91393,cancelled,2025-06-10 09:22:15.000000,,0.0,25.0,1,MATCHED,SHIPPING_PENDING
117584,94162,cancelled,2025-08-21 12:15:24.000000,,0.0,218.85,4,MATCHED,SHIPPING_PENDING
124107,99386,cancelled,2024-12-07 16:11:42.000000,,0.0,193.57,4,MATCHED,SHIPPING_PENDING
43643,34826,complete,2026-05-15 21:11:41.000000,2026-05-17 21:24:41.000000,25.0,25.0,1,MATCHED,NORMAL
89824,71867,complete,2024-09-19 12:58:21.000000,2024-09-20 04:26:21.000000,25.0,25.0,1,MATCHED,NORMAL
118202,94633,complete,2025-08-27 10:17:48.000000,2025-08-30 07:22:48.000000,186.0,186.0,2,MATCHED,NORMAL
22377,17860,processing,2022-04-24 04:12:56.000000,,0.0,25.0,1,MATCHED,SHIPPING_PENDING
44065,35164,processing,2023-11-28 09:27:09.000000,,0.0,324.99,3,MATCHED,SHIPPING_PENDING
91257,73056,processing,2023-10-02 15:35:56.000000,,0.0,25.0,1,MATCHED,SHIPPING_PENDING
122665,98223,processing,2024-10-12 01:48:16.000000,,0.0,218.45,4,MATCHED,SHIPPING_PENDING
34643,27667,returned,2023-09-25 11:50:08.000000,2023-09-27 13:33:08.000000,118.98,118.98,3,MATCHED,NORMAL
64992,51914,returned,2026-02-13 06:45:00.000000,2026-02-14 00:35:00.000000,191.91,191.91,3,MATCHED,NORMAL
8947,7143,shipped,2023-10-10 18:35:45.000000,2023-10-12 20:18:45.000000,263.95,263.95,4,MATCHED,NORMAL
20121,16075,shipped,2022-02-15 02:25:34.000000,2022-02-15 22:40:34.000000,25.0,25.0,1,MATCHED,NORMAL
44433,35443,shipped,2025-11-14 02:20:45.000000,2025-11-16 06:50:45.000000,121.67,121.67,3,MATCHED,NORMAL
53192,42463,shipped,2025-09-04 06:29:57.000000,2025-09-07 04:00:57.000000,25.0,25.0,1,MATCHED,NORMAL
57036,45592,shipped,2025-08-14 07:30:53.000000,2025-08-16 07:23:53.000000,61.99,61.99,2,MATCHED,NORMAL
41478,33083,cancelled,2025-10-11 01:34:09.000000,,0.0,251.06,4,MATCHED,SHIPPING_PENDING
104895,84071,processing,2023-03-06 07:39:59.000000,,0.0,203.48,2,MATCHED,SHIPPING_PENDING
94054,75401,complete,2025-04-23 09:37:33.000000,2025-04-24 09:19:33.000000,65.98,65.98,2,MATCHED,NORMAL
62665,50069,shipped,2024-07-26 22:06:42.000000,2024-07-29 00:32:42.000000,257.39,257.39,4,MATCHED,NORMAL
38728,30938,cancelled,2023-01-25 00:26:05.000000,,0.0,26.0,1,MATCHED,SHIPPING_PENDING
49897,39855,complete,2023-09-13 07:17:42.000000,2023-09-15 19:34:42.000000,154.0,154.0,2,MATCHED,NORMAL
78544,62775,complete,2019-07-04 16:37:23.000000,2019-07-06 02:25:23.000000,220.43,220.43,4,MATCHED,NORMAL
104052,83404,shipped,2024-05-28 11:37:13.000000,2024-05-30 23:32:13.000000,26.9,26.9,1,MATCHED,NORMAL
119516,95641,shipped,2026-05-15 16:35:52.000000,2026-05-18 09:42:52.000000,26.95,26.95,1,MATCHED,NORMAL
40003,31945,processing,2025-05-23 06:38:15.000000,,0.0,138.57,4,MATCHED,SHIPPING_PENDING
32542,25992,returned,2026-02-12 23:09:39.000000,2026-02-13 20:28:39.000000,26.99,26.99,1,MATCHED,NORMAL
5935,4704,shipped,2022-09-23 14:48:22.000000,2022-09-26 06:46:22.000000,325.59,325.59,4,MATCHED,NORMAL
9095,7255,processing,2024-04-12 08:56:05.000000,,0.0,27.16,1,MATCHED,SHIPPING_PENDING
115511,92475,processing,2026-04-27 21:21:20.000000,,0.0,27.7,1,MATCHED,SHIPPING_PENDING
388,314,shipped,2021-08-03 15:38:13.000000,2021-08-05 04:16:13.000000,62.69,62.69,2,MATCHED,NORMAL
124717,99844,complete,2021-11-30 07:59:27.000000,2021-12-02 11:20:27.000000,27.9,27.9,1,MATCHED,POTENTIAL CUT-OFF RISK
100834,80848,cancelled,2024-03-24 22:25:06.000000,,0.0,356.46,4,MATCHED,SHIPPING_PENDING
118747,95057,complete,2024-08-22 07:53:01.000000,2024-08-22 10:28:01.000000,323.73,323.73,4,MATCHED,NORMAL
41256,32913,cancelled,2020-09-03 07:53:29.000000,,0.0,513.7,4,MATCHED,SHIPPING_PENDING
42000,33488,cancelled,2026-05-06 02:45:52.000000,,0.0,29.0,1,MATCHED,SHIPPING_PENDING
9418,7509,cancelled,2025-04-19 16:59:49.000000,,0.0,29.45,1,MATCHED,SHIPPING_PENDING
54969,43910,complete,2021-02-27 11:30:12.000000,2021-02-27 16:54:12.000000,158.9,158.9,2,MATCHED,NORMAL
33260,26538,processing,2025-12-01 20:48:23.000000,,0.0,29.9,1,MATCHED,SHIPPING_PENDING
88690,70965,processing,2022-09-19 23:42:24.000000,,0.0,230.39,4,MATCHED,SHIPPING_PENDING
5128,4064,shipped,2026-06-01 22:44:10.000000,2026-06-02 04:43:10.000000,98.98,98.98,2,MATCHED,NORMAL
26284,20996,complete,2025-11-28 12:05:32.000000,2025-11-29 15:19:32.000000,66.98,66.98,2,MATCHED,NORMAL
26370,21074,complete,2026-06-15 23:08:44.556363,2026-06-18 22:42:44.556363,79.98,79.98,2,MATCHED,NORMAL
122010,97689,shipped,2026-01-04 06:55:44.000000,2026-01-06 18:18:44.000000,29.99,29.99,1,MATCHED,NORMAL
50015,39947,complete,2026-01-01 01:59:23.000000,2026-01-02 09:54:23.000000,30.2,30.2,1,MATCHED,NORMAL
111601,89384,shipped,2025-06-26 15:34:37.000000,2025-06-27 04:58:37.000000,31.07,31.07,1,MATCHED,NORMAL
70333,56247,complete,2024-08-24 07:12:52.000000,2024-08-25 06:15:52.000000,31.68,31.68,1,MATCHED,NORMAL
33092,26400,processing,2024-07-18 21:03:59.000000,,0.0,31.95,1,MATCHED,SHIPPING_PENDING
106091,85015,returned,2026-03-06 19:22:00.000000,2026-03-08 03:03:00.000000,31.95,31.95,1,MATCHED,NORMAL
88044,70438,shipped,2022-12-13 07:50:44.000000,2022-12-13 17:17:44.000000,161.31,161.31,3,MATCHED,NORMAL
104871,84054,processing,2026-06-14 04:00:24.475134,,0.0,32.51,1,MATCHED,SHIPPING_PENDING
97557,78197,shipped,2026-03-18 12:29:35.000000,2026-03-19 13:29:35.000000,110.65,110.65,2,MATCHED,NORMAL
72538,57995,cancelled,2025-11-24 18:11:17.000000,,0.0,32.99,1,MATCHED,SHIPPING_PENDING
89710,71779,returned,2023-09-22 20:15:32.000000,2023-09-25 00:51:32.000000,137.59,137.59,3,MATCHED,NORMAL
64674,51670,shipped,2022-04-17 17:50:00.000000,2022-04-20 06:05:00.000000,32.99,32.99,1,MATCHED,NORMAL
4234,3356,cancelled,2026-03-14 18:17:29.000000,,0.0,33.0,1,MATCHED,SHIPPING_PENDING
11710,9301,complete,2023-10-15 21:49:40.000000,2023-10-18 08:10:40.000000,124.45,124.45,3,MATCHED,NORMAL
110543,88531,shipped,2026-06-06 17:37:53.000000,2026-06-09 10:54:53.000000,33.6,33.6,1,MATCHED,NORMAL
30624,24445,complete,2025-12-03 22:18:08.000000,2025-12-04 01:46:08.000000,81.75,81.75,2,MATCHED,NORMAL
67081,53652,cancelled,2026-02-12 16:12:22.000000,,0.0,33.97,1,MATCHED,SHIPPING_PENDING
480,388,complete,2025-09-07 01:37:32.000000,2025-09-08 16:27:32.000000,90.0,90.0,2,MATCHED,NORMAL
37926,30273,processing,2025-12-09 20:46:01.000000,,0.0,34.0,1,MATCHED,SHIPPING_PENDING
59008,47142,shipped,2025-06-19 22:18:50.000000,2025-06-20 15:23:50.000000,133.95,133.95,2,MATCHED,NORMAL
41669,33236,processing,2019-10-12 19:18:31.000000,,0.0,34.5,1,MATCHED,SHIPPING_PENDING
7873,6301,cancelled,2022-11-26 07:59:34.000000,,0.0,183.95,2,MATCHED,SHIPPING_PENDING
31765,25370,cancelled,2026-03-05 10:54:29.000000,,0.0,34.95,1,MATCHED,SHIPPING_PENDING
117972,94450,cancelled,2025-12-20 01:30:53.000000,,0.0,402.68,4,MATCHED,SHIPPING_PENDING
81687,65366,cancelled,2021-10-13 00:33:47.000000,,0.0,84.98,2,MATCHED,SHIPPING_PENDING
50710,40523,complete,2025-11-15 06:59:51.000000,2025-11-16 18:04:51.000000,84.56,84.56,2,MATCHED,NORMAL
7400,5916,processing,2023-09-30 22:48:42.000000,,0.0,35.0,1,MATCHED,SHIPPING_PENDING
89134,71327,shipped,2024-04-30 20:13:56.000000,2024-05-02 15:56:56.000000,35.73,35.73,1,MATCHED,POTENTIAL CUT-OFF RISK
56334,45011,cancelled,2022-05-08 22:14:51.000000,,0.0,447.65,4,MATCHED,SHIPPING_PENDING
112087,89759,complete,2023-11-08 04:34:06.000000,2023-11-09 16:02:06.000000,277.32,277.32,3,MATCHED,NORMAL
1610,1271,shipped,2022-08-01 13:11:31.000000,2022-08-03 20:35:31.000000,95.95,95.95,2,MATCHED,NORMAL
53994,43134,shipped,2025-01-14 14:28:05.000000,2025-01-16 21:07:05.000000,36.0,36.0,1,MATCHED,NORMAL
122703,98252,shipped,2026-06-13 19:48:46.296549,2026-06-14 13:31:46.296549,36.0,36.0,1,MATCHED,NORMAL
65380,52211,complete,2022-10-15 16:13:05.000000,2022-10-15 18:27:05.000000,106.93,106.93,2,MATCHED,NORMAL
13709,10898,shipped,2024-12-24 05:18:56.000000,2024-12-26 06:34:56.000000,37.84,37.84,1,MATCHED,NORMAL
113374,90759,cancelled,2025-07-18 17:28:49.000000,,0.0,37.99,1,MATCHED,SHIPPING_PENDING
38199,30484,processing,2024-03-23 20:14:28.000000,,0.0,37.99,1,MATCHED,SHIPPING_PENDING
53091,42382,complete,2022-04-29 20:48:47.000000,2022-05-01 06:44:47.000000,38.0,38.0,1,MATCHED,POTENTIAL CUT-OFF RISK
12817,10178,shipped,2024-03-16 18:51:33.000000,2024-03-18 17:19:33.000000,138.0,138.0,2,MATCHED,NORMAL
84129,67339,shipped,2026-04-17 23:12:53.000000,2026-04-18 04:25:53.000000,209.0,209.0,3,MATCHED,NORMAL
109884,88028,processing,2025-12-20 06:32:33.000000,,0.0,90.5,2,MATCHED,SHIPPING_PENDING
70612,56469,shipped,2026-01-03 22:50:52.000000,2026-01-04 07:09:52.000000,39.6,39.6,1,MATCHED,NORMAL
22224,17729,cancelled,2026-04-03 14:54:03.000000,,0.0,39.95,1,MATCHED,SHIPPING_PENDING
4235,3357,processing,2026-03-14 11:48:33.000000,,0.0,39.98,1,MATCHED,SHIPPING_PENDING
42984,34295,cancelled,2026-06-13 15:56:59.000000,,0.0,39.99,1,MATCHED,SHIPPING_PENDING
11354,9027,complete,2024-06-16 00:17:43.000000,2024-06-18 08:59:43.000000,39.99,39.99,1,MATCHED,NORMAL
30250,24158,complete,2025-02-06 06:58:22.000000,2025-02-08 07:24:22.000000,219.49,219.49,2,MATCHED,NORMAL
63015,50351,complete,2025-09-07 20:47:28.000000,2025-09-09 14:05:28.000000,39.99,39.99,1,MATCHED,NORMAL
86789,69484,processing,2025-05-31 11:13:39.000000,,0.0,117.99,2,MATCHED,SHIPPING_PENDING
90255,72230,shipped,2022-01-25 00:07:49.000000,2022-01-27 01:22:49.000000,139.98,139.98,2,MATCHED,NORMAL
96260,77167,shipped,2021-03-23 20:10:16.000000,2021-03-26 06:57:16.000000,108.99,108.99,2,MATCHED,NORMAL
101531,81402,shipped,2020-01-08 08:10:19.000000,2020-01-08 08:58:19.000000,144.49,144.49,3,MATCHED,NORMAL
17990,14329,complete,2025-06-19 17:35:11.000000,2025-06-21 18:19:11.000000,40.49,40.49,1,MATCHED,NORMAL
50662,40489,shipped,2024-04-02 06:31:40.000000,2024-04-03 13:35:40.000000,187.38,187.38,3,MATCHED,NORMAL
80697,64552,shipped,2025-02-09 01:02:07.000000,2025-02-10 05:40:07.000000,311.74,311.74,4,MATCHED,NORMAL
54872,43830,complete,2026-03-27 20:16:14.000000,2026-03-28 07:44:14.000000,42.99,42.99,1,MATCHED,NORMAL
55502,44338,complete,2026-04-04 03:45:13.000000,2026-04-04 08:14:13.000000,136.99,136.99,3,MATCHED,NORMAL
108244,86708,processing,2024-01-10 04:00:38.000000,,0.0,43.14,1,MATCHED,SHIPPING_PENDING
97589,78217,complete,2026-02-25 02:58:50.000000,2026-02-26 16:54:50.000000,44.0,44.0,1,MATCHED,NORMAL
121386,97169,complete,2023-06-20 11:53:55.000000,2023-06-23 06:32:55.000000,286.0,286.0,2,MATCHED,NORMAL
72886,58300,processing,2023-09-11 22:51:19.000000,,0.0,44.0,1,MATCHED,SHIPPING_PENDING
10655,8478,shipped,2025-01-18 05:39:41.000000,2025-01-19 15:44:41.000000,44.0,44.0,1,MATCHED,NORMAL
10904,8693,shipped,2024-05-16 00:32:08.000000,2024-05-18 17:50:08.000000,92.95,92.95,2,MATCHED,NORMAL
111303,89136,shipped,2025-11-21 06:31:07.000000,2025-11-21 21:00:07.000000,99.95,99.95,2,MATCHED,NORMAL
82162,65752,cancelled,2026-05-03 02:41:44.000000,,0.0,44.99,1,MATCHED,SHIPPING_PENDING
27697,22151,complete,2026-03-25 12:33:30.000000,2026-03-26 13:59:30.000000,102.49,102.49,2,MATCHED,NORMAL
81590,65301,complete,2026-06-10 04:09:50.000000,2026-06-11 21:00:50.000000,44.99,44.99,1,MATCHED,NORMAL
116770,93486,complete,2023-08-30 01:14:53.000000,2023-09-01 03:19:53.000000,111.49,111.49,2,MATCHED,POTENTIAL CUT-OFF RISK
61194,48882,shipped,2021-08-21 21:04:44.000000,2021-08-22 04:41:44.000000,45.0,45.0,1,MATCHED,NORMAL
112075,89750,cancelled,2024-01-23 11:32:59.000000,,0.0,45.08,1,MATCHED,SHIPPING_PENDING
47347,37826,complete,2024-11-29 02:44:40.000000,2024-11-30 03:58:40.000000,100.33,100.33,2,MATCHED,NORMAL
110169,88248,processing,2022-01-24 23:15:59.000000,,0.0,45.95,1,MATCHED,SHIPPING_PENDING
72188,57723,complete,2023-12-30 17:51:10.000000,2024-01-02 01:08:10.000000,46.0,46.0,1,MATCHED,POTENTIAL CUT-OFF RISK
104304,83593,returned,2025-10-28 18:49:42.000000,2025-10-29 22:05:42.000000,46.5,46.5,1,MATCHED,NORMAL
36115,28817,cancelled,2026-01-24 17:46:16.000000,,0.0,499.99,3,MATCHED,SHIPPING_PENDING
113172,90604,complete,2025-12-14 11:01:37.000000,2025-12-14 14:10:37.000000,599.43,599.43,4,MATCHED,NORMAL
52925,42239,shipped,2023-04-22 21:03:07.000000,2023-04-23 16:45:07.000000,48.95,48.95,1,MATCHED,NORMAL
123856,99180,shipped,2024-09-04 19:48:31.000000,2024-09-05 00:17:31.000000,146.95,146.95,2,MATCHED,NORMAL
84646,67723,cancelled,2026-04-14 07:14:59.000000,,0.0,49.0,1,MATCHED,SHIPPING_PENDING
74768,59781,returned,2025-04-24 21:15:14.000000,2025-04-25 09:38:14.000000,178.95,178.95,2,MATCHED,NORMAL
8767,7006,returned,2026-05-31 22:02:11.000000,2026-06-01 00:18:11.000000,49.5,49.5,1,MATCHED,POTENTIAL CUT-OFF RISK
31839,25431,shipped,2024-09-15 02:45:59.000000,2024-09-15 12:44:59.000000,141.9,141.9,2,MATCHED,NORMAL
119242,95440,shipped,2024-02-13 08:24:40.000000,2024-02-13 15:47:40.000000,200.45,200.45,3,MATCHED,NORMAL
96006,76960,cancelled,2025-05-28 04:30:31.000000,,0.0,134.56,2,MATCHED,SHIPPING_PENDING
97432,78102,cancelled,2023-01-29 21:07:05.000000,,0.0,49.95,1,MATCHED,SHIPPING_PENDING
21552,17219,shipped,2023-09-30 23:48:47.000000,2023-10-03 03:40:47.000000,49.95,49.95,1,MATCHED,POTENTIAL CUT-OFF RISK
83413,66751,shipped,2025-07-09 02:06:34.000000,2025-07-11 10:52:34.000000,135.97,135.97,2,MATCHED,NORMAL
18166,14477,processing,2025-11-02 04:06:49.000000,,0.0,111.99,2,MATCHED,SHIPPING_PENDING
25977,20755,cancelled,2025-01-23 11:57:26.000000,,0.0,326.98,4,MATCHED,SHIPPING_PENDING
55996,44749,cancelled,2024-09-08 12:25:42.000000,,0.0,52.0,1,MATCHED,SHIPPING_PENDING
118539,94896,complete,2025-04-17 16:02:57.000000,2025-04-17 23:46:57.000000,53.0,53.0,1,MATCHED,NORMAL
75599,60461,returned,2026-02-20 16:54:01.000000,2026-02-21 23:17:01.000000,173.64,173.64,2,MATCHED,NORMAL
91183,72995,shipped,2021-10-25 08:43:16.000000,2021-10-26 14:21:16.000000,53.97,53.97,1,MATCHED,NORMAL
60363,48209,complete,2025-12-04 06:51:01.000000,2025-12-04 14:33:01.000000,54.0,54.0,1,MATCHED,NORMAL
85307,68261,processing,2026-03-28 19:39:16.000000,,0.0,54.0,1,MATCHED,SHIPPING_PENDING
95580,76619,processing,2026-05-13 01:02:58.000000,,0.0,54.0,1,MATCHED,SHIPPING_PENDING
47981,38334,shipped,2026-05-14 18:54:04.000000,2026-05-16 19:26:04.000000,54.5,54.5,1,MATCHED,NORMAL
24761,19772,cancelled,2026-03-03 20:09:54.000000,,0.0,55.0,1,MATCHED,SHIPPING_PENDING
65850,52620,cancelled,2026-06-11 13:23:12.975293,,0.0,389.99,4,MATCHED,SHIPPING_PENDING
20530,16409,processing,2022-09-03 20:05:18.000000,,0.0,233.0,2,MATCHED,SHIPPING_PENDING
113573,90917,processing,2025-08-31 16:42:51.000000,,0.0,282.88,3,MATCHED,SHIPPING_PENDING
5937,4704,cancelled,2023-12-15 02:38:19.000000,,0.0,55.65,1,MATCHED,SHIPPING_PENDING
67532,54022,complete,2024-11-08 15:24:14.000000,2024-11-09 06:15:14.000000,57.99,57.99,1,MATCHED,NORMAL
77898,62282,processing,2022-03-23 21:49:51.000000,,0.0,59.5,1,MATCHED,SHIPPING_PENDING
21661,17292,processing,2023-01-21 17:33:26.000000,,0.0,59.95,1,MATCHED,SHIPPING_PENDING
87784,70257,processing,2024-11-03 21:01:32.000000,,0.0,59.99,1,MATCHED,SHIPPING_PENDING
104125,83450,processing,2023-12-10 21:01:48.000000,,0.0,288.18,4,MATCHED,SHIPPING_PENDING
7543,6029,returned,2020-03-24 12:08:14.000000,2020-03-25 14:48:14.000000,60.0,60.0,1,MATCHED,NORMAL
124257,99517,complete,2023-04-15 14:44:01.000000,2023-04-15 22:23:01.000000,60.27,60.27,1,MATCHED,NORMAL
105722,84740,shipped,2024-04-27 20:19:02.000000,2024-04-30 06:11:02.000000,215.27,215.27,2,MATCHED,NORMAL
10324,8224,processing,2025-10-08 04:32:55.000000,,0.0,64.0,1,MATCHED,SHIPPING_PENDING
111000,88905,processing,2026-02-11 15:37:47.000000,,0.0,161.5,2,MATCHED,SHIPPING_PENDING
27805,22228,returned,2025-12-19 18:23:08.000000,2025-12-21 09:21:08.000000,64.17,64.17,1,MATCHED,NORMAL
105548,84608,returned,2025-10-20 03:51:38.000000,2025-10-22 18:46:38.000000,194.93,194.93,2,MATCHED,NORMAL
80081,64014,shipped,2025-07-22 08:22:05.000000,2025-07-23 22:18:05.000000,66.0,66.0,1,MATCHED,NORMAL
94369,75629,shipped,2021-12-30 11:54:41.000000,2021-12-31 15:36:41.000000,66.0,66.0,1,MATCHED,NORMAL
101872,81672,shipped,2025-12-30 00:15:07.000000,2025-12-30 15:05:07.000000,68.0,68.0,1,MATCHED,NORMAL
40032,31966,complete,2021-02-09 23:45:14.000000,2021-02-10 22:32:14.000000,69.5,69.5,1,MATCHED,NORMAL
45510,36333,shipped,2025-11-07 11:10:49.000000,2025-11-09 15:41:49.000000,69.5,69.5,1,MATCHED,NORMAL
114943,92040,shipped,2025-08-11 07:39:21.000000,2025-08-13 09:14:21.000000,69.5,69.5,1,MATCHED,NORMAL
11196,8907,complete,2026-01-02 18:24:34.000000,2026-01-04 14:18:34.000000,209.9,209.9,2,MATCHED,NORMAL
64913,51853,cancelled,2026-03-10 12:02:48.000000,,0.0,69.99,1,MATCHED,SHIPPING_PENDING
97796,78393,shipped,2023-04-26 17:17:07.000000,2023-04-27 14:15:07.000000,69.99,69.99,1,MATCHED,NORMAL
83771,67034,complete,2026-02-09 18:07:45.000000,2026-02-09 21:52:45.000000,70.0,70.0,1,MATCHED,NORMAL
40456,32306,complete,2025-07-22 19:03:29.000000,2025-07-25 12:56:29.000000,72.0,72.0,1,MATCHED,NORMAL
67707,54174,shipped,2020-05-26 01:06:02.000000,2020-05-28 02:37:02.000000,72.0,72.0,1,MATCHED,NORMAL
51021,40755,processing,2023-10-23 20:32:15.000000,,0.0,157.84,2,MATCHED,SHIPPING_PENDING
122905,98412,shipped,2023-01-19 01:28:37.000000,2023-01-19 06:26:37.000000,78.0,78.0,1,MATCHED,NORMAL
107972,86505,processing,2024-03-04 01:01:31.000000,,0.0,79.0,1,MATCHED,SHIPPING_PENDING
19078,15231,shipped,2025-11-11 20:58:07.000000,2025-11-12 03:28:07.000000,79.0,79.0,1,MATCHED,NORMAL
27457,21954,cancelled,2026-06-08 04:27:41.000000,,0.0,79.99,1,MATCHED,SHIPPING_PENDING
7464,5963,shipped,2026-05-02 01:12:46.000000,2026-05-03 11:28:46.000000,79.99,79.99,1,MATCHED,NORMAL
72302,57814,processing,2020-03-26 00:29:04.000000,,0.0,81.4,1,MATCHED,SHIPPING_PENDING
111744,89489,cancelled,2021-12-08 23:12:25.000000,,0.0,83.62,1,MATCHED,SHIPPING_PENDING
25652,20481,processing,2026-04-24 01:26:08.000000,,0.0,87.89,1,MATCHED,SHIPPING_PENDING
83975,67206,shipped,2025-01-05 16:02:15.000000,2025-01-06 07:08:15.000000,89.5,89.5,1,MATCHED,NORMAL
7255,5798,shipped,2024-09-01 17:45:37.000000,2024-09-02 05:42:37.000000,90.0,90.0,1,MATCHED,NORMAL
1666,1322,shipped,2024-10-24 09:39:13.000000,2024-10-26 21:53:13.000000,91.77,91.77,1,MATCHED,NORMAL
24417,19500,processing,2023-01-26 22:58:49.000000,,0.0,96.0,1,MATCHED,SHIPPING_PENDING
70331,56245,cancelled,2025-08-22 08:28:50.000000,,0.0,237.99,2,MATCHED,SHIPPING_PENDING
120580,96520,cancelled,2025-12-11 10:12:27.000000,,0.0,323.0,2,MATCHED,SHIPPING_PENDING
7047,5620,returned,2021-07-17 10:33:54.000000,2021-07-19 19:20:54.000000,98.0,98.0,1,MATCHED,NORMAL
97583,78212,shipped,2026-06-14 23:22:25.629587,2026-06-16 02:44:25.629587,98.0,98.0,1,MATCHED,NORMAL
11139,8867,shipped,2025-03-10 05:50:51.000000,2025-03-11 21:02:51.000000,98.95,98.95,1,MATCHED,NORMAL
42849,34192,complete,2026-03-16 19:41:08.000000,2026-03-18 15:11:08.000000,99.0,99.0,1,MATCHED,NORMAL
53400,42634,shipped,2024-07-24 12:11:27.000000,2024-07-25 12:42:27.000000,99.99,99.99,1,MATCHED,NORMAL
76586,61234,shipped,2025-03-03 23:04:14.000000,2025-03-05 11:59:14.000000,101.49,101.49,1,MATCHED,NORMAL
31610,25261,processing,2022-12-28 13:01:31.000000,,0.0,106.0,1,MATCHED,SHIPPING_PENDING
49752,39726,processing,2021-11-02 14:18:04.000000,,0.0,108.0,1,MATCHED,SHIPPING_PENDING
110316,88366,complete,2026-04-11 22:18:48.000000,2026-04-12 08:04:48.000000,108.5,108.5,1,MATCHED,NORMAL
91980,73657,shipped,2026-05-19 07:21:34.000000,2026-05-19 10:16:34.000000,109.95,109.95,1,MATCHED,NORMAL
72763,58198,cancelled,2022-11-27 05:10:50.000000,,0.0,290.0,2,MATCHED,SHIPPING_PENDING
73052,58438,shipped,2025-08-26 14:37:43.000000,2025-08-27 17:26:43.000000,117.6,117.6,1,MATCHED,NORMAL
23749,18973,processing,2020-06-29 02:48:38.000000,,0.0,118.0,1,MATCHED,SHIPPING_PENDING
118415,94811,shipped,2025-08-29 22:27:12.000000,2025-09-01 02:08:12.000000,135.0,135.0,1,MATCHED,POTENTIAL CUT-OFF RISK
99068,79438,cancelled,2023-10-17 18:49:26.000000,,0.0,138.0,1,MATCHED,SHIPPING_PENDING
71218,56969,complete,2022-01-15 19:56:20.000000,2022-01-18 18:32:20.000000,154.0,154.0,1,MATCHED,NORMAL
112257,89879,shipped,2023-07-04 21:11:45.000000,2023-07-07 06:38:45.000000,162.0,162.0,1,MATCHED,NORMAL
96774,77585,complete,2025-06-26 08:11:13.000000,2025-06-27 21:32:13.000000,178.0,178.0,1,MATCHED,NORMAL
35636,28444,processing,2026-04-26 21:32:36.000000,,0.0,198.0,1,MATCHED,SHIPPING_PENDING
68403,54741,cancelled,2024-11-03 13:07:34.000000,,0.0,209.99,1,MATCHED,SHIPPING_PENDING
110104,88184,complete,2023-09-15 22:50:12.000000,2023-09-18 08:18:12.000000,209.99,209.99,1,MATCHED,NORMAL
84042,67264,processing,2024-07-27 08:10:36.000000,,0.0,265.99,1,MATCHED,SHIPPING_PENDING
64746,51726,processing,2023-04-12 04:58:08.000000,,0.0,269.0,1,MATCHED,SHIPPING_PENDING
5690,4501,returned,2025-11-03 01:27:15.000000,2025-11-03 18:51:15.000000,269.0,269.0,1,MATCHED,NORMAL
101481,81367,returned,2025-03-31 13:10:13.000000,2025-04-01 02:36:13.000000,269.0,269.0,1,MATCHED,POTENTIAL CUT-OFF RISK
80309,64208,shipped,2021-12-15 11:47:45.000000,2021-12-18 02:28:45.000000,279.99,279.99,1,MATCHED,NORMAL
114912,92017,complete,2021-03-04 23:46:01.000000,2021-03-05 06:26:01.000000,286.0,286.0,1,MATCHED,NORMAL
117247,93898,complete,2026-02-03 21:13:31.000000,2026-02-04 08:36:31.000000,286.0,286.0,1,MATCHED,NORMAL
81742,65418,complete,2025-06-10 20:38:49.000000,2025-06-11 10:25:49.000000,345.0,345.0,1,MATCHED,NORMAL
-11,73268,"complete,returned",2026-06-16 12:32:00.000000,2026-06-17 12:32:00.000000,197.0,197.0,2,MATCHED,NORMAL
-16,39152,"complete,returned",2026-06-16 14:20:00.000000,2026-06-17 16:20:00.000000,366.0,366.0,2,MATCHED,NORMAL
-25,73379,complete,2026-06-16 09:06:00.000000,2026-06-18 09:06:00.000000,194.0,194.0,3,MATCHED,NORMAL
-32,63420,"complete,returned",2026-06-16 17:26:00.000000,2026-06-17 21:26:00.000000,200.0,200.0,2,MATCHED,NORMAL
-36,86223,complete,2026-06-16 15:58:00.000000,2026-06-18 00:58:00.000000,100.0,100.0,1,MATCHED,NORMAL
-57,87283,complete,2026-06-16 09:57:00.000000,2026-06-17 17:57:00.000000,342.0,342.0,2,MATCHED,NORMAL
-97,85812,"complete,returned",2026-06-16 13:15:00.000000,2026-06-18 08:15:00.000000,252.0,252.0,3,MATCHED,NORMAL
-124,88681,complete,2026-06-16 16:28:00.000000,2026-06-17 21:28:00.000000,180.0,180.0,2,MATCHED,NORMAL
-157,66949,complete,2026-06-16 11:36:00.000000,2026-06-18 08:36:00.000000,374.0,374.0,3,MATCHED,NORMAL
-168,80138,complete,2026-06-16 16:41:00.000000,2026-06-18 09:41:00.000000,420.0,420.0,3,MATCHED,NORMAL
-172,66623,complete,2026-06-16 10:34:00.000000,2026-06-18 08:34:00.000000,240.0,240.0,3,MATCHED,NORMAL
-195,21930,complete,2026-06-16 17:00:00.000000,2026-06-18 13:00:00.000000,97.0,97.0,2,MATCHED,NORMAL
-200,92633,complete,2026-06-16 11:08:00.000000,2026-06-17 23:08:00.000000,111.0,111.0,1,MATCHED,NORMAL
-235,81521,complete,2026-06-16 13:15:00.000000,2026-06-17 23:15:00.000000,239.0,239.0,3,MATCHED,NORMAL
-244,97985,complete,2026-06-16 15:43:00.000000,2026-06-18 02:43:00.000000,383.0,383.0,3,MATCHED,NORMAL
-250,31536,complete,2026-06-16 09:58:00.000000,2026-06-18 05:58:00.000000,369.0,369.0,2,MATCHED,NORMAL
-255,25800,complete,2026-06-16 09:08:00.000000,2026-06-17 20:08:00.000000,88.0,88.0,1,MATCHED,NORMAL
-260,35040,"complete,returned",2026-06-16 12:53:00.000000,2026-06-17 23:53:00.000000,350.0,350.0,3,MATCHED,NORMAL
-268,78783,complete,2026-06-16 16:45:00.000000,2026-06-18 04:45:00.000000,348.0,348.0,3,MATCHED,NORMAL
-298,85833,"complete,returned",2026-06-16 11:23:00.000000,2026-06-18 05:23:00.000000,198.0,198.0,3,MATCHED,NORMAL
62274,49739,returned,2024-11-27 16:13:40.000000,2024-11-30 02:30:40.000000,142.96,142.96,4,MATCHED,NORMAL
119061,95286,processing,2026-06-08 16:32:58.000000,,0.0,17.95,2,MATCHED,SHIPPING_PENDING
44905,35811,complete,2026-01-23 22:54:26.000000,2026-01-24 13:07:26.000000,71.35,71.35,3,MATCHED,NORMAL
116864,93560,complete,2025-11-01 23:32:47.000000,2025-11-04 20:11:47.000000,52.62,52.62,4,MATCHED,NORMAL
86602,69345,shipped,2024-01-25 00:35:21.000000,2024-01-27 15:36:21.000000,160.2,160.2,3,MATCHED,NORMAL
106960,85707,cancelled,2026-05-28 10:22:52.000000,,0.0,5.0,1,MATCHED,SHIPPING_PENDING
68787,55032,shipped,2026-04-01 07:46:21.000000,2026-04-01 20:38:21.000000,124.39,124.39,4,MATCHED,NORMAL
34902,27879,cancelled,2026-02-09 16:43:00.000000,,0.0,198.87,4,MATCHED,SHIPPING_PENDING
37280,29771,cancelled,2024-05-21 00:48:47.000000,,0.0,125.99,2,MATCHED,SHIPPING_PENDING
25942,20730,complete,2024-06-10 04:07:12.000000,2024-06-10 16:29:12.000000,117.99,117.99,2,MATCHED,NORMAL
71608,57265,shipped,2024-09-02 17:50:26.000000,2024-09-04 16:37:26.000000,34.99,34.99,2,MATCHED,NORMAL
76128,60880,cancelled,2022-02-20 01:25:19.000000,,0.0,20.94,2,MATCHED,SHIPPING_PENDING
95674,76697,cancelled,2024-10-13 01:08:44.000000,,0.0,65.97,3,MATCHED,SHIPPING_PENDING
46868,37449,complete,2020-10-31 11:05:58.000000,2020-10-31 19:32:58.000000,107.38,107.38,4,MATCHED,NORMAL
29837,23836,shipped,2022-08-09 17:41:55.000000,2022-08-12 06:07:55.000000,8.99,8.99,1,MATCHED,NORMAL
63334,50615,shipped,2026-01-09 19:55:22.000000,2026-01-12 13:58:22.000000,36.78,36.78,2,MATCHED,NORMAL
116077,92938,returned,2023-07-18 22:12:46.000000,2023-07-21 18:52:46.000000,9.9,9.9,1,MATCHED,NORMAL
86377,69161,shipped,2021-09-25 16:25:38.000000,2021-09-26 21:05:38.000000,99.79,99.79,3,MATCHED,NORMAL
114696,91854,cancelled,2025-11-04 01:26:18.000000,,0.0,34.49,2,MATCHED,SHIPPING_PENDING
61383,49041,returned,2026-01-02 11:02:27.000000,2026-01-03 14:51:27.000000,60.69,60.69,2,MATCHED,NORMAL
97613,78241,cancelled,2026-06-16 03:38:53.068659,,0.0,64.78,2,MATCHED,SHIPPING_PENDING
17073,13586,processing,2026-05-27 19:07:45.000000,,0.0,11.0,1,MATCHED,SHIPPING_PENDING
15234,12148,cancelled,2026-04-16 05:21:54.000000,,0.0,23.09,2,MATCHED,SHIPPING_PENDING
54151,43257,processing,2025-10-22 12:13:59.000000,,0.0,132.9,4,MATCHED,SHIPPING_PENDING
107714,86312,shipped,2021-10-25 10:05:34.000000,2021-10-26 23:14:34.000000,11.25,11.25,1,MATCHED,NORMAL
99096,79459,complete,2026-01-27 16:58:06.000000,2026-01-29 23:43:06.000000,152.43,152.43,3,MATCHED,NORMAL
26249,20963,processing,2022-09-10 00:29:06.000000,,0.0,51.45,2,MATCHED,SHIPPING_PENDING
47230,37738,processing,2026-05-25 04:26:18.000000,,0.0,11.99,1,MATCHED,SHIPPING_PENDING
54596,43604,complete,2025-07-30 00:59:35.000000,2025-07-30 04:50:35.000000,255.0,255.0,4,MATCHED,NORMAL
1597,1257,processing,2026-02-28 01:08:58.000000,,0.0,65.88,3,MATCHED,SHIPPING_PENDING
6508,5156,processing,2026-04-04 06:01:41.000000,,0.0,37.0,2,MATCHED,SHIPPING_PENDING
81494,65205,processing,2024-02-25 01:52:44.000000,,0.0,49.99,2,MATCHED,SHIPPING_PENDING
3091,2473,returned,2025-07-29 12:38:27.000000,2025-07-30 05:42:27.000000,241.06,241.06,4,MATCHED,NORMAL
18476,14715,returned,2020-09-09 16:58:12.000000,2020-09-11 14:23:12.000000,286.35,286.35,4,MATCHED,NORMAL
103371,82896,returned,2026-02-28 20:35:11.000000,2026-03-01 05:39:11.000000,12.0,12.0,1,MATCHED,POTENTIAL CUT-OFF RISK
52038,41536,shipped,2024-10-07 13:53:10.000000,2024-10-10 11:25:10.000000,419.55,419.55,4,MATCHED,NORMAL
73213,58561,complete,2025-08-04 10:07:36.000000,2025-08-06 17:41:36.000000,12.51,12.51,1,MATCHED,NORMAL
34040,27169,complete,2024-04-02 18:06:11.000000,2024-04-04 23:36:11.000000,33.79,33.79,2,MATCHED,NORMAL
68460,54787,complete,2025-12-03 22:23:26.000000,2025-12-04 17:16:26.000000,33.98,33.98,2,MATCHED,NORMAL
17094,13601,processing,2026-03-08 07:27:14.000000,,0.0,127.99,4,MATCHED,SHIPPING_PENDING
1039,829,shipped,2023-09-17 07:54:53.000000,2023-09-18 17:28:53.000000,12.99,12.99,1,MATCHED,NORMAL
46896,37469,shipped,2026-05-19 14:14:20.000000,2026-05-20 21:29:20.000000,76.94,76.94,2,MATCHED,NORMAL
62407,49848,complete,2026-04-26 04:39:57.000000,2026-04-28 15:06:57.000000,13.0,13.0,1,MATCHED,NORMAL
110152,88232,shipped,2022-07-19 10:15:19.000000,2022-07-20 07:28:19.000000,38.31,38.31,2,MATCHED,NORMAL
64864,51818,returned,2026-03-17 00:51:00.000000,2026-03-17 15:07:00.000000,34.77,34.77,2,MATCHED,NORMAL
47442,37904,complete,2025-12-04 10:36:18.000000,2025-12-07 00:58:18.000000,13.93,13.93,1,MATCHED,NORMAL
102648,82300,shipped,2023-08-17 12:47:02.000000,2023-08-18 21:51:02.000000,35.95,35.95,2,MATCHED,NORMAL
105328,84428,shipped,2023-07-03 09:13:21.000000,2023-07-03 15:37:21.000000,218.92,218.92,3,MATCHED,NORMAL
66589,53252,shipped,2022-08-21 14:47:42.000000,2022-08-23 06:09:42.000000,184.6,184.6,2,MATCHED,NORMAL
95088,76210,cancelled,2026-05-13 16:30:28.000000,,0.0,152.64,3,MATCHED,SHIPPING_PENDING
49159,39215,complete,2023-04-02 11:04:06.000000,2023-04-03 15:15:06.000000,209.97,209.97,4,MATCHED,NORMAL
39918,31879,processing,2023-10-08 02:17:31.000000,,0.0,59.9,2,MATCHED,SHIPPING_PENDING
116759,93474,complete,2026-02-16 01:14:09.000000,2026-02-16 10:15:09.000000,229.85,229.85,4,MATCHED,NORMAL
79328,63408,shipped,2022-07-26 20:38:44.000000,2022-07-28 01:58:44.000000,40.0,40.0,2,MATCHED,NORMAL
44414,35429,shipped,2025-09-21 01:08:07.000000,2025-09-21 18:34:07.000000,30.86,30.86,2,MATCHED,NORMAL
116358,93160,shipped,2024-05-21 07:02:34.000000,2024-05-21 12:31:34.000000,38.51,38.51,2,MATCHED,NORMAL
38201,30487,shipped,2026-01-12 13:27:40.000000,2026-01-13 18:52:40.000000,15.9,15.9,1,MATCHED,NORMAL
48043,38380,cancelled,2026-05-17 22:28:47.000000,,0.0,15.95,1,MATCHED,SHIPPING_PENDING
50911,40662,processing,2026-02-25 13:50:44.000000,,0.0,15.95,1,MATCHED,SHIPPING_PENDING
95856,76848,cancelled,2025-10-08 02:33:41.000000,,0.0,510.93,4,MATCHED,SHIPPING_PENDING
42020,33504,complete,2023-12-15 11:08:41.000000,2023-12-17 13:43:41.000000,16.0,16.0,1,MATCHED,NORMAL
97668,78297,complete,2023-12-17 12:55:39.000000,2023-12-20 06:56:39.000000,168.64,168.64,4,MATCHED,NORMAL
114005,91286,processing,2023-07-12 10:40:51.000000,,0.0,287.49,4,MATCHED,SHIPPING_PENDING
60105,48001,complete,2022-11-16 02:03:39.000000,2022-11-16 17:33:39.000000,76.49,76.49,2,MATCHED,NORMAL
103970,83342,processing,2026-06-13 22:40:22.403591,,0.0,501.49,4,MATCHED,SHIPPING_PENDING
119128,95322,shipped,2025-12-29 09:42:24.000000,2025-12-31 04:54:24.000000,185.61,185.61,4,MATCHED,NORMAL
80231,64138,complete,2025-11-29 21:45:08.000000,2025-11-30 15:51:08.000000,58.4,58.4,2,MATCHED,NORMAL
95166,76280,cancelled,2025-05-28 14:35:40.000000,,0.0,175.94,4,MATCHED,SHIPPING_PENDING
85990,68849,shipped,2025-03-16 05:59:13.000000,2025-03-18 22:19:13.000000,163.23,163.23,4,MATCHED,NORMAL
66092,52826,cancelled,2020-02-26 01:13:14.000000,,0.0,123.45,3,MATCHED,SHIPPING_PENDING
85681,68574,complete,2026-01-19 14:28:39.000000,2026-01-19 19:32:39.000000,16.99,16.99,1,MATCHED,NORMAL
33729,26912,shipped,2025-04-07 23:43:44.000000,2025-04-08 23:33:44.000000,16.99,16.99,1,MATCHED,NORMAL
108653,87026,shipped,2025-12-29 00:17:33.000000,2025-12-30 16:39:33.000000,16.99,16.99,1,MATCHED,NORMAL
27261,21790,complete,2024-08-07 16:29:00.000000,2024-08-10 13:43:00.000000,61.99,61.99,2,MATCHED,NORMAL
48166,38481,processing,2023-06-19 12:19:06.000000,,0.0,17.0,1,MATCHED,SHIPPING_PENDING
119582,95704,shipped,2022-06-11 13:56:49.000000,2022-06-11 18:20:49.000000,441.15,441.15,3,MATCHED,NORMAL
47459,37916,cancelled,2025-06-01 22:16:04.000000,,0.0,17.9,1,MATCHED,SHIPPING_PENDING
7253,5798,processing,2023-03-09 04:05:59.000000,,0.0,115.36,4,MATCHED,SHIPPING_PENDING
111844,89558,shipped,2025-09-10 12:19:17.000000,2025-09-11 09:19:17.000000,17.95,17.95,1,MATCHED,NORMAL
49831,39797,cancelled,2026-04-19 07:43:32.000000,,0.0,18.0,1,MATCHED,SHIPPING_PENDING
107092,85824,processing,2025-02-05 13:53:31.000000,,0.0,286.57,4,MATCHED,SHIPPING_PENDING
63403,50675,shipped,2026-06-04 02:35:53.000000,2026-06-04 08:14:53.000000,83.5,83.5,2,MATCHED,NORMAL
33185,26479,returned,2025-12-07 18:17:21.000000,2025-12-10 12:48:21.000000,321.13,321.13,4,MATCHED,NORMAL
102872,82477,processing,2026-06-15 16:48:16.145546,,0.0,19.95,1,MATCHED,SHIPPING_PENDING
83268,66630,shipped,2025-10-23 14:53:22.000000,2025-10-25 06:08:22.000000,147.95,147.95,3,MATCHED,NORMAL
8091,6460,complete,2023-02-08 09:49:50.000000,2023-02-09 10:14:50.000000,19.99,19.99,1,MATCHED,NORMAL
38094,30414,complete,2024-03-08 00:47:52.000000,2024-03-08 02:36:52.000000,91.99,91.99,2,MATCHED,NORMAL
42838,34180,complete,2024-11-24 05:09:43.000000,2024-11-25 21:37:43.000000,19.99,19.99,1,MATCHED,NORMAL
90237,72213,complete,2022-07-27 09:12:39.000000,2022-07-30 00:41:39.000000,49.98,49.98,2,MATCHED,NORMAL
64238,51325,processing,2026-01-25 07:12:10.000000,,0.0,137.94,3,MATCHED,SHIPPING_PENDING
72458,57937,processing,2023-03-01 07:07:00.000000,,0.0,47.98,2,MATCHED,SHIPPING_PENDING
118972,95225,returned,2026-06-11 18:28:59.000000,2026-06-11 20:07:59.000000,47.99,47.99,2,MATCHED,NORMAL
98511,78987,cancelled,2023-10-16 00:17:48.000000,,0.0,20.0,1,MATCHED,SHIPPING_PENDING
107826,86397,processing,2022-08-06 10:29:23.000000,,0.0,274.22,4,MATCHED,SHIPPING_PENDING
44721,35659,shipped,2024-08-12 09:07:11.000000,2024-08-12 14:31:11.000000,20.0,20.0,1,MATCHED,NORMAL
123160,98621,processing,2023-10-27 22:01:37.000000,,0.0,21.9,1,MATCHED,SHIPPING_PENDING
97766,78371,cancelled,2026-03-19 07:26:09.000000,,0.0,56.98,2,MATCHED,SHIPPING_PENDING
60847,48586,returned,2021-02-17 07:22:05.000000,2021-02-18 07:32:05.000000,21.99,21.99,1,MATCHED,NORMAL
91364,73148,complete,2025-01-28 09:13:54.000000,2025-01-30 02:36:54.000000,22.0,22.0,1,MATCHED,NORMAL
78989,63132,returned,2024-06-11 09:28:09.000000,2024-06-13 01:51:09.000000,92.0,92.0,2,MATCHED,NORMAL
30317,24205,cancelled,2023-11-13 03:45:56.000000,,0.0,22.5,1,MATCHED,SHIPPING_PENDING
249,205,complete,2026-01-12 18:02:25.000000,2026-01-15 02:01:25.000000,22.88,22.88,1,MATCHED,NORMAL
59957,47890,shipped,2023-08-11 02:42:10.000000,2023-08-11 09:37:10.000000,22.99,22.99,1,MATCHED,NORMAL
54753,43738,cancelled,2025-05-28 16:39:29.000000,,0.0,110.93,3,MATCHED,SHIPPING_PENDING
32341,25827,cancelled,2025-12-23 13:08:15.000000,,0.0,51.31,2,MATCHED,SHIPPING_PENDING
110045,88141,shipped,2024-04-25 10:43:19.000000,2024-04-28 09:28:19.000000,23.99,23.99,1,MATCHED,NORMAL
5978,4738,processing,2021-10-05 00:31:28.000000,,0.0,24.0,1,MATCHED,SHIPPING_PENDING
101902,81697,processing,2025-11-09 06:29:25.000000,,0.0,293.35,2,MATCHED,SHIPPING_PENDING
10830,8626,returned,2024-07-25 23:00:33.000000,2024-07-26 00:30:33.000000,24.95,24.95,1,MATCHED,NORMAL
35121,28047,shipped,2024-12-05 14:06:10.000000,2024-12-05 14:59:10.000000,24.95,24.95,1,MATCHED,NORMAL
119339,95511,processing,2022-12-07 18:31:08.000000,,0.0,24.98,1,MATCHED,SHIPPING_PENDING
29166,23309,cancelled,2023-07-30 14:03:48.000000,,0.0,24.99,1,MATCHED,SHIPPING_PENDING
52860,42186,complete,2025-06-22 17:12:29.000000,2025-06-24 14:58:29.000000,58.59,58.59,2,MATCHED,NORMAL
82845,66283,complete,2023-12-29 17:27:15.000000,2023-12-31 00:39:15.000000,77.99,77.99,2,MATCHED,NORMAL
79685,63680,processing,2024-09-16 17:31:02.000000,,0.0,24.99,1,MATCHED,SHIPPING_PENDING
69622,55681,returned,2026-02-21 23:52:44.000000,2026-02-22 10:49:44.000000,24.99,24.99,1,MATCHED,NORMAL
16694,13288,shipped,2026-01-25 21:32:28.000000,2026-01-26 03:18:28.000000,24.99,24.99,1,MATCHED,NORMAL
116830,93531,shipped,2025-11-18 23:30:48.000000,2025-11-20 04:31:48.000000,24.99,24.99,1,MATCHED,NORMAL
17720,14104,cancelled,2025-05-30 03:08:39.000000,,0.0,61.99,2,MATCHED,SHIPPING_PENDING
20348,16269,cancelled,2025-11-11 21:03:52.000000,,0.0,274.75,4,MATCHED,SHIPPING_PENDING
72551,58011,cancelled,2025-08-25 20:20:52.000000,,0.0,175.0,2,MATCHED,SHIPPING_PENDING
99712,79981,cancelled,2022-03-04 03:53:17.000000,,0.0,127.85,4,MATCHED,SHIPPING_PENDING
33816,26977,complete,2025-06-10 05:45:12.000000,2025-06-12 23:32:12.000000,73.99,73.99,2,MATCHED,NORMAL
63328,50607,complete,2026-04-13 20:50:26.000000,2026-04-15 16:55:26.000000,492.36,492.36,4,MATCHED,NORMAL
64784,51754,complete,2023-04-29 13:34:26.000000,2023-05-02 07:07:26.000000,25.0,25.0,1,MATCHED,POTENTIAL CUT-OFF RISK
110174,88250,complete,2024-09-11 07:02:28.000000,2024-09-14 06:16:28.000000,69.0,69.0,2,MATCHED,NORMAL
18791,14982,processing,2025-04-11 19:30:00.000000,,0.0,365.0,3,MATCHED,SHIPPING_PENDING
19929,15913,processing,2024-03-08 04:33:04.000000,,0.0,74.5,2,MATCHED,SHIPPING_PENDING
44082,35175,processing,2023-12-05 17:55:27.000000,,0.0,214.5,2,MATCHED,SHIPPING_PENDING
101278,81204,returned,2024-05-06 11:17:54.000000,2024-05-07 12:09:54.000000,254.0,254.0,2,MATCHED,NORMAL
120430,96399,returned,2025-12-29 08:18:43.000000,2025-12-31 03:36:43.000000,25.0,25.0,1,MATCHED,NORMAL
3471,2761,shipped,2025-12-16 23:21:34.000000,2025-12-19 05:26:34.000000,168.42,168.42,4,MATCHED,NORMAL
10435,8305,shipped,2025-12-28 16:32:37.000000,2025-12-31 05:40:37.000000,110.0,110.0,3,MATCHED,NORMAL
87064,69691,processing,2024-04-27 11:56:39.000000,,0.0,25.48,1,MATCHED,SHIPPING_PENDING
44492,35486,complete,2022-06-26 10:34:04.000000,2022-06-29 01:21:04.000000,25.5,25.5,1,MATCHED,NORMAL
118641,94972,returned,2025-11-11 12:32:20.000000,2025-11-14 00:32:20.000000,25.98,25.98,1,MATCHED,NORMAL
33569,26785,processing,2021-02-03 17:00:08.000000,,0.0,26.0,1,MATCHED,SHIPPING_PENDING
70264,56197,processing,2022-08-24 16:58:28.000000,,0.0,26.0,1,MATCHED,SHIPPING_PENDING
78372,62657,returned,2023-11-27 19:43:25.000000,2023-11-29 08:43:25.000000,26.0,26.0,1,MATCHED,NORMAL
23087,18436,shipped,2023-04-08 04:12:32.000000,2023-04-10 03:04:32.000000,226.0,226.0,2,MATCHED,NORMAL
106220,85135,shipped,2023-08-07 17:17:52.000000,2023-08-08 09:20:52.000000,183.93,183.93,3,MATCHED,NORMAL
73557,58839,cancelled,2024-12-27 14:16:44.000000,,0.0,102.2,2,MATCHED,SHIPPING_PENDING
82073,65677,complete,2026-06-16 05:11:19.507137,2026-06-17 09:04:19.507137,485.47,485.47,3,MATCHED,NORMAL
27529,22009,shipped,2024-02-07 00:00:57.000000,2024-02-08 03:19:57.000000,27.7,27.7,1,MATCHED,NORMAL
93797,75167,complete,2023-07-30 04:50:18.000000,2023-08-01 12:24:18.000000,364.96,364.96,4,MATCHED,POTENTIAL CUT-OFF RISK
91420,73198,cancelled,2026-06-15 04:26:14.000000,,0.0,130.98,3,MATCHED,SHIPPING_PENDING
26556,21222,complete,2024-09-06 09:46:57.000000,2024-09-08 00:49:57.000000,76.95,76.95,2,MATCHED,NORMAL
95073,76201,returned,2026-05-17 16:30:05.000000,2026-05-19 23:44:05.000000,111.99,111.99,2,MATCHED,NORMAL
34965,27933,shipped,2024-07-22 14:42:19.000000,2024-07-25 08:21:19.000000,318.93,318.93,4,MATCHED,NORMAL
25834,20638,cancelled,2025-02-19 11:29:51.000000,,0.0,70.0,2,MATCHED,SHIPPING_PENDING
77110,61651,returned,2020-10-18 08:32:26.000000,2020-10-19 23:52:26.000000,28.0,28.0,1,MATCHED,NORMAL
75083,60040,shipped,2026-01-02 17:21:51.000000,2026-01-05 11:50:51.000000,28.0,28.0,1,MATCHED,NORMAL
88746,71012,cancelled,2021-04-24 03:31:51.000000,,0.0,300.91,4,MATCHED,SHIPPING_PENDING
122355,97962,shipped,2026-03-15 18:11:15.000000,2026-03-16 18:43:15.000000,28.49,28.49,1,MATCHED,NORMAL
12352,9840,complete,2024-11-30 18:25:52.000000,2024-11-30 19:55:52.000000,172.94,172.94,4,MATCHED,NORMAL
45982,36723,cancelled,2026-03-22 07:02:40.000000,,0.0,84.9,2,MATCHED,SHIPPING_PENDING
3415,2709,shipped,2025-05-13 07:58:39.000000,2025-05-14 10:37:39.000000,72.89,72.89,2,MATCHED,NORMAL
71159,56918,returned,2024-09-21 23:55:54.000000,2024-09-22 19:01:54.000000,294.93,294.93,4,MATCHED,NORMAL
115406,92394,cancelled,2024-11-18 07:04:25.000000,,0.0,199.98,2,MATCHED,SHIPPING_PENDING
67166,53725,complete,2024-03-26 07:49:28.000000,2024-03-26 13:05:28.000000,139.98,139.98,2,MATCHED,NORMAL
118005,94474,complete,2025-09-19 01:42:08.000000,2025-09-20 06:05:08.000000,69.98,69.98,2,MATCHED,NORMAL
13976,11127,processing,2026-06-12 10:07:00.000000,,0.0,60.89,2,MATCHED,SHIPPING_PENDING
50272,40173,processing,2022-09-04 00:02:30.000000,,0.0,29.99,1,MATCHED,SHIPPING_PENDING
88581,70871,processing,2025-03-31 22:32:27.000000,,0.0,128.99,2,MATCHED,SHIPPING_PENDING
122002,97683,processing,2024-08-16 16:28:01.000000,,0.0,65.99,2,MATCHED,SHIPPING_PENDING
112379,89980,shipped,2024-05-23 00:44:23.000000,2024-05-24 09:34:23.000000,68.99,68.99,2,MATCHED,NORMAL
7113,5676,shipped,2024-02-25 09:48:57.000000,2024-02-25 15:52:57.000000,189.95,189.95,2,MATCHED,NORMAL
29918,23901,shipped,2026-03-06 07:22:27.000000,2026-03-08 07:34:27.000000,109.0,109.0,2,MATCHED,NORMAL
89277,71441,shipped,2026-03-06 10:11:06.000000,2026-03-07 12:22:06.000000,141.0,141.0,3,MATCHED,NORMAL
88674,70953,processing,2025-08-21 07:16:17.000000,,0.0,30.2,1,MATCHED,SHIPPING_PENDING
47295,37789,returned,2025-08-07 16:55:34.000000,2025-08-08 20:43:34.000000,30.4,30.4,1,MATCHED,NORMAL
52737,42082,cancelled,2026-06-01 20:32:49.000000,,0.0,31.81,1,MATCHED,SHIPPING_PENDING
65145,52039,shipped,2024-05-06 22:16:03.000000,2024-05-07 18:40:03.000000,31.99,31.99,1,MATCHED,NORMAL
94470,75724,returned,2026-06-13 06:16:13.763196,2026-06-13 16:52:13.763196,32.5,32.5,1,MATCHED,NORMAL
10265,8181,shipped,2024-09-10 00:30:10.000000,2024-09-10 13:17:10.000000,169.45,169.45,4,MATCHED,NORMAL
68488,54807,complete,2022-02-11 12:18:28.000000,2022-02-13 07:29:28.000000,32.99,32.99,1,MATCHED,NORMAL
20716,16558,returned,2026-03-06 09:17:02.000000,2026-03-06 14:52:02.000000,32.99,32.99,1,MATCHED,NORMAL
114103,91369,returned,2022-01-08 20:43:45.000000,2022-01-09 13:22:45.000000,267.77,267.77,4,MATCHED,NORMAL
76138,60886,cancelled,2022-12-23 06:04:17.000000,,0.0,33.75,1,MATCHED,SHIPPING_PENDING
66103,52837,complete,2021-06-11 18:15:06.000000,2021-06-13 01:32:06.000000,33.95,33.95,1,MATCHED,NORMAL
20070,16030,processing,2021-07-14 20:40:43.000000,,0.0,33.95,1,MATCHED,SHIPPING_PENDING
47914,38288,complete,2020-12-17 20:31:12.000000,2020-12-17 21:48:12.000000,75.63,75.63,2,MATCHED,NORMAL
108766,87117,complete,2024-08-07 19:14:43.000000,2024-08-08 07:28:43.000000,34.45,34.45,1,MATCHED,NORMAL
9072,7239,complete,2026-01-09 06:28:35.000000,2026-01-11 15:05:35.000000,685.65,685.65,4,MATCHED,NORMAL
75422,60321,complete,2026-06-10 18:17:20.301523,2026-06-13 09:47:20.301523,257.2,257.2,4,MATCHED,NORMAL
31642,25286,complete,2024-01-21 13:29:12.000000,2024-01-23 13:01:12.000000,565.45,565.45,4,MATCHED,NORMAL
75745,60574,complete,2026-06-15 17:54:36.239963,2026-06-16 10:16:36.239963,34.95,34.95,1,MATCHED,NORMAL
60679,48461,shipped,2026-04-29 01:18:51.000000,2026-05-01 10:14:51.000000,34.95,34.95,1,MATCHED,POTENTIAL CUT-OFF RISK
118793,95089,shipped,2020-07-21 21:43:20.000000,2020-07-23 18:09:20.000000,283.95,283.95,3,MATCHED,NORMAL
32057,25603,cancelled,2024-05-15 12:48:12.000000,,0.0,274.02,4,MATCHED,SHIPPING_PENDING
5693,4504,shipped,2026-05-25 19:00:53.000000,2026-05-27 13:25:53.000000,34.99,34.99,1,MATCHED,NORMAL
20377,16294,shipped,2025-06-05 04:35:22.000000,2025-06-06 01:34:22.000000,34.99,34.99,1,MATCHED,NORMAL
80007,63954,processing,2023-04-15 02:50:43.000000,,0.0,85.0,2,MATCHED,SHIPPING_PENDING
123638,99008,processing,2026-05-07 03:17:56.000000,,0.0,35.0,1,MATCHED,SHIPPING_PENDING
113995,91277,shipped,2026-06-16 06:22:04.000000,2026-06-16 16:56:04.000000,35.73,35.73,1,MATCHED,NORMAL
115198,92231,returned,2025-01-27 00:20:20.000000,2025-01-28 01:09:20.000000,79.9,79.9,2,MATCHED,NORMAL
22694,18117,returned,2026-04-09 10:23:39.000000,2026-04-10 17:54:39.000000,97.95,97.95,2,MATCHED,NORMAL
92489,74065,processing,2025-02-16 11:55:22.000000,,0.0,229.94,2,MATCHED,SHIPPING_PENDING
58061,46396,complete,2023-09-13 10:17:07.000000,2023-09-16 01:37:07.000000,120.2,120.2,2,MATCHED,NORMAL
25504,20367,processing,2026-03-03 09:42:00.000000,,0.0,289.44,4,MATCHED,SHIPPING_PENDING
99842,80095,returned,2021-08-31 01:39:25.000000,2021-09-02 02:11:25.000000,37.84,37.84,1,MATCHED,POTENTIAL CUT-OFF RISK
78723,62921,complete,2025-12-22 05:34:56.000000,2025-12-24 21:58:56.000000,87.48,87.48,2,MATCHED,NORMAL
41827,33359,complete,2023-02-11 09:36:50.000000,2023-02-12 06:11:50.000000,99.99,99.99,2,MATCHED,NORMAL
89659,71738,processing,2025-08-03 22:25:08.000000,,0.0,37.99,1,MATCHED,SHIPPING_PENDING
100446,80546,processing,2024-02-01 22:49:23.000000,,0.0,38.19,1,MATCHED,SHIPPING_PENDING
7796,6240,cancelled,2025-04-02 05:15:46.000000,,0.0,88.98,2,MATCHED,SHIPPING_PENDING
78403,62679,returned,2026-06-03 08:42:26.000000,2026-06-03 22:36:26.000000,39.0,39.0,1,MATCHED,NORMAL
113540,90893,complete,2023-11-25 17:35:20.000000,2023-11-27 17:59:20.000000,81.45,81.45,2,MATCHED,NORMAL
37361,29839,shipped,2025-12-07 08:13:10.000000,2025-12-09 18:21:10.000000,79.44,79.44,2,MATCHED,NORMAL
102927,82527,cancelled,2025-04-03 04:39:04.000000,,0.0,39.5,1,MATCHED,SHIPPING_PENDING
16470,13124,processing,2020-03-05 10:18:29.000000,,0.0,39.5,1,MATCHED,SHIPPING_PENDING
8144,6497,shipped,2026-05-23 05:31:16.000000,2026-05-24 13:59:16.000000,229.5,229.5,4,MATCHED,NORMAL
29783,23800,complete,2025-08-24 01:37:02.000000,2025-08-24 18:44:02.000000,268.98,268.98,3,MATCHED,NORMAL
83855,67106,complete,2019-08-15 10:53:15.000000,2019-08-17 03:05:15.000000,39.99,39.99,1,MATCHED,NORMAL
43219,34491,processing,2025-10-03 18:58:16.000000,,0.0,39.99,1,MATCHED,SHIPPING_PENDING
14743,11765,returned,2022-04-19 03:35:06.000000,2022-04-19 20:20:06.000000,39.99,39.99,1,MATCHED,NORMAL
16133,12857,shipped,2026-03-13 22:01:58.000000,2026-03-14 08:18:58.000000,39.99,39.99,1,MATCHED,NORMAL
25448,20326,shipped,2025-08-05 13:25:06.000000,2025-08-07 08:10:06.000000,39.99,39.99,1,MATCHED,NORMAL
27229,21774,shipped,2025-10-13 21:54:54.000000,2025-10-15 18:56:54.000000,108.99,108.99,2,MATCHED,NORMAL
39651,31667,shipped,2023-08-15 16:32:49.000000,2023-08-17 01:53:49.000000,179.98,179.98,2,MATCHED,NORMAL
69184,55338,shipped,2022-08-27 12:45:08.000000,2022-08-30 02:21:08.000000,89.98,89.98,2,MATCHED,NORMAL
115174,92215,complete,2025-06-20 01:19:48.000000,2025-06-22 18:39:48.000000,88.95,88.95,2,MATCHED,NORMAL
19788,15800,complete,2026-04-11 05:15:07.000000,2026-04-12 16:18:07.000000,40.49,40.49,1,MATCHED,NORMAL
33527,26742,processing,2026-01-29 08:48:51.000000,,0.0,40.6,1,MATCHED,SHIPPING_PENDING
63336,50618,shipped,2026-03-16 16:18:15.000000,2026-03-17 23:32:15.000000,87.94,87.94,2,MATCHED,NORMAL
116009,92876,processing,2026-05-28 07:59:00.000000,,0.0,182.0,2,MATCHED,SHIPPING_PENDING
40000,31941,complete,2025-12-06 05:09:06.000000,2025-12-06 20:02:06.000000,42.01,42.01,1,MATCHED,NORMAL
108214,86680,processing,2026-05-04 03:55:12.000000,,0.0,42.5,1,MATCHED,SHIPPING_PENDING
35057,27995,cancelled,2026-05-25 08:13:10.000000,,0.0,42.99,1,MATCHED,SHIPPING_PENDING
52396,41837,cancelled,2023-10-13 12:27:11.000000,,0.0,42.99,1,MATCHED,SHIPPING_PENDING
98758,79174,cancelled,2024-12-21 06:36:44.000000,,0.0,42.99,1,MATCHED,SHIPPING_PENDING
33821,26981,complete,2026-04-27 07:16:29.000000,2026-04-29 10:25:29.000000,200.99,200.99,2,MATCHED,NORMAL
88531,70817,complete,2023-03-07 12:57:30.000000,2023-03-09 09:08:30.000000,42.99,42.99,1,MATCHED,NORMAL
97452,78117,shipped,2023-02-01 21:49:22.000000,2023-02-03 00:21:22.000000,42.99,42.99,1,MATCHED,NORMAL
77866,62257,shipped,2026-01-14 18:39:15.000000,2026-01-17 09:40:15.000000,43.2,43.2,1,MATCHED,NORMAL
94218,75527,complete,2023-07-27 09:56:27.000000,2023-07-29 21:56:27.000000,201.97,201.97,2,MATCHED,NORMAL
29433,23519,shipped,2025-12-13 05:15:41.000000,2025-12-14 07:44:41.000000,43.97,43.97,1,MATCHED,NORMAL
44268,35320,complete,2026-03-05 05:52:58.000000,2026-03-05 16:31:58.000000,44.42,44.42,1,MATCHED,NORMAL
96692,77527,complete,2021-10-14 05:03:24.000000,2021-10-15 08:42:24.000000,44.99,44.99,1,MATCHED,NORMAL
66670,53309,returned,2024-08-28 12:36:42.000000,2024-08-30 16:05:42.000000,44.99,44.99,1,MATCHED,NORMAL
66358,53055,complete,2019-11-28 02:08:00.000000,2019-11-30 19:33:00.000000,45.0,45.0,1,MATCHED,NORMAL
20076,16034,returned,2026-02-24 08:08:34.000000,2026-02-25 20:01:34.000000,107.0,107.0,2,MATCHED,NORMAL
31477,25148,returned,2026-04-02 04:23:37.000000,2026-04-03 21:34:37.000000,45.0,45.0,1,MATCHED,NORMAL
24466,19533,shipped,2026-05-12 18:24:27.000000,2026-05-14 10:49:27.000000,45.0,45.0,1,MATCHED,NORMAL
94519,75755,shipped,2024-07-31 02:39:01.000000,2024-08-02 07:45:01.000000,45.0,45.0,1,MATCHED,POTENTIAL CUT-OFF RISK
50162,40063,returned,2026-06-13 16:35:55.529150,2026-06-15 02:18:55.529150,250.37,250.37,4,MATCHED,NORMAL
100249,80414,shipped,2023-12-26 13:48:00.000000,2023-12-29 00:16:00.000000,135.41,135.41,2,MATCHED,NORMAL
61732,49310,complete,2020-01-01 19:07:37.000000,2020-01-03 12:27:37.000000,46.0,46.0,1,MATCHED,NORMAL
53484,42706,shipped,2023-05-03 20:25:48.000000,2023-05-04 19:36:48.000000,46.0,46.0,1,MATCHED,NORMAL
92653,74219,shipped,2026-06-08 05:48:03.000000,2026-06-10 13:30:03.000000,46.5,46.5,1,MATCHED,NORMAL
45601,36406,cancelled,2025-10-15 08:05:47.000000,,0.0,147.0,2,MATCHED,SHIPPING_PENDING
105580,84640,complete,2023-03-17 19:31:19.000000,2023-03-18 05:31:19.000000,124.5,124.5,2,MATCHED,NORMAL
8040,6423,shipped,2024-04-26 18:40:44.000000,2024-04-29 03:09:44.000000,49.5,49.5,1,MATCHED,NORMAL
89148,71336,shipped,2023-02-20 05:17:34.000000,2023-02-23 03:17:34.000000,139.45,139.45,2,MATCHED,NORMAL
71975,57563,processing,2019-08-02 02:39:31.000000,,0.0,49.99,1,MATCHED,SHIPPING_PENDING
72383,57874,returned,2026-06-14 17:44:24.721540,2026-06-15 03:28:24.721540,49.99,49.99,1,MATCHED,NORMAL
26377,21079,processing,2025-09-26 16:24:43.000000,,0.0,102.0,2,MATCHED,SHIPPING_PENDING
16323,13006,shipped,2026-04-21 11:35:56.000000,2026-04-23 00:16:56.000000,50.0,50.0,1,MATCHED,NORMAL
35675,28479,shipped,2026-05-08 21:19:22.000000,2026-05-11 07:48:22.000000,319.0,319.0,2,MATCHED,NORMAL
118419,94815,shipped,2025-06-30 10:37:24.000000,2025-07-02 17:04:24.000000,50.0,50.0,1,MATCHED,POTENTIAL CUT-OFF RISK
41341,32979,shipped,2025-02-23 09:19:52.000000,2025-02-24 18:22:52.000000,50.41,50.41,1,MATCHED,NORMAL
118,96,complete,2024-08-01 15:03:07.000000,2024-08-02 11:33:07.000000,105.46,105.46,2,MATCHED,NORMAL
70162,56116,complete,2025-08-11 00:12:28.000000,2025-08-13 00:37:28.000000,50.99,50.99,1,MATCHED,NORMAL
119802,95896,shipped,2021-09-02 14:12:54.000000,2021-09-05 06:51:54.000000,150.98,150.98,2,MATCHED,NORMAL
35000,27958,processing,2023-06-24 12:26:28.000000,,0.0,179.99,2,MATCHED,SHIPPING_PENDING
20295,16230,shipped,2025-01-11 08:14:37.000000,2025-01-11 10:30:37.000000,52.0,52.0,1,MATCHED,NORMAL
52718,42065,shipped,2025-06-29 11:44:36.000000,2025-06-30 18:39:36.000000,258.9,258.9,4,MATCHED,NORMAL
83219,66592,shipped,2026-06-06 21:54:09.000000,2026-06-08 01:04:09.000000,105.97,105.97,2,MATCHED,NORMAL
38528,30759,returned,2024-09-03 08:45:13.000000,2024-09-04 17:33:13.000000,457.86,457.86,4,MATCHED,NORMAL
113692,91019,returned,2023-06-11 17:08:15.000000,2023-06-11 23:57:15.000000,53.95,53.95,1,MATCHED,NORMAL
86118,68943,complete,2025-04-02 05:21:09.000000,2025-04-04 05:52:09.000000,53.97,53.97,1,MATCHED,NORMAL
12919,10257,shipped,2023-06-08 22:39:31.000000,2023-06-11 07:44:31.000000,54.0,54.0,1,MATCHED,NORMAL
29222,23356,cancelled,2025-07-10 02:09:40.000000,,0.0,55.0,1,MATCHED,SHIPPING_PENDING
111063,88960,cancelled,2024-02-06 03:54:06.000000,,0.0,134.99,2,MATCHED,SHIPPING_PENDING
5713,4522,processing,2025-12-04 21:03:22.000000,,0.0,55.0,1,MATCHED,SHIPPING_PENDING
24117,19275,complete,2025-01-29 03:46:48.000000,2025-02-01 00:25:48.000000,57.0,57.0,1,MATCHED,POTENTIAL CUT-OFF RISK
53334,42591,shipped,2026-03-23 06:58:34.000000,2026-03-25 13:02:34.000000,58.0,58.0,1,MATCHED,NORMAL
24709,19730,shipped,2022-01-09 10:04:55.000000,2022-01-11 05:19:55.000000,58.99,58.99,1,MATCHED,NORMAL
19203,15340,shipped,2022-04-01 02:32:57.000000,2022-04-02 04:01:57.000000,59.0,59.0,1,MATCHED,NORMAL
79579,63603,processing,2024-03-17 18:37:04.000000,,0.0,59.95,1,MATCHED,SHIPPING_PENDING
46780,37381,complete,2024-06-20 17:06:32.000000,2024-06-22 19:34:32.000000,151.76,151.76,2,MATCHED,NORMAL
98606,79063,processing,2024-03-10 15:46:24.000000,,0.0,59.99,1,MATCHED,SHIPPING_PENDING
104946,84108,complete,2022-02-24 06:59:50.000000,2022-02-26 02:46:50.000000,60.0,60.0,1,MATCHED,NORMAL
24184,19325,shipped,2023-07-18 17:08:49.000000,2023-07-19 22:50:49.000000,60.0,60.0,1,MATCHED,NORMAL
103787,83204,processing,2025-04-16 23:43:49.000000,,0.0,60.27,1,MATCHED,SHIPPING_PENDING
86767,69472,shipped,2025-11-24 05:40:11.000000,2025-11-27 04:15:11.000000,62.0,62.0,1,MATCHED,NORMAL
64710,51697,processing,2026-03-27 23:02:15.000000,,0.0,63.99,1,MATCHED,SHIPPING_PENDING
60833,48576,cancelled,2022-10-31 19:52:08.000000,,0.0,64.95,1,MATCHED,SHIPPING_PENDING
114208,91459,complete,2026-02-06 23:06:53.000000,2026-02-07 22:55:53.000000,462.98,462.98,4,MATCHED,NORMAL
29626,23670,shipped,2025-12-24 10:48:52.000000,2025-12-25 14:52:52.000000,65.0,65.0,1,MATCHED,NORMAL
5009,3961,complete,2026-02-20 09:41:12.000000,2026-02-22 15:04:12.000000,66.0,66.0,1,MATCHED,NORMAL
8284,6615,returned,2022-09-05 08:40:08.000000,2022-09-08 07:01:08.000000,67.98,67.98,1,MATCHED,NORMAL
64678,51673,returned,2025-05-08 10:36:47.000000,2025-05-11 01:01:47.000000,68.0,68.0,1,MATCHED,NORMAL
82867,66299,returned,2023-11-03 19:34:19.000000,2023-11-06 11:22:19.000000,68.69,68.69,1,MATCHED,NORMAL
85081,68081,complete,2025-06-29 06:10:38.000000,2025-07-01 05:37:38.000000,69.0,69.0,1,MATCHED,POTENTIAL CUT-OFF RISK
29331,23440,processing,2023-10-28 12:42:03.000000,,0.0,159.94,2,MATCHED,SHIPPING_PENDING
56445,45102,shipped,2026-06-15 04:44:50.000000,2026-06-17 15:22:50.000000,69.95,69.95,1,MATCHED,NORMAL
64008,51151,complete,2024-04-17 09:12:02.000000,2024-04-18 18:03:02.000000,69.99,69.99,1,MATCHED,NORMAL
36763,29345,processing,2023-02-10 08:22:20.000000,,0.0,69.99,1,MATCHED,SHIPPING_PENDING
49384,39408,processing,2026-04-23 00:53:25.000000,,0.0,69.99,1,MATCHED,SHIPPING_PENDING
47193,37710,complete,2025-05-12 14:34:00.000000,2025-05-14 10:24:00.000000,70.74,70.74,1,MATCHED,NORMAL
14197,11312,cancelled,2023-04-25 19:53:55.000000,,0.0,471.0,4,MATCHED,SHIPPING_PENDING
61986,49514,processing,2024-07-10 09:10:25.000000,,0.0,77.38,1,MATCHED,SHIPPING_PENDING
96193,77112,returned,2026-06-04 02:42:14.000000,2026-06-04 02:51:14.000000,156.0,156.0,2,MATCHED,NORMAL
53781,42940,complete,2025-08-20 02:52:22.000000,2025-08-22 22:34:22.000000,79.5,79.5,1,MATCHED,NORMAL
40265,32153,processing,2025-09-25 13:55:55.000000,,0.0,79.5,1,MATCHED,SHIPPING_PENDING
56621,45237,shipped,2026-03-29 21:31:01.000000,2026-03-31 03:45:01.000000,79.99,79.99,1,MATCHED,NORMAL
65475,52289,complete,2024-07-18 20:56:41.000000,2024-07-19 10:02:41.000000,81.4,81.4,1,MATCHED,NORMAL
75143,60093,returned,2024-03-22 16:44:55.000000,2024-03-24 16:54:55.000000,85.0,85.0,1,MATCHED,NORMAL
111255,89103,complete,2025-11-04 12:07:29.000000,2025-11-04 14:26:29.000000,85.74,85.74,1,MATCHED,NORMAL
94438,75699,shipped,2025-06-19 01:40:24.000000,2025-06-19 22:02:24.000000,85.9,85.9,1,MATCHED,NORMAL
90266,72232,cancelled,2025-12-02 07:27:37.000000,,0.0,345.1,2,MATCHED,SHIPPING_PENDING
98434,78929,processing,2026-06-07 09:14:04.000000,,0.0,86.25,1,MATCHED,SHIPPING_PENDING
57997,46353,processing,2025-01-14 16:39:50.000000,,0.0,87.89,1,MATCHED,SHIPPING_PENDING
25937,20726,returned,2025-05-14 09:59:10.000000,2025-05-16 18:32:10.000000,88.0,88.0,1,MATCHED,NORMAL
116171,93008,shipped,2021-10-05 03:13:10.000000,2021-10-06 19:34:10.000000,88.0,88.0,1,MATCHED,NORMAL
6365,5043,cancelled,2025-11-08 12:19:26.000000,,0.0,89.5,1,MATCHED,SHIPPING_PENDING
118206,94635,processing,2026-04-06 12:46:20.000000,,0.0,90.0,1,MATCHED,SHIPPING_PENDING
74822,59827,returned,2026-02-23 04:54:00.000000,2026-02-24 08:21:00.000000,90.0,90.0,1,MATCHED,NORMAL
29601,23652,shipped,2025-02-27 04:00:31.000000,2025-03-01 12:49:31.000000,90.0,90.0,1,MATCHED,POTENTIAL CUT-OFF RISK
50945,40688,shipped,2022-04-15 08:56:21.000000,2022-04-15 14:40:21.000000,90.0,90.0,1,MATCHED,NORMAL
108932,87257,complete,2024-11-13 12:45:12.000000,2024-11-15 08:55:12.000000,94.0,94.0,1,MATCHED,NORMAL
94726,75928,shipped,2024-08-12 05:27:55.000000,2024-08-13 07:24:55.000000,193.0,193.0,2,MATCHED,NORMAL
45849,36601,complete,2022-10-06 16:39:37.000000,2022-10-09 03:49:37.000000,98.0,98.0,1,MATCHED,NORMAL
86502,69265,returned,2025-04-15 05:53:45.000000,2025-04-17 20:46:45.000000,98.0,98.0,1,MATCHED,NORMAL
17907,14260,shipped,2023-01-03 14:52:25.000000,2023-01-05 14:19:25.000000,98.0,98.0,1,MATCHED,NORMAL
113471,90839,complete,2023-03-18 18:26:15.000000,2023-03-20 19:38:15.000000,99.99,99.99,1,MATCHED,NORMAL
71192,56945,complete,2023-03-22 11:35:43.000000,2023-03-23 11:24:43.000000,100.99,100.99,1,MATCHED,NORMAL
80535,64408,shipped,2021-12-31 01:36:43.000000,2022-01-02 10:03:43.000000,101.0,101.0,1,MATCHED,POTENTIAL CUT-OFF RISK
46639,37266,complete,2024-04-07 10:16:46.000000,2024-04-08 17:26:46.000000,105.38,105.38,1,MATCHED,NORMAL
14435,11518,shipped,2026-03-04 15:22:57.000000,2026-03-07 07:32:57.000000,105.56,105.56,1,MATCHED,NORMAL
27944,22332,cancelled,2025-06-05 02:40:09.000000,,0.0,109.0,1,MATCHED,SHIPPING_PENDING
94235,75534,shipped,2025-10-26 11:20:14.000000,2025-10-28 15:39:14.000000,109.0,109.0,1,MATCHED,NORMAL
80740,64590,returned,2023-08-15 11:59:55.000000,2023-08-18 02:59:55.000000,109.91,109.91,1,MATCHED,NORMAL
78123,62462,processing,2023-01-07 12:32:38.000000,,0.0,112.86,1,MATCHED,SHIPPING_PENDING
35860,28607,complete,2025-11-18 19:38:44.000000,2025-11-20 09:10:44.000000,241.38,241.38,2,MATCHED,NORMAL
116316,93132,processing,2025-08-20 07:35:31.000000,,0.0,119.95,1,MATCHED,SHIPPING_PENDING
32716,26130,processing,2025-09-03 19:03:30.000000,,0.0,128.0,1,MATCHED,SHIPPING_PENDING
99065,79437,complete,2026-03-28 03:42:18.000000,2026-03-29 20:55:18.000000,132.0,132.0,1,MATCHED,NORMAL
48132,38455,complete,2026-06-14 01:40:52.014402,2026-06-16 09:04:52.014402,148.0,148.0,1,MATCHED,NORMAL
109201,87487,complete,2025-11-27 17:37:42.000000,2025-11-28 03:55:42.000000,148.0,148.0,1,MATCHED,NORMAL
109344,87609,shipped,2024-10-21 18:12:26.000000,2024-10-22 00:05:26.000000,149.0,149.0,1,MATCHED,NORMAL
54026,43159,returned,2026-03-02 21:02:23.000000,2026-03-03 06:12:23.000000,161.0,161.0,1,MATCHED,NORMAL
10522,8373,complete,2025-10-29 10:15:29.000000,2025-10-29 11:30:29.000000,162.0,162.0,1,MATCHED,NORMAL
53722,42893,shipped,2026-04-26 14:18:59.000000,2026-04-27 00:28:59.000000,333.95,333.95,2,MATCHED,NORMAL
118480,94858,complete,2024-11-29 14:47:10.000000,2024-12-01 12:51:10.000000,169.99,169.99,1,MATCHED,POTENTIAL CUT-OFF RISK
2553,2038,complete,2026-04-19 18:05:09.000000,2026-04-21 13:42:09.000000,170.98,170.98,1,MATCHED,NORMAL
119955,96023,shipped,2024-11-14 06:32:48.000000,2024-11-16 23:06:48.000000,176.0,176.0,1,MATCHED,NORMAL
74485,59566,complete,2026-04-21 09:45:02.000000,2026-04-24 00:40:02.000000,178.0,178.0,1,MATCHED,NORMAL
64798,51767,shipped,2025-12-29 08:37:32.000000,2025-12-29 15:56:32.000000,185.0,185.0,1,MATCHED,NORMAL
14550,11609,processing,2026-06-12 17:42:05.733496,,0.0,189.5,1,MATCHED,SHIPPING_PENDING
118311,94722,shipped,2026-05-12 23:43:38.000000,2026-05-15 18:19:38.000000,194.0,194.0,1,MATCHED,NORMAL
79638,63648,complete,2022-11-28 23:17:11.000000,2022-11-29 21:11:11.000000,196.0,196.0,1,MATCHED,NORMAL
16340,13023,shipped,2022-01-02 16:22:21.000000,2022-01-02 18:17:21.000000,206.0,206.0,1,MATCHED,NORMAL
25569,20414,processing,2025-04-29 12:40:02.000000,,0.0,207.28,1,MATCHED,SHIPPING_PENDING
25045,20004,shipped,2026-06-15 21:35:33.297648,2026-06-17 02:25:33.297648,209.99,209.99,1,MATCHED,NORMAL
85339,68287,cancelled,2024-08-08 06:56:56.000000,,0.0,220.0,1,MATCHED,SHIPPING_PENDING
103921,83308,complete,2023-07-13 13:08:36.000000,2023-07-15 18:09:36.000000,280.0,280.0,1,MATCHED,NORMAL
70165,56119,shipped,2025-01-28 06:37:05.000000,2025-01-30 01:04:05.000000,287.64,287.64,1,MATCHED,NORMAL
17390,13842,processing,2024-09-04 20:35:58.000000,,0.0,345.0,1,MATCHED,SHIPPING_PENDING
-2,62462,complete,2026-06-16 14:27:00.000000,2026-06-18 13:27:00.000000,46.0,46.0,1,MATCHED,NORMAL
-34,49514,complete,2026-06-16 13:06:00.000000,2026-06-18 10:06:00.000000,211.0,211.0,2,MATCHED,NORMAL
-41,45390,returned,2026-06-16 10:41:00.000000,2026-06-18 07:41:00.000000,351.0,351.0,3,MATCHED,NORMAL
-48,92475,complete,2026-06-16 15:12:00.000000,2026-06-18 08:12:00.000000,125.0,125.0,1,MATCHED,NORMAL
-67,20823,complete,2026-06-16 11:30:00.000000,2026-06-18 03:30:00.000000,230.0,230.0,2,MATCHED,NORMAL
-72,20700,"complete,returned",2026-06-16 15:20:00.000000,2026-06-17 15:20:00.000000,285.0,285.0,2,MATCHED,NORMAL
-107,52760,complete,2026-06-16 13:45:00.000000,2026-06-17 16:45:00.000000,167.0,167.0,1,MATCHED,NORMAL
-110,93647,complete,2026-06-16 11:22:00.000000,2026-06-17 19:22:00.000000,212.0,212.0,2,MATCHED,NORMAL
-116,14975,shipped,2026-06-16 10:47:00.000000,2026-06-17 17:47:00.000000,134.0,134.0,1,MATCHED,NORMAL
-118,14620,shipped,2026-06-16 12:34:00.000000,2026-06-18 05:34:00.000000,50.0,50.0,1,MATCHED,NORMAL
-132,97345,returned,2026-06-16 11:52:00.000000,2026-06-18 00:52:00.000000,305.0,305.0,2,MATCHED,NORMAL
-146,51435,complete,2026-06-16 12:29:00.000000,2026-06-17 23:29:00.000000,47.0,47.0,1,MATCHED,NORMAL
-152,88184,complete,2026-06-16 12:12:00.000000,2026-06-18 05:12:00.000000,42.0,42.0,1,MATCHED,NORMAL
-170,68101,complete,2026-06-16 17:14:00.000000,2026-06-18 00:14:00.000000,158.0,158.0,2,MATCHED,NORMAL
-173,20937,complete,2026-06-16 17:40:00.000000,2026-06-18 09:40:00.000000,71.0,71.0,2,MATCHED,NORMAL
-188,2024,complete,2026-06-16 11:22:00.000000,2026-06-18 00:22:00.000000,184.0,184.0,1,MATCHED,NORMAL
-197,33236,complete,2026-06-16 13:03:00.000000,2026-06-17 20:03:00.000000,52.0,52.0,1,MATCHED,NORMAL
-219,40619,"complete,returned",2026-06-16 14:07:00.000000,2026-06-18 06:07:00.000000,503.0,503.0,3,MATCHED,NORMAL
-227,49589,complete,2026-06-16 09:28:00.000000,2026-06-17 19:28:00.000000,115.0,115.0,1,MATCHED,NORMAL
-239,24042,complete,2026-06-16 13:17:00.000000,2026-06-18 09:17:00.000000,128.0,128.0,1,MATCHED,NORMAL
-275,48209,shipped,2026-06-16 11:36:00.000000,2026-06-18 07:36:00.000000,282.0,282.0,2,MATCHED,NORMAL
58498,46746,processing,2026-06-02 05:59:43.000000,,0.0,171.85,4,MATCHED,SHIPPING_PENDING
49571,39562,complete,2021-11-06 21:36:59.000000,2021-11-08 18:55:59.000000,70.95,70.95,2,MATCHED,NORMAL
85919,68784,shipped,2025-09-14 00:28:25.000000,2025-09-14 04:07:25.000000,210.94,210.94,4,MATCHED,NORMAL
50163,40063,shipped,2026-06-12 14:30:22.529150,2026-06-14 13:19:22.529150,53.46,53.46,2,MATCHED,NORMAL
48326,38607,cancelled,2024-10-08 10:05:05.000000,,0.0,5.95,1,MATCHED,SHIPPING_PENDING
65134,52032,cancelled,2026-01-26 08:34:54.000000,,0.0,84.42,4,MATCHED,SHIPPING_PENDING
116939,93628,cancelled,2023-04-19 21:06:41.000000,,0.0,6.0,1,MATCHED,SHIPPING_PENDING
16348,13027,complete,2024-06-15 20:39:01.000000,2024-06-18 14:03:01.000000,295.94,295.94,4,MATCHED,NORMAL
111881,89586,processing,2022-11-30 19:08:13.000000,,0.0,22.95,2,MATCHED,SHIPPING_PENDING
17196,13669,processing,2021-07-29 11:13:33.000000,,0.0,32.95,2,MATCHED,SHIPPING_PENDING
63317,50600,complete,2022-11-30 01:36:09.000000,2022-12-01 06:43:09.000000,25.03,25.03,2,MATCHED,POTENTIAL CUT-OFF RISK
41689,33253,complete,2026-04-11 08:14:05.000000,2026-04-13 02:25:05.000000,95.44,95.44,3,MATCHED,NORMAL
45684,36476,returned,2025-08-22 08:53:35.000000,2025-08-23 08:29:35.000000,551.04,551.04,4,MATCHED,NORMAL
51370,41020,complete,2024-03-30 00:58:07.000000,2024-03-31 07:23:07.000000,201.85,201.85,3,MATCHED,NORMAL
69698,55737,shipped,2024-02-10 18:53:51.000000,2024-02-10 19:38:51.000000,73.57,73.57,3,MATCHED,NORMAL
99607,79897,cancelled,2025-07-12 21:58:45.000000,,0.0,53.93,2,MATCHED,SHIPPING_PENDING
59211,47317,processing,2026-06-14 14:27:20.000000,,0.0,171.94,4,MATCHED,SHIPPING_PENDING
92227,73845,processing,2021-01-12 05:36:34.000000,,0.0,30.94,2,MATCHED,SHIPPING_PENDING
6047,4805,cancelled,2023-08-14 08:10:13.000000,,0.0,33.99,2,MATCHED,SHIPPING_PENDING
72509,57979,shipped,2026-02-06 12:31:10.000000,2026-02-09 03:21:10.000000,32.96,32.96,2,MATCHED,NORMAL
87303,69877,complete,2025-03-01 17:09:21.000000,2025-03-03 15:35:21.000000,106.98,106.98,2,MATCHED,NORMAL
114493,91698,processing,2026-02-08 13:55:53.000000,,0.0,86.54,3,MATCHED,SHIPPING_PENDING
62117,49624,processing,2026-04-12 18:26:02.000000,,0.0,97.75,2,MATCHED,SHIPPING_PENDING
75375,60284,cancelled,2024-06-03 04:49:41.000000,,0.0,127.9,2,MATCHED,SHIPPING_PENDING
110619,88594,processing,2025-03-14 00:03:37.000000,,0.0,9.9,1,MATCHED,SHIPPING_PENDING
8292,6619,complete,2025-02-11 05:38:04.000000,2025-02-12 22:37:04.000000,102.87,102.87,4,MATCHED,NORMAL
19058,15213,complete,2025-09-16 10:07:07.000000,2025-09-16 11:39:07.000000,74.99,74.99,2,MATCHED,NORMAL
24161,19307,processing,2024-05-22 04:38:36.000000,,0.0,62.92,4,MATCHED,SHIPPING_PENDING
1796,1443,shipped,2025-01-20 03:04:56.000000,2025-01-21 11:28:56.000000,54.94,54.94,2,MATCHED,NORMAL
25723,20544,shipped,2026-01-25 20:55:38.000000,2026-01-27 22:44:38.000000,9.99,9.99,1,MATCHED,NORMAL
63749,50942,shipped,2025-08-01 09:02:35.000000,2025-08-02 00:37:35.000000,409.0,409.0,2,MATCHED,NORMAL
13112,10412,shipped,2024-08-24 22:36:09.000000,2024-08-25 03:45:09.000000,333.18,333.18,4,MATCHED,NORMAL
3409,2703,complete,2026-06-09 04:54:01.000000,2026-06-11 16:34:01.000000,30.35,30.35,2,MATCHED,NORMAL
99010,79390,shipped,2021-05-15 13:32:36.000000,2021-05-18 11:07:36.000000,107.64,107.64,3,MATCHED,NORMAL
89975,72003,complete,2025-03-13 00:26:33.000000,2025-03-15 06:17:33.000000,225.65,225.65,4,MATCHED,NORMAL
484,391,processing,2026-06-16 06:15:35.765987,,0.0,10.69,1,MATCHED,SHIPPING_PENDING
34663,27680,returned,2025-04-10 03:55:46.000000,2025-04-12 16:45:46.000000,10.69,10.69,1,MATCHED,NORMAL
69308,55438,shipped,2025-11-21 14:11:47.000000,2025-11-23 10:57:47.000000,110.88,110.88,4,MATCHED,NORMAL
51819,41374,shipped,2022-06-30 19:53:34.000000,2022-07-01 17:32:34.000000,10.97,10.97,1,MATCHED,POTENTIAL CUT-OFF RISK
19298,15411,complete,2025-01-22 06:32:16.000000,2025-01-22 23:00:16.000000,81.62,81.62,4,MATCHED,NORMAL
57261,45796,cancelled,2026-06-15 00:45:13.232184,,0.0,116.38,2,MATCHED,SHIPPING_PENDING
48406,38663,cancelled,2021-08-08 11:45:00.000000,,0.0,11.99,1,MATCHED,SHIPPING_PENDING
64562,51574,cancelled,2022-02-09 13:55:23.000000,,0.0,134.61,4,MATCHED,SHIPPING_PENDING
117272,93924,complete,2026-02-13 09:05:20.000000,2026-02-13 15:48:20.000000,147.41,147.41,4,MATCHED,NORMAL
16000,12765,processing,2025-06-25 18:28:18.000000,,0.0,61.95,2,MATCHED,SHIPPING_PENDING
77500,61958,shipped,2024-06-19 18:36:40.000000,2024-06-19 18:38:40.000000,148.47,148.47,4,MATCHED,NORMAL
86941,69597,shipped,2025-04-21 20:35:39.000000,2025-04-23 03:56:39.000000,70.71,70.71,2,MATCHED,NORMAL
82960,66373,processing,2025-11-11 18:58:48.000000,,0.0,108.36,3,MATCHED,SHIPPING_PENDING
2285,1822,cancelled,2025-12-26 03:50:55.000000,,0.0,62.01,2,MATCHED,SHIPPING_PENDING
65025,51943,complete,2026-03-11 01:29:51.000000,2026-03-11 09:48:51.000000,97.57,97.57,3,MATCHED,NORMAL
18700,14900,returned,2025-08-04 04:15:22.000000,2025-08-06 03:30:22.000000,108.77,108.77,4,MATCHED,NORMAL
11398,9059,complete,2026-01-11 04:40:37.000000,2026-01-12 20:40:37.000000,260.8,260.8,3,MATCHED,NORMAL
15682,12520,processing,2024-02-15 18:44:50.000000,,0.0,12.9,1,MATCHED,SHIPPING_PENDING
59498,47556,shipped,2025-06-10 21:12:34.000000,2025-06-11 11:08:34.000000,450.34,450.34,4,MATCHED,NORMAL
116329,93144,shipped,2025-08-07 07:39:55.000000,2025-08-09 01:32:55.000000,101.99,101.99,4,MATCHED,NORMAL
40171,32076,complete,2023-04-15 18:35:56.000000,2023-04-18 15:12:56.000000,295.94,295.94,4,MATCHED,NORMAL
49367,39386,shipped,2020-12-05 01:45:34.000000,2020-12-06 03:40:34.000000,194.9,194.9,4,MATCHED,NORMAL
100324,80461,returned,2025-11-12 15:12:55.000000,2025-11-14 19:08:55.000000,13.31,13.31,1,MATCHED,NORMAL
30102,24044,complete,2023-12-03 16:51:03.000000,2023-12-05 23:22:03.000000,188.44,188.44,3,MATCHED,NORMAL
83132,66523,shipped,2026-02-03 06:24:10.000000,2026-02-05 09:35:10.000000,13.5,13.5,1,MATCHED,NORMAL
79159,63271,complete,2024-12-15 10:30:11.000000,2024-12-18 07:11:11.000000,13.93,13.93,1,MATCHED,NORMAL
26550,21215,processing,2024-07-18 06:08:39.000000,,0.0,38.92,2,MATCHED,SHIPPING_PENDING
75992,60769,processing,2025-01-01 09:22:17.000000,,0.0,255.96,4,MATCHED,SHIPPING_PENDING
30787,24578,cancelled,2026-06-10 19:33:42.000000,,0.0,135.99,3,MATCHED,SHIPPING_PENDING
77029,61592,cancelled,2026-05-17 21:51:55.000000,,0.0,112.75,3,MATCHED,SHIPPING_PENDING
5505,4348,complete,2026-04-08 19:47:59.000000,2026-04-11 06:27:59.000000,139.0,139.0,2,MATCHED,NORMAL
4231,3355,cancelled,2023-12-13 01:32:40.000000,,0.0,488.55,4,MATCHED,SHIPPING_PENDING
94643,75860,complete,2025-09-25 23:40:44.000000,2025-09-26 23:11:44.000000,506.55,506.55,4,MATCHED,NORMAL
811,647,cancelled,2025-01-17 18:23:22.000000,,0.0,157.75,3,MATCHED,SHIPPING_PENDING
96604,77461,returned,2024-05-31 17:45:43.000000,2024-06-01 08:17:43.000000,14.95,14.95,1,MATCHED,POTENTIAL CUT-OFF RISK
93573,74987,cancelled,2023-12-23 18:27:47.000000,,0.0,14.99,1,MATCHED,SHIPPING_PENDING
22642,18078,processing,2026-02-22 07:56:25.000000,,0.0,46.97,2,MATCHED,SHIPPING_PENDING
24205,19343,processing,2026-01-21 11:52:53.000000,,0.0,56.99,2,MATCHED,SHIPPING_PENDING
31344,25044,processing,2020-11-19 11:10:12.000000,,0.0,84.94,2,MATCHED,SHIPPING_PENDING
107157,85882,shipped,2020-07-08 07:28:40.000000,2020-07-10 17:56:40.000000,39.73,39.73,2,MATCHED,NORMAL
112292,89917,complete,2026-06-07 16:12:47.000000,2026-06-09 20:00:47.000000,45.49,45.49,2,MATCHED,NORMAL
51201,40900,processing,2023-08-02 10:54:48.000000,,0.0,121.2,3,MATCHED,SHIPPING_PENDING
18183,14492,shipped,2026-02-06 04:08:36.000000,2026-02-07 21:43:36.000000,15.95,15.95,1,MATCHED,NORMAL
26463,21149,shipped,2026-02-28 05:06:48.000000,2026-02-28 17:35:48.000000,55.94,55.94,2,MATCHED,NORMAL
75443,60339,shipped,2025-04-04 04:42:12.000000,2025-04-06 18:43:12.000000,15.95,15.95,1,MATCHED,NORMAL
97179,77889,complete,2023-01-26 17:48:41.000000,2023-01-28 10:25:41.000000,148.93,148.93,4,MATCHED,NORMAL
113740,91054,returned,2026-01-02 20:05:21.000000,2026-01-05 08:14:21.000000,90.93,90.93,4,MATCHED,NORMAL
70655,56497,shipped,2025-10-31 07:01:55.000000,2025-11-01 03:48:55.000000,15.99,15.99,1,MATCHED,POTENTIAL CUT-OFF RISK
20314,16244,cancelled,2023-10-15 14:36:41.000000,,0.0,137.99,4,MATCHED,SHIPPING_PENDING
15481,12349,processing,2022-09-11 16:19:45.000000,,0.0,16.22,1,MATCHED,SHIPPING_PENDING
5863,4641,shipped,2025-10-30 23:55:33.000000,2025-11-01 10:27:33.000000,136.53,136.53,3,MATCHED,POTENTIAL CUT-OFF RISK
73392,58702,complete,2024-09-22 03:42:17.000000,2024-09-24 20:18:17.000000,83.82,83.82,3,MATCHED,NORMAL
35498,28338,complete,2023-10-26 09:51:54.000000,2023-10-29 06:59:54.000000,240.79,240.79,4,MATCHED,NORMAL
43362,34610,complete,2026-05-07 07:30:17.000000,2026-05-07 20:16:17.000000,16.99,16.99,1,MATCHED,NORMAL
33348,26596,complete,2023-10-03 18:46:47.000000,2023-10-06 03:24:47.000000,224.04,224.04,4,MATCHED,NORMAL
81156,64920,cancelled,2026-05-01 17:33:49.000000,,0.0,17.9,1,MATCHED,SHIPPING_PENDING
30948,24709,returned,2025-08-08 14:00:32.000000,2025-08-09 05:41:32.000000,17.9,17.9,1,MATCHED,NORMAL
4213,3339,processing,2021-10-14 18:02:00.000000,,0.0,18.0,1,MATCHED,SHIPPING_PENDING
86633,69367,processing,2025-12-28 00:41:34.000000,,0.0,85.0,3,MATCHED,SHIPPING_PENDING
50400,40288,shipped,2020-08-18 18:25:12.000000,2020-08-21 08:28:12.000000,18.0,18.0,1,MATCHED,NORMAL
66842,53446,shipped,2024-05-24 10:16:29.000000,2024-05-26 22:56:29.000000,162.6,162.6,4,MATCHED,NORMAL
47096,37628,complete,2024-10-17 07:46:43.000000,2024-10-19 19:54:43.000000,18.9,18.9,1,MATCHED,NORMAL
16782,13366,complete,2025-04-01 00:12:20.000000,2025-04-02 08:52:20.000000,118.94,118.94,2,MATCHED,NORMAL
90382,72328,processing,2025-11-02 12:56:29.000000,,0.0,88.48,3,MATCHED,SHIPPING_PENDING
99201,79548,complete,2026-05-30 16:32:13.000000,2026-05-31 06:02:13.000000,161.95,161.95,3,MATCHED,NORMAL
27968,22357,shipped,2024-12-31 14:23:08.000000,2024-12-31 21:11:08.000000,124.38,124.38,4,MATCHED,NORMAL
56684,45292,shipped,2025-02-23 15:00:17.000000,2025-02-25 06:47:17.000000,19.95,19.95,1,MATCHED,NORMAL
36778,29360,shipped,2026-04-19 05:22:25.000000,2026-04-21 05:43:25.000000,74.97,74.97,2,MATCHED,NORMAL
3828,3036,complete,2022-01-05 00:10:14.000000,2022-01-06 02:00:14.000000,19.99,19.99,1,MATCHED,NORMAL
47857,38240,processing,2023-08-19 16:46:19.000000,,0.0,138.84,3,MATCHED,SHIPPING_PENDING
77843,62237,shipped,2026-05-16 00:09:50.000000,2026-05-18 13:50:50.000000,19.99,19.99,1,MATCHED,NORMAL
100432,80537,shipped,2022-02-21 20:43:40.000000,2022-02-21 21:56:40.000000,225.98,225.98,4,MATCHED,NORMAL
102577,82236,shipped,2025-11-16 20:14:48.000000,2025-11-18 05:37:48.000000,101.99,101.99,3,MATCHED,NORMAL
46176,36903,processing,2026-04-12 01:02:38.000000,,0.0,184.99,3,MATCHED,SHIPPING_PENDING
49047,39126,processing,2026-04-02 20:16:33.000000,,0.0,20.0,1,MATCHED,SHIPPING_PENDING
109849,88004,shipped,2022-12-13 01:09:09.000000,2022-12-13 10:13:09.000000,273.48,273.48,4,MATCHED,NORMAL
78080,62425,shipped,2026-06-13 08:50:45.902501,2026-06-14 13:48:45.902501,45.95,45.95,2,MATCHED,NORMAL
47071,37608,shipped,2021-04-10 15:58:34.000000,2021-04-12 12:40:34.000000,99.19,99.19,2,MATCHED,NORMAL
43679,34851,processing,2025-08-14 05:52:00.000000,,0.0,21.34,1,MATCHED,SHIPPING_PENDING
97333,78016,shipped,2023-04-18 18:33:56.000000,2023-04-19 19:33:56.000000,83.5,83.5,2,MATCHED,NORMAL
101446,81340,shipped,2022-09-17 16:24:34.000000,2022-09-18 03:20:34.000000,146.56,146.56,4,MATCHED,NORMAL
45191,36061,cancelled,2024-01-25 20:13:26.000000,,0.0,127.06,3,MATCHED,SHIPPING_PENDING
18098,14423,shipped,2025-09-24 08:23:17.000000,2025-09-24 11:27:17.000000,89.95,89.95,2,MATCHED,NORMAL
23,15,cancelled,2024-02-04 11:26:08.000000,,0.0,22.0,1,MATCHED,SHIPPING_PENDING
123184,98641,cancelled,2021-03-13 19:10:33.000000,,0.0,124.95,3,MATCHED,SHIPPING_PENDING
97474,78134,shipped,2023-08-02 18:34:35.000000,2023-08-03 13:53:35.000000,51.24,51.24,2,MATCHED,NORMAL
105616,84666,processing,2026-06-15 16:29:51.000000,,0.0,116.06,4,MATCHED,SHIPPING_PENDING
36022,28734,cancelled,2025-10-11 10:07:52.000000,,0.0,22.99,1,MATCHED,SHIPPING_PENDING
49374,39396,complete,2026-05-05 18:21:12.000000,2026-05-06 10:57:12.000000,194.99,194.99,2,MATCHED,NORMAL
117699,94253,processing,2022-02-24 03:20:15.000000,,0.0,112.96,3,MATCHED,SHIPPING_PENDING
14566,11625,shipped,2022-10-07 14:44:16.000000,2022-10-10 13:45:16.000000,23.99,23.99,1,MATCHED,NORMAL
119334,95509,shipped,2024-03-30 14:59:47.000000,2024-03-30 21:36:47.000000,58.98,58.98,2,MATCHED,NORMAL
27951,22339,processing,2026-05-04 17:02:58.000000,,0.0,231.81,3,MATCHED,SHIPPING_PENDING
124498,99678,shipped,2025-06-22 19:16:16.000000,2025-06-24 11:48:16.000000,77.95,77.95,2,MATCHED,NORMAL
100531,80613,shipped,2025-06-17 13:30:30.000000,2025-06-19 04:43:30.000000,92.2,92.2,2,MATCHED,NORMAL
30359,24246,processing,2026-03-10 01:23:28.000000,,0.0,24.91,1,MATCHED,SHIPPING_PENDING
33970,27112,processing,2023-08-25 22:46:38.000000,,0.0,24.91,1,MATCHED,SHIPPING_PENDING
14298,11398,complete,2023-03-10 16:19:38.000000,2023-03-11 01:30:38.000000,24.95,24.95,1,MATCHED,NORMAL
31885,25465,shipped,2025-01-07 18:40:43.000000,2025-01-09 15:45:43.000000,24.95,24.95,1,MATCHED,NORMAL
86979,69621,shipped,2025-12-30 01:34:17.000000,2026-01-01 01:56:17.000000,24.95,24.95,1,MATCHED,POTENTIAL CUT-OFF RISK
14974,11944,returned,2026-04-06 11:48:35.000000,2026-04-07 15:17:35.000000,24.98,24.98,1,MATCHED,NORMAL
16579,13201,complete,2023-05-11 16:23:08.000000,2023-05-12 00:41:08.000000,236.17,236.17,4,MATCHED,NORMAL
101849,81650,shipped,2026-06-16 01:21:27.000000,2026-06-16 01:55:27.000000,24.99,24.99,1,MATCHED,NORMAL
13203,10479,cancelled,2024-11-21 18:04:15.000000,,0.0,149.63,4,MATCHED,SHIPPING_PENDING
19475,15547,cancelled,2026-06-16 06:30:24.124525,,0.0,25.0,1,MATCHED,SHIPPING_PENDING
33842,26995,cancelled,2026-01-04 07:53:09.000000,,0.0,289.98,4,MATCHED,SHIPPING_PENDING
87073,69697,cancelled,2022-10-05 11:15:04.000000,,0.0,25.0,1,MATCHED,SHIPPING_PENDING
33935,27075,complete,2024-09-06 04:29:49.000000,2024-09-07 06:50:49.000000,25.0,25.0,1,MATCHED,NORMAL
109530,87747,complete,2025-03-30 07:33:13.000000,2025-04-01 03:24:13.000000,99.47,99.47,2,MATCHED,POTENTIAL CUT-OFF RISK
123755,99103,complete,2024-05-14 09:20:57.000000,2024-05-16 13:54:57.000000,25.0,25.0,1,MATCHED,NORMAL
18831,15016,processing,2022-10-03 14:39:17.000000,,0.0,25.0,1,MATCHED,SHIPPING_PENDING
101912,81706,processing,2025-12-14 23:21:05.000000,,0.0,97.98,3,MATCHED,SHIPPING_PENDING
103410,82924,processing,2023-01-09 23:47:11.000000,,0.0,113.5,3,MATCHED,SHIPPING_PENDING
106144,85064,processing,2026-03-17 02:48:49.000000,,0.0,25.0,1,MATCHED,SHIPPING_PENDING
57744,46150,returned,2025-01-08 09:04:04.000000,2025-01-10 08:57:04.000000,25.0,25.0,1,MATCHED,NORMAL
67458,53954,shipped,2023-08-17 10:23:04.000000,2023-08-19 19:52:04.000000,25.0,25.0,1,MATCHED,NORMAL
103243,82791,shipped,2021-03-14 05:25:17.000000,2021-03-16 00:30:17.000000,169.95,169.95,3,MATCHED,NORMAL
117173,93832,shipped,2025-01-04 09:07:19.000000,2025-01-05 18:53:19.000000,25.0,25.0,1,MATCHED,NORMAL
121453,97226,shipped,2026-06-07 16:40:07.000000,2026-06-08 11:35:07.000000,53.97,53.97,2,MATCHED,NORMAL
57887,46261,returned,2025-05-23 15:49:45.000000,2025-05-25 04:16:45.000000,137.96,137.96,4,MATCHED,NORMAL
95499,76543,cancelled,2025-02-17 20:58:00.000000,,0.0,203.7,4,MATCHED,SHIPPING_PENDING
78937,63086,returned,2019-01-30 10:21:08.000000,2019-01-31 06:09:08.000000,26.23,26.23,1,MATCHED,NORMAL
78825,62995,shipped,2026-04-02 13:07:37.000000,2026-04-04 12:49:37.000000,26.23,26.23,1,MATCHED,NORMAL
70226,56167,cancelled,2025-11-09 07:01:56.000000,,0.0,26.99,1,MATCHED,SHIPPING_PENDING
9497,7577,complete,2025-07-12 18:17:11.000000,2025-07-12 23:30:11.000000,81.0,81.0,2,MATCHED,NORMAL
75494,60378,processing,2020-04-16 17:27:41.000000,,0.0,27.0,1,MATCHED,SHIPPING_PENDING
5879,4651,cancelled,2026-03-18 03:00:10.000000,,0.0,27.45,1,MATCHED,SHIPPING_PENDING
59994,47926,cancelled,2024-07-21 14:36:41.000000,,0.0,27.98,1,MATCHED,SHIPPING_PENDING
1166,928,returned,2022-04-27 10:38:29.000000,2022-04-29 02:33:29.000000,107.99,107.99,2,MATCHED,NORMAL
41320,32965,processing,2025-07-10 19:51:28.000000,,0.0,87.99,2,MATCHED,SHIPPING_PENDING
94131,75467,shipped,2026-06-12 04:42:08.690328,2026-06-12 12:28:08.690328,28.0,28.0,1,MATCHED,NORMAL
110953,88867,shipped,2025-03-09 01:12:15.000000,2025-03-09 15:40:15.000000,160.66,160.66,2,MATCHED,NORMAL
18080,14404,processing,2026-02-25 03:36:48.000000,,0.0,95.4,3,MATCHED,SHIPPING_PENDING
68548,54850,processing,2025-09-17 19:36:59.000000,,0.0,78.74,2,MATCHED,SHIPPING_PENDING
64232,51323,complete,2026-02-27 21:25:57.000000,2026-03-01 06:33:57.000000,28.95,28.95,1,MATCHED,POTENTIAL CUT-OFF RISK
809,647,complete,2023-04-01 19:05:04.000000,2023-04-02 11:20:04.000000,29.95,29.95,1,MATCHED,NORMAL
51414,41053,processing,2025-07-05 14:44:25.000000,,0.0,154.95,2,MATCHED,SHIPPING_PENDING
77348,61825,shipped,2025-05-05 13:58:16.000000,2025-05-07 13:04:16.000000,129.94,129.94,2,MATCHED,NORMAL
42905,34238,complete,2025-04-29 14:58:05.000000,2025-04-30 20:50:05.000000,127.99,127.99,2,MATCHED,NORMAL
47610,38032,complete,2022-07-24 00:30:55.000000,2022-07-24 23:44:55.000000,85.94,85.94,2,MATCHED,NORMAL
53098,42388,complete,2024-12-16 16:26:27.000000,2024-12-19 05:18:27.000000,59.98,59.98,2,MATCHED,NORMAL
1243,986,processing,2022-02-02 12:43:57.000000,,0.0,73.99,2,MATCHED,SHIPPING_PENDING
20606,16477,shipped,2025-11-15 21:55:33.000000,2025-11-18 07:05:33.000000,63.99,63.99,2,MATCHED,NORMAL
115384,92377,shipped,2019-10-27 09:53:36.000000,2019-10-29 18:23:36.000000,29.99,29.99,1,MATCHED,NORMAL
112934,90415,cancelled,2022-10-11 01:59:30.000000,,0.0,30.0,1,MATCHED,SHIPPING_PENDING
46943,37510,complete,2023-11-10 02:45:14.000000,2023-11-11 18:05:14.000000,98.0,98.0,2,MATCHED,NORMAL
78688,62893,shipped,2026-05-29 08:35:34.000000,2026-05-31 12:48:34.000000,30.0,30.0,1,MATCHED,NORMAL
88333,70664,shipped,2024-06-17 23:35:33.000000,2024-06-20 04:02:33.000000,30.0,30.0,1,MATCHED,NORMAL
115984,92860,shipped,2026-02-13 01:50:55.000000,2026-02-16 00:54:55.000000,30.0,30.0,1,MATCHED,NORMAL
46647,37276,shipped,2024-01-21 21:38:52.000000,2024-01-23 20:47:52.000000,30.4,30.4,1,MATCHED,NORMAL
14471,11550,complete,2025-02-05 21:42:56.000000,2025-02-07 21:52:56.000000,30.89,30.89,1,MATCHED,NORMAL
32471,25934,shipped,2025-07-21 23:29:06.000000,2025-07-22 16:09:06.000000,30.89,30.89,1,MATCHED,NORMAL
38139,30439,processing,2023-03-16 00:51:16.000000,,0.0,159.95,2,MATCHED,SHIPPING_PENDING
96046,76989,complete,2026-02-10 02:31:18.000000,2026-02-11 00:57:18.000000,31.98,31.98,1,MATCHED,NORMAL
9736,7762,processing,2026-05-10 16:58:03.000000,,0.0,31.98,1,MATCHED,SHIPPING_PENDING
121214,97025,processing,2025-03-21 09:30:41.000000,,0.0,31.98,1,MATCHED,SHIPPING_PENDING
110890,88807,returned,2025-02-20 20:52:36.000000,2025-02-22 13:07:36.000000,115.6,115.6,2,MATCHED,NORMAL
87937,70361,processing,2025-08-04 12:49:42.000000,,0.0,31.99,1,MATCHED,SHIPPING_PENDING
9132,7278,complete,2025-07-16 17:56:51.000000,2025-07-19 17:49:51.000000,32.99,32.99,1,MATCHED,NORMAL
82160,65749,shipped,2022-09-28 20:10:54.000000,2022-10-01 00:49:54.000000,32.99,32.99,1,MATCHED,POTENTIAL CUT-OFF RISK
13680,10870,processing,2021-09-11 03:33:34.000000,,0.0,297.49,4,MATCHED,SHIPPING_PENDING
77349,61826,complete,2025-11-14 00:46:02.000000,2025-11-15 05:51:02.000000,34.0,34.0,1,MATCHED,NORMAL
67408,53917,shipped,2024-07-23 01:33:41.000000,2024-07-24 23:23:41.000000,203.5,203.5,4,MATCHED,NORMAL
70270,56201,shipped,2024-02-28 13:57:35.000000,2024-02-28 14:51:35.000000,34.0,34.0,1,MATCHED,NORMAL
70452,56339,shipped,2026-06-14 16:10:50.000000,2026-06-16 04:14:50.000000,377.95,377.95,4,MATCHED,NORMAL
60441,48270,processing,2022-09-23 23:33:28.000000,,0.0,34.31,1,MATCHED,SHIPPING_PENDING
27927,22321,complete,2025-07-16 21:30:01.000000,2025-07-18 12:57:01.000000,194.4,194.4,3,MATCHED,NORMAL
70280,56209,complete,2025-10-19 19:55:39.000000,2025-10-21 20:41:39.000000,280.02,280.02,4,MATCHED,NORMAL
9034,7214,processing,2026-05-16 18:57:34.000000,,0.0,436.98,4,MATCHED,SHIPPING_PENDING
73531,58818,complete,2023-07-23 14:26:46.000000,2023-07-26 06:25:46.000000,34.99,34.99,1,MATCHED,NORMAL
98798,79212,complete,2024-06-05 04:09:24.000000,2024-06-07 07:46:24.000000,102.99,102.99,2,MATCHED,NORMAL
10688,8513,shipped,2026-02-14 23:31:33.000000,2026-02-16 04:39:33.000000,354.98,354.98,2,MATCHED,NORMAL
109853,88005,processing,2024-09-10 09:45:23.000000,,0.0,35.0,1,MATCHED,SHIPPING_PENDING
81381,65110,complete,2025-12-16 12:32:39.000000,2025-12-16 20:18:39.000000,84.54,84.54,2,MATCHED,NORMAL
80142,64064,complete,2022-01-01 22:05:37.000000,2022-01-03 11:32:37.000000,100.12,100.12,2,MATCHED,NORMAL
86465,69235,complete,2026-01-18 16:30:35.000000,2026-01-20 06:25:35.000000,101.45,101.45,2,MATCHED,NORMAL
17807,14180,processing,2026-06-16 02:28:57.580378,,0.0,75.45,2,MATCHED,SHIPPING_PENDING
56086,44820,complete,2026-05-09 14:15:04.000000,2026-05-09 16:27:04.000000,87.5,87.5,2,MATCHED,NORMAL
84757,67814,processing,2025-01-07 22:23:45.000000,,0.0,38.0,1,MATCHED,SHIPPING_PENDING
29603,23653,returned,2026-03-16 06:27:16.000000,2026-03-16 19:12:16.000000,38.0,38.0,1,MATCHED,NORMAL
5798,4588,shipped,2023-10-18 14:41:38.000000,2023-10-19 17:35:38.000000,78.47,78.47,2,MATCHED,NORMAL
105284,84395,complete,2026-03-11 05:27:52.000000,2026-03-12 12:07:52.000000,38.84,38.84,1,MATCHED,NORMAL
12565,10004,processing,2025-02-28 17:11:50.000000,,0.0,39.0,1,MATCHED,SHIPPING_PENDING
124092,99378,shipped,2023-02-06 19:51:49.000000,2023-02-07 03:55:49.000000,39.0,39.0,1,MATCHED,NORMAL
12582,10016,cancelled,2020-05-14 10:16:46.000000,,0.0,88.45,2,MATCHED,SHIPPING_PENDING
19125,15270,cancelled,2024-07-04 20:37:19.000000,,0.0,165.45,3,MATCHED,SHIPPING_PENDING
95082,76208,complete,2021-10-22 20:02:04.000000,2021-10-24 18:18:04.000000,99.9,99.9,2,MATCHED,NORMAL
15743,12564,complete,2026-04-12 17:35:02.000000,2026-04-13 11:13:02.000000,39.95,39.95,1,MATCHED,NORMAL
68148,54538,shipped,2025-05-28 07:32:05.000000,2025-05-30 07:29:05.000000,39.95,39.95,1,MATCHED,NORMAL
105718,84736,shipped,2025-07-29 08:50:58.000000,2025-07-29 21:09:58.000000,173.23,173.23,3,MATCHED,NORMAL
71065,56834,shipped,2023-05-10 19:54:24.000000,2023-05-12 09:38:24.000000,405.49,405.49,4,MATCHED,NORMAL
95020,76161,shipped,2021-01-19 09:27:27.000000,2021-01-19 16:50:27.000000,39.99,39.99,1,MATCHED,NORMAL
102315,82027,shipped,2023-02-09 01:40:06.000000,2023-02-11 12:43:06.000000,39.99,39.99,1,MATCHED,NORMAL
124219,99483,complete,2023-11-05 02:13:40.000000,2023-11-07 01:00:40.000000,128.99,128.99,2,MATCHED,NORMAL
95151,76263,cancelled,2025-09-25 11:53:38.000000,,0.0,330.15,4,MATCHED,SHIPPING_PENDING
121802,97518,cancelled,2024-12-07 09:59:56.000000,,0.0,91.99,2,MATCHED,SHIPPING_PENDING
18779,14973,returned,2026-01-31 06:28:59.000000,2026-02-02 15:02:59.000000,41.99,41.99,1,MATCHED,POTENTIAL CUT-OFF RISK
76576,61227,returned,2025-11-02 20:56:47.000000,2025-11-04 21:08:47.000000,42.0,42.0,1,MATCHED,NORMAL
23318,18621,processing,2023-06-29 04:38:28.000000,,0.0,131.01,2,MATCHED,SHIPPING_PENDING
115095,92154,shipped,2023-08-18 22:17:52.000000,2023-08-20 15:23:52.000000,175.0,175.0,2,MATCHED,NORMAL
49950,39902,shipped,2025-08-05 13:58:40.000000,2025-08-07 05:50:40.000000,401.88,401.88,4,MATCHED,NORMAL
13038,10355,processing,2026-04-17 15:28:04.000000,,0.0,42.99,1,MATCHED,SHIPPING_PENDING
61742,49317,processing,2024-11-30 05:14:48.000000,,0.0,332.82,4,MATCHED,SHIPPING_PENDING
5785,4578,cancelled,2020-12-02 11:03:25.000000,,0.0,92.0,2,MATCHED,SHIPPING_PENDING
116110,92963,cancelled,2023-11-04 04:29:38.000000,,0.0,93.5,2,MATCHED,SHIPPING_PENDING
72643,58096,processing,2025-03-26 07:39:20.000000,,0.0,44.0,1,MATCHED,SHIPPING_PENDING
4532,3579,returned,2026-04-23 08:19:04.000000,2026-04-23 10:08:04.000000,44.0,44.0,1,MATCHED,NORMAL
4935,3892,complete,2024-03-02 16:39:23.000000,2024-03-03 05:34:23.000000,44.42,44.42,1,MATCHED,NORMAL
36769,29350,shipped,2024-11-18 07:02:49.000000,2024-11-19 07:53:49.000000,44.51,44.51,1,MATCHED,NORMAL
71104,56868,shipped,2023-08-16 12:49:17.000000,2023-08-18 06:19:17.000000,45.0,45.0,1,MATCHED,NORMAL
42315,33756,shipped,2025-12-31 18:22:51.000000,2026-01-02 15:49:51.000000,115.5,115.5,2,MATCHED,POTENTIAL CUT-OFF RISK
124811,99929,shipped,2023-06-01 13:21:10.000000,2023-06-03 16:20:10.000000,46.0,46.0,1,MATCHED,NORMAL
56223,44924,complete,2024-09-11 00:59:53.000000,2024-09-13 10:24:53.000000,46.88,46.88,1,MATCHED,NORMAL
14646,11693,shipped,2025-06-24 11:53:23.000000,2025-06-24 23:47:23.000000,47.0,47.0,1,MATCHED,NORMAL
79496,63543,processing,2024-11-28 08:11:03.000000,,0.0,112.99,2,MATCHED,SHIPPING_PENDING
105714,84733,shipped,2026-03-31 00:09:35.000000,2026-04-02 18:50:35.000000,48.0,48.0,1,MATCHED,POTENTIAL CUT-OFF RISK
10430,8303,cancelled,2026-06-09 15:23:10.000000,,0.0,48.4,1,MATCHED,SHIPPING_PENDING
12011,9561,returned,2025-01-01 13:39:39.000000,2025-01-02 11:57:39.000000,48.95,48.95,1,MATCHED,NORMAL
13635,10833,shipped,2019-09-22 22:40:43.000000,2019-09-23 23:34:43.000000,48.96,48.96,1,MATCHED,NORMAL
4553,3596,complete,2022-04-09 17:15:57.000000,2022-04-11 21:09:57.000000,49.45,49.45,1,MATCHED,NORMAL
21801,17398,returned,2022-02-23 06:34:55.000000,2022-02-25 09:23:55.000000,49.45,49.45,1,MATCHED,NORMAL
47299,37792,cancelled,2026-04-20 00:12:41.000000,,0.0,49.5,1,MATCHED,SHIPPING_PENDING
7627,6107,complete,2024-06-08 19:33:17.000000,2024-06-10 03:06:17.000000,49.5,49.5,1,MATCHED,NORMAL
82987,66398,processing,2026-05-21 16:09:07.000000,,0.0,99.5,2,MATCHED,SHIPPING_PENDING
67719,54186,shipped,2024-04-13 18:06:02.000000,2024-04-14 09:22:02.000000,49.5,49.5,1,MATCHED,NORMAL
67483,53977,returned,2025-08-29 07:01:18.000000,2025-08-30 18:39:18.000000,49.95,49.95,1,MATCHED,NORMAL
31404,25087,cancelled,2021-06-12 12:48:06.000000,,0.0,49.99,1,MATCHED,SHIPPING_PENDING
34265,27339,complete,2025-12-03 07:40:19.000000,2025-12-05 04:50:19.000000,49.99,49.99,1,MATCHED,NORMAL
58811,46991,processing,2021-05-20 03:12:12.000000,,0.0,49.99,1,MATCHED,SHIPPING_PENDING
72523,57987,processing,2026-06-13 02:58:17.427490,,0.0,49.99,1,MATCHED,SHIPPING_PENDING
113185,90614,processing,2024-09-21 11:18:12.000000,,0.0,49.99,1,MATCHED,SHIPPING_PENDING
704,568,shipped,2026-01-27 08:48:48.000000,2026-01-28 16:21:48.000000,49.99,49.99,1,MATCHED,NORMAL
35366,28235,shipped,2023-09-04 12:45:39.000000,2023-09-05 01:39:39.000000,49.99,49.99,1,MATCHED,NORMAL
65331,52177,shipped,2026-06-11 23:45:01.879767,2026-06-14 15:59:01.879767,49.99,49.99,1,MATCHED,NORMAL
82116,65711,shipped,2022-12-29 11:08:03.000000,2022-12-30 15:11:03.000000,49.99,49.99,1,MATCHED,NORMAL
63573,50811,returned,2023-08-13 18:56:36.000000,2023-08-16 02:36:36.000000,1021.38,1021.38,3,MATCHED,NORMAL
33580,26792,cancelled,2024-04-29 23:05:20.000000,,0.0,131.0,2,MATCHED,SHIPPING_PENDING
7575,6056,complete,2024-07-01 13:00:41.000000,2024-07-03 12:22:41.000000,52.0,52.0,1,MATCHED,NORMAL
35511,28348,returned,2022-12-25 16:31:21.000000,2022-12-26 23:46:21.000000,140.49,140.49,2,MATCHED,NORMAL
57970,46323,cancelled,2024-02-08 15:13:29.000000,,0.0,54.0,1,MATCHED,SHIPPING_PENDING
45965,36703,complete,2022-07-26 02:21:44.000000,2022-07-27 17:03:44.000000,54.0,54.0,1,MATCHED,NORMAL
44646,35599,processing,2024-05-14 09:51:15.000000,,0.0,54.0,1,MATCHED,SHIPPING_PENDING
116222,93053,shipped,2024-02-04 15:27:21.000000,2024-02-06 12:21:21.000000,54.0,54.0,1,MATCHED,NORMAL
35015,27968,complete,2023-06-22 22:10:36.000000,2023-06-24 20:58:36.000000,136.99,136.99,2,MATCHED,NORMAL
34000,27131,cancelled,2025-09-16 16:01:15.000000,,0.0,55.0,1,MATCHED,SHIPPING_PENDING
8848,7075,shipped,2023-10-04 02:53:39.000000,2023-10-07 00:09:39.000000,55.0,55.0,1,MATCHED,NORMAL
52840,42170,processing,2025-12-25 23:41:43.000000,,0.0,55.5,1,MATCHED,SHIPPING_PENDING
79924,63882,complete,2024-07-28 00:01:53.000000,2024-07-28 14:53:53.000000,57.99,57.99,1,MATCHED,NORMAL
110779,88721,complete,2022-10-21 20:44:25.000000,2022-10-24 05:43:25.000000,127.5,127.5,2,MATCHED,NORMAL
122028,97702,returned,2024-10-09 14:51:28.000000,2024-10-09 21:55:28.000000,58.5,58.5,1,MATCHED,NORMAL
43215,34486,complete,2025-12-22 22:46:02.000000,2025-12-23 19:12:02.000000,58.97,58.97,1,MATCHED,NORMAL
9020,7199,cancelled,2022-03-11 18:30:52.000000,,0.0,59.0,1,MATCHED,SHIPPING_PENDING
71723,57363,shipped,2026-06-09 11:36:37.000000,2026-06-10 16:47:37.000000,59.0,59.0,1,MATCHED,NORMAL
102401,82093,shipped,2026-05-15 00:54:26.000000,2026-05-16 20:56:26.000000,127.19,127.19,2,MATCHED,NORMAL
82808,66260,complete,2025-02-20 21:08:35.000000,2025-02-23 01:50:35.000000,219.45,219.45,2,MATCHED,NORMAL
60147,48031,processing,2023-01-06 04:11:05.000000,,0.0,59.5,1,MATCHED,SHIPPING_PENDING
107080,85812,shipped,2026-01-24 15:29:08.000000,2026-01-25 14:38:08.000000,59.5,59.5,1,MATCHED,NORMAL
93659,75056,shipped,2023-07-26 22:46:52.000000,2023-07-29 12:17:52.000000,59.95,59.95,1,MATCHED,NORMAL
52372,41810,processing,2025-08-06 13:47:43.000000,,0.0,129.98,2,MATCHED,SHIPPING_PENDING
5353,4233,cancelled,2026-04-20 04:31:34.000000,,0.0,60.0,1,MATCHED,SHIPPING_PENDING
16948,13493,processing,2025-12-23 01:25:46.000000,,0.0,60.0,1,MATCHED,SHIPPING_PENDING
77303,61793,returned,2026-01-01 18:57:42.000000,2026-01-02 09:53:42.000000,60.0,60.0,1,MATCHED,NORMAL
73663,58918,complete,2022-11-05 23:50:17.000000,2022-11-08 08:52:17.000000,190.74,190.74,2,MATCHED,NORMAL
70123,56087,processing,2025-07-26 16:14:52.000000,,0.0,60.99,1,MATCHED,SHIPPING_PENDING
72430,57906,complete,2025-08-17 17:00:50.000000,2025-08-17 23:30:50.000000,63.99,63.99,1,MATCHED,NORMAL
85988,68847,shipped,2021-11-14 16:50:02.000000,2021-11-16 13:32:02.000000,160.17,160.17,2,MATCHED,NORMAL
29160,23304,processing,2025-08-31 10:22:19.000000,,0.0,64.95,1,MATCHED,SHIPPING_PENDING
33291,26557,processing,2025-11-02 11:53:08.000000,,0.0,65.0,1,MATCHED,SHIPPING_PENDING
55377,44235,shipped,2025-06-29 04:05:15.000000,2025-07-01 20:35:15.000000,361.57,361.57,4,MATCHED,POTENTIAL CUT-OFF RISK
78359,62648,complete,2023-03-22 07:59:28.000000,2023-03-24 18:13:28.000000,65.17,65.17,1,MATCHED,NORMAL
80941,64744,complete,2022-03-05 05:27:23.000000,2022-03-06 10:20:23.000000,69.0,69.0,1,MATCHED,NORMAL
34817,27814,cancelled,2024-05-15 22:45:04.000000,,0.0,69.5,1,MATCHED,SHIPPING_PENDING
53606,42816,cancelled,2022-08-21 15:59:42.000000,,0.0,154.5,2,MATCHED,SHIPPING_PENDING
36341,28990,complete,2019-11-16 18:57:36.000000,2019-11-18 21:18:36.000000,227.83,227.83,2,MATCHED,NORMAL
14193,11309,cancelled,2019-11-28 00:25:47.000000,,0.0,69.95,1,MATCHED,SHIPPING_PENDING
25447,20326,processing,2024-09-20 07:55:33.000000,,0.0,69.99,1,MATCHED,SHIPPING_PENDING
38072,30397,returned,2023-12-03 20:41:36.000000,2023-12-05 15:50:36.000000,282.99,282.99,3,MATCHED,NORMAL
67159,53719,processing,2025-12-28 05:49:05.000000,,0.0,160.0,2,MATCHED,SHIPPING_PENDING
43668,34844,processing,2024-07-27 14:20:45.000000,,0.0,75.56,1,MATCHED,SHIPPING_PENDING
44244,35297,complete,2021-08-23 00:16:45.000000,2021-08-23 09:54:45.000000,78.0,78.0,1,MATCHED,NORMAL
8867,7084,processing,2025-03-20 18:29:45.000000,,0.0,78.0,1,MATCHED,SHIPPING_PENDING
39193,31308,shipped,2019-12-20 22:35:56.000000,2019-12-23 21:22:56.000000,167.95,167.95,2,MATCHED,NORMAL
32317,25800,returned,2024-04-23 15:06:22.000000,2024-04-25 12:24:22.000000,227.0,227.0,2,MATCHED,NORMAL
7281,5821,processing,2026-04-03 02:04:46.000000,,0.0,81.4,1,MATCHED,SHIPPING_PENDING
83940,67179,returned,2026-06-14 13:43:29.132829,2026-06-17 06:13:29.132829,82.95,82.95,1,MATCHED,NORMAL
23306,18615,cancelled,2022-05-23 23:28:38.000000,,0.0,85.0,1,MATCHED,SHIPPING_PENDING
59778,47750,shipped,2024-11-27 07:08:46.000000,2024-11-29 23:37:46.000000,88.0,88.0,1,MATCHED,NORMAL
111445,89268,cancelled,2023-12-19 17:06:33.000000,,0.0,187.45,2,MATCHED,SHIPPING_PENDING
37573,29999,processing,2022-11-06 01:25:59.000000,,0.0,229.98,2,MATCHED,SHIPPING_PENDING
11276,8960,shipped,2026-03-04 00:34:38.000000,2026-03-06 02:14:38.000000,200.68,200.68,2,MATCHED,NORMAL
68939,55145,cancelled,2025-07-26 23:49:47.000000,,0.0,94.95,1,MATCHED,SHIPPING_PENDING
99602,79891,processing,2024-07-18 15:18:27.000000,,0.0,94.99,1,MATCHED,SHIPPING_PENDING
50862,40624,shipped,2024-02-03 02:54:41.000000,2024-02-04 21:09:41.000000,95.0,95.0,1,MATCHED,NORMAL
32306,25790,returned,2025-07-15 09:56:13.000000,2025-07-16 15:13:13.000000,224.51,224.51,2,MATCHED,NORMAL
35206,28109,processing,2023-04-08 20:51:16.000000,,0.0,98.0,1,MATCHED,SHIPPING_PENDING
37883,30241,complete,2026-03-04 07:47:33.000000,2026-03-05 04:56:33.000000,98.85,98.85,1,MATCHED,NORMAL
22915,18306,cancelled,2026-06-16 07:30:39.000000,,0.0,99.99,1,MATCHED,SHIPPING_PENDING
37217,29716,processing,2025-12-14 13:06:46.000000,,0.0,336.0,2,MATCHED,SHIPPING_PENDING
76158,60897,shipped,2025-11-11 06:50:32.000000,2025-11-12 14:50:32.000000,103.68,103.68,1,MATCHED,NORMAL
864,697,shipped,2024-05-03 16:18:34.000000,2024-05-06 09:08:34.000000,247.01,247.01,2,MATCHED,NORMAL
3440,2734,shipped,2026-06-07 05:02:08.000000,2026-06-07 14:15:08.000000,105.26,105.26,1,MATCHED,NORMAL
13705,10896,cancelled,2024-03-30 05:53:29.000000,,0.0,105.56,1,MATCHED,SHIPPING_PENDING
52230,41692,shipped,2022-05-08 12:10:06.000000,2022-05-10 20:32:06.000000,108.99,108.99,1,MATCHED,NORMAL
7647,6121,cancelled,2026-03-10 18:05:18.000000,,0.0,109.91,1,MATCHED,SHIPPING_PENDING
32243,25739,complete,2025-04-27 16:48:48.000000,2025-04-29 14:29:48.000000,110.0,110.0,1,MATCHED,NORMAL
48905,39034,shipped,2026-04-18 00:05:30.000000,2026-04-18 07:24:30.000000,110.0,110.0,1,MATCHED,NORMAL
66884,53479,shipped,2023-03-04 17:29:19.000000,2023-03-04 20:03:19.000000,244.17,244.17,2,MATCHED,NORMAL
110959,88869,shipped,2026-06-03 18:12:16.000000,2026-06-06 02:38:16.000000,117.6,117.6,1,MATCHED,NORMAL
55441,44282,cancelled,2026-04-10 07:18:51.000000,,0.0,117.7,1,MATCHED,SHIPPING_PENDING
44010,35114,shipped,2026-06-10 04:47:06.000000,2026-06-10 16:10:06.000000,119.99,119.99,1,MATCHED,NORMAL
82161,65751,shipped,2025-11-20 13:17:16.000000,2025-11-23 07:41:16.000000,121.0,121.0,1,MATCHED,NORMAL
27939,22327,cancelled,2025-11-20 06:25:03.000000,,0.0,132.0,1,MATCHED,SHIPPING_PENDING
106767,85563,shipped,2025-08-21 22:39:37.000000,2025-08-23 19:04:37.000000,139.99,139.99,1,MATCHED,NORMAL
26906,21507,complete,2024-11-19 21:51:59.000000,2024-11-21 16:15:59.000000,140.0,140.0,1,MATCHED,NORMAL
680,554,shipped,2026-04-25 04:53:37.000000,2026-04-27 18:19:37.000000,147.5,147.5,1,MATCHED,NORMAL
4443,3510,processing,2023-08-24 09:36:28.000000,,0.0,155.0,1,MATCHED,SHIPPING_PENDING
96750,77572,shipped,2021-07-11 00:20:29.000000,2021-07-11 18:54:29.000000,333.0,333.0,2,MATCHED,NORMAL
83688,66967,processing,2025-07-08 01:56:00.000000,,0.0,156.87,1,MATCHED,SHIPPING_PENDING
48566,38780,shipped,2023-11-06 21:30:29.000000,2023-11-07 19:38:29.000000,156.87,156.87,1,MATCHED,NORMAL
27123,21683,shipped,2026-06-08 11:12:01.000000,2026-06-08 14:32:01.000000,158.33,158.33,1,MATCHED,NORMAL
36752,29336,shipped,2025-10-20 21:55:57.000000,2025-10-23 02:32:57.000000,159.99,159.99,1,MATCHED,NORMAL
21228,16975,cancelled,2021-01-24 21:34:50.000000,,0.0,161.0,1,MATCHED,SHIPPING_PENDING
21769,17372,cancelled,2021-04-16 09:38:53.000000,,0.0,161.0,1,MATCHED,SHIPPING_PENDING
80020,63965,cancelled,2025-09-07 21:04:34.000000,,0.0,169.0,1,MATCHED,SHIPPING_PENDING
4663,3694,processing,2026-06-16 01:55:44.895843,,0.0,169.0,1,MATCHED,SHIPPING_PENDING
57074,45634,complete,2026-04-06 05:49:59.000000,2026-04-08 00:56:59.000000,441.0,441.0,2,MATCHED,NORMAL
70941,56736,cancelled,2025-07-13 23:44:15.000000,,0.0,178.0,1,MATCHED,SHIPPING_PENDING
113137,90579,complete,2024-01-05 00:02:10.000000,2024-01-05 01:57:10.000000,178.0,178.0,1,MATCHED,NORMAL
103831,83244,complete,2024-09-20 23:12:18.000000,2024-09-22 00:27:18.000000,185.0,185.0,1,MATCHED,NORMAL
44655,35609,cancelled,2026-02-09 17:29:18.000000,,0.0,189.0,1,MATCHED,SHIPPING_PENDING
77435,61900,cancelled,2025-07-01 05:58:59.000000,,0.0,195.0,1,MATCHED,SHIPPING_PENDING
79428,63490,complete,2021-03-15 01:03:00.000000,2021-03-16 02:43:00.000000,195.0,195.0,1,MATCHED,NORMAL
59012,47147,processing,2025-11-23 00:19:49.000000,,0.0,195.0,1,MATCHED,SHIPPING_PENDING
60365,48211,cancelled,2026-06-06 10:04:07.000000,,0.0,265.99,1,MATCHED,SHIPPING_PENDING
19817,15823,shipped,2023-09-22 18:12:28.000000,2023-09-23 11:21:28.000000,300.0,300.0,1,MATCHED,NORMAL
110591,88571,cancelled,2024-11-28 12:06:34.000000,,0.0,308.0,1,MATCHED,SHIPPING_PENDING
79187,63290,cancelled,2025-10-25 10:38:03.000000,,0.0,345.0,1,MATCHED,SHIPPING_PENDING
112343,89954,complete,2022-09-07 03:36:09.000000,2022-09-07 16:06:09.000000,399.0,399.0,1,MATCHED,NORMAL
61364,49021,complete,2024-05-10 09:08:20.000000,2024-05-10 14:50:20.000000,449.0,449.0,1,MATCHED,NORMAL
60469,48294,cancelled,2025-06-16 07:45:12.000000,,0.0,795.0,1,MATCHED,SHIPPING_PENDING
-6,34532,complete,2026-06-16 13:43:00.000000,2026-06-18 01:43:00.000000,259.0,259.0,3,MATCHED,NORMAL
-7,45487,complete,2026-06-16 09:19:00.000000,2026-06-17 19:19:00.000000,156.0,156.0,1,MATCHED,NORMAL
-40,65927,complete,2026-06-16 12:03:00.000000,2026-06-18 04:03:00.000000,274.0,274.0,3,MATCHED,NORMAL
-53,43693,returned,2026-06-16 14:57:00.000000,2026-06-17 22:57:00.000000,195.0,195.0,1,MATCHED,NORMAL
-54,91369,shipped,2026-06-16 15:42:00.000000,2026-06-18 14:42:00.000000,163.0,163.0,1,MATCHED,NORMAL
-113,90295,complete,2026-06-16 09:01:00.000000,2026-06-17 14:01:00.000000,91.0,91.0,1,MATCHED,NORMAL
-122,59699,complete,2026-06-16 09:39:00.000000,2026-06-18 07:39:00.000000,383.0,383.0,3,MATCHED,NORMAL
-129,21337,complete,2026-06-16 13:25:00.000000,2026-06-17 23:25:00.000000,381.0,381.0,3,MATCHED,NORMAL
-140,9042,complete,2026-06-16 16:44:00.000000,2026-06-18 11:44:00.000000,175.0,175.0,2,MATCHED,NORMAL
-148,66896,complete,2026-06-16 14:58:00.000000,2026-06-18 02:58:00.000000,271.0,271.0,2,MATCHED,NORMAL
-150,60012,complete,2026-06-16 13:58:00.000000,2026-06-18 06:58:00.000000,69.0,69.0,1,MATCHED,NORMAL
-151,54809,complete,2026-06-16 17:57:00.000000,2026-06-18 12:57:00.000000,471.0,471.0,3,MATCHED,NORMAL
-154,1456,complete,2026-06-16 11:48:00.000000,2026-06-17 22:48:00.000000,231.0,231.0,2,MATCHED,NORMAL
-210,17932,complete,2026-06-16 17:48:00.000000,2026-06-18 02:48:00.000000,324.0,324.0,3,MATCHED,NORMAL
-211,76201,complete,2026-06-16 11:25:00.000000,2026-06-18 11:25:00.000000,182.0,182.0,1,MATCHED,NORMAL
-221,17842,complete,2026-06-16 17:30:00.000000,2026-06-18 02:30:00.000000,348.0,348.0,3,MATCHED,NORMAL
-234,52124,returned,2026-06-16 17:56:00.000000,2026-06-18 07:56:00.000000,349.0,349.0,2,MATCHED,NORMAL
-253,53446,"complete,returned",2026-06-16 14:30:00.000000,2026-06-17 16:30:00.000000,174.0,174.0,2,MATCHED,NORMAL
-285,40541,shipped,2026-06-16 11:36:00.000000,2026-06-18 02:36:00.000000,40.0,40.0,1,MATCHED,NORMAL
-294,56209,complete,2026-06-16 10:07:00.000000,2026-06-17 11:07:00.000000,99.0,99.0,1,MATCHED,NORMAL
25234,20140,processing,2023-05-25 06:40:26.000000,,0.0,70.72,4,MATCHED,SHIPPING_PENDING
68124,54518,complete,2022-07-29 17:46:02.000000,2022-07-31 11:12:02.000000,18.94,18.94,2,MATCHED,NORMAL
13073,10385,shipped,2024-09-15 07:04:51.000000,2024-09-16 04:04:51.000000,53.99,53.99,2,MATCHED,NORMAL
69344,55460,processing,2019-09-19 08:57:28.000000,,0.0,120.78,3,MATCHED,SHIPPING_PENDING
71945,57538,cancelled,2026-03-04 09:08:06.000000,,0.0,341.49,4,MATCHED,SHIPPING_PENDING
86891,69567,complete,2025-12-13 17:25:47.000000,2025-12-15 07:15:47.000000,20.0,20.0,2,MATCHED,NORMAL
121164,96990,returned,2026-03-25 03:50:19.000000,2026-03-25 15:50:19.000000,7.01,7.01,1,MATCHED,NORMAL
53805,42960,cancelled,2026-04-04 10:02:05.000000,,0.0,69.97,4,MATCHED,SHIPPING_PENDING
34972,27938,processing,2024-03-23 17:49:29.000000,,0.0,51.48,3,MATCHED,SHIPPING_PENDING
62102,49616,processing,2025-11-17 20:24:42.000000,,0.0,19.49,2,MATCHED,SHIPPING_PENDING
76749,61364,shipped,2025-05-21 07:27:15.000000,2025-05-22 10:35:15.000000,158.68,158.68,3,MATCHED,NORMAL
10480,8340,cancelled,2023-09-01 03:12:13.000000,,0.0,818.96,4,MATCHED,SHIPPING_PENDING
22283,17782,complete,2024-11-11 03:27:02.000000,2024-11-11 18:10:02.000000,82.68,82.68,2,MATCHED,NORMAL
44130,35214,shipped,2025-10-31 00:52:02.000000,2025-10-31 09:07:02.000000,54.93,54.93,3,MATCHED,NORMAL
33997,27129,processing,2023-08-08 11:46:56.000000,,0.0,41.97,3,MATCHED,SHIPPING_PENDING
84512,67618,returned,2023-11-30 08:19:57.000000,2023-12-01 14:23:57.000000,124.96,124.96,3,MATCHED,POTENTIAL CUT-OFF RISK
100013,80236,returned,2025-06-24 11:33:07.000000,2025-06-27 05:17:07.000000,81.97,81.97,3,MATCHED,NORMAL
99567,79866,shipped,2026-06-01 21:46:04.000000,2026-06-04 04:17:04.000000,9.12,9.12,1,MATCHED,NORMAL
38851,31043,cancelled,2023-12-11 01:28:34.000000,,0.0,74.89,2,MATCHED,SHIPPING_PENDING
118168,94604,cancelled,2026-04-10 08:21:22.000000,,0.0,9.9,1,MATCHED,SHIPPING_PENDING
62437,49870,processing,2022-12-16 12:22:58.000000,,0.0,226.88,4,MATCHED,SHIPPING_PENDING
66016,52763,complete,2026-03-15 17:59:00.000000,2026-03-18 02:20:00.000000,97.93,97.93,4,MATCHED,NORMAL
35289,28175,shipped,2024-11-09 17:10:28.000000,2024-11-10 18:25:28.000000,93.83,93.83,2,MATCHED,NORMAL
6233,4945,complete,2024-01-25 13:02:23.000000,2024-01-27 21:53:23.000000,110.95,110.95,3,MATCHED,NORMAL
41781,33330,shipped,2024-05-21 00:54:02.000000,2024-05-23 14:25:02.000000,10.0,10.0,1,MATCHED,NORMAL
113495,90857,shipped,2024-12-29 17:41:00.000000,2024-12-31 23:17:00.000000,113.04,113.04,3,MATCHED,NORMAL
101706,81544,cancelled,2026-01-25 01:21:04.000000,,0.0,142.48,4,MATCHED,SHIPPING_PENDING
7677,6146,complete,2022-12-14 07:02:48.000000,2022-12-16 01:17:48.000000,68.49,68.49,3,MATCHED,NORMAL
53435,42664,shipped,2025-11-24 10:21:38.000000,2025-11-24 14:34:38.000000,75.39,75.39,4,MATCHED,NORMAL
73818,59036,shipped,2023-06-05 22:12:42.000000,2023-06-08 01:55:42.000000,60.49,60.49,2,MATCHED,NORMAL
37169,29673,shipped,2024-01-26 10:20:37.000000,2024-01-27 21:33:37.000000,196.96,196.96,4,MATCHED,NORMAL
119611,95724,shipped,2024-09-29 10:55:24.000000,2024-09-30 21:56:24.000000,25.49,25.49,2,MATCHED,NORMAL
31794,25397,returned,2019-05-24 23:46:19.000000,2019-05-25 07:38:19.000000,112.03,112.03,2,MATCHED,NORMAL
94693,75902,shipped,2026-01-29 23:23:30.000000,2026-02-01 21:52:30.000000,289.6,289.6,3,MATCHED,POTENTIAL CUT-OFF RISK
106863,85632,returned,2025-03-24 20:48:13.000000,2025-03-25 19:11:13.000000,11.49,11.49,1,MATCHED,NORMAL
24740,19755,processing,2026-02-19 09:12:18.000000,,0.0,71.92,2,MATCHED,SHIPPING_PENDING
34561,27589,cancelled,2024-12-01 04:31:10.000000,,0.0,103.89,4,MATCHED,SHIPPING_PENDING
90785,72652,shipped,2026-06-12 20:25:33.667054,2026-06-14 01:28:33.667054,269.85,269.85,4,MATCHED,NORMAL
35605,28417,shipped,2026-01-24 11:40:08.000000,2026-01-27 04:13:08.000000,11.99,11.99,1,MATCHED,NORMAL
59318,47402,shipped,2024-03-29 08:40:44.000000,2024-03-30 04:43:44.000000,11.99,11.99,1,MATCHED,NORMAL
92518,74092,complete,2024-10-11 22:04:53.000000,2024-10-14 20:12:53.000000,196.99,196.99,4,MATCHED,NORMAL
50575,40419,processing,2025-09-17 12:04:04.000000,,0.0,12.0,1,MATCHED,SHIPPING_PENDING
92534,74107,returned,2024-02-21 21:18:09.000000,2024-02-23 20:35:09.000000,37.98,37.98,2,MATCHED,NORMAL
24419,19502,shipped,2021-09-23 23:27:22.000000,2021-09-24 08:57:22.000000,164.98,164.98,4,MATCHED,NORMAL
51592,41204,shipped,2020-05-27 11:34:21.000000,2020-05-30 09:16:21.000000,175.98,175.98,4,MATCHED,NORMAL
52657,42019,shipped,2022-07-21 02:59:55.000000,2022-07-22 03:52:55.000000,162.49,162.49,3,MATCHED,NORMAL
79113,63236,shipped,2026-02-08 17:10:57.000000,2026-02-11 06:12:57.000000,12.51,12.51,1,MATCHED,NORMAL
29072,23238,shipped,2025-01-02 21:32:06.000000,2025-01-03 04:06:06.000000,198.75,198.75,4,MATCHED,NORMAL
71336,57055,cancelled,2020-08-27 03:14:09.000000,,0.0,111.89,3,MATCHED,SHIPPING_PENDING
54771,43750,processing,2024-10-05 19:30:21.000000,,0.0,234.29,4,MATCHED,SHIPPING_PENDING
46034,36764,shipped,2024-12-19 10:09:05.000000,2024-12-21 10:27:05.000000,37.95,37.95,2,MATCHED,NORMAL
45045,35944,returned,2023-02-27 04:14:40.000000,2023-02-28 08:13:40.000000,127.86,127.86,2,MATCHED,NORMAL
73832,59054,complete,2025-10-18 13:46:31.000000,2025-10-19 05:49:31.000000,68.43,68.43,2,MATCHED,NORMAL
16233,12945,returned,2021-12-20 15:12:22.000000,2021-12-21 11:16:22.000000,101.52,101.52,2,MATCHED,NORMAL
43332,34583,shipped,2026-03-15 22:24:41.000000,2026-03-15 23:08:41.000000,13.95,13.95,1,MATCHED,NORMAL
5417,4286,complete,2025-07-15 01:20:01.000000,2025-07-17 05:54:01.000000,152.96,152.96,4,MATCHED,NORMAL
96937,77706,shipped,2023-04-17 14:08:15.000000,2023-04-18 06:44:15.000000,68.49,68.49,2,MATCHED,NORMAL
94264,75557,cancelled,2025-10-27 15:38:12.000000,,0.0,290.94,4,MATCHED,SHIPPING_PENDING
17919,14266,processing,2020-07-27 06:22:49.000000,,0.0,86.5,3,MATCHED,SHIPPING_PENDING
88766,71026,returned,2022-02-20 09:42:23.000000,2022-02-23 02:25:23.000000,88.65,88.65,3,MATCHED,NORMAL
28046,22418,shipped,2020-11-14 11:24:00.000000,2020-11-16 06:32:00.000000,14.67,14.67,1,MATCHED,NORMAL
28212,22557,complete,2026-05-29 15:15:27.000000,2026-05-31 14:02:27.000000,141.88,141.88,4,MATCHED,NORMAL
67446,53947,shipped,2025-12-19 15:51:26.000000,2025-12-21 02:55:26.000000,37.94,37.94,2,MATCHED,NORMAL
106028,84971,shipped,2026-04-04 07:08:49.000000,2026-04-04 22:51:49.000000,39.95,39.95,2,MATCHED,NORMAL
108916,87244,shipped,2024-03-21 01:07:53.000000,2024-03-22 14:02:53.000000,174.95,174.95,2,MATCHED,NORMAL
44440,35448,shipped,2021-05-24 01:51:18.000000,2021-05-25 14:19:18.000000,221.46,221.46,4,MATCHED,NORMAL
100086,80293,cancelled,2026-04-08 11:53:19.000000,,0.0,107.99,3,MATCHED,SHIPPING_PENDING
76868,61465,complete,2024-12-22 05:15:12.000000,2024-12-23 03:10:12.000000,14.99,14.99,1,MATCHED,NORMAL
84561,67654,complete,2026-02-10 16:21:34.000000,2026-02-10 23:31:34.000000,43.49,43.49,2,MATCHED,NORMAL
107878,86431,complete,2026-05-15 17:01:30.000000,2026-05-17 16:48:30.000000,14.99,14.99,1,MATCHED,NORMAL
2519,2016,processing,2025-08-01 13:12:48.000000,,0.0,59.98,2,MATCHED,SHIPPING_PENDING
24714,19735,shipped,2024-04-29 16:20:05.000000,2024-04-30 01:58:05.000000,62.98,62.98,2,MATCHED,NORMAL
45734,36511,shipped,2026-05-14 02:08:51.000000,2026-05-15 01:32:51.000000,66.99,66.99,2,MATCHED,NORMAL
74285,59405,shipped,2025-06-12 18:08:18.000000,2025-06-15 08:06:18.000000,14.99,14.99,1,MATCHED,NORMAL
102740,82374,returned,2026-05-24 19:25:46.000000,2026-05-26 03:33:46.000000,15.0,15.0,1,MATCHED,NORMAL
38000,30333,shipped,2023-11-14 10:56:54.000000,2023-11-14 17:58:54.000000,15.0,15.0,1,MATCHED,NORMAL
39012,31172,shipped,2025-08-10 11:33:33.000000,2025-08-11 20:55:33.000000,91.95,91.95,3,MATCHED,NORMAL
5769,4564,shipped,2025-09-10 12:55:33.000000,2025-09-13 02:28:33.000000,113.64,113.64,2,MATCHED,NORMAL
67811,54267,shipped,2026-05-17 04:03:58.000000,2026-05-17 10:34:58.000000,279.67,279.67,2,MATCHED,NORMAL
32649,26073,returned,2025-04-16 17:52:33.000000,2025-04-17 13:57:33.000000,148.77,148.77,4,MATCHED,NORMAL
18802,14994,shipped,2024-10-02 02:11:27.000000,2024-10-03 02:02:27.000000,155.9,155.9,2,MATCHED,NORMAL
72320,57828,shipped,2023-12-06 14:59:13.000000,2023-12-07 16:23:13.000000,15.95,15.95,1,MATCHED,NORMAL
37414,29875,shipped,2025-07-06 06:19:58.000000,2025-07-06 07:37:58.000000,300.22,300.22,4,MATCHED,NORMAL
81770,65438,processing,2026-03-23 02:49:28.000000,,0.0,51.17,2,MATCHED,SHIPPING_PENDING
83698,66975,complete,2026-02-28 03:40:12.000000,2026-03-01 07:23:12.000000,16.99,16.99,1,MATCHED,POTENTIAL CUT-OFF RISK
69267,55402,processing,2025-06-09 09:43:49.000000,,0.0,16.99,1,MATCHED,SHIPPING_PENDING
122970,98457,shipped,2020-03-29 15:30:29.000000,2020-03-31 10:41:29.000000,16.99,16.99,1,MATCHED,NORMAL
40641,32447,returned,2026-06-15 23:04:59.000000,2026-06-17 20:00:59.000000,17.0,17.0,1,MATCHED,NORMAL
28256,22587,cancelled,2021-05-05 07:12:40.000000,,0.0,17.5,1,MATCHED,SHIPPING_PENDING
26263,20978,complete,2024-09-01 00:50:26.000000,2024-09-03 04:14:26.000000,115.29,115.29,4,MATCHED,NORMAL
28688,22933,processing,2026-05-16 13:28:58.000000,,0.0,17.95,1,MATCHED,SHIPPING_PENDING
39189,31306,processing,2021-08-16 17:58:43.000000,,0.0,185.93,4,MATCHED,SHIPPING_PENDING
104961,84118,complete,2023-01-09 02:43:38.000000,2023-01-09 07:54:38.000000,304.99,304.99,3,MATCHED,NORMAL
41318,32963,returned,2025-01-18 01:18:59.000000,2025-01-20 03:49:59.000000,42.99,42.99,2,MATCHED,NORMAL
63832,51012,processing,2023-08-06 01:45:15.000000,,0.0,54.95,2,MATCHED,SHIPPING_PENDING
60791,48539,shipped,2025-12-09 16:06:41.000000,2025-12-10 11:08:41.000000,168.97,168.97,3,MATCHED,NORMAL
74598,59665,shipped,2025-11-12 18:24:09.000000,2025-11-15 13:52:09.000000,18.95,18.95,1,MATCHED,NORMAL
115355,92347,cancelled,2025-06-09 20:02:09.000000,,0.0,42.44,2,MATCHED,SHIPPING_PENDING
95789,76793,complete,2023-12-12 20:52:30.000000,2023-12-15 10:15:30.000000,268.97,268.97,4,MATCHED,NORMAL
16497,13138,processing,2026-04-01 05:10:29.000000,,0.0,118.08,3,MATCHED,SHIPPING_PENDING
91545,73289,processing,2025-06-22 02:21:43.000000,,0.0,38.98,2,MATCHED,SHIPPING_PENDING
123112,98578,processing,2025-07-29 21:27:16.000000,,0.0,18.99,1,MATCHED,SHIPPING_PENDING
844,680,processing,2025-04-28 10:51:49.000000,,0.0,138.95,2,MATCHED,SHIPPING_PENDING
120010,96064,complete,2022-10-26 01:15:58.000000,2022-10-29 00:59:58.000000,19.49,19.49,1,MATCHED,NORMAL
59295,47387,complete,2025-09-13 02:59:42.000000,2025-09-14 13:18:42.000000,189.92,189.92,4,MATCHED,NORMAL
113247,90664,shipped,2025-09-15 05:53:30.000000,2025-09-18 02:53:30.000000,19.5,19.5,1,MATCHED,NORMAL
9966,7949,processing,2026-04-18 18:05:23.000000,,0.0,292.47,3,MATCHED,SHIPPING_PENDING
21301,17030,shipped,2025-10-25 14:49:13.000000,2025-10-25 15:48:13.000000,41.85,41.85,2,MATCHED,NORMAL
92909,74434,complete,2025-08-24 21:45:47.000000,2025-08-25 13:54:47.000000,19.95,19.95,1,MATCHED,NORMAL
82142,65734,shipped,2023-10-19 02:13:53.000000,2023-10-20 01:12:53.000000,19.95,19.95,1,MATCHED,NORMAL
36396,29033,shipped,2025-08-03 18:12:07.000000,2025-08-04 23:17:07.000000,288.97,288.97,2,MATCHED,NORMAL
10269,8185,complete,2025-01-27 05:26:47.000000,2025-01-29 11:27:47.000000,19.99,19.99,1,MATCHED,NORMAL
45796,36560,complete,2023-12-14 19:16:36.000000,2023-12-17 14:19:36.000000,19.99,19.99,1,MATCHED,NORMAL
9510,7589,processing,2026-06-01 05:14:26.000000,,0.0,67.98,2,MATCHED,SHIPPING_PENDING
64616,51621,processing,2026-04-16 07:01:33.000000,,0.0,254.92,4,MATCHED,SHIPPING_PENDING
18751,14944,returned,2025-08-27 04:44:23.000000,2025-08-29 18:20:23.000000,340.71,340.71,4,MATCHED,NORMAL
110794,88732,returned,2021-10-15 22:11:37.000000,2021-10-17 08:16:37.000000,197.43,197.43,4,MATCHED,NORMAL
1816,1462,shipped,2025-07-29 19:14:59.000000,2025-07-29 23:02:59.000000,19.99,19.99,1,MATCHED,NORMAL
24077,19245,shipped,2025-05-13 02:03:34.000000,2025-05-14 01:18:34.000000,72.98,72.98,2,MATCHED,NORMAL
43484,34703,shipped,2025-06-06 02:41:48.000000,2025-06-07 13:25:48.000000,99.98,99.98,2,MATCHED,NORMAL
48690,38870,shipped,2026-06-14 00:22:41.000000,2026-06-15 18:53:41.000000,294.44,294.44,4,MATCHED,NORMAL
65802,52575,shipped,2026-03-26 19:02:17.000000,2026-03-27 00:18:17.000000,157.49,157.49,3,MATCHED,NORMAL
37260,29749,returned,2024-09-06 09:28:12.000000,2024-09-07 05:53:12.000000,110.77,110.77,4,MATCHED,NORMAL
113007,90474,shipped,2022-06-11 14:14:05.000000,2022-06-12 00:36:05.000000,110.95,110.95,2,MATCHED,NORMAL
34921,27898,returned,2025-12-29 21:35:51.000000,2025-12-30 21:47:51.000000,90.74,90.74,3,MATCHED,NORMAL
85943,68808,shipped,2022-08-30 03:12:40.000000,2022-08-30 06:04:40.000000,171.99,171.99,3,MATCHED,NORMAL
102953,82548,shipped,2026-04-25 02:54:41.000000,2026-04-25 05:23:41.000000,119.91,119.91,4,MATCHED,NORMAL
54628,43629,processing,2026-06-02 11:22:15.000000,,0.0,164.75,3,MATCHED,SHIPPING_PENDING
72691,58126,complete,2025-07-07 04:58:26.000000,2025-07-08 08:03:26.000000,52.49,52.49,2,MATCHED,NORMAL
37319,29801,processing,2025-08-24 07:49:17.000000,,0.0,178.69,4,MATCHED,SHIPPING_PENDING
31434,25109,complete,2025-01-25 00:12:34.000000,2025-01-27 14:52:34.000000,147.85,147.85,4,MATCHED,NORMAL
107566,86200,processing,2026-05-12 14:23:12.000000,,0.0,72.94,2,MATCHED,SHIPPING_PENDING
15688,12527,shipped,2020-12-30 17:35:18.000000,2021-01-02 13:07:18.000000,160.44,160.44,3,MATCHED,POTENTIAL CUT-OFF RISK
64506,51533,shipped,2024-12-02 11:10:47.000000,2024-12-02 15:38:47.000000,23.7,23.7,1,MATCHED,NORMAL
15024,11985,returned,2025-04-02 10:01:49.000000,2025-04-05 01:30:49.000000,226.4,226.4,3,MATCHED,NORMAL
35304,28186,shipped,2025-03-10 04:47:36.000000,2025-03-12 12:48:36.000000,246.42,246.42,4,MATCHED,NORMAL
118758,95063,shipped,2024-08-16 18:03:31.000000,2024-08-16 19:58:31.000000,172.99,172.99,4,MATCHED,NORMAL
4174,3308,cancelled,2025-10-06 11:02:49.000000,,0.0,99.0,2,MATCHED,SHIPPING_PENDING
26731,21361,complete,2021-07-25 00:02:44.000000,2021-07-27 11:24:44.000000,83.0,83.0,3,MATCHED,NORMAL
68152,54539,complete,2026-05-27 18:37:19.000000,2026-05-28 10:45:19.000000,144.12,144.12,4,MATCHED,NORMAL
57314,45830,returned,2025-03-18 04:05:19.000000,2025-03-19 20:26:19.000000,133.99,133.99,3,MATCHED,NORMAL
8697,6949,complete,2026-05-07 13:17:46.000000,2026-05-07 14:43:46.000000,24.74,24.74,1,MATCHED,NORMAL
115735,92655,shipped,2025-04-05 07:38:15.000000,2025-04-06 22:28:15.000000,24.95,24.95,1,MATCHED,NORMAL
42176,33644,complete,2025-04-27 18:35:41.000000,2025-04-29 06:48:41.000000,24.99,24.99,1,MATCHED,NORMAL
99420,79732,processing,2026-04-11 22:19:01.000000,,0.0,24.99,1,MATCHED,SHIPPING_PENDING
27338,21856,shipped,2025-11-05 01:16:05.000000,2025-11-06 22:02:05.000000,24.99,24.99,1,MATCHED,NORMAL
34389,27450,shipped,2023-09-30 14:14:42.000000,2023-10-02 02:36:42.000000,64.98,64.98,2,MATCHED,POTENTIAL CUT-OFF RISK
13133,10425,cancelled,2025-07-31 18:39:23.000000,,0.0,25.0,1,MATCHED,SHIPPING_PENDING
28841,23049,cancelled,2026-05-27 23:51:35.000000,,0.0,25.0,1,MATCHED,SHIPPING_PENDING
68311,54664,cancelled,2024-04-01 03:47:45.000000,,0.0,177.88,4,MATCHED,SHIPPING_PENDING
89569,71674,cancelled,2025-03-15 00:44:03.000000,,0.0,25.0,1,MATCHED,SHIPPING_PENDING
117208,93865,cancelled,2026-04-29 11:34:43.000000,,0.0,25.0,1,MATCHED,SHIPPING_PENDING
15749,12569,complete,2026-06-15 09:57:26.096748,2026-06-15 19:27:26.096748,130.83,130.83,3,MATCHED,NORMAL
33957,27102,complete,2026-04-16 06:56:08.000000,2026-04-16 08:16:08.000000,369.0,369.0,3,MATCHED,NORMAL
40157,32064,complete,2024-10-01 02:14:11.000000,2024-10-03 10:22:11.000000,25.0,25.0,1,MATCHED,NORMAL
48982,39084,complete,2022-12-03 23:03:58.000000,2022-12-06 16:10:58.000000,80.0,80.0,2,MATCHED,NORMAL
81284,65033,complete,2024-06-04 15:00:18.000000,2024-06-07 04:03:18.000000,114.45,114.45,3,MATCHED,NORMAL
81819,65483,complete,2025-04-18 02:40:58.000000,2025-04-20 03:42:58.000000,25.0,25.0,1,MATCHED,NORMAL
91460,73230,processing,2026-05-22 18:53:30.000000,,0.0,103.0,2,MATCHED,SHIPPING_PENDING
114721,91880,processing,2021-11-13 15:44:19.000000,,0.0,179.99,4,MATCHED,SHIPPING_PENDING
14525,11588,returned,2020-04-25 13:31:59.000000,2020-04-25 19:02:59.000000,137.99,137.99,3,MATCHED,NORMAL
71253,56999,shipped,2023-12-13 22:47:26.000000,2023-12-13 23:10:26.000000,25.0,25.0,1,MATCHED,NORMAL
95548,76591,shipped,2022-11-07 12:13:54.000000,2022-11-08 23:28:54.000000,305.0,305.0,2,MATCHED,NORMAL
98371,78876,shipped,2026-02-26 06:34:14.000000,2026-02-28 23:16:14.000000,135.0,135.0,2,MATCHED,NORMAL
118003,94473,shipped,2020-07-23 05:22:55.000000,2020-07-24 00:49:55.000000,54.99,54.99,2,MATCHED,NORMAL
92444,74020,processing,2026-06-08 09:30:42.000000,,0.0,25.2,1,MATCHED,SHIPPING_PENDING
69861,55870,complete,2026-01-05 09:01:43.000000,2026-01-06 04:31:43.000000,25.48,25.48,1,MATCHED,NORMAL
5467,4326,returned,2022-06-19 08:22:31.000000,2022-06-22 03:05:31.000000,120.49,120.49,2,MATCHED,NORMAL
45573,36383,shipped,2024-04-21 17:01:32.000000,2024-04-22 16:07:32.000000,25.52,25.52,1,MATCHED,NORMAL
87068,69695,shipped,2025-01-03 16:35:26.000000,2025-01-04 16:59:26.000000,25.98,25.98,1,MATCHED,NORMAL
38309,30579,cancelled,2026-02-08 16:47:53.000000,,0.0,26.0,1,MATCHED,SHIPPING_PENDING
15183,12110,processing,2026-04-18 04:05:08.000000,,0.0,26.0,1,MATCHED,SHIPPING_PENDING
62691,50097,shipped,2023-07-26 10:56:36.000000,2023-07-28 17:35:36.000000,70.0,70.0,2,MATCHED,NORMAL
87228,69823,processing,2026-06-05 18:10:23.000000,,0.0,26.47,1,MATCHED,SHIPPING_PENDING
76872,61468,cancelled,2025-12-02 20:41:15.000000,,0.0,110.5,2,MATCHED,SHIPPING_PENDING
57376,45883,processing,2025-03-12 11:31:54.000000,,0.0,160.87,3,MATCHED,SHIPPING_PENDING
48822,38974,complete,2025-09-10 19:06:32.000000,2025-09-11 01:02:32.000000,26.95,26.95,1,MATCHED,NORMAL
67959,54388,complete,2021-02-20 15:15:24.000000,2021-02-21 08:56:24.000000,26.95,26.95,1,MATCHED,NORMAL
37302,29789,shipped,2025-10-25 04:07:03.000000,2025-10-26 22:29:03.000000,80.99,80.99,2,MATCHED,NORMAL
50155,40054,shipped,2026-06-16 08:18:24.392430,2026-06-16 19:14:24.392430,27.9,27.9,1,MATCHED,NORMAL
10602,8440,cancelled,2025-08-28 08:42:21.000000,,0.0,27.99,1,MATCHED,SHIPPING_PENDING
120097,96140,shipped,2023-03-06 04:32:40.000000,2023-03-07 13:51:40.000000,96.68,96.68,2,MATCHED,NORMAL
85200,68174,shipped,2025-10-29 05:57:22.000000,2025-10-31 15:44:22.000000,321.45,321.45,4,MATCHED,NORMAL
1749,1394,processing,2024-12-16 23:17:38.000000,,0.0,92.49,2,MATCHED,SHIPPING_PENDING
1892,1516,complete,2025-10-08 06:12:29.000000,2025-10-09 09:26:29.000000,28.82,28.82,1,MATCHED,NORMAL
50134,40039,processing,2025-01-15 05:08:22.000000,,0.0,28.82,1,MATCHED,SHIPPING_PENDING
46439,37099,complete,2021-08-01 09:11:53.000000,2021-08-03 12:56:53.000000,63.2,63.2,2,MATCHED,NORMAL
96249,77157,complete,2024-10-16 09:54:53.000000,2024-10-19 07:51:53.000000,268.98,268.98,4,MATCHED,NORMAL
88533,70818,returned,2026-05-13 03:31:33.000000,2026-05-13 22:55:33.000000,139.41,139.41,2,MATCHED,NORMAL
95841,76836,shipped,2022-11-04 07:04:00.000000,2022-11-06 20:31:00.000000,29.45,29.45,1,MATCHED,NORMAL
11237,8932,returned,2026-04-23 03:12:33.000000,2026-04-25 06:25:33.000000,323.74,323.74,4,MATCHED,NORMAL
34298,27363,shipped,2024-10-07 21:50:36.000000,2024-10-09 19:33:36.000000,29.9,29.9,1,MATCHED,NORMAL
100673,80715,cancelled,2026-06-01 16:09:00.000000,,0.0,29.95,1,MATCHED,SHIPPING_PENDING
91465,73233,complete,2025-09-26 14:40:05.000000,2025-09-26 22:20:05.000000,29.95,29.95,1,MATCHED,NORMAL
59738,47717,shipped,2023-05-02 02:55:32.000000,2023-05-04 04:30:32.000000,179.98,179.98,3,MATCHED,NORMAL
67127,53686,cancelled,2021-02-05 05:55:14.000000,,0.0,29.99,1,MATCHED,SHIPPING_PENDING
31299,25008,processing,2025-02-13 06:47:56.000000,,0.0,150.92,3,MATCHED,SHIPPING_PENDING
31988,25547,processing,2025-11-26 20:37:23.000000,,0.0,213.98,4,MATCHED,SHIPPING_PENDING
73274,58619,processing,2026-06-16 04:26:04.346162,,0.0,29.99,1,MATCHED,SHIPPING_PENDING
104106,83440,processing,2025-02-28 04:44:07.000000,,0.0,29.99,1,MATCHED,SHIPPING_PENDING
24175,19319,shipped,2022-06-19 07:31:49.000000,2022-06-19 22:52:49.000000,188.34,188.34,3,MATCHED,NORMAL
11827,9399,shipped,2025-06-23 12:48:59.000000,2025-06-25 04:53:59.000000,94.95,94.95,2,MATCHED,NORMAL
59999,47929,shipped,2025-03-16 12:17:46.000000,2025-03-17 14:41:46.000000,64.99,64.99,2,MATCHED,NORMAL
5590,4419,returned,2020-12-14 09:46:54.000000,2020-12-16 08:22:54.000000,130.99,130.99,3,MATCHED,NORMAL
112320,89940,cancelled,2025-09-16 19:56:45.000000,,0.0,31.81,1,MATCHED,SHIPPING_PENDING
36071,28777,shipped,2026-05-31 23:44:51.000000,2026-06-02 10:56:51.000000,31.81,31.81,1,MATCHED,POTENTIAL CUT-OFF RISK
116472,93252,complete,2025-08-15 18:59:06.000000,2025-08-17 17:21:06.000000,89.97,89.97,2,MATCHED,NORMAL
106116,85035,complete,2024-04-10 06:59:49.000000,2024-04-11 22:51:49.000000,31.99,31.99,1,MATCHED,NORMAL
9676,7722,shipped,2025-12-18 05:44:12.000000,2025-12-19 05:16:12.000000,191.89,191.89,3,MATCHED,NORMAL
35944,28671,processing,2025-08-17 08:05:16.000000,,0.0,32.0,1,MATCHED,SHIPPING_PENDING
56776,45377,processing,2023-08-23 16:33:07.000000,,0.0,32.0,1,MATCHED,SHIPPING_PENDING
73645,58903,cancelled,2022-10-21 11:25:27.000000,,0.0,318.48,3,MATCHED,SHIPPING_PENDING
114613,91783,processing,2022-10-13 23:18:23.000000,,0.0,32.51,1,MATCHED,SHIPPING_PENDING
67713,54178,returned,2024-03-21 22:58:15.000000,2024-03-22 01:33:15.000000,32.51,32.51,1,MATCHED,NORMAL
83001,66409,complete,2026-03-28 12:42:24.000000,2026-03-29 07:39:24.000000,267.48,267.48,4,MATCHED,NORMAL
24579,19624,processing,2022-08-01 12:02:18.000000,,0.0,32.99,1,MATCHED,SHIPPING_PENDING
20720,16560,returned,2023-01-12 06:02:23.000000,2023-01-12 06:49:23.000000,180.49,180.49,2,MATCHED,NORMAL
31747,25359,shipped,2025-08-08 08:43:49.000000,2025-08-10 04:56:49.000000,33.0,33.0,1,MATCHED,NORMAL
65067,51977,cancelled,2025-08-05 07:09:17.000000,,0.0,33.68,1,MATCHED,SHIPPING_PENDING
97915,78498,complete,2024-06-09 15:34:08.000000,2024-06-11 18:45:08.000000,33.68,33.68,1,MATCHED,NORMAL
87624,70123,shipped,2026-03-12 13:54:14.000000,2026-03-12 15:56:14.000000,33.98,33.98,1,MATCHED,NORMAL
102226,81957,shipped,2026-04-03 02:34:10.000000,2026-04-03 10:34:10.000000,69.79,69.79,2,MATCHED,NORMAL
84630,67710,complete,2023-01-24 22:33:08.000000,2023-01-26 14:04:08.000000,918.98,918.98,4,MATCHED,NORMAL
7189,5740,processing,2023-11-01 08:25:57.000000,,0.0,152.99,3,MATCHED,SHIPPING_PENDING
22893,18285,cancelled,2026-03-05 23:06:35.000000,,0.0,99.31,2,MATCHED,SHIPPING_PENDING
24708,19730,shipped,2023-07-21 06:31:43.000000,2023-07-24 01:45:43.000000,118.87,118.87,2,MATCHED,NORMAL
20098,16051,processing,2026-05-25 15:10:26.000000,,0.0,104.94,2,MATCHED,SHIPPING_PENDING
42169,33637,shipped,2024-12-16 06:13:03.000000,2024-12-17 11:03:03.000000,154.93,154.93,2,MATCHED,NORMAL
3752,2976,cancelled,2023-09-08 00:56:26.000000,,0.0,34.99,1,MATCHED,SHIPPING_PENDING
124539,99707,complete,2024-09-07 10:53:13.000000,2024-09-09 17:29:13.000000,149.48,149.48,3,MATCHED,NORMAL
103210,82758,returned,2024-09-05 03:19:09.000000,2024-09-05 04:03:09.000000,253.48,253.48,3,MATCHED,NORMAL
2092,1668,cancelled,2026-05-22 22:38:40.000000,,0.0,79.0,2,MATCHED,SHIPPING_PENDING
17385,13835,complete,2023-04-26 04:39:40.000000,2023-04-27 13:19:40.000000,35.0,35.0,1,MATCHED,NORMAL
14142,11264,returned,2024-12-14 22:46:55.000000,2024-12-16 12:11:55.000000,35.0,35.0,1,MATCHED,NORMAL
87452,69986,shipped,2026-04-01 21:58:28.000000,2026-04-01 21:58:28.000000,35.0,35.0,1,MATCHED,NORMAL
114366,91597,processing,2026-02-03 02:48:19.000000,,0.0,36.0,1,MATCHED,SHIPPING_PENDING
19712,15737,returned,2026-06-13 21:27:04.000000,2026-06-14 02:31:04.000000,37.99,37.99,1,MATCHED,NORMAL
36128,28829,complete,2026-06-13 23:35:10.000000,2026-06-14 22:07:10.000000,103.0,103.0,2,MATCHED,NORMAL
23886,19087,processing,2025-06-11 03:45:55.000000,,0.0,76.12,2,MATCHED,SHIPPING_PENDING
92862,74394,shipped,2020-11-28 20:59:36.000000,2020-11-28 21:17:36.000000,302.5,302.5,4,MATCHED,NORMAL
6107,4851,complete,2024-09-25 18:13:33.000000,2024-09-28 02:27:33.000000,108.19,108.19,2,MATCHED,NORMAL
91074,72905,shipped,2024-07-11 19:57:18.000000,2024-07-12 12:45:18.000000,215.78,215.78,4,MATCHED,NORMAL
109411,87656,complete,2022-01-29 21:45:14.000000,2022-01-31 22:13:14.000000,111.0,111.0,2,MATCHED,NORMAL
60241,48111,shipped,2023-12-28 08:48:26.000000,2023-12-28 10:44:26.000000,39.0,39.0,1,MATCHED,NORMAL
56779,45380,shipped,2025-08-24 20:15:52.000000,2025-08-26 07:41:52.000000,39.45,39.45,1,MATCHED,NORMAL
56139,44855,cancelled,2024-10-31 16:12:13.000000,,0.0,39.5,1,MATCHED,SHIPPING_PENDING
16916,13471,complete,2021-08-27 20:56:34.000000,2021-08-28 00:58:34.000000,39.5,39.5,1,MATCHED,NORMAL
2034,1630,processing,2023-11-02 12:08:19.000000,,0.0,109.48,2,MATCHED,SHIPPING_PENDING
28154,22508,shipped,2024-02-19 19:52:11.000000,2024-02-22 16:50:11.000000,39.6,39.6,1,MATCHED,NORMAL
89266,71431,shipped,2024-08-17 10:54:33.000000,2024-08-17 13:35:33.000000,39.9,39.9,1,MATCHED,NORMAL
11483,9126,cancelled,2026-05-21 04:25:00.000000,,0.0,97.95,2,MATCHED,SHIPPING_PENDING
71858,57469,cancelled,2026-05-25 11:09:22.000000,,0.0,39.99,1,MATCHED,SHIPPING_PENDING
74971,59947,complete,2026-04-05 13:07:14.000000,2026-04-06 12:31:14.000000,103.94,103.94,2,MATCHED,NORMAL
5722,4529,complete,2021-06-18 16:46:48.000000,2021-06-21 04:05:48.000000,95.65,95.65,2,MATCHED,NORMAL
16253,12961,returned,2024-12-02 21:30:46.000000,2024-12-03 00:25:46.000000,40.0,40.0,1,MATCHED,NORMAL
114155,91408,shipped,2024-09-10 07:30:22.000000,2024-09-12 15:03:22.000000,89.45,89.45,2,MATCHED,NORMAL
116070,92934,complete,2023-12-14 06:56:06.000000,2023-12-16 12:07:06.000000,40.49,40.49,1,MATCHED,NORMAL
31947,25517,shipped,2021-12-26 19:22:35.000000,2021-12-29 10:43:35.000000,40.49,40.49,1,MATCHED,NORMAL
117158,93821,complete,2026-05-11 18:52:47.000000,2026-05-13 03:42:47.000000,40.6,40.6,1,MATCHED,NORMAL
116526,93286,complete,2024-08-24 03:46:09.000000,2024-08-24 20:45:09.000000,41.45,41.45,1,MATCHED,NORMAL
73648,58905,complete,2023-08-26 14:15:33.000000,2023-08-27 13:18:33.000000,151.91,151.91,2,MATCHED,NORMAL
95010,76151,shipped,2026-02-08 03:14:04.000000,2026-02-09 13:11:04.000000,42.0,42.0,1,MATCHED,NORMAL
120516,96464,complete,2025-11-15 14:37:57.000000,2025-11-15 18:55:57.000000,42.01,42.01,1,MATCHED,NORMAL
82038,65646,processing,2025-11-28 22:59:02.000000,,0.0,107.67,2,MATCHED,SHIPPING_PENDING
85018,68036,shipped,2022-10-16 02:53:52.000000,2022-10-16 04:26:52.000000,42.01,42.01,1,MATCHED,NORMAL
117462,94060,cancelled,2022-06-14 21:58:04.000000,,0.0,42.99,1,MATCHED,SHIPPING_PENDING
100499,80590,shipped,2026-04-03 08:33:27.000000,2026-04-05 05:16:27.000000,42.99,42.99,1,MATCHED,NORMAL
12703,10096,processing,2025-01-18 03:20:43.000000,,0.0,43.14,1,MATCHED,SHIPPING_PENDING
115428,92415,complete,2026-04-09 21:04:12.000000,2026-04-09 21:54:12.000000,43.2,43.2,1,MATCHED,NORMAL
123,100,processing,2026-05-02 09:34:17.000000,,0.0,44.0,1,MATCHED,SHIPPING_PENDING
83188,66565,processing,2025-11-16 01:43:36.000000,,0.0,209.0,2,MATCHED,SHIPPING_PENDING
64003,51145,returned,2025-11-18 23:58:06.000000,2025-11-21 21:16:06.000000,113.9,113.9,2,MATCHED,NORMAL
46923,37490,shipped,2023-07-03 14:56:53.000000,2023-07-03 16:08:53.000000,44.0,44.0,1,MATCHED,NORMAL
55162,44071,shipped,2024-01-15 08:55:28.000000,2024-01-18 00:53:28.000000,44.5,44.5,1,MATCHED,NORMAL
107653,86262,processing,2025-05-19 19:10:00.000000,,0.0,44.51,1,MATCHED,SHIPPING_PENDING
42115,33589,complete,2022-05-23 19:01:42.000000,2022-05-26 17:55:42.000000,44.99,44.99,1,MATCHED,NORMAL
4461,3528,processing,2025-10-31 17:31:29.000000,,0.0,44.99,1,MATCHED,SHIPPING_PENDING
102944,82542,processing,2024-08-13 21:30:57.000000,,0.0,44.99,1,MATCHED,SHIPPING_PENDING
12828,10187,cancelled,2023-02-22 16:23:56.000000,,0.0,45.0,1,MATCHED,SHIPPING_PENDING
46764,37371,processing,2026-06-14 20:24:43.000000,,0.0,45.0,1,MATCHED,SHIPPING_PENDING
66011,52760,processing,2026-06-12 01:08:01.000000,,0.0,45.0,1,MATCHED,SHIPPING_PENDING
9512,7590,returned,2025-02-07 04:41:28.000000,2025-02-09 09:54:28.000000,45.0,45.0,1,MATCHED,NORMAL
94977,76127,shipped,2026-06-06 18:40:00.000000,2026-06-07 05:31:00.000000,45.0,45.0,1,MATCHED,NORMAL
100874,80873,shipped,2023-11-04 23:34:50.000000,2023-11-05 15:13:50.000000,94.11,94.11,2,MATCHED,NORMAL
48186,38497,cancelled,2021-03-20 02:42:35.000000,,0.0,45.42,1,MATCHED,SHIPPING_PENDING
123083,98559,returned,2021-09-12 01:31:45.000000,2021-09-12 12:29:45.000000,45.99,45.99,1,MATCHED,NORMAL
32172,25678,complete,2025-03-01 22:29:35.000000,2025-03-03 02:50:35.000000,99.0,99.0,2,MATCHED,NORMAL
106400,85289,returned,2023-10-08 11:36:27.000000,2023-10-10 17:14:27.000000,46.0,46.0,1,MATCHED,NORMAL
75164,60109,cancelled,2024-02-29 13:05:19.000000,,0.0,46.5,1,MATCHED,SHIPPING_PENDING
102487,82161,shipped,2022-03-08 22:25:13.000000,2022-03-11 16:40:13.000000,46.5,46.5,1,MATCHED,NORMAL
118035,94500,shipped,2022-09-03 00:01:42.000000,2022-09-03 22:51:42.000000,111.98,111.98,2,MATCHED,NORMAL
123122,98591,cancelled,2025-04-30 00:49:58.000000,,0.0,48.0,1,MATCHED,SHIPPING_PENDING
26187,20914,complete,2025-09-17 13:29:33.000000,2025-09-18 09:28:33.000000,203.5,203.5,2,MATCHED,NORMAL
86637,69372,complete,2026-05-29 08:35:49.000000,2026-05-30 10:20:49.000000,49.5,49.5,1,MATCHED,NORMAL
11346,9021,shipped,2024-12-20 01:50:44.000000,2024-12-22 01:35:44.000000,49.5,49.5,1,MATCHED,NORMAL
53040,42339,shipped,2026-02-20 07:31:06.000000,2026-02-21 17:32:06.000000,49.5,49.5,1,MATCHED,NORMAL
60789,48538,shipped,2025-02-07 06:26:25.000000,2025-02-10 05:46:25.000000,49.5,49.5,1,MATCHED,NORMAL
74123,59282,returned,2025-04-27 14:10:27.000000,2025-04-28 08:18:27.000000,216.95,216.95,3,MATCHED,NORMAL
34897,27871,complete,2026-03-31 07:46:52.000000,2026-03-31 13:28:52.000000,49.99,49.99,1,MATCHED,NORMAL
92359,73943,complete,2020-12-31 22:06:11.000000,2021-01-03 04:36:11.000000,49.99,49.99,1,MATCHED,POTENTIAL CUT-OFF RISK
85395,68335,processing,2025-02-14 20:21:46.000000,,0.0,119.49,2,MATCHED,SHIPPING_PENDING
79693,63686,returned,2026-03-10 13:18:43.000000,2026-03-13 06:44:43.000000,49.99,49.99,1,MATCHED,NORMAL
17816,14188,shipped,2026-04-25 03:48:34.000000,2026-04-28 03:18:34.000000,174.49,174.49,3,MATCHED,NORMAL
35056,27994,shipped,2025-12-16 00:34:48.000000,2025-12-16 06:17:48.000000,49.99,49.99,1,MATCHED,NORMAL
42276,33726,shipped,2026-01-28 06:07:08.000000,2026-01-29 10:43:08.000000,49.99,49.99,1,MATCHED,NORMAL
116498,93272,cancelled,2026-01-09 15:35:40.000000,,0.0,305.99,4,MATCHED,SHIPPING_PENDING
96749,77571,returned,2024-08-24 01:18:25.000000,2024-08-25 03:32:25.000000,229.99,229.99,2,MATCHED,NORMAL
79118,63237,cancelled,2025-03-11 00:22:13.000000,,0.0,50.41,1,MATCHED,SHIPPING_PENDING
62360,49807,processing,2025-01-16 09:18:45.000000,,0.0,52.0,1,MATCHED,SHIPPING_PENDING
101301,81227,processing,2023-01-12 20:21:46.000000,,0.0,52.0,1,MATCHED,SHIPPING_PENDING
11471,9120,shipped,2026-02-08 03:11:22.000000,2026-02-08 15:54:22.000000,52.0,52.0,1,MATCHED,NORMAL
121727,97453,shipped,2020-04-27 18:23:34.000000,2020-04-28 02:25:34.000000,120.69,120.69,2,MATCHED,NORMAL
30403,24275,complete,2025-09-30 21:29:02.000000,2025-10-02 02:58:02.000000,54.0,54.0,1,MATCHED,POTENTIAL CUT-OFF RISK
1759,1404,processing,2022-03-10 06:14:59.000000,,0.0,162.0,2,MATCHED,SHIPPING_PENDING
83304,66659,processing,2022-05-04 18:50:52.000000,,0.0,54.0,1,MATCHED,SHIPPING_PENDING
4059,3234,cancelled,2021-04-13 03:32:30.000000,,0.0,54.5,1,MATCHED,SHIPPING_PENDING
97640,78270,complete,2023-11-14 12:10:00.000000,2023-11-15 07:50:00.000000,144.5,144.5,2,MATCHED,NORMAL
81327,65061,cancelled,2026-05-10 15:02:07.000000,,0.0,55.0,1,MATCHED,SHIPPING_PENDING
110356,88391,complete,2023-05-07 15:30:32.000000,2023-05-08 06:59:32.000000,55.0,55.0,1,MATCHED,NORMAL
69793,55812,shipped,2025-02-10 16:57:02.000000,2025-02-13 05:18:02.000000,55.0,55.0,1,MATCHED,NORMAL
102625,82277,shipped,2026-06-15 19:48:14.080300,2026-06-17 01:58:14.080300,129.99,129.99,2,MATCHED,NORMAL
80340,64237,processing,2025-01-07 08:21:33.000000,,0.0,57.0,1,MATCHED,SHIPPING_PENDING
120283,96280,returned,2026-06-15 18:36:33.683037,2026-06-16 19:31:33.683037,57.5,57.5,1,MATCHED,NORMAL
44977,35880,complete,2022-01-17 12:48:31.000000,2022-01-20 03:52:31.000000,57.95,57.95,1,MATCHED,NORMAL
45008,35909,complete,2026-04-13 21:20:06.000000,2026-04-14 14:09:06.000000,57.99,57.99,1,MATCHED,NORMAL
18489,14723,processing,2025-09-07 08:24:30.000000,,0.0,58.0,1,MATCHED,SHIPPING_PENDING
16484,13132,complete,2025-10-07 22:51:59.000000,2025-10-08 17:22:59.000000,59.0,59.0,1,MATCHED,NORMAL
95479,76521,processing,2026-04-02 02:00:23.000000,,0.0,59.45,1,MATCHED,SHIPPING_PENDING
87465,69992,cancelled,2025-04-16 06:23:52.000000,,0.0,228.99,3,MATCHED,SHIPPING_PENDING
117657,94218,complete,2025-02-20 16:23:20.000000,2025-02-22 03:40:20.000000,137.5,137.5,2,MATCHED,NORMAL
66,54,shipped,2024-03-01 18:02:39.000000,2024-03-02 19:33:39.000000,59.5,59.5,1,MATCHED,NORMAL
124555,99720,complete,2024-06-13 11:30:40.000000,2024-06-14 12:22:40.000000,60.0,60.0,1,MATCHED,NORMAL
43385,34625,shipped,2026-06-16 05:05:21.988947,2026-06-17 14:45:21.988947,60.0,60.0,1,MATCHED,NORMAL
119323,95498,cancelled,2024-11-04 23:24:51.000000,,0.0,60.99,1,MATCHED,SHIPPING_PENDING
90039,72048,complete,2023-11-03 20:06:32.000000,2023-11-05 00:29:32.000000,63.95,63.95,1,MATCHED,NORMAL
41009,32721,returned,2026-05-02 12:45:02.000000,2026-05-05 09:02:02.000000,65.0,65.0,1,MATCHED,NORMAL
55783,44584,shipped,2023-02-17 18:58:21.000000,2023-02-19 06:45:21.000000,226.0,226.0,2,MATCHED,NORMAL
39871,31843,cancelled,2026-01-22 09:13:40.000000,,0.0,68.0,1,MATCHED,SHIPPING_PENDING
19262,15377,processing,2024-11-17 22:24:09.000000,,0.0,69.5,1,MATCHED,SHIPPING_PENDING
87161,69762,shipped,2024-03-25 07:35:29.000000,2024-03-26 09:04:29.000000,238.0,238.0,2,MATCHED,NORMAL
31123,24857,returned,2024-08-07 13:45:58.000000,2024-08-08 08:31:58.000000,375.07,375.07,2,MATCHED,NORMAL
82571,66069,cancelled,2023-04-30 14:44:41.000000,,0.0,78.0,1,MATCHED,SHIPPING_PENDING
4711,3735,processing,2023-08-06 03:55:02.000000,,0.0,469.48,3,MATCHED,SHIPPING_PENDING
50388,40275,shipped,2026-04-08 23:18:20.000000,2026-04-10 16:23:20.000000,79.5,79.5,1,MATCHED,NORMAL
22240,17741,shipped,2024-05-30 06:24:47.000000,2024-06-01 01:21:47.000000,79.99,79.99,1,MATCHED,POTENTIAL CUT-OFF RISK
25820,20629,shipped,2020-04-29 05:24:39.000000,2020-04-30 08:54:39.000000,79.99,79.99,1,MATCHED,NORMAL
73422,58728,returned,2025-09-19 12:59:19.000000,2025-09-21 19:11:19.000000,80.99,80.99,1,MATCHED,NORMAL
113905,91192,shipped,2025-11-11 17:31:06.000000,2025-11-11 18:59:06.000000,199.4,199.4,2,MATCHED,NORMAL
39450,31516,complete,2021-03-25 10:23:40.000000,2021-03-27 11:58:40.000000,86.25,86.25,1,MATCHED,NORMAL
7091,5655,complete,2020-07-15 23:48:08.000000,2020-07-16 00:28:08.000000,90.0,90.0,1,MATCHED,NORMAL
58874,47045,processing,2026-03-10 16:23:57.000000,,0.0,288.0,2,MATCHED,SHIPPING_PENDING
103842,83253,complete,2024-12-22 06:20:17.000000,2024-12-25 06:12:17.000000,91.77,91.77,1,MATCHED,NORMAL
61589,49194,processing,2023-05-16 18:44:10.000000,,0.0,92.0,1,MATCHED,SHIPPING_PENDING
63915,51072,shipped,2026-06-14 08:06:08.000000,2026-06-16 04:27:08.000000,92.56,92.56,1,MATCHED,NORMAL
95860,76853,complete,2022-04-04 05:18:30.000000,2022-04-05 01:03:30.000000,95.0,95.0,1,MATCHED,NORMAL
56165,44877,complete,2026-02-16 10:07:22.000000,2026-02-17 09:13:22.000000,97.95,97.95,1,MATCHED,NORMAL
83556,66876,cancelled,2020-01-09 13:30:23.000000,,0.0,98.0,1,MATCHED,SHIPPING_PENDING
50937,40682,complete,2026-03-16 16:04:12.000000,2026-03-19 04:42:12.000000,216.0,216.0,2,MATCHED,NORMAL
114031,91307,cancelled,2026-05-15 06:24:02.000000,,0.0,99.99,1,MATCHED,SHIPPING_PENDING
18568,14791,processing,2025-12-21 00:52:11.000000,,0.0,103.68,1,MATCHED,SHIPPING_PENDING
91158,72974,shipped,2021-05-28 16:14:44.000000,2021-05-31 00:19:44.000000,109.95,109.95,1,MATCHED,NORMAL
36003,28717,cancelled,2023-04-20 02:44:14.000000,,0.0,110.0,1,MATCHED,SHIPPING_PENDING
60770,48522,complete,2026-01-07 19:55:26.000000,2026-01-09 01:35:26.000000,110.0,110.0,1,MATCHED,NORMAL
28125,22479,processing,2025-02-08 09:08:17.000000,,0.0,119.95,1,MATCHED,SHIPPING_PENDING
123088,98561,shipped,2023-12-06 02:25:28.000000,2023-12-06 08:37:28.000000,119.99,119.99,1,MATCHED,NORMAL
105720,84737,complete,2023-11-20 07:56:44.000000,2023-11-21 22:25:44.000000,129.99,129.99,1,MATCHED,NORMAL
28512,22790,cancelled,2025-01-13 02:33:26.000000,,0.0,297.0,2,MATCHED,SHIPPING_PENDING
11759,9338,complete,2025-09-13 06:30:54.000000,2025-09-15 20:04:54.000000,149.0,149.0,1,MATCHED,NORMAL
79225,63323,complete,2026-02-19 23:36:13.000000,2026-02-20 13:20:13.000000,149.0,149.0,1,MATCHED,NORMAL
115692,92612,cancelled,2026-05-26 19:10:09.000000,,0.0,150.0,1,MATCHED,SHIPPING_PENDING
39786,31776,processing,2021-09-19 15:19:42.000000,,0.0,156.87,1,MATCHED,SHIPPING_PENDING
48087,38421,processing,2020-06-19 09:55:52.000000,,0.0,162.0,1,MATCHED,SHIPPING_PENDING
58506,46749,shipped,2024-09-27 15:05:17.000000,2024-09-28 21:00:17.000000,169.99,169.99,1,MATCHED,NORMAL
486,392,shipped,2026-04-15 21:30:00.000000,2026-04-18 19:20:00.000000,170.98,170.98,1,MATCHED,NORMAL
110177,88253,complete,2025-03-27 23:33:51.000000,2025-03-28 23:12:51.000000,171.0,171.0,1,MATCHED,NORMAL
18449,14684,processing,2025-03-31 13:46:29.000000,,0.0,171.95,1,MATCHED,SHIPPING_PENDING
113266,90677,complete,2022-08-20 06:21:49.000000,2022-08-23 03:17:49.000000,178.0,178.0,1,MATCHED,NORMAL
19377,15467,returned,2025-08-23 19:41:57.000000,2025-08-25 10:00:57.000000,178.0,178.0,1,MATCHED,NORMAL
101999,81771,shipped,2026-03-19 20:38:16.000000,2026-03-20 20:13:16.000000,199.0,199.0,1,MATCHED,NORMAL
29886,23878,processing,2025-11-20 00:31:58.000000,,0.0,206.0,1,MATCHED,SHIPPING_PENDING
69657,55707,complete,2020-06-30 18:39:12.000000,2020-07-03 15:48:12.000000,220.0,220.0,1,MATCHED,POTENTIAL CUT-OFF RISK
62557,49984,processing,2025-07-07 03:36:46.000000,,0.0,220.0,1,MATCHED,SHIPPING_PENDING
109837,87995,shipped,2023-07-20 03:21:17.000000,2023-07-23 00:21:17.000000,280.0,280.0,1,MATCHED,NORMAL
84851,67887,processing,2026-06-15 02:27:44.840796,,0.0,299.0,1,MATCHED,SHIPPING_PENDING
117798,94321,complete,2020-09-06 17:59:24.000000,2020-09-06 20:22:24.000000,345.0,345.0,1,MATCHED,NORMAL
-14,28098,shipped,2026-06-16 14:28:00.000000,2026-06-18 08:28:00.000000,33.0,33.0,1,MATCHED,NORMAL
-17,85452,"complete,shipped",2026-06-16 14:39:00.000000,2026-06-18 00:39:00.000000,340.0,340.0,3,MATCHED,NORMAL
-71,47178,returned,2026-06-16 16:39:00.000000,2026-06-18 15:39:00.000000,90.0,90.0,1,MATCHED,NORMAL
-82,31731,complete,2026-06-16 14:45:00.000000,2026-06-18 12:45:00.000000,248.0,248.0,2,MATCHED,NORMAL
-105,62537,complete,2026-06-16 14:37:00.000000,2026-06-18 09:37:00.000000,91.0,91.0,3,MATCHED,NORMAL
-128,4495,complete,2026-06-16 13:26:00.000000,2026-06-18 07:26:00.000000,272.0,272.0,3,MATCHED,NORMAL
-153,63618,complete,2026-06-16 17:15:00.000000,2026-06-18 03:15:00.000000,146.0,146.0,1,MATCHED,NORMAL
-158,66373,"complete,shipped",2026-06-16 14:19:00.000000,2026-06-18 10:19:00.000000,174.0,174.0,2,MATCHED,NORMAL
-217,78529,complete,2026-06-16 15:53:00.000000,2026-06-18 08:53:00.000000,204.0,204.0,2,MATCHED,NORMAL
-223,2076,complete,2026-06-16 16:37:00.000000,2026-06-18 15:37:00.000000,277.0,277.0,3,MATCHED,NORMAL
-229,59296,complete,2026-06-16 12:12:00.000000,2026-06-18 06:12:00.000000,162.0,162.0,1,MATCHED,NORMAL
88327,70658,complete,2022-04-06 20:55:06.000000,2022-04-07 14:10:06.000000,2.95,2.95,1,MATCHED,NORMAL
64795,51765,complete,2022-07-06 09:05:51.000000,2022-07-08 12:48:51.000000,433.69,433.69,4,MATCHED,NORMAL
88688,70964,complete,2023-03-13 18:25:01.000000,2023-03-15 23:42:01.000000,83.29,83.29,3,MATCHED,NORMAL
119855,95934,shipped,2024-01-07 22:08:55.000000,2024-01-08 15:31:55.000000,292.67,292.67,4,MATCHED,NORMAL
20601,16476,processing,2026-03-08 23:50:45.000000,,0.0,283.95,4,MATCHED,SHIPPING_PENDING
16446,13104,complete,2026-05-25 16:33:43.000000,2026-05-26 10:31:43.000000,107.89,107.89,3,MATCHED,NORMAL
98951,79340,shipped,2022-10-06 04:12:44.000000,2022-10-07 07:15:44.000000,6.99,6.99,1,MATCHED,NORMAL
113480,90842,shipped,2024-10-08 00:08:04.000000,2024-10-09 10:13:04.000000,6.99,6.99,1,MATCHED,NORMAL
36589,29208,complete,2026-02-17 20:50:51.000000,2026-02-20 13:22:51.000000,147.5,147.5,3,MATCHED,NORMAL
72180,57719,complete,2026-06-16 08:32:43.348979,2026-06-17 17:55:43.348979,171.66,171.66,3,MATCHED,NORMAL
52809,42141,shipped,2024-02-23 17:24:16.000000,2024-02-25 18:40:16.000000,7.0,7.0,1,MATCHED,NORMAL
69415,55518,processing,2025-07-26 08:14:05.000000,,0.0,23.67,2,MATCHED,SHIPPING_PENDING
115020,92091,cancelled,2026-05-22 06:31:16.000000,,0.0,7.9,1,MATCHED,SHIPPING_PENDING
56497,45133,complete,2023-07-16 04:17:21.000000,2023-07-16 08:40:21.000000,7.99,7.99,1,MATCHED,NORMAL
40659,32461,shipped,2023-01-19 15:04:57.000000,2023-01-22 08:15:57.000000,22.98,22.98,2,MATCHED,NORMAL
26161,20899,processing,2026-03-12 20:34:09.000000,,0.0,137.99,2,MATCHED,SHIPPING_PENDING
60131,48015,processing,2025-10-11 02:18:06.000000,,0.0,76.73,4,MATCHED,SHIPPING_PENDING
3887,3081,complete,2021-03-18 15:38:16.000000,2021-03-21 12:29:16.000000,41.6,41.6,2,MATCHED,NORMAL
56471,45119,shipped,2019-10-02 16:46:05.000000,2019-10-04 22:51:05.000000,122.59,122.59,4,MATCHED,NORMAL
17684,14070,processing,2025-06-15 03:03:38.000000,,0.0,248.42,4,MATCHED,SHIPPING_PENDING
101016,80984,shipped,2020-10-12 07:23:18.000000,2020-10-12 13:51:18.000000,59.04,59.04,2,MATCHED,NORMAL
104746,83960,cancelled,2020-04-28 08:30:54.000000,,0.0,9.12,1,MATCHED,SHIPPING_PENDING
14222,11336,processing,2023-09-02 02:28:25.000000,,0.0,9.12,1,MATCHED,SHIPPING_PENDING
56441,45098,complete,2024-08-17 18:02:03.000000,2024-08-19 22:17:03.000000,171.57,171.57,4,MATCHED,NORMAL
81577,65288,complete,2023-03-17 07:09:34.000000,2023-03-19 19:55:34.000000,85.39,85.39,3,MATCHED,NORMAL
32399,25872,shipped,2025-11-03 08:53:38.000000,2025-11-05 02:23:38.000000,284.73,284.73,4,MATCHED,NORMAL
55076,43998,shipped,2025-09-11 03:41:44.000000,2025-09-13 17:57:44.000000,162.18,162.18,4,MATCHED,NORMAL
81933,65567,processing,2026-04-26 04:34:27.000000,,0.0,283.97,4,MATCHED,SHIPPING_PENDING
70040,56019,cancelled,2023-12-27 11:23:08.000000,,0.0,10.0,1,MATCHED,SHIPPING_PENDING
45975,36714,complete,2022-03-29 07:03:28.000000,2022-03-29 09:26:28.000000,80.84,80.84,4,MATCHED,NORMAL
119897,95975,complete,2024-01-17 21:00:34.000000,2024-01-17 22:33:34.000000,502.94,502.94,4,MATCHED,NORMAL
5540,4378,shipped,2026-04-27 17:41:08.000000,2026-04-28 16:12:08.000000,126.12,126.12,4,MATCHED,NORMAL
43446,34667,complete,2025-01-24 23:14:31.000000,2025-01-25 03:03:31.000000,200.53,200.53,4,MATCHED,NORMAL
24451,19525,processing,2023-10-14 03:26:41.000000,,0.0,85.66,4,MATCHED,SHIPPING_PENDING
94888,76065,shipped,2021-04-05 14:18:12.000000,2021-04-07 16:04:12.000000,63.77,63.77,4,MATCHED,NORMAL
8183,6535,processing,2023-10-10 20:11:51.000000,,0.0,166.84,4,MATCHED,SHIPPING_PENDING
50944,40687,processing,2024-09-10 09:12:50.000000,,0.0,66.01,2,MATCHED,SHIPPING_PENDING
60875,48606,shipped,2025-07-27 04:36:34.000000,2025-07-28 04:11:34.000000,448.03,448.03,4,MATCHED,NORMAL
88137,70512,returned,2023-07-14 00:39:32.000000,2023-07-16 23:14:32.000000,375.98,375.98,4,MATCHED,NORMAL
117593,94168,returned,2026-02-01 10:29:12.000000,2026-02-02 08:25:12.000000,60.28,60.28,2,MATCHED,NORMAL
66641,53287,complete,2022-03-03 05:35:15.000000,2022-03-05 03:11:15.000000,97.63,97.63,4,MATCHED,NORMAL
121319,97107,cancelled,2025-09-23 04:04:26.000000,,0.0,23.93,2,MATCHED,SHIPPING_PENDING
48285,38575,complete,2024-01-13 05:06:47.000000,2024-01-13 05:59:47.000000,42.95,42.95,2,MATCHED,NORMAL
122023,97698,shipped,2025-09-24 14:54:29.000000,2025-09-26 10:11:29.000000,265.84,265.84,3,MATCHED,NORMAL
54152,43258,cancelled,2022-06-25 23:06:04.000000,,0.0,11.99,1,MATCHED,SHIPPING_PENDING
79920,63879,complete,2026-05-16 21:06:45.000000,2026-05-19 14:43:45.000000,11.99,11.99,1,MATCHED,NORMAL
14596,11652,complete,2023-04-19 23:38:48.000000,2023-04-22 05:49:48.000000,12.0,12.0,1,MATCHED,NORMAL
83458,66792,processing,2024-06-19 11:51:17.000000,,0.0,12.0,1,MATCHED,SHIPPING_PENDING
58961,47103,shipped,2021-09-20 20:03:01.000000,2021-09-21 02:22:01.000000,54.0,54.0,2,MATCHED,NORMAL
55608,44417,processing,2022-12-05 07:32:41.000000,,0.0,45.96,3,MATCHED,SHIPPING_PENDING
18743,14937,cancelled,2021-11-25 04:58:09.000000,,0.0,89.36,3,MATCHED,SHIPPING_PENDING
61811,49366,processing,2024-05-21 09:19:21.000000,,0.0,37.99,2,MATCHED,SHIPPING_PENDING
40868,32612,processing,2022-07-30 09:30:30.000000,,0.0,143.64,3,MATCHED,SHIPPING_PENDING
60176,48056,shipped,2025-08-01 01:29:18.000000,2025-08-04 01:15:18.000000,71.49,71.49,4,MATCHED,NORMAL
91178,72991,complete,2019-11-24 15:43:45.000000,2019-11-24 17:18:45.000000,38.39,38.39,2,MATCHED,NORMAL
70018,56003,processing,2025-11-29 06:34:00.000000,,0.0,306.95,4,MATCHED,SHIPPING_PENDING
45808,36570,shipped,2026-01-28 07:23:24.000000,2026-01-30 18:52:24.000000,258.23,258.23,4,MATCHED,NORMAL
72146,57687,processing,2020-02-13 18:39:16.000000,,0.0,48.92,2,MATCHED,SHIPPING_PENDING
69600,55658,processing,2026-04-26 10:57:59.000000,,0.0,57.5,2,MATCHED,SHIPPING_PENDING
68287,54652,returned,2021-06-10 09:04:06.000000,2021-06-11 12:44:06.000000,13.99,13.99,1,MATCHED,NORMAL
33150,26452,complete,2024-08-16 21:54:56.000000,2024-08-17 01:15:56.000000,14.0,14.0,1,MATCHED,NORMAL
42649,34029,shipped,2025-01-05 09:45:04.000000,2025-01-06 15:20:04.000000,161.0,161.0,3,MATCHED,NORMAL
4862,3841,shipped,2026-04-11 04:16:04.000000,2026-04-13 07:52:04.000000,112.15,112.15,4,MATCHED,NORMAL
60283,48143,complete,2022-12-24 08:16:33.000000,2022-12-26 20:08:33.000000,144.38,144.38,2,MATCHED,NORMAL
96052,76993,complete,2022-03-16 20:30:07.000000,2022-03-19 06:27:07.000000,202.65,202.65,4,MATCHED,NORMAL
72012,57592,complete,2025-08-13 13:24:56.000000,2025-08-15 00:40:56.000000,14.9,14.9,1,MATCHED,NORMAL
102094,81839,cancelled,2024-11-04 13:06:51.000000,,0.0,83.99,2,MATCHED,SHIPPING_PENDING
21951,17514,complete,2026-05-24 02:31:54.000000,2026-05-26 12:17:54.000000,134.14,134.14,4,MATCHED,NORMAL
48764,38923,complete,2026-02-18 09:55:09.000000,2026-02-18 23:23:09.000000,14.99,14.99,1,MATCHED,NORMAL
44306,35345,processing,2023-07-26 17:39:05.000000,,0.0,14.99,1,MATCHED,SHIPPING_PENDING
110981,88888,processing,2023-08-02 00:34:20.000000,,0.0,205.64,4,MATCHED,SHIPPING_PENDING
28414,22711,cancelled,2024-11-24 16:42:14.000000,,0.0,131.99,4,MATCHED,SHIPPING_PENDING
68450,54777,complete,2023-07-03 06:24:51.000000,2023-07-04 12:05:51.000000,136.0,136.0,2,MATCHED,NORMAL
124135,99410,shipped,2024-12-08 21:48:03.000000,2024-12-11 04:11:03.000000,47.89,47.89,2,MATCHED,NORMAL
78442,62708,shipped,2025-05-20 05:42:07.000000,2025-05-21 20:37:07.000000,57.1,57.1,2,MATCHED,NORMAL
104970,84124,shipped,2025-01-04 08:45:02.000000,2025-01-05 04:26:02.000000,36.9,36.9,2,MATCHED,NORMAL
61965,49496,cancelled,2025-03-18 12:17:40.000000,,0.0,105.94,4,MATCHED,SHIPPING_PENDING
81161,64925,complete,2024-10-01 09:24:30.000000,2024-10-02 08:16:30.000000,279.7,279.7,4,MATCHED,NORMAL
30606,24433,complete,2020-08-13 21:27:57.000000,2020-08-15 12:48:57.000000,125.44,125.44,3,MATCHED,NORMAL
120979,96853,complete,2025-04-29 04:49:53.000000,2025-05-02 04:22:53.000000,114.0,114.0,2,MATCHED,POTENTIAL CUT-OFF RISK
102392,82088,returned,2023-08-19 09:19:28.000000,2023-08-21 18:12:28.000000,252.0,252.0,3,MATCHED,NORMAL
6328,5018,shipped,2022-12-13 20:21:03.000000,2022-12-16 02:08:03.000000,41.0,41.0,2,MATCHED,NORMAL
123619,98995,shipped,2025-03-10 19:27:45.000000,2025-03-13 13:11:45.000000,106.89,106.89,4,MATCHED,NORMAL
62508,49938,cancelled,2025-12-28 20:17:31.000000,,0.0,100.48,3,MATCHED,SHIPPING_PENDING
15138,12076,processing,2022-08-03 07:05:12.000000,,0.0,130.72,4,MATCHED,SHIPPING_PENDING
37025,29559,processing,2019-12-01 17:54:25.000000,,0.0,63.49,3,MATCHED,SHIPPING_PENDING
62379,49824,shipped,2025-03-22 04:30:06.000000,2025-03-23 03:10:06.000000,16.99,16.99,1,MATCHED,NORMAL
1813,1458,cancelled,2026-05-22 07:47:38.000000,,0.0,62.04,2,MATCHED,SHIPPING_PENDING
45424,36263,complete,2025-06-12 17:54:19.000000,2025-06-15 10:11:19.000000,17.05,17.05,1,MATCHED,NORMAL
65068,51977,complete,2025-07-03 11:11:31.000000,2025-07-03 14:55:31.000000,40.5,40.5,2,MATCHED,NORMAL
30987,24745,shipped,2023-06-19 18:58:41.000000,2023-06-22 17:58:41.000000,134.5,134.5,4,MATCHED,NORMAL
48042,38380,processing,2026-05-15 08:48:04.000000,,0.0,89.61,4,MATCHED,SHIPPING_PENDING
91039,72874,processing,2025-09-16 08:11:52.000000,,0.0,171.85,2,MATCHED,SHIPPING_PENDING
23631,18882,shipped,2022-06-19 01:35:19.000000,2022-06-20 06:13:19.000000,167.85,167.85,2,MATCHED,NORMAL
65512,52325,shipped,2026-04-19 00:11:18.000000,2026-04-20 22:02:18.000000,267.9,267.9,2,MATCHED,NORMAL
18165,14476,shipped,2026-01-13 22:44:25.000000,2026-01-15 10:28:25.000000,100.32,100.32,3,MATCHED,NORMAL
38737,30945,complete,2024-01-30 09:27:33.000000,2024-01-31 20:19:33.000000,85.99,85.99,2,MATCHED,NORMAL
58398,46665,cancelled,2023-09-12 02:52:04.000000,,0.0,107.14,3,MATCHED,SHIPPING_PENDING
95558,76600,complete,2025-06-04 00:28:40.000000,2025-06-06 11:14:40.000000,83.99,83.99,3,MATCHED,NORMAL
68442,54769,shipped,2026-03-18 15:42:00.000000,2026-03-21 05:29:00.000000,83.0,83.0,2,MATCHED,NORMAL
69202,55354,shipped,2025-07-03 19:44:35.000000,2025-07-05 05:53:35.000000,18.95,18.95,1,MATCHED,NORMAL
61643,49240,cancelled,2025-02-03 16:31:22.000000,,0.0,109.77,4,MATCHED,SHIPPING_PENDING
89437,71579,shipped,2022-03-15 03:24:51.000000,2022-03-15 12:41:51.000000,93.5,93.5,2,MATCHED,NORMAL
106615,85454,processing,2025-10-26 05:50:29.000000,,0.0,84.87,3,MATCHED,SHIPPING_PENDING
118006,94475,complete,2025-05-21 05:54:14.000000,2025-05-23 11:13:14.000000,173.64,173.64,4,MATCHED,NORMAL
5115,4049,shipped,2026-05-30 05:48:53.000000,2026-06-01 09:38:53.000000,120.94,120.94,2,MATCHED,POTENTIAL CUT-OFF RISK
82390,65927,processing,2023-09-18 17:43:12.000000,,0.0,203.96,3,MATCHED,SHIPPING_PENDING
117869,94377,shipped,2025-09-04 06:23:30.000000,2025-09-06 12:35:30.000000,546.85,546.85,4,MATCHED,NORMAL
98650,79095,cancelled,2025-12-03 14:41:39.000000,,0.0,161.17,4,MATCHED,SHIPPING_PENDING
114969,92058,cancelled,2021-03-15 16:50:09.000000,,0.0,203.52,4,MATCHED,SHIPPING_PENDING
73530,58817,complete,2026-03-26 09:16:19.000000,2026-03-29 05:13:19.000000,51.99,51.99,2,MATCHED,NORMAL
89560,71670,complete,2024-11-27 14:54:19.000000,2024-11-28 01:27:19.000000,129.17,129.17,3,MATCHED,NORMAL
105458,84531,complete,2025-06-13 13:52:35.000000,2025-06-13 15:38:35.000000,19.99,19.99,1,MATCHED,NORMAL
40759,32532,processing,2024-09-23 05:50:55.000000,,0.0,86.96,3,MATCHED,SHIPPING_PENDING
81560,65272,processing,2024-05-26 07:49:35.000000,,0.0,357.99,3,MATCHED,SHIPPING_PENDING
97094,77822,processing,2023-05-25 14:51:13.000000,,0.0,254.93,4,MATCHED,SHIPPING_PENDING
116333,93145,returned,2026-03-28 08:56:02.000000,2026-03-30 18:35:02.000000,54.89,54.89,2,MATCHED,NORMAL
47417,37884,shipped,2022-11-06 06:48:48.000000,2022-11-08 10:01:48.000000,131.98,131.98,4,MATCHED,NORMAL
124276,99524,cancelled,2024-11-18 12:21:53.000000,,0.0,302.45,4,MATCHED,SHIPPING_PENDING
2728,2170,processing,2024-08-25 09:27:36.000000,,0.0,45.0,2,MATCHED,SHIPPING_PENDING
36463,29096,returned,2025-11-03 05:36:28.000000,2025-11-03 14:54:28.000000,20.0,20.0,1,MATCHED,NORMAL
84049,67270,complete,2024-08-03 22:27:41.000000,2024-08-04 21:25:41.000000,122.32,122.32,3,MATCHED,NORMAL
17674,14064,shipped,2023-11-05 12:03:54.000000,2023-11-05 23:58:54.000000,45.39,45.39,2,MATCHED,NORMAL
39699,31702,processing,2026-02-12 16:02:06.000000,,0.0,195.33,4,MATCHED,SHIPPING_PENDING
34647,27670,processing,2024-09-16 20:48:45.000000,,0.0,21.9,1,MATCHED,SHIPPING_PENDING
55542,44367,complete,2021-12-10 00:55:54.000000,2021-12-12 16:18:54.000000,21.95,21.95,1,MATCHED,NORMAL
98057,78622,cancelled,2025-09-14 13:30:09.000000,,0.0,161.39,4,MATCHED,SHIPPING_PENDING
81977,65599,complete,2023-09-02 03:45:39.000000,2023-09-02 12:03:39.000000,96.98,96.98,3,MATCHED,NORMAL
42165,33631,returned,2025-11-17 00:06:02.000000,2025-11-19 13:50:02.000000,21.99,21.99,1,MATCHED,NORMAL
116069,92934,cancelled,2025-10-22 03:34:14.000000,,0.0,106.0,2,MATCHED,SHIPPING_PENDING
59040,47178,returned,2024-02-14 09:48:32.000000,2024-02-14 22:37:32.000000,22.5,22.5,1,MATCHED,NORMAL
91476,73243,cancelled,2025-08-27 21:25:29.000000,,0.0,22.88,1,MATCHED,SHIPPING_PENDING
99994,80222,cancelled,2026-01-11 18:17:21.000000,,0.0,140.97,3,MATCHED,SHIPPING_PENDING
82668,66138,processing,2025-05-01 16:26:12.000000,,0.0,22.99,1,MATCHED,SHIPPING_PENDING
57401,45900,shipped,2024-07-09 21:48:22.000000,2024-07-10 16:34:22.000000,22.99,22.99,1,MATCHED,NORMAL
24830,19839,shipped,2020-11-13 00:39:12.000000,2020-11-15 12:02:12.000000,23.7,23.7,1,MATCHED,NORMAL
18068,14394,cancelled,2026-06-03 03:55:05.000000,,0.0,63.99,2,MATCHED,SHIPPING_PENDING
103473,82969,processing,2026-03-07 18:04:10.000000,,0.0,24.0,1,MATCHED,SHIPPING_PENDING
107965,86498,processing,2024-03-25 00:52:17.000000,,0.0,212.56,3,MATCHED,SHIPPING_PENDING
14089,11218,shipped,2025-11-24 22:43:09.000000,2025-11-26 03:17:09.000000,53.99,53.99,2,MATCHED,NORMAL
23229,18561,shipped,2026-05-24 10:06:36.000000,2026-05-24 15:39:36.000000,24.0,24.0,1,MATCHED,NORMAL
74783,59791,shipped,2021-03-05 01:52:30.000000,2021-03-05 06:10:30.000000,111.5,111.5,3,MATCHED,NORMAL
62426,49861,cancelled,2026-02-26 14:02:29.000000,,0.0,93.5,2,MATCHED,SHIPPING_PENDING
123012,98494,complete,2025-05-21 06:20:21.000000,2025-05-22 08:33:21.000000,160.9,160.9,4,MATCHED,NORMAL
6553,5204,returned,2025-06-25 15:33:28.000000,2025-06-28 14:36:28.000000,78.95,78.95,2,MATCHED,NORMAL
99464,79773,complete,2025-02-12 22:30:55.000000,2025-02-14 21:51:55.000000,108.39,108.39,2,MATCHED,NORMAL
69772,55797,processing,2025-10-07 05:27:46.000000,,0.0,234.98,2,MATCHED,SHIPPING_PENDING
48522,38749,returned,2024-12-20 20:43:06.000000,2024-12-21 17:43:06.000000,24.99,24.99,1,MATCHED,NORMAL
79598,63621,cancelled,2020-01-15 18:12:23.000000,,0.0,64.5,2,MATCHED,SHIPPING_PENDING
83091,66496,cancelled,2026-02-18 00:59:57.000000,,0.0,25.0,1,MATCHED,SHIPPING_PENDING
110469,88470,cancelled,2021-03-05 15:35:51.000000,,0.0,25.0,1,MATCHED,SHIPPING_PENDING
119265,95455,cancelled,2026-04-15 00:07:15.000000,,0.0,103.0,2,MATCHED,SHIPPING_PENDING
1153,918,complete,2022-06-16 23:32:26.000000,2022-06-18 08:45:26.000000,99.5,99.5,3,MATCHED,NORMAL
5001,3956,complete,2025-07-11 22:10:17.000000,2025-07-12 12:05:17.000000,235.98,235.98,3,MATCHED,NORMAL
68463,54791,complete,2025-12-20 17:34:24.000000,2025-12-23 06:51:24.000000,144.0,144.0,2,MATCHED,NORMAL
93188,74662,complete,2025-08-28 04:04:59.000000,2025-08-28 14:31:59.000000,213.0,213.0,2,MATCHED,NORMAL
101405,81310,complete,2023-06-29 10:05:49.000000,2023-06-29 19:23:49.000000,25.0,25.0,1,MATCHED,NORMAL
18892,15070,processing,2025-04-04 15:41:38.000000,,0.0,182.98,3,MATCHED,SHIPPING_PENDING
19963,15941,processing,2025-08-25 07:51:34.000000,,0.0,25.0,1,MATCHED,SHIPPING_PENDING
59252,47352,processing,2025-02-11 06:57:19.000000,,0.0,231.0,3,MATCHED,SHIPPING_PENDING
57961,46319,returned,2025-11-06 09:15:21.000000,2025-11-08 05:44:21.000000,164.99,164.99,2,MATCHED,NORMAL
7628,6109,shipped,2024-02-04 16:45:22.000000,2024-02-06 18:43:22.000000,25.0,25.0,1,MATCHED,NORMAL
66318,53017,shipped,2024-04-05 05:24:34.000000,2024-04-07 09:47:34.000000,114.5,114.5,2,MATCHED,NORMAL
77272,61771,shipped,2025-11-09 13:57:20.000000,2025-11-12 07:53:20.000000,25.0,25.0,1,MATCHED,NORMAL
104773,83987,shipped,2026-02-03 02:41:54.000000,2026-02-03 08:38:54.000000,82.19,82.19,2,MATCHED,NORMAL
105021,84168,shipped,2026-02-26 12:04:31.000000,2026-02-28 16:41:31.000000,25.0,25.0,1,MATCHED,NORMAL
109637,87830,shipped,2022-06-24 10:44:34.000000,2022-06-26 03:11:34.000000,25.0,25.0,1,MATCHED,NORMAL
123622,98995,shipped,2025-02-04 10:56:06.000000,2025-02-04 19:38:06.000000,25.2,25.2,1,MATCHED,NORMAL
3441,2734,shipped,2026-05-18 07:55:18.000000,2026-05-18 19:35:18.000000,193.93,193.93,3,MATCHED,NORMAL
41417,33044,processing,2025-11-01 16:42:39.000000,,0.0,25.52,1,MATCHED,SHIPPING_PENDING
14644,11691,complete,2024-05-21 21:03:04.000000,2024-05-24 02:27:04.000000,63.99,63.99,2,MATCHED,NORMAL
49644,39629,complete,2024-04-17 13:51:16.000000,2024-04-19 22:27:16.000000,26.0,26.0,1,MATCHED,NORMAL
124626,99777,complete,2026-01-31 16:42:36.000000,2026-02-01 07:49:36.000000,26.0,26.0,1,MATCHED,POTENTIAL CUT-OFF RISK
111516,89321,returned,2025-08-05 23:51:24.000000,2025-08-06 20:44:24.000000,26.0,26.0,1,MATCHED,NORMAL
18003,14342,complete,2025-09-20 14:36:41.000000,2025-09-22 20:05:41.000000,86.42,86.42,2,MATCHED,NORMAL
118576,94924,processing,2024-05-12 14:03:05.000000,,0.0,26.9,1,MATCHED,SHIPPING_PENDING
72225,57757,complete,2024-11-26 15:43:03.000000,2024-11-27 14:38:03.000000,26.99,26.99,1,MATCHED,NORMAL
75408,60310,complete,2025-07-22 18:01:30.000000,2025-07-25 00:18:30.000000,26.99,26.99,1,MATCHED,NORMAL
40852,32601,complete,2025-04-10 13:30:59.000000,2025-04-11 19:14:59.000000,291.48,291.48,4,MATCHED,NORMAL
69787,55806,complete,2025-11-07 07:08:17.000000,2025-11-09 21:10:17.000000,97.9,97.9,2,MATCHED,NORMAL
20168,16112,cancelled,2026-01-23 03:24:32.000000,,0.0,27.98,1,MATCHED,SHIPPING_PENDING
123990,99285,complete,2026-06-03 01:58:39.000000,2026-06-05 20:06:39.000000,28.0,28.0,1,MATCHED,NORMAL
72191,57726,processing,2023-07-19 11:43:48.000000,,0.0,173.82,2,MATCHED,SHIPPING_PENDING
118846,95134,cancelled,2024-07-12 15:39:17.000000,,0.0,158.86,3,MATCHED,SHIPPING_PENDING
97793,78392,complete,2024-12-09 22:48:25.000000,2024-12-10 02:22:25.000000,28.95,28.95,1,MATCHED,NORMAL
29355,23456,cancelled,2026-04-06 08:34:38.000000,,0.0,29.0,1,MATCHED,SHIPPING_PENDING
108123,86621,cancelled,2024-11-25 18:48:32.000000,,0.0,68.45,2,MATCHED,SHIPPING_PENDING
103060,82639,shipped,2023-11-11 10:34:10.000000,2023-11-13 20:48:10.000000,304.45,304.45,3,MATCHED,NORMAL
97528,78179,shipped,2025-06-18 20:37:58.000000,2025-06-19 11:24:58.000000,113.62,113.62,2,MATCHED,NORMAL
103312,82844,processing,2022-11-10 21:41:36.000000,,0.0,88.94,2,MATCHED,SHIPPING_PENDING
86366,69152,complete,2020-04-20 15:48:09.000000,2020-04-23 14:11:09.000000,250.3,250.3,4,MATCHED,NORMAL
89247,71414,complete,2021-06-26 17:59:17.000000,2021-06-29 11:55:17.000000,29.99,29.99,1,MATCHED,NORMAL
14057,11189,processing,2025-01-12 11:25:12.000000,,0.0,250.97,4,MATCHED,SHIPPING_PENDING
54115,43229,processing,2026-04-24 02:18:42.000000,,0.0,29.99,1,MATCHED,SHIPPING_PENDING
121301,97093,processing,2025-12-06 07:56:49.000000,,0.0,29.99,1,MATCHED,SHIPPING_PENDING
120916,96795,shipped,2026-01-25 08:09:09.000000,2026-01-27 08:46:09.000000,29.99,29.99,1,MATCHED,NORMAL
68544,54845,cancelled,2021-04-09 19:48:17.000000,,0.0,187.0,3,MATCHED,SHIPPING_PENDING
121978,97664,complete,2025-11-18 21:17:47.000000,2025-11-20 08:48:47.000000,210.98,210.98,4,MATCHED,NORMAL
25759,20570,processing,2025-11-06 14:34:59.000000,,0.0,30.0,1,MATCHED,SHIPPING_PENDING
17704,14086,returned,2026-02-15 15:52:50.000000,2026-02-18 03:22:50.000000,30.0,30.0,1,MATCHED,NORMAL
83566,66884,processing,2024-10-11 20:06:35.000000,,0.0,30.9,1,MATCHED,SHIPPING_PENDING
36374,29018,cancelled,2023-10-27 19:44:51.000000,,0.0,96.81,2,MATCHED,SHIPPING_PENDING
88422,70740,complete,2025-05-06 15:14:47.000000,2025-05-06 17:23:47.000000,31.81,31.81,1,MATCHED,NORMAL
10546,8391,complete,2025-10-05 06:55:29.000000,2025-10-07 22:33:29.000000,266.9,266.9,2,MATCHED,NORMAL
96018,76970,shipped,2023-08-24 07:25:35.000000,2023-08-25 08:46:35.000000,31.97,31.97,1,MATCHED,NORMAL
96308,77215,processing,2024-06-01 09:37:09.000000,,0.0,146.43,4,MATCHED,SHIPPING_PENDING
4606,3638,complete,2023-03-16 15:37:37.000000,2023-03-17 16:08:37.000000,32.0,32.0,1,MATCHED,NORMAL
9142,7286,complete,2025-12-27 14:31:39.000000,2025-12-28 04:26:39.000000,456.95,456.95,4,MATCHED,NORMAL
91860,73555,processing,2025-07-05 11:07:02.000000,,0.0,338.68,4,MATCHED,SHIPPING_PENDING
75843,60662,complete,2023-07-01 23:28:37.000000,2023-07-03 22:33:37.000000,32.99,32.99,1,MATCHED,NORMAL
46963,37524,processing,2025-09-30 04:26:30.000000,,0.0,32.99,1,MATCHED,SHIPPING_PENDING
58180,46494,returned,2024-08-20 20:46:32.000000,2024-08-22 09:49:32.000000,32.99,32.99,1,MATCHED,NORMAL
123488,98881,shipped,2024-01-13 08:26:05.000000,2024-01-15 17:05:05.000000,77.99,77.99,2,MATCHED,NORMAL
10898,8685,returned,2025-05-25 08:24:23.000000,2025-05-25 23:16:23.000000,33.0,33.0,1,MATCHED,NORMAL
124700,99831,cancelled,2026-01-28 05:19:07.000000,,0.0,97.49,2,MATCHED,SHIPPING_PENDING
18749,14943,cancelled,2026-05-14 07:54:59.000000,,0.0,33.6,1,MATCHED,SHIPPING_PENDING
40139,32046,returned,2026-04-24 04:24:12.000000,2026-04-26 06:20:12.000000,33.95,33.95,1,MATCHED,NORMAL
255,208,cancelled,2023-06-19 14:26:08.000000,,0.0,34.0,1,MATCHED,SHIPPING_PENDING
101408,81310,complete,2026-04-08 05:08:35.000000,2026-04-10 09:21:35.000000,273.9,273.9,3,MATCHED,NORMAL
5431,4298,processing,2025-10-14 11:17:01.000000,,0.0,149.95,2,MATCHED,SHIPPING_PENDING
98701,79130,shipped,2023-09-04 22:34:40.000000,2023-09-06 01:00:40.000000,95.25,95.25,2,MATCHED,NORMAL
642,530,complete,2025-06-19 10:37:48.000000,2025-06-20 18:51:48.000000,34.99,34.99,1,MATCHED,NORMAL
29839,23838,processing,2026-04-04 17:49:04.000000,,0.0,237.11,3,MATCHED,SHIPPING_PENDING
72814,58243,returned,2026-06-13 06:02:42.441359,2026-06-14 08:29:42.441359,452.99,452.99,3,MATCHED,NORMAL
78685,62893,shipped,2026-05-17 21:03:35.000000,2026-05-20 01:43:35.000000,88.99,88.99,2,MATCHED,NORMAL
15106,12053,complete,2025-07-20 17:47:07.000000,2025-07-22 20:22:07.000000,35.0,35.0,1,MATCHED,NORMAL
44602,35570,complete,2022-05-22 08:07:56.000000,2022-05-22 20:04:56.000000,75.0,75.0,2,MATCHED,NORMAL
120694,96609,complete,2025-10-27 10:13:06.000000,2025-10-27 18:42:06.000000,230.0,230.0,2,MATCHED,NORMAL
21173,16936,processing,2025-08-13 22:17:05.000000,,0.0,35.0,1,MATCHED,SHIPPING_PENDING
84769,67823,processing,2024-04-29 17:48:55.000000,,0.0,104.99,2,MATCHED,SHIPPING_PENDING
45469,36296,shipped,2026-01-20 21:45:28.000000,2026-01-21 03:19:28.000000,263.5,263.5,4,MATCHED,NORMAL
7887,6309,processing,2026-01-11 08:41:13.000000,,0.0,115.67,2,MATCHED,SHIPPING_PENDING
100312,80455,complete,2025-08-01 09:29:10.000000,2025-08-01 22:47:10.000000,36.0,36.0,1,MATCHED,NORMAL
87422,69964,processing,2024-07-18 23:32:51.000000,,0.0,36.0,1,MATCHED,SHIPPING_PENDING
113771,91081,shipped,2023-04-26 19:01:56.000000,2023-04-26 21:24:56.000000,224.59,224.59,2,MATCHED,NORMAL
8015,6407,cancelled,2025-10-11 02:10:46.000000,,0.0,101.17,2,MATCHED,SHIPPING_PENDING
91818,73520,cancelled,2026-06-15 17:22:36.900817,,0.0,102.99,2,MATCHED,SHIPPING_PENDING
122428,98028,cancelled,2025-11-01 21:26:13.000000,,0.0,86.99,2,MATCHED,SHIPPING_PENDING
38980,31146,shipped,2026-02-18 19:00:54.000000,2026-02-19 01:51:54.000000,143.6,143.6,2,MATCHED,NORMAL
3600,2870,complete,2023-05-25 09:41:31.000000,2023-05-27 01:27:31.000000,80.99,80.99,2,MATCHED,NORMAL
48112,38441,complete,2022-02-27 23:07:59.000000,2022-02-28 11:55:59.000000,39.45,39.45,1,MATCHED,NORMAL
115334,92329,returned,2023-03-25 03:18:01.000000,2023-03-26 07:05:01.000000,138.5,138.5,2,MATCHED,NORMAL
112118,89786,complete,2022-04-16 07:38:20.000000,2022-04-18 01:20:20.000000,109.93,109.93,2,MATCHED,NORMAL
83067,66475,complete,2026-06-14 10:10:50.000000,2026-06-15 20:43:50.000000,123.99,123.99,2,MATCHED,NORMAL
15219,12136,processing,2026-05-14 23:31:30.000000,,0.0,91.99,2,MATCHED,SHIPPING_PENDING
82941,66361,shipped,2022-04-28 23:49:52.000000,2022-04-29 05:58:52.000000,238.99,238.99,2,MATCHED,NORMAL
54862,43826,processing,2024-06-01 03:38:42.000000,,0.0,276.0,3,MATCHED,SHIPPING_PENDING
40989,32707,shipped,2026-05-31 12:50:35.000000,2026-06-02 02:33:35.000000,219.49,219.49,3,MATCHED,POTENTIAL CUT-OFF RISK
68078,54487,processing,2025-10-08 14:13:07.000000,,0.0,42.0,1,MATCHED,SHIPPING_PENDING
114023,91301,shipped,2025-11-19 22:01:50.000000,2025-11-20 10:12:50.000000,131.41,131.41,2,MATCHED,NORMAL
22775,18191,cancelled,2023-02-26 21:37:20.000000,,0.0,44.0,1,MATCHED,SHIPPING_PENDING
119486,95620,complete,2024-11-29 18:00:14.000000,2024-12-01 04:25:14.000000,203.0,203.0,2,MATCHED,POTENTIAL CUT-OFF RISK
31034,24785,shipped,2021-02-21 07:13:23.000000,2021-02-22 12:07:23.000000,95.0,95.0,2,MATCHED,NORMAL
40624,32438,complete,2024-06-29 01:37:28.000000,2024-07-02 00:11:28.000000,195.36,195.36,3,MATCHED,POTENTIAL CUT-OFF RISK
3849,3050,complete,2024-08-28 04:53:06.000000,2024-08-28 15:34:06.000000,113.92,113.92,2,MATCHED,NORMAL
107499,86144,cancelled,2023-02-11 23:18:42.000000,,0.0,102.4,2,MATCHED,SHIPPING_PENDING
78426,62697,complete,2025-10-01 16:34:39.000000,2025-10-04 13:21:39.000000,152.4,152.4,3,MATCHED,NORMAL
53266,42529,complete,2024-11-24 20:51:26.000000,2024-11-25 12:48:26.000000,44.99,44.99,1,MATCHED,NORMAL
92356,73940,shipped,2026-03-15 19:10:50.000000,2026-03-15 20:23:50.000000,386.19,386.19,4,MATCHED,NORMAL
4807,3801,cancelled,2024-04-26 18:24:39.000000,,0.0,45.0,1,MATCHED,SHIPPING_PENDING
833,670,returned,2025-02-07 18:38:25.000000,2025-02-09 05:38:25.000000,250.48,250.48,4,MATCHED,NORMAL
95600,76632,shipped,2025-04-10 07:33:18.000000,2025-04-10 08:22:18.000000,45.42,45.42,1,MATCHED,NORMAL
16621,13239,cancelled,2020-04-01 01:04:54.000000,,0.0,46.5,1,MATCHED,SHIPPING_PENDING
48783,38938,complete,2025-05-23 05:34:59.000000,2025-05-23 17:13:59.000000,46.5,46.5,1,MATCHED,NORMAL
75538,60410,complete,2024-09-28 07:14:38.000000,2024-09-28 20:46:38.000000,46.99,46.99,1,MATCHED,NORMAL
35535,28367,shipped,2026-03-23 02:01:48.000000,2026-03-23 20:06:48.000000,46.99,46.99,1,MATCHED,NORMAL
38634,30847,complete,2024-10-10 18:07:24.000000,2024-10-12 20:19:24.000000,102.0,102.0,2,MATCHED,NORMAL
81158,64922,cancelled,2025-09-08 03:49:27.000000,,0.0,138.15,2,MATCHED,SHIPPING_PENDING
112377,89979,processing,2024-11-03 22:43:43.000000,,0.0,294.36,4,MATCHED,SHIPPING_PENDING
34563,27590,shipped,2025-10-27 08:59:16.000000,2025-10-28 21:58:16.000000,49.0,49.0,1,MATCHED,NORMAL
114530,91723,shipped,2024-07-31 14:45:38.000000,2024-08-03 11:14:38.000000,49.45,49.45,1,MATCHED,POTENTIAL CUT-OFF RISK
43343,34592,complete,2022-03-18 00:27:34.000000,2022-03-18 23:36:34.000000,103.47,103.47,2,MATCHED,NORMAL
43905,35032,processing,2026-01-09 06:24:09.000000,,0.0,49.5,1,MATCHED,SHIPPING_PENDING
62637,50049,shipped,2025-09-06 09:27:06.000000,2025-09-09 03:31:06.000000,49.5,49.5,1,MATCHED,NORMAL
74653,59702,processing,2025-12-02 18:13:08.000000,,0.0,109.45,2,MATCHED,SHIPPING_PENDING
108124,86621,processing,2024-10-28 15:00:38.000000,,0.0,129.94,2,MATCHED,SHIPPING_PENDING
666,546,cancelled,2025-11-29 20:35:38.000000,,0.0,49.99,1,MATCHED,SHIPPING_PENDING
22276,17776,complete,2021-04-15 21:30:51.000000,2021-04-17 04:39:51.000000,539.99,539.99,3,MATCHED,NORMAL
43136,34424,complete,2025-11-30 14:15:31.000000,2025-12-01 08:23:31.000000,181.42,181.42,2,MATCHED,POTENTIAL CUT-OFF RISK
117203,93861,complete,2024-01-07 10:33:45.000000,2024-01-09 08:55:45.000000,49.99,49.99,1,MATCHED,NORMAL
58809,46990,cancelled,2025-03-03 20:36:00.000000,,0.0,177.49,3,MATCHED,SHIPPING_PENDING
42586,33989,cancelled,2026-03-05 02:11:00.000000,,0.0,146.95,2,MATCHED,SHIPPING_PENDING
55843,44625,processing,2026-01-02 11:23:31.000000,,0.0,195.75,2,MATCHED,SHIPPING_PENDING
31119,24856,complete,2025-12-13 06:15:56.000000,2025-12-14 06:43:56.000000,220.38,220.38,3,MATCHED,NORMAL
109601,87803,returned,2026-02-21 04:53:45.000000,2026-02-23 21:41:45.000000,53.0,53.0,1,MATCHED,NORMAL
116743,93454,complete,2024-08-07 02:45:24.000000,2024-08-07 12:35:24.000000,329.95,329.95,3,MATCHED,NORMAL
61878,49417,cancelled,2023-08-28 03:53:44.000000,,0.0,54.0,1,MATCHED,SHIPPING_PENDING
83419,66758,complete,2024-05-04 00:01:12.000000,2024-05-05 00:18:12.000000,54.0,54.0,1,MATCHED,NORMAL
106613,85452,complete,2026-05-30 01:24:14.000000,2026-05-30 18:43:14.000000,152.5,152.5,2,MATCHED,NORMAL
68820,55056,cancelled,2024-08-08 12:41:53.000000,,0.0,114.52,2,MATCHED,SHIPPING_PENDING
43732,34891,cancelled,2025-01-06 13:52:48.000000,,0.0,57.0,1,MATCHED,SHIPPING_PENDING
69546,55623,complete,2022-07-23 10:26:52.000000,2022-07-24 13:39:52.000000,214.99,214.99,3,MATCHED,NORMAL
86052,68898,complete,2023-11-01 10:01:15.000000,2023-11-04 02:33:15.000000,58.99,58.99,1,MATCHED,NORMAL
89257,71420,processing,2020-03-08 19:12:27.000000,,0.0,58.99,1,MATCHED,SHIPPING_PENDING
1478,1159,returned,2025-10-29 10:31:01.000000,2025-10-30 05:38:01.000000,148.5,148.5,2,MATCHED,NORMAL
33002,26327,shipped,2025-03-13 22:00:15.000000,2025-03-13 22:21:15.000000,962.5,962.5,2,MATCHED,NORMAL
38399,30653,shipped,2026-04-26 15:19:15.000000,2026-04-29 03:57:15.000000,137.52,137.52,2,MATCHED,NORMAL
87771,70248,complete,2022-09-08 23:20:39.000000,2022-09-11 03:24:39.000000,120.94,120.94,2,MATCHED,NORMAL
118468,94851,complete,2024-12-27 17:08:54.000000,2024-12-30 07:52:54.000000,59.95,59.95,1,MATCHED,NORMAL
10607,8444,complete,2025-02-07 22:42:59.000000,2025-02-08 04:43:59.000000,158.99,158.99,2,MATCHED,NORMAL
119108,95311,complete,2024-06-10 03:33:27.000000,2024-06-12 22:18:27.000000,60.0,60.0,1,MATCHED,NORMAL
69335,55455,cancelled,2023-10-31 04:14:20.000000,,0.0,60.99,1,MATCHED,SHIPPING_PENDING
102674,82329,processing,2024-09-21 19:13:41.000000,,0.0,61.5,1,MATCHED,SHIPPING_PENDING
67554,54041,complete,2024-04-09 18:04:05.000000,2024-04-12 15:39:05.000000,232.75,232.75,2,MATCHED,NORMAL
102167,81901,complete,2023-06-30 18:47:23.000000,2023-06-30 21:58:23.000000,162.0,162.0,2,MATCHED,NORMAL
68705,54969,returned,2026-05-25 08:36:27.000000,2026-05-26 05:20:27.000000,418.95,418.95,4,MATCHED,NORMAL
66713,53339,shipped,2023-11-15 07:08:33.000000,2023-11-15 21:31:33.000000,138.98,138.98,2,MATCHED,NORMAL
15404,12285,cancelled,2022-05-25 07:08:34.000000,,0.0,65.0,1,MATCHED,SHIPPING_PENDING
34168,27262,complete,2021-12-13 14:05:24.000000,2021-12-15 23:20:24.000000,65.0,65.0,1,MATCHED,NORMAL
89450,71586,complete,2024-11-12 17:48:03.000000,2024-11-14 03:17:03.000000,65.0,65.0,1,MATCHED,NORMAL
6833,5444,returned,2024-02-07 21:08:11.000000,2024-02-08 06:05:11.000000,67.95,67.95,1,MATCHED,NORMAL
76434,61114,cancelled,2022-10-22 16:55:03.000000,,0.0,69.5,1,MATCHED,SHIPPING_PENDING
119007,95250,returned,2022-11-26 08:21:53.000000,2022-11-28 08:19:53.000000,69.5,69.5,1,MATCHED,NORMAL
91885,73577,processing,2025-09-04 10:59:38.000000,,0.0,69.95,1,MATCHED,SHIPPING_PENDING
90653,72538,complete,2024-01-17 12:47:40.000000,2024-01-17 16:15:40.000000,69.99,69.99,1,MATCHED,NORMAL
23866,19067,shipped,2026-06-16 04:52:16.787690,2026-06-16 17:51:16.787690,164.99,164.99,2,MATCHED,NORMAL
84748,67807,shipped,2023-09-29 21:09:28.000000,2023-10-01 02:27:28.000000,70.0,70.0,1,MATCHED,POTENTIAL CUT-OFF RISK
103748,83167,shipped,2022-03-26 15:03:39.000000,2022-03-29 00:47:39.000000,70.0,70.0,1,MATCHED,NORMAL
49848,39814,processing,2024-03-19 22:49:46.000000,,0.0,74.0,1,MATCHED,SHIPPING_PENDING
53305,42570,complete,2025-12-07 04:32:12.000000,2025-12-09 02:18:12.000000,202.34,202.34,2,MATCHED,NORMAL
44537,35516,shipped,2024-06-05 12:00:07.000000,2024-06-08 01:32:07.000000,154.0,154.0,2,MATCHED,NORMAL
13963,11116,complete,2026-06-16 03:07:36.420538,2026-06-17 07:33:36.420538,78.0,78.0,1,MATCHED,NORMAL
57342,45852,shipped,2020-05-02 00:34:28.000000,2020-05-03 06:57:28.000000,78.0,78.0,1,MATCHED,NORMAL
6414,5086,cancelled,2024-02-15 17:48:40.000000,,0.0,203.99,2,MATCHED,SHIPPING_PENDING
33843,26995,shipped,2026-02-15 02:39:33.000000,2026-02-17 02:23:33.000000,79.0,79.0,1,MATCHED,NORMAL
74746,59762,cancelled,2019-10-24 18:13:06.000000,,0.0,79.86,1,MATCHED,SHIPPING_PENDING
99805,80056,processing,2024-08-28 05:51:45.000000,,0.0,79.95,1,MATCHED,SHIPPING_PENDING
19786,15799,complete,2024-05-18 11:26:34.000000,2024-05-18 16:55:34.000000,79.99,79.99,1,MATCHED,NORMAL
105185,84310,complete,2026-02-01 16:43:33.000000,2026-02-02 23:15:33.000000,80.99,80.99,1,MATCHED,NORMAL
35871,28614,complete,2024-04-28 09:14:36.000000,2024-04-29 04:07:36.000000,84.0,84.0,1,MATCHED,NORMAL
34501,27550,complete,2025-06-02 21:36:07.000000,2025-06-04 21:08:07.000000,84.12,84.12,1,MATCHED,NORMAL
54229,43312,shipped,2023-03-24 09:26:51.000000,2023-03-25 11:23:51.000000,359.74,359.74,3,MATCHED,NORMAL
44924,35829,shipped,2023-01-23 17:28:33.000000,2023-01-23 18:00:33.000000,88.0,88.0,1,MATCHED,NORMAL
75558,60428,cancelled,2025-09-12 14:04:36.000000,,0.0,89.5,1,MATCHED,SHIPPING_PENDING
136,108,complete,2023-12-28 07:07:13.000000,2023-12-30 11:53:13.000000,89.5,89.5,1,MATCHED,NORMAL
80950,64753,shipped,2023-04-04 14:40:06.000000,2023-04-04 22:42:06.000000,89.99,89.99,1,MATCHED,NORMAL
96451,77334,complete,2026-06-07 00:58:00.000000,2026-06-07 13:41:00.000000,90.0,90.0,1,MATCHED,NORMAL
18355,14616,shipped,2026-05-04 22:11:51.000000,2026-05-07 19:57:51.000000,90.0,90.0,1,MATCHED,NORMAL
105461,84533,shipped,2024-04-22 03:24:06.000000,2024-04-24 15:37:06.000000,94.0,94.0,1,MATCHED,NORMAL
8554,6837,cancelled,2023-10-16 08:31:16.000000,,0.0,327.0,3,MATCHED,SHIPPING_PENDING
25357,20255,cancelled,2026-01-23 08:14:26.000000,,0.0,98.0,1,MATCHED,SHIPPING_PENDING
94420,75677,cancelled,2025-09-11 08:38:39.000000,,0.0,98.0,1,MATCHED,SHIPPING_PENDING
67056,53635,processing,2021-11-29 04:58:06.000000,,0.0,99.99,1,MATCHED,SHIPPING_PENDING
90019,72036,complete,2020-11-08 19:14:26.000000,2020-11-11 05:20:26.000000,100.99,100.99,1,MATCHED,NORMAL
95055,76185,shipped,2024-11-01 22:57:09.000000,2024-11-02 23:53:09.000000,101.0,101.0,1,MATCHED,NORMAL
23403,18688,shipped,2023-07-24 14:23:46.000000,2023-07-25 23:28:46.000000,103.13,103.13,1,MATCHED,NORMAL
66321,53022,processing,2026-06-15 20:53:20.264384,,0.0,105.26,1,MATCHED,SHIPPING_PENDING
111812,89533,returned,2023-01-02 17:56:00.000000,2023-01-04 02:20:00.000000,106.0,106.0,1,MATCHED,NORMAL
93265,74731,shipped,2022-04-15 05:59:30.000000,2022-04-15 22:09:30.000000,110.0,110.0,1,MATCHED,NORMAL
65651,52437,cancelled,2022-07-19 18:52:07.000000,,0.0,112.86,1,MATCHED,SHIPPING_PENDING
21113,16889,complete,2026-01-18 06:15:18.000000,2026-01-20 07:34:18.000000,408.88,408.88,2,MATCHED,NORMAL
50798,40582,returned,2025-12-24 06:58:05.000000,2025-12-24 10:05:05.000000,139.99,139.99,1,MATCHED,NORMAL
96463,77345,shipped,2026-06-12 06:34:27.000000,2026-06-12 06:38:27.000000,147.5,147.5,1,MATCHED,NORMAL
557,463,complete,2024-12-23 00:03:42.000000,2024-12-23 08:22:42.000000,151.99,151.99,1,MATCHED,NORMAL
121757,97478,shipped,2025-06-07 20:21:16.000000,2025-06-09 11:30:16.000000,159.95,159.95,1,MATCHED,NORMAL
43850,34987,processing,2024-08-20 10:36:14.000000,,0.0,160.0,1,MATCHED,SHIPPING_PENDING
114304,91541,processing,2019-08-01 04:43:28.000000,,0.0,171.0,1,MATCHED,SHIPPING_PENDING
25479,20345,returned,2023-01-08 02:17:46.000000,2023-01-08 23:37:46.000000,176.0,176.0,1,MATCHED,NORMAL
67754,54215,processing,2024-08-24 19:21:17.000000,,0.0,187.6,1,MATCHED,SHIPPING_PENDING
123254,98696,shipped,2024-09-26 14:29:19.000000,2024-09-29 05:36:19.000000,189.0,189.0,1,MATCHED,NORMAL
30077,24028,complete,2026-04-03 17:08:31.000000,2026-04-05 14:21:31.000000,193.95,193.95,1,MATCHED,NORMAL
95766,76775,complete,2025-04-15 12:57:04.000000,2025-04-18 04:18:04.000000,195.0,195.0,1,MATCHED,NORMAL
91676,73397,shipped,2025-05-28 17:42:50.000000,2025-05-31 11:18:50.000000,229.0,229.0,1,MATCHED,NORMAL
67822,54272,shipped,2024-11-02 07:52:50.000000,2024-11-04 14:14:50.000000,280.0,280.0,1,MATCHED,NORMAL
101945,81727,cancelled,2023-01-10 14:31:36.000000,,0.0,299.0,1,MATCHED,SHIPPING_PENDING
49104,39160,processing,2021-10-21 05:30:01.000000,,0.0,308.0,1,MATCHED,SHIPPING_PENDING
62766,50156,processing,2024-03-17 00:06:50.000000,,0.0,339.0,1,MATCHED,SHIPPING_PENDING
120350,96332,returned,2025-09-08 21:02:02.000000,2025-09-09 14:11:02.000000,345.99,345.99,1,MATCHED,NORMAL
60782,48532,shipped,2026-04-02 00:00:20.000000,2026-04-02 02:01:20.000000,345.99,345.99,1,MATCHED,NORMAL
100230,80402,returned,2025-01-06 06:10:22.000000,2025-01-06 10:29:22.000000,399.0,399.0,1,MATCHED,NORMAL
49674,39655,processing,2025-03-09 05:47:16.000000,,0.0,795.0,1,MATCHED,SHIPPING_PENDING
-15,49518,"complete,shipped",2026-06-16 10:17:00.000000,2026-06-18 04:17:00.000000,412.0,412.0,3,MATCHED,NORMAL
-19,80693,complete,2026-06-16 09:28:00.000000,2026-06-18 07:28:00.000000,122.0,122.0,2,MATCHED,NORMAL
-38,66792,shipped,2026-06-16 17:58:00.000000,2026-06-17 17:58:00.000000,53.0,53.0,1,MATCHED,NORMAL
-45,16798,"complete,shipped",2026-06-16 14:48:00.000000,2026-06-17 14:48:00.000000,219.0,219.0,3,MATCHED,NORMAL
-52,16094,"complete,shipped",2026-06-16 09:16:00.000000,2026-06-17 13:16:00.000000,166.0,166.0,2,MATCHED,NORMAL
-75,23309,complete,2026-06-16 11:53:00.000000,2026-06-18 08:53:00.000000,259.0,259.0,3,MATCHED,NORMAL
-79,49840,complete,2026-06-16 13:36:00.000000,2026-06-17 17:36:00.000000,279.0,279.0,3,MATCHED,NORMAL
-127,88005,complete,2026-06-16 13:43:00.000000,2026-06-18 09:43:00.000000,194.0,194.0,3,MATCHED,NORMAL
-208,31707,complete,2026-06-16 17:36:00.000000,2026-06-17 22:36:00.000000,464.0,464.0,3,MATCHED,NORMAL
-241,15612,complete,2026-06-16 09:30:00.000000,2026-06-18 08:30:00.000000,296.0,296.0,2,MATCHED,NORMAL
-265,16558,complete,2026-06-16 10:03:00.000000,2026-06-17 21:03:00.000000,352.0,352.0,3,MATCHED,NORMAL
-273,59223,complete,2026-06-16 16:13:00.000000,2026-06-18 14:13:00.000000,216.0,216.0,2,MATCHED,NORMAL
-279,4564,complete,2026-06-16 15:36:00.000000,2026-06-18 13:36:00.000000,159.0,159.0,1,MATCHED,NORMAL
-292,41853,complete,2026-06-16 16:43:00.000000,2026-06-18 03:43:00.000000,182.0,182.0,1,MATCHED,NORMAL
-293,59166,complete,2026-06-16 14:19:00.000000,2026-06-17 20:19:00.000000,273.0,273.0,3,MATCHED,NORMAL
74273,59398,shipped,2025-06-24 02:31:31.000000,2025-06-25 14:22:31.000000,269.49,269.49,4,MATCHED,NORMAL
63060,50385,returned,2023-12-26 06:13:39.000000,2023-12-27 15:43:39.000000,4.04,4.04,1,MATCHED,NORMAL
32720,26135,processing,2026-01-27 10:03:35.000000,,0.0,16.99,2,MATCHED,SHIPPING_PENDING
9050,7223,complete,2023-01-31 13:15:51.000000,2023-02-02 03:39:51.000000,6.0,6.0,1,MATCHED,POTENTIAL CUT-OFF RISK
107688,86293,processing,2026-03-18 20:06:37.000000,,0.0,6.25,1,MATCHED,SHIPPING_PENDING
87363,69918,cancelled,2024-05-17 10:19:23.000000,,0.0,6.99,1,MATCHED,SHIPPING_PENDING
69073,55262,complete,2026-05-14 10:31:10.000000,2026-05-15 00:48:10.000000,26.98,26.98,2,MATCHED,NORMAL
14245,11355,shipped,2026-06-02 11:57:34.000000,2026-06-03 15:21:34.000000,155.97,155.97,4,MATCHED,NORMAL
124556,99720,complete,2025-04-24 02:52:08.000000,2025-04-26 21:51:08.000000,166.93,166.93,4,MATCHED,NORMAL
14352,11437,returned,2022-09-12 23:40:27.000000,2022-09-14 04:58:27.000000,8.0,8.0,1,MATCHED,NORMAL
38031,30356,shipped,2026-04-26 21:55:48.000000,2026-04-28 07:32:48.000000,202.95,202.95,2,MATCHED,NORMAL
70375,56283,cancelled,2023-02-05 05:18:42.000000,,0.0,298.48,4,MATCHED,SHIPPING_PENDING
78716,62914,cancelled,2024-10-21 22:30:01.000000,,0.0,51.45,2,MATCHED,SHIPPING_PENDING
121885,97591,shipped,2025-06-29 01:56:46.000000,2025-07-01 11:43:46.000000,67.49,67.49,4,MATCHED,POTENTIAL CUT-OFF RISK
94194,75517,processing,2025-07-24 07:47:01.000000,,0.0,55.4,2,MATCHED,SHIPPING_PENDING
65790,52567,complete,2023-10-01 23:49:56.000000,2023-10-02 04:21:56.000000,168.94,168.94,4,MATCHED,NORMAL
4170,3305,complete,2023-08-29 08:24:27.000000,2023-08-31 06:10:27.000000,164.97,164.97,4,MATCHED,NORMAL
28992,23180,processing,2026-03-30 14:15:58.000000,,0.0,38.83,2,MATCHED,SHIPPING_PENDING
117133,93803,processing,2022-03-22 11:28:05.000000,,0.0,84.98,3,MATCHED,SHIPPING_PENDING
17020,13546,returned,2023-01-01 17:19:58.000000,2023-01-01 17:45:58.000000,18.02,18.02,2,MATCHED,NORMAL
118870,95155,complete,2025-07-11 01:52:28.000000,2025-07-13 13:11:28.000000,101.57,101.57,4,MATCHED,NORMAL
20306,16236,shipped,2024-07-13 09:51:08.000000,2024-07-15 04:43:08.000000,59.25,59.25,2,MATCHED,NORMAL
70741,56569,complete,2024-11-22 03:20:10.000000,2024-11-22 21:42:10.000000,23.94,23.94,2,MATCHED,NORMAL
108778,87127,processing,2025-06-29 05:06:49.000000,,0.0,204.35,4,MATCHED,SHIPPING_PENDING
115055,92125,cancelled,2026-04-16 04:09:44.000000,,0.0,83.13,4,MATCHED,SHIPPING_PENDING
8218,6567,shipped,2020-11-03 16:26:58.000000,2020-11-04 06:06:58.000000,9.99,9.99,1,MATCHED,NORMAL
20037,16001,complete,2026-05-02 23:49:20.000000,2026-05-05 00:55:20.000000,55.0,55.0,2,MATCHED,NORMAL
122913,98418,complete,2026-06-02 15:25:41.000000,2026-06-04 23:31:41.000000,58.03,58.03,4,MATCHED,NORMAL
38426,30677,returned,2025-11-24 06:31:22.000000,2025-11-24 11:25:22.000000,189.0,189.0,2,MATCHED,NORMAL
123900,99222,returned,2026-06-15 16:21:40.311071,2026-06-17 16:38:40.311071,35.0,35.0,2,MATCHED,NORMAL
104158,83477,shipped,2026-02-16 08:41:49.000000,2026-02-16 08:50:49.000000,10.0,10.0,1,MATCHED,NORMAL
111263,89114,shipped,2026-02-08 15:45:48.000000,2026-02-09 13:11:48.000000,90.0,90.0,2,MATCHED,NORMAL
71569,57239,complete,2025-12-01 04:18:45.000000,2025-12-01 12:06:45.000000,333.68,333.68,4,MATCHED,NORMAL
31881,25459,processing,2023-08-29 19:40:22.000000,,0.0,282.64,4,MATCHED,SHIPPING_PENDING
53255,42523,returned,2025-10-12 07:14:58.000000,2025-10-12 09:44:58.000000,307.24,307.24,2,MATCHED,NORMAL
72140,57683,processing,2026-06-14 01:00:36.806735,,0.0,80.96,2,MATCHED,SHIPPING_PENDING
32003,25565,complete,2023-08-12 18:45:58.000000,2023-08-13 07:14:58.000000,94.99,94.99,2,MATCHED,NORMAL
82354,65900,complete,2024-04-22 14:50:53.000000,2024-04-25 04:13:53.000000,10.99,10.99,1,MATCHED,NORMAL
109213,87496,cancelled,2021-11-02 03:49:06.000000,,0.0,24.5,2,MATCHED,SHIPPING_PENDING
61758,49330,complete,2024-05-18 16:54:47.000000,2024-05-18 23:41:47.000000,11.0,11.0,1,MATCHED,NORMAL
65278,52137,returned,2025-11-26 21:02:42.000000,2025-11-29 04:15:42.000000,49.02,49.02,2,MATCHED,NORMAL
64424,51470,complete,2026-06-15 13:34:13.094003,2026-06-15 15:38:13.094003,216.63,216.63,3,MATCHED,NORMAL
73456,58753,returned,2021-09-15 15:06:51.000000,2021-09-18 13:42:51.000000,195.5,195.5,4,MATCHED,NORMAL
119844,95928,processing,2025-07-04 19:59:26.000000,,0.0,60.65,3,MATCHED,SHIPPING_PENDING
95729,76742,cancelled,2025-04-13 00:39:57.000000,,0.0,189.39,4,MATCHED,SHIPPING_PENDING
965,773,processing,2026-04-03 08:16:50.000000,,0.0,49.95,2,MATCHED,SHIPPING_PENDING
3323,2642,processing,2025-09-16 11:41:41.000000,,0.0,59.95,2,MATCHED,SHIPPING_PENDING
97225,77926,complete,2026-05-23 19:54:01.000000,2026-05-25 13:13:01.000000,297.18,297.18,4,MATCHED,NORMAL
116806,93508,complete,2025-11-28 06:56:12.000000,2025-11-30 07:33:12.000000,61.99,61.99,2,MATCHED,NORMAL
117650,94216,complete,2026-03-22 17:35:39.000000,2026-03-23 21:57:39.000000,71.53,71.53,3,MATCHED,NORMAL
84970,67995,shipped,2025-07-12 06:45:44.000000,2025-07-14 12:35:44.000000,130.0,130.0,3,MATCHED,NORMAL
40809,32570,cancelled,2025-10-13 09:09:23.000000,,0.0,12.0,1,MATCHED,SHIPPING_PENDING
18336,14603,complete,2025-09-06 05:41:44.000000,2025-09-08 11:30:44.000000,12.0,12.0,1,MATCHED,NORMAL
75536,60409,processing,2026-01-31 06:04:02.000000,,0.0,169.84,4,MATCHED,SHIPPING_PENDING
57958,46317,shipped,2025-06-23 16:13:06.000000,2025-06-25 04:57:06.000000,171.95,171.95,4,MATCHED,NORMAL
116799,93503,shipped,2021-08-08 11:51:30.000000,2021-08-08 12:40:30.000000,65.45,65.45,3,MATCHED,NORMAL
17525,13947,returned,2025-11-29 02:55:03.000000,2025-11-29 04:48:03.000000,148.4,148.4,4,MATCHED,NORMAL
55323,44193,shipped,2026-01-01 17:19:35.000000,2026-01-01 19:22:35.000000,526.5,526.5,4,MATCHED,NORMAL
37203,29704,processing,2022-11-08 11:18:06.000000,,0.0,58.43,3,MATCHED,SHIPPING_PENDING
96149,77066,cancelled,2026-06-15 15:04:10.117568,,0.0,295.27,4,MATCHED,SHIPPING_PENDING
50684,40502,complete,2026-03-05 19:21:09.000000,2026-03-05 19:25:09.000000,163.83,163.83,4,MATCHED,NORMAL
78219,62537,shipped,2024-12-13 15:26:35.000000,2024-12-13 20:41:35.000000,169.98,169.98,4,MATCHED,NORMAL
41952,33454,complete,2026-01-26 12:15:52.000000,2026-01-26 18:04:52.000000,13.5,13.5,1,MATCHED,NORMAL
28444,22733,processing,2024-11-01 08:42:44.000000,,0.0,151.68,3,MATCHED,SHIPPING_PENDING
69255,55395,shipped,2025-07-28 11:07:36.000000,2025-07-29 18:17:36.000000,13.79,13.79,1,MATCHED,NORMAL
51505,41128,processing,2022-05-13 21:48:40.000000,,0.0,13.93,1,MATCHED,SHIPPING_PENDING
19987,15958,shipped,2024-08-13 14:56:51.000000,2024-08-13 20:38:51.000000,52.98,52.98,3,MATCHED,NORMAL
100925,80909,complete,2020-03-14 18:15:16.000000,2020-03-15 15:46:16.000000,14.0,14.0,1,MATCHED,NORMAL
60680,48461,complete,2026-01-05 04:03:56.000000,2026-01-05 21:02:56.000000,113.25,113.25,3,MATCHED,NORMAL
41511,33114,shipped,2024-06-17 22:45:00.000000,2024-06-20 06:53:00.000000,133.5,133.5,2,MATCHED,NORMAL
44668,35617,processing,2026-06-16 00:52:51.259277,,0.0,232.83,4,MATCHED,SHIPPING_PENDING
63021,50355,shipped,2025-02-04 16:56:52.000000,2025-02-05 02:44:52.000000,193.94,193.94,4,MATCHED,NORMAL
78693,62897,cancelled,2024-12-07 18:21:42.000000,,0.0,14.97,1,MATCHED,SHIPPING_PENDING
78119,62454,cancelled,2022-11-02 06:00:23.000000,,0.0,14.99,1,MATCHED,SHIPPING_PENDING
28804,23019,complete,2023-08-19 22:48:18.000000,2023-08-20 05:59:18.000000,183.98,183.98,4,MATCHED,NORMAL
58571,46804,complete,2025-10-22 01:35:49.000000,2025-10-24 05:17:49.000000,14.99,14.99,1,MATCHED,NORMAL
65766,52540,complete,2026-05-14 03:15:38.000000,2026-05-16 15:03:38.000000,133.06,133.06,3,MATCHED,NORMAL
94881,76061,complete,2026-03-30 21:34:06.000000,2026-04-01 15:06:06.000000,165.42,165.42,4,MATCHED,POTENTIAL CUT-OFF RISK
43618,34801,shipped,2023-08-19 02:16:51.000000,2023-08-21 08:20:51.000000,31.94,31.94,2,MATCHED,NORMAL
98572,79038,cancelled,2021-07-15 19:21:20.000000,,0.0,15.0,1,MATCHED,SHIPPING_PENDING
20141,16094,processing,2026-02-02 13:04:44.000000,,0.0,54.86,3,MATCHED,SHIPPING_PENDING
104153,83471,processing,2021-04-28 16:43:02.000000,,0.0,261.42,4,MATCHED,SHIPPING_PENDING
18400,14645,returned,2026-06-14 13:05:03.000000,2026-06-14 16:40:03.000000,358.95,358.95,4,MATCHED,NORMAL
86397,69182,returned,2025-03-21 17:01:41.000000,2025-03-23 18:23:41.000000,113.0,113.0,2,MATCHED,NORMAL
36254,28927,shipped,2024-09-06 00:14:41.000000,2024-09-07 04:39:41.000000,15.0,15.0,1,MATCHED,NORMAL
112583,90134,shipped,2022-03-21 08:02:36.000000,2022-03-23 12:17:36.000000,55.28,55.28,2,MATCHED,NORMAL
89377,71530,processing,2021-04-04 20:51:27.000000,,0.0,285.61,4,MATCHED,SHIPPING_PENDING
121459,97237,shipped,2025-01-15 19:52:15.000000,2025-01-17 10:50:15.000000,788.82,788.82,4,MATCHED,NORMAL
50693,40508,complete,2025-03-25 20:57:54.000000,2025-03-26 10:06:54.000000,39.92,39.92,2,MATCHED,NORMAL
14093,11219,processing,2026-06-15 05:14:11.919215,,0.0,216.54,4,MATCHED,SHIPPING_PENDING
103635,83095,shipped,2024-04-19 09:45:37.000000,2024-04-22 03:20:37.000000,212.49,212.49,4,MATCHED,NORMAL
1753,1399,shipped,2019-12-15 04:02:51.000000,2019-12-16 22:02:51.000000,16.0,16.0,1,MATCHED,NORMAL
122557,98140,shipped,2024-12-29 07:56:08.000000,2024-12-29 09:18:08.000000,108.97,108.97,4,MATCHED,NORMAL
55952,44717,returned,2023-11-21 13:01:09.000000,2023-11-22 22:15:09.000000,52.5,52.5,2,MATCHED,NORMAL
95356,76428,complete,2026-06-15 05:37:08.459381,2026-06-15 14:08:08.459381,241.51,241.51,4,MATCHED,NORMAL
35839,28593,shipped,2021-02-04 16:49:06.000000,2021-02-06 08:47:06.000000,106.08,106.08,4,MATCHED,NORMAL
9161,7302,complete,2022-05-01 17:01:02.000000,2022-05-04 05:35:02.000000,16.98,16.98,1,MATCHED,NORMAL
21524,17202,returned,2026-03-16 06:43:28.000000,2026-03-17 22:00:28.000000,40.96,40.96,2,MATCHED,NORMAL
113677,91009,complete,2026-02-09 05:53:41.000000,2026-02-09 20:15:41.000000,117.99,117.99,2,MATCHED,NORMAL
97007,77756,processing,2022-06-01 11:44:57.000000,,0.0,17.0,1,MATCHED,SHIPPING_PENDING
116172,93008,returned,2022-05-01 23:52:26.000000,2022-05-03 22:15:26.000000,17.24,17.24,1,MATCHED,NORMAL
110114,88190,processing,2026-05-29 10:51:49.000000,,0.0,176.75,4,MATCHED,SHIPPING_PENDING
8722,6966,cancelled,2022-05-03 20:32:52.000000,,0.0,95.9,2,MATCHED,SHIPPING_PENDING
123010,98492,complete,2026-02-17 11:59:12.000000,2026-02-18 10:53:12.000000,42.6,42.6,2,MATCHED,NORMAL
49654,39639,processing,2023-11-01 07:16:19.000000,,0.0,92.95,2,MATCHED,SHIPPING_PENDING
14620,11670,shipped,2023-02-08 22:23:42.000000,2023-02-09 08:24:42.000000,295.94,295.94,4,MATCHED,NORMAL
109211,87494,shipped,2024-01-21 00:38:31.000000,2024-01-22 08:46:31.000000,114.98,114.98,3,MATCHED,NORMAL
61768,49336,cancelled,2025-06-13 16:06:42.000000,,0.0,18.0,1,MATCHED,SHIPPING_PENDING
40792,32558,processing,2025-07-16 23:35:44.000000,,0.0,47.0,2,MATCHED,SHIPPING_PENDING
33309,26572,shipped,2026-06-13 20:52:27.000000,2026-06-15 00:52:27.000000,162.22,162.22,4,MATCHED,NORMAL
66732,53354,shipped,2026-01-14 23:48:56.000000,2026-01-15 03:03:56.000000,312.57,312.57,4,MATCHED,NORMAL
61957,49488,complete,2024-07-11 06:41:26.000000,2024-07-12 13:59:26.000000,60.94,60.94,2,MATCHED,NORMAL
19984,15956,shipped,2025-02-24 08:27:23.000000,2025-02-26 15:10:23.000000,50.97,50.97,2,MATCHED,NORMAL
60618,48405,complete,2023-09-23 17:31:08.000000,2023-09-24 22:49:08.000000,18.99,18.99,1,MATCHED,NORMAL
18361,14620,complete,2021-09-20 00:51:20.000000,2021-09-20 02:46:20.000000,44.95,44.95,2,MATCHED,NORMAL
71969,57558,returned,2025-05-27 02:35:57.000000,2025-05-28 05:47:57.000000,75.69,75.69,3,MATCHED,NORMAL
4310,3417,shipped,2020-05-31 11:30:58.000000,2020-06-02 03:16:58.000000,304.9,304.9,3,MATCHED,POTENTIAL CUT-OFF RISK
86157,68970,shipped,2024-07-31 05:04:35.000000,2024-08-01 18:14:35.000000,59.96,59.96,2,MATCHED,POTENTIAL CUT-OFF RISK
66839,53445,cancelled,2026-05-07 05:55:47.000000,,0.0,19.99,1,MATCHED,SHIPPING_PENDING
84103,67315,cancelled,2026-04-24 19:33:09.000000,,0.0,118.99,2,MATCHED,SHIPPING_PENDING
31262,24981,complete,2024-06-08 11:00:12.000000,2024-06-09 04:30:12.000000,69.98,69.98,2,MATCHED,NORMAL
19438,15520,processing,2025-10-02 04:33:49.000000,,0.0,922.99,2,MATCHED,SHIPPING_PENDING
89831,71870,returned,2025-05-14 11:22:34.000000,2025-05-16 14:22:34.000000,68.94,68.94,2,MATCHED,NORMAL
18162,14474,shipped,2025-10-01 07:34:42.000000,2025-10-03 21:49:42.000000,294.86,294.86,4,MATCHED,NORMAL
121163,96989,shipped,2022-06-15 18:39:50.000000,2022-06-18 18:34:50.000000,149.87,149.87,2,MATCHED,NORMAL
95107,76227,cancelled,2026-03-12 09:28:59.000000,,0.0,20.0,1,MATCHED,SHIPPING_PENDING
23847,19056,returned,2025-09-18 20:04:12.000000,2025-09-21 04:02:12.000000,372.9,372.9,4,MATCHED,NORMAL
117050,93719,shipped,2023-09-07 17:37:53.000000,2023-09-08 09:31:53.000000,75.47,75.47,2,MATCHED,NORMAL
119472,95611,cancelled,2023-07-31 00:07:15.000000,,0.0,171.26,4,MATCHED,SHIPPING_PENDING
28367,22678,complete,2024-01-01 08:45:18.000000,2024-01-01 13:11:18.000000,55.95,55.95,2,MATCHED,NORMAL
36519,29143,complete,2025-12-06 08:44:50.000000,2025-12-07 22:38:50.000000,21.0,21.0,1,MATCHED,NORMAL
35259,28154,complete,2022-05-15 03:08:01.000000,2022-05-15 03:48:01.000000,21.6,21.6,1,MATCHED,NORMAL
48532,38756,cancelled,2020-08-19 00:10:21.000000,,0.0,271.95,2,MATCHED,SHIPPING_PENDING
21141,16910,shipped,2022-07-10 19:23:16.000000,2022-07-11 12:06:16.000000,21.99,21.99,1,MATCHED,NORMAL
66892,53491,shipped,2026-06-14 17:04:05.543153,2026-06-17 15:41:05.543153,90.99,90.99,2,MATCHED,NORMAL
114137,91394,complete,2026-06-15 21:27:09.062042,2026-06-16 16:26:09.062042,125.47,125.47,4,MATCHED,NORMAL
106879,85642,processing,2026-05-01 17:53:49.000000,,0.0,22.0,1,MATCHED,SHIPPING_PENDING
118220,94645,cancelled,2023-02-14 16:10:36.000000,,0.0,71.75,2,MATCHED,SHIPPING_PENDING
5230,4146,returned,2025-05-19 01:05:34.000000,2025-05-19 23:41:34.000000,22.5,22.5,1,MATCHED,NORMAL
1076,860,complete,2024-09-30 06:50:53.000000,2024-10-02 00:40:53.000000,160.9,160.9,2,MATCHED,POTENTIAL CUT-OFF RISK
12731,10112,cancelled,2020-10-09 18:31:35.000000,,0.0,196.39,4,MATCHED,SHIPPING_PENDING
80172,64087,complete,2022-04-05 10:25:25.000000,2022-04-07 15:37:25.000000,97.94,97.94,4,MATCHED,NORMAL
57768,46172,complete,2026-01-02 22:27:59.000000,2026-01-03 07:12:59.000000,77.99,77.99,2,MATCHED,NORMAL
103003,82594,processing,2026-01-04 10:05:49.000000,,0.0,22.99,1,MATCHED,SHIPPING_PENDING
4353,3449,returned,2023-07-04 16:17:39.000000,2023-07-05 12:54:39.000000,170.45,170.45,4,MATCHED,NORMAL
42796,34153,shipped,2024-08-05 13:03:10.000000,2024-08-07 11:48:10.000000,22.99,22.99,1,MATCHED,NORMAL
33090,26398,processing,2025-02-02 00:28:22.000000,,0.0,23.0,1,MATCHED,SHIPPING_PENDING
87840,70299,processing,2025-12-16 16:27:28.000000,,0.0,23.0,1,MATCHED,SHIPPING_PENDING
48075,38407,complete,2024-10-22 15:37:07.000000,2024-10-23 15:32:07.000000,111.26,111.26,3,MATCHED,NORMAL
44876,35789,complete,2023-07-09 12:23:31.000000,2023-07-12 05:20:31.000000,23.99,23.99,1,MATCHED,NORMAL
74619,59674,complete,2026-04-03 20:55:22.000000,2026-04-05 20:24:22.000000,243.94,243.94,4,MATCHED,NORMAL
34226,27309,returned,2025-07-15 22:27:05.000000,2025-07-17 18:02:05.000000,144.99,144.99,2,MATCHED,NORMAL
45115,36011,shipped,2024-03-09 14:51:03.000000,2024-03-12 02:45:03.000000,80.99,80.99,2,MATCHED,NORMAL
93164,74639,processing,2021-10-19 00:44:38.000000,,0.0,24.0,1,MATCHED,SHIPPING_PENDING
29984,23950,complete,2022-02-19 02:25:05.000000,2022-02-20 08:55:05.000000,135.82,135.82,3,MATCHED,NORMAL
80055,63994,complete,2026-06-03 02:43:26.000000,2026-06-04 01:17:26.000000,24.91,24.91,1,MATCHED,NORMAL
33411,26642,cancelled,2022-06-30 16:12:38.000000,,0.0,355.95,4,MATCHED,SHIPPING_PENDING
53523,42738,returned,2024-11-17 13:54:07.000000,2024-11-18 17:13:07.000000,73.96,73.96,2,MATCHED,NORMAL
119883,95964,cancelled,2025-07-11 00:57:58.000000,,0.0,81.96,3,MATCHED,SHIPPING_PENDING
111877,89583,complete,2026-06-11 10:56:43.909494,2026-06-12 19:59:43.909494,139.42,139.42,3,MATCHED,NORMAL
33107,26411,processing,2026-05-27 08:34:21.000000,,0.0,211.32,4,MATCHED,SHIPPING_PENDING
26743,21369,shipped,2023-09-29 11:14:43.000000,2023-09-30 11:30:43.000000,103.99,103.99,3,MATCHED,NORMAL
40013,31951,cancelled,2026-06-10 12:40:47.000000,,0.0,115.99,2,MATCHED,SHIPPING_PENDING
99304,79618,cancelled,2024-04-29 12:32:35.000000,,0.0,25.0,1,MATCHED,SHIPPING_PENDING
120039,96088,cancelled,2022-10-25 01:31:50.000000,,0.0,164.53,4,MATCHED,SHIPPING_PENDING
15078,12029,complete,2024-08-10 08:09:56.000000,2024-08-12 03:35:56.000000,144.99,144.99,2,MATCHED,NORMAL
48958,39072,complete,2026-02-05 03:33:43.000000,2026-02-05 22:40:43.000000,25.0,25.0,1,MATCHED,NORMAL
96575,77435,complete,2026-05-22 03:42:34.000000,2026-05-22 16:13:34.000000,214.12,214.12,4,MATCHED,NORMAL
120246,96252,complete,2022-04-01 09:40:08.000000,2022-04-02 03:39:08.000000,25.0,25.0,1,MATCHED,NORMAL
121520,97284,complete,2022-07-31 18:54:48.000000,2022-08-01 06:02:48.000000,25.0,25.0,1,MATCHED,POTENTIAL CUT-OFF RISK
3161,2525,processing,2023-08-21 23:20:27.000000,,0.0,25.0,1,MATCHED,SHIPPING_PENDING
22178,17692,processing,2025-12-17 23:58:15.000000,,0.0,102.0,2,MATCHED,SHIPPING_PENDING
51398,41043,processing,2021-03-23 13:37:18.000000,,0.0,25.0,1,MATCHED,SHIPPING_PENDING
64191,51295,processing,2026-05-23 19:20:02.000000,,0.0,100.6,2,MATCHED,SHIPPING_PENDING
70106,56068,processing,2025-04-30 10:27:12.000000,,0.0,466.0,3,MATCHED,SHIPPING_PENDING
77656,62091,processing,2025-01-12 14:27:44.000000,,0.0,50.99,2,MATCHED,SHIPPING_PENDING
85350,68294,processing,2023-08-24 13:08:37.000000,,0.0,191.92,3,MATCHED,SHIPPING_PENDING
119699,95800,processing,2023-03-29 00:38:46.000000,,0.0,82.41,2,MATCHED,SHIPPING_PENDING
26367,21072,returned,2023-02-15 11:52:36.000000,2023-02-15 19:05:36.000000,153.5,153.5,3,MATCHED,NORMAL
110952,88866,returned,2025-12-13 03:03:00.000000,2025-12-15 13:14:00.000000,132.94,132.94,4,MATCHED,NORMAL
24770,19781,shipped,2021-11-24 10:14:36.000000,2021-11-26 10:35:36.000000,25.0,25.0,1,MATCHED,NORMAL
55614,44423,shipped,2026-04-27 19:46:11.000000,2026-04-28 21:20:11.000000,200.33,200.33,3,MATCHED,NORMAL
105814,84811,shipped,2024-11-22 03:59:30.000000,2024-11-22 19:20:30.000000,64.5,64.5,2,MATCHED,NORMAL
2594,2069,processing,2021-05-21 08:37:56.000000,,0.0,144.1,3,MATCHED,SHIPPING_PENDING
97482,78141,cancelled,2025-05-26 11:49:38.000000,,0.0,25.5,1,MATCHED,SHIPPING_PENDING
124747,99868,cancelled,2025-06-29 15:29:43.000000,,0.0,26.0,1,MATCHED,SHIPPING_PENDING
94524,75758,complete,2026-05-09 05:42:56.000000,2026-05-11 21:10:56.000000,26.0,26.0,1,MATCHED,NORMAL
69530,55610,shipped,2025-12-31 21:54:54.000000,2026-01-03 04:58:54.000000,26.9,26.9,1,MATCHED,POTENTIAL CUT-OFF RISK
59977,47910,complete,2026-04-17 14:41:17.000000,2026-04-19 23:22:17.000000,92.94,92.94,3,MATCHED,NORMAL
88022,70418,shipped,2024-12-01 22:23:48.000000,2024-12-03 12:30:48.000000,26.95,26.95,1,MATCHED,NORMAL
63684,50894,shipped,2026-04-21 17:46:48.000000,2026-04-24 13:25:48.000000,269.91,269.91,3,MATCHED,NORMAL
65923,52687,processing,2026-04-22 17:47:09.000000,,0.0,53.97,2,MATCHED,SHIPPING_PENDING
97292,77980,shipped,2025-07-30 07:45:49.000000,2025-07-31 18:57:49.000000,205.98,205.98,3,MATCHED,NORMAL
88160,70525,shipped,2026-02-09 04:40:02.000000,2026-02-10 02:02:02.000000,27.0,27.0,1,MATCHED,NORMAL
12907,10245,cancelled,2025-11-05 20:15:26.000000,,0.0,146.16,3,MATCHED,SHIPPING_PENDING
11644,9252,shipped,2024-12-25 15:37:57.000000,2024-12-28 10:10:57.000000,27.7,27.7,1,MATCHED,NORMAL
24151,19299,shipped,2019-12-26 05:11:59.000000,2019-12-27 15:11:59.000000,92.07,92.07,2,MATCHED,NORMAL
42347,33788,shipped,2025-08-21 00:36:13.000000,2025-08-23 13:47:13.000000,62.9,62.9,2,MATCHED,NORMAL
31272,24988,complete,2025-12-16 14:55:42.000000,2025-12-19 03:03:42.000000,194.99,194.99,3,MATCHED,NORMAL
66619,53274,complete,2026-05-06 23:06:07.000000,2026-05-08 01:03:07.000000,27.99,27.99,1,MATCHED,NORMAL
116282,93102,cancelled,2024-08-27 05:03:16.000000,,0.0,179.35,4,MATCHED,SHIPPING_PENDING
1853,1487,complete,2026-06-15 15:51:29.757757,2026-06-17 05:03:29.757757,313.38,313.38,4,MATCHED,NORMAL
45855,36605,complete,2025-04-24 16:33:37.000000,2025-04-24 23:53:37.000000,102.0,102.0,2,MATCHED,NORMAL
35665,28473,cancelled,2025-10-18 00:29:57.000000,,0.0,29.0,1,MATCHED,SHIPPING_PENDING
44272,35321,complete,2023-08-10 22:24:34.000000,2023-08-13 08:02:34.000000,29.41,29.41,1,MATCHED,NORMAL
5760,4560,shipped,2021-04-13 12:51:52.000000,2021-04-14 20:04:52.000000,126.35,126.35,4,MATCHED,NORMAL
81634,65329,shipped,2026-01-25 18:43:09.000000,2026-01-26 20:33:09.000000,440.4,440.4,4,MATCHED,NORMAL
56834,45431,complete,2025-09-15 09:01:44.000000,2025-09-15 18:19:44.000000,314.34,314.34,3,MATCHED,NORMAL
50929,40676,processing,2026-01-31 19:29:52.000000,,0.0,199.44,4,MATCHED,SHIPPING_PENDING
86008,68867,processing,2024-07-30 02:09:28.000000,,0.0,29.98,1,MATCHED,SHIPPING_PENDING
44940,35847,cancelled,2025-05-21 13:54:10.000000,,0.0,29.99,1,MATCHED,SHIPPING_PENDING
10793,8599,complete,2024-04-19 18:50:12.000000,2024-04-20 22:58:12.000000,29.99,29.99,1,MATCHED,NORMAL
51387,41033,processing,2026-03-17 11:32:44.000000,,0.0,81.99,2,MATCHED,SHIPPING_PENDING
52755,42098,returned,2025-02-23 15:59:23.000000,2025-02-25 00:26:23.000000,29.99,29.99,1,MATCHED,NORMAL
56203,44908,shipped,2024-01-20 22:41:05.000000,2024-01-23 19:24:05.000000,309.98,309.98,2,MATCHED,NORMAL
55080,44000,complete,2026-05-20 03:09:24.000000,2026-05-20 13:56:24.000000,359.75,359.75,4,MATCHED,NORMAL
97639,78270,shipped,2024-11-21 22:26:22.000000,2024-11-22 09:21:22.000000,75.2,75.2,2,MATCHED,NORMAL
60320,48176,complete,2026-01-17 06:52:04.000000,2026-01-18 22:14:04.000000,30.4,30.4,1,MATCHED,NORMAL
39227,31330,complete,2023-02-04 14:10:33.000000,2023-02-05 09:01:33.000000,174.84,174.84,3,MATCHED,NORMAL
4366,3463,complete,2025-06-25 09:14:18.000000,2025-06-25 23:11:18.000000,31.07,31.07,1,MATCHED,NORMAL
100104,80303,processing,2025-09-27 13:51:54.000000,,0.0,31.68,1,MATCHED,SHIPPING_PENDING
47190,37709,cancelled,2023-07-09 17:32:12.000000,,0.0,285.95,3,MATCHED,SHIPPING_PENDING
111982,89673,cancelled,2024-09-10 01:35:13.000000,,0.0,31.99,1,MATCHED,SHIPPING_PENDING
101677,81521,shipped,2024-08-24 01:43:18.000000,2024-08-26 23:17:18.000000,32.0,32.0,1,MATCHED,NORMAL
17634,14034,processing,2024-02-14 20:28:03.000000,,0.0,130.09,2,MATCHED,SHIPPING_PENDING
13783,10975,cancelled,2024-10-09 16:51:49.000000,,0.0,145.97,3,MATCHED,SHIPPING_PENDING
76607,61248,processing,2026-06-16 03:54:53.000000,,0.0,32.99,1,MATCHED,SHIPPING_PENDING
56122,44846,returned,2022-02-08 09:43:09.000000,2022-02-10 15:31:09.000000,125.99,125.99,3,MATCHED,NORMAL
122485,98079,processing,2023-08-23 06:17:06.000000,,0.0,697.0,3,MATCHED,SHIPPING_PENDING
6704,5340,returned,2024-01-22 06:48:07.000000,2024-01-23 02:18:07.000000,34.0,34.0,1,MATCHED,NORMAL
26544,21211,cancelled,2023-01-06 22:13:48.000000,,0.0,265.23,3,MATCHED,SHIPPING_PENDING
106812,85592,processing,2025-09-04 06:57:52.000000,,0.0,144.3,2,MATCHED,SHIPPING_PENDING
6510,5156,processing,2025-02-17 01:24:59.000000,,0.0,243.14,4,MATCHED,SHIPPING_PENDING
122118,97759,processing,2025-02-26 12:51:15.000000,,0.0,83.9,2,MATCHED,SHIPPING_PENDING
60078,47980,shipped,2026-06-13 19:09:07.000000,2026-06-15 23:48:07.000000,428.93,428.93,3,MATCHED,NORMAL
42157,33626,cancelled,2026-05-13 19:57:46.000000,,0.0,77.99,2,MATCHED,SHIPPING_PENDING
639,528,returned,2026-02-22 08:58:55.000000,2026-02-24 06:29:55.000000,34.99,34.99,1,MATCHED,NORMAL
78133,62467,returned,2024-05-08 11:22:16.000000,2024-05-10 04:47:16.000000,300.98,300.98,2,MATCHED,NORMAL
64663,51663,shipped,2025-09-13 09:32:44.000000,2025-09-15 19:03:44.000000,34.99,34.99,1,MATCHED,NORMAL
10023,7992,cancelled,2020-06-28 12:37:22.000000,,0.0,168.0,2,MATCHED,SHIPPING_PENDING
41552,33143,cancelled,2023-10-19 09:03:16.000000,,0.0,230.76,4,MATCHED,SHIPPING_PENDING
102328,82035,complete,2026-06-09 05:37:39.000000,2026-06-10 04:07:39.000000,176.37,176.37,4,MATCHED,NORMAL
23145,18487,complete,2021-09-02 06:48:03.000000,2021-09-04 09:52:03.000000,634.0,634.0,2,MATCHED,NORMAL
104307,83596,processing,2025-04-08 11:25:03.000000,,0.0,254.49,4,MATCHED,SHIPPING_PENDING
16385,13056,shipped,2019-10-16 05:25:47.000000,2019-10-17 10:54:47.000000,125.0,125.0,2,MATCHED,NORMAL
124763,99876,shipped,2026-06-13 22:24:57.587881,2026-06-16 21:40:57.587881,36.76,36.76,1,MATCHED,NORMAL
121936,97631,complete,2024-07-29 08:41:46.000000,2024-07-30 11:05:46.000000,136.35,136.35,3,MATCHED,NORMAL
26352,21053,returned,2021-04-29 18:30:43.000000,2021-04-30 04:03:43.000000,106.45,106.45,2,MATCHED,NORMAL
31320,25020,cancelled,2026-05-03 21:50:10.000000,,0.0,36.99,1,MATCHED,SHIPPING_PENDING
67123,53683,returned,2021-10-14 20:42:18.000000,2021-10-16 11:11:18.000000,37.99,37.99,1,MATCHED,NORMAL
49724,39702,shipped,2024-12-24 12:32:16.000000,2024-12-26 00:29:16.000000,200.99,200.99,2,MATCHED,NORMAL
7631,6112,processing,2026-04-07 10:01:18.000000,,0.0,38.0,1,MATCHED,SHIPPING_PENDING
3122,2495,shipped,2025-04-26 17:21:18.000000,2025-04-27 21:10:18.000000,253.07,253.07,4,MATCHED,NORMAL
12175,9694,cancelled,2020-12-31 08:59:18.000000,,0.0,39.0,1,MATCHED,SHIPPING_PENDING
80917,64724,processing,2023-11-16 14:31:30.000000,,0.0,103.5,2,MATCHED,SHIPPING_PENDING
85314,68268,processing,2025-12-28 20:07:33.000000,,0.0,151.49,3,MATCHED,SHIPPING_PENDING
85485,68412,shipped,2026-05-17 20:09:15.000000,2026-05-19 09:00:15.000000,108.6,108.6,2,MATCHED,NORMAL
17219,13688,shipped,2024-12-12 17:46:13.000000,2024-12-12 18:59:13.000000,39.88,39.88,1,MATCHED,NORMAL
33469,26697,returned,2025-11-13 03:16:12.000000,2025-11-13 11:20:12.000000,39.9,39.9,1,MATCHED,NORMAL
7333,5862,shipped,2026-04-11 23:02:55.000000,2026-04-13 06:05:55.000000,187.98,187.98,2,MATCHED,NORMAL
82555,66053,cancelled,2021-05-14 12:54:02.000000,,0.0,39.99,1,MATCHED,SHIPPING_PENDING
16421,13081,complete,2024-07-21 04:22:42.000000,2024-07-22 03:32:42.000000,146.38,146.38,3,MATCHED,NORMAL
15304,12205,processing,2026-06-05 03:42:44.000000,,0.0,149.99,2,MATCHED,SHIPPING_PENDING
95541,76584,processing,2025-08-23 03:34:45.000000,,0.0,86.99,2,MATCHED,SHIPPING_PENDING
49615,39607,returned,2026-03-08 02:53:38.000000,2026-03-08 10:33:38.000000,39.99,39.99,1,MATCHED,NORMAL
119678,95780,shipped,2022-12-26 08:40:59.000000,2022-12-29 03:32:59.000000,119.99,119.99,2,MATCHED,NORMAL
12386,9868,processing,2025-10-14 15:51:15.000000,,0.0,40.28,1,MATCHED,SHIPPING_PENDING
79056,63175,complete,2026-06-15 03:33:33.190069,2026-06-16 23:46:33.190069,40.99,40.99,1,MATCHED,NORMAL
95851,76844,returned,2025-12-16 21:48:06.000000,2025-12-19 06:09:06.000000,42.0,42.0,1,MATCHED,NORMAL
20586,16459,processing,2026-06-16 04:46:10.031138,,0.0,196.53,3,MATCHED,SHIPPING_PENDING
22834,18240,returned,2025-08-22 10:25:30.000000,2025-08-23 23:47:30.000000,42.95,42.95,1,MATCHED,NORMAL
95991,76952,shipped,2024-10-05 08:36:24.000000,2024-10-05 21:22:24.000000,141.7,141.7,2,MATCHED,NORMAL
46275,36972,complete,2024-05-26 10:05:53.000000,2024-05-28 21:54:53.000000,42.99,42.99,1,MATCHED,NORMAL
86552,69304,complete,2021-07-14 07:34:05.000000,2021-07-14 07:55:05.000000,132.94,132.94,2,MATCHED,NORMAL
107358,86029,processing,2023-05-19 14:42:12.000000,,0.0,42.99,1,MATCHED,SHIPPING_PENDING
115398,92386,shipped,2026-04-23 20:32:30.000000,2026-04-26 13:50:30.000000,240.99,240.99,4,MATCHED,NORMAL
50801,40583,cancelled,2026-06-12 11:44:44.416604,,0.0,371.15,2,MATCHED,SHIPPING_PENDING
72649,58100,complete,2026-03-14 18:50:24.000000,2026-03-16 16:15:24.000000,43.99,43.99,1,MATCHED,NORMAL
90918,72775,shipped,2026-03-14 09:13:41.000000,2026-03-17 06:58:41.000000,108.94,108.94,2,MATCHED,NORMAL
32422,25889,processing,2025-03-31 13:48:46.000000,,0.0,44.0,1,MATCHED,SHIPPING_PENDING
61441,49089,cancelled,2021-09-25 14:46:17.000000,,0.0,168.49,3,MATCHED,SHIPPING_PENDING
93615,75025,shipped,2024-07-01 11:18:41.000000,2024-07-04 03:08:41.000000,93.97,93.97,2,MATCHED,NORMAL
43914,35040,complete,2023-08-28 21:30:13.000000,2023-08-30 18:24:13.000000,304.67,304.67,4,MATCHED,NORMAL
111827,89544,complete,2022-02-21 12:39:50.000000,2022-02-23 02:40:50.000000,219.02,219.02,3,MATCHED,NORMAL
45188,36059,processing,2026-06-09 06:08:55.000000,,0.0,188.41,2,MATCHED,SHIPPING_PENDING
7473,5971,processing,2025-11-15 10:52:16.000000,,0.0,197.49,2,MATCHED,SHIPPING_PENDING
101899,81696,shipped,2024-03-22 04:18:13.000000,2024-03-22 13:30:13.000000,96.99,96.99,2,MATCHED,NORMAL
3703,2941,shipped,2023-04-29 13:49:08.000000,2023-05-01 00:14:08.000000,199.99,199.99,2,MATCHED,POTENTIAL CUT-OFF RISK
17607,14010,processing,2025-03-31 02:46:07.000000,,0.0,119.3,2,MATCHED,SHIPPING_PENDING
10999,8770,complete,2020-10-15 22:06:48.000000,2020-10-16 17:20:48.000000,48.98,48.98,1,MATCHED,NORMAL
102318,82031,shipped,2022-08-02 09:23:39.000000,2022-08-05 04:24:39.000000,49.0,49.0,1,MATCHED,NORMAL
71102,56867,complete,2026-05-25 02:09:05.000000,2026-05-27 01:27:05.000000,374.5,374.5,3,MATCHED,NORMAL
40582,32398,processing,2024-08-05 14:13:48.000000,,0.0,99.45,2,MATCHED,SHIPPING_PENDING
76853,61455,returned,2025-12-15 14:19:16.000000,2025-12-17 23:39:16.000000,49.5,49.5,1,MATCHED,NORMAL
54685,43680,shipped,2026-06-16 01:36:54.805509,2026-06-18 05:23:54.805509,49.5,49.5,1,MATCHED,NORMAL
78851,63015,returned,2024-09-28 20:56:16.000000,2024-10-01 11:12:16.000000,49.95,49.95,1,MATCHED,POTENTIAL CUT-OFF RISK
69717,55756,cancelled,2025-01-09 04:22:27.000000,,0.0,49.99,1,MATCHED,SHIPPING_PENDING
97950,78529,shipped,2026-05-06 14:37:47.000000,2026-05-08 05:31:47.000000,104.99,104.99,2,MATCHED,NORMAL
57129,45678,complete,2023-09-29 08:47:38.000000,2023-09-30 10:16:38.000000,905.0,905.0,3,MATCHED,NORMAL
17048,13565,cancelled,2026-03-31 20:01:27.000000,,0.0,53.48,1,MATCHED,SHIPPING_PENDING
124712,99839,shipped,2026-04-05 05:15:45.000000,2026-04-07 04:46:45.000000,53.48,53.48,1,MATCHED,NORMAL
25930,20718,shipped,2025-10-06 19:55:25.000000,2025-10-08 17:33:25.000000,54.0,54.0,1,MATCHED,NORMAL
63004,50344,processing,2025-07-18 12:51:05.000000,,0.0,54.5,1,MATCHED,SHIPPING_PENDING
89433,71576,processing,2024-07-14 11:35:40.000000,,0.0,156.0,2,MATCHED,SHIPPING_PENDING
19829,15834,shipped,2022-12-20 11:48:30.000000,2022-12-22 18:51:30.000000,163.0,163.0,2,MATCHED,NORMAL
70187,56130,shipped,2023-11-03 03:12:24.000000,2023-11-03 21:05:24.000000,54.5,54.5,1,MATCHED,NORMAL
29598,23650,complete,2026-02-23 20:50:29.000000,2026-02-25 09:46:29.000000,55.0,55.0,1,MATCHED,NORMAL
83783,67045,processing,2026-06-13 06:45:12.023861,,0.0,175.0,2,MATCHED,SHIPPING_PENDING
84712,67779,returned,2020-05-18 05:25:39.000000,2020-05-19 15:00:39.000000,55.0,55.0,1,MATCHED,NORMAL
19745,15766,shipped,2024-05-05 09:14:34.000000,2024-05-06 05:56:34.000000,55.0,55.0,1,MATCHED,NORMAL
48082,38411,shipped,2026-06-16 01:32:40.338548,2026-06-16 22:54:40.338548,55.0,55.0,1,MATCHED,NORMAL
60451,48278,shipped,2025-07-12 13:24:29.000000,2025-07-14 17:14:29.000000,55.0,55.0,1,MATCHED,NORMAL
38689,30900,cancelled,2024-03-16 08:47:22.000000,,0.0,58.5,1,MATCHED,SHIPPING_PENDING
88732,71001,complete,2023-10-20 08:35:14.000000,2023-10-22 07:55:14.000000,58.5,58.5,1,MATCHED,NORMAL
1235,981,shipped,2023-06-14 17:17:39.000000,2023-06-15 11:02:39.000000,58.5,58.5,1,MATCHED,NORMAL
121147,96978,returned,2026-04-18 17:47:48.000000,2026-04-20 13:12:48.000000,168.52,168.52,2,MATCHED,NORMAL
124311,99552,cancelled,2024-09-21 23:01:12.000000,,0.0,59.0,1,MATCHED,SHIPPING_PENDING
105533,84594,shipped,2026-04-30 17:27:19.000000,2026-05-01 09:05:19.000000,59.0,59.0,1,MATCHED,POTENTIAL CUT-OFF RISK
98818,79226,shipped,2026-01-10 12:49:27.000000,2026-01-11 22:14:27.000000,59.5,59.5,1,MATCHED,NORMAL
78466,62721,processing,2025-08-24 11:33:03.000000,,0.0,59.52,1,MATCHED,SHIPPING_PENDING
38723,30932,complete,2025-02-01 09:46:25.000000,2025-02-02 01:46:25.000000,60.0,60.0,1,MATCHED,NORMAL
53357,42605,processing,2025-04-20 05:00:02.000000,,0.0,60.0,1,MATCHED,SHIPPING_PENDING
118104,94561,shipped,2024-07-09 19:53:43.000000,2024-07-11 11:14:43.000000,229.82,229.82,3,MATCHED,NORMAL
120372,96353,complete,2023-12-30 16:12:17.000000,2023-12-31 19:04:17.000000,60.99,60.99,1,MATCHED,NORMAL
115359,92355,processing,2024-02-09 20:17:30.000000,,0.0,63.99,1,MATCHED,SHIPPING_PENDING
92928,74447,shipped,2024-05-25 18:00:31.000000,2024-05-27 05:18:31.000000,64.69,64.69,1,MATCHED,NORMAL
108323,86771,complete,2022-09-17 15:54:45.000000,2022-09-17 18:27:45.000000,64.99,64.99,1,MATCHED,NORMAL
114257,91494,shipped,2025-08-10 05:32:20.000000,2025-08-12 01:36:20.000000,286.0,286.0,3,MATCHED,NORMAL
79482,63529,cancelled,2024-01-18 04:12:05.000000,,0.0,68.0,1,MATCHED,SHIPPING_PENDING
80889,64705,returned,2026-06-01 08:52:50.000000,2026-06-02 16:52:50.000000,69.5,69.5,1,MATCHED,NORMAL
21980,17542,processing,2026-03-10 00:28:56.000000,,0.0,69.99,1,MATCHED,SHIPPING_PENDING
31857,25444,shipped,2022-07-16 07:58:56.000000,2022-07-17 05:18:56.000000,69.99,69.99,1,MATCHED,NORMAL
57731,46139,shipped,2026-03-05 09:28:49.000000,2026-03-08 04:05:49.000000,75.0,75.0,1,MATCHED,NORMAL
40513,32346,processing,2024-11-22 00:42:17.000000,,0.0,75.56,1,MATCHED,SHIPPING_PENDING
34742,27751,complete,2023-12-17 09:42:48.000000,2023-12-19 10:06:48.000000,79.1,79.1,1,MATCHED,NORMAL
108144,86633,complete,2022-09-13 06:04:13.000000,2022-09-14 15:16:13.000000,79.5,79.5,1,MATCHED,NORMAL
11481,9126,shipped,2023-03-25 16:57:12.000000,2023-03-27 22:01:12.000000,79.5,79.5,1,MATCHED,NORMAL
50620,40455,shipped,2026-06-14 21:53:04.495124,2026-06-17 06:12:04.495124,79.99,79.99,1,MATCHED,NORMAL
61464,49106,shipped,2024-12-29 14:43:10.000000,2024-12-30 04:17:10.000000,84.12,84.12,1,MATCHED,NORMAL
83896,67150,returned,2024-05-02 09:01:49.000000,2024-05-03 16:52:49.000000,305.0,305.0,2,MATCHED,NORMAL
75024,59987,complete,2024-11-27 19:21:33.000000,2024-11-30 01:05:33.000000,86.11,86.11,1,MATCHED,NORMAL
66093,52828,shipped,2023-10-27 03:48:20.000000,2023-10-29 00:43:20.000000,328.64,328.64,2,MATCHED,NORMAL
60007,47934,cancelled,2026-05-27 18:48:55.000000,,0.0,178.0,2,MATCHED,SHIPPING_PENDING
46360,37031,processing,2023-11-19 18:53:23.000000,,0.0,89.5,1,MATCHED,SHIPPING_PENDING
48733,38900,processing,2026-05-30 17:08:36.000000,,0.0,90.0,1,MATCHED,SHIPPING_PENDING
1563,1224,shipped,2024-06-05 19:05:48.000000,2024-06-08 08:42:48.000000,92.56,92.56,1,MATCHED,NORMAL
83769,67034,complete,2026-02-25 04:11:53.000000,2026-02-27 15:12:53.000000,94.95,94.95,1,MATCHED,NORMAL
41497,33098,shipped,2021-10-30 18:36:09.000000,2021-11-01 09:44:09.000000,94.95,94.95,1,MATCHED,POTENTIAL CUT-OFF RISK
3118,2493,cancelled,2025-01-10 06:09:20.000000,,0.0,94.99,1,MATCHED,SHIPPING_PENDING
72270,57792,complete,2026-06-13 06:41:02.432145,2026-06-13 19:54:02.432145,97.0,97.0,1,MATCHED,NORMAL
100815,80835,shipped,2026-03-10 17:51:24.000000,2026-03-12 06:20:24.000000,97.95,97.95,1,MATCHED,NORMAL
90527,72442,cancelled,2026-06-15 21:57:44.000000,,0.0,98.0,1,MATCHED,SHIPPING_PENDING
36062,28766,complete,2026-02-25 06:40:25.000000,2026-02-26 02:23:25.000000,98.0,98.0,1,MATCHED,NORMAL
22900,18290,processing,2023-01-17 06:38:49.000000,,0.0,98.0,1,MATCHED,SHIPPING_PENDING
115878,92775,shipped,2024-01-07 08:07:54.000000,2024-01-09 00:05:54.000000,98.0,98.0,1,MATCHED,NORMAL
111631,89404,returned,2026-06-08 14:20:42.000000,2026-06-11 07:52:42.000000,98.08,98.08,1,MATCHED,NORMAL
70724,56555,complete,2026-05-31 12:55:17.000000,2026-06-01 22:26:17.000000,98.95,98.95,1,MATCHED,POTENTIAL CUT-OFF RISK
85208,68181,complete,2025-02-28 18:43:21.000000,2025-03-02 13:10:21.000000,99.99,99.99,1,MATCHED,POTENTIAL CUT-OFF RISK
99013,79394,processing,2024-10-21 06:41:04.000000,,0.0,105.26,1,MATCHED,SHIPPING_PENDING
94765,75964,cancelled,2025-08-30 03:24:08.000000,,0.0,109.0,1,MATCHED,SHIPPING_PENDING
63515,50765,returned,2025-01-17 09:39:36.000000,2025-01-17 11:23:36.000000,110.0,110.0,1,MATCHED,NORMAL
124119,99393,shipped,2026-06-14 14:38:17.961949,2026-06-16 18:10:17.961949,110.0,110.0,1,MATCHED,NORMAL
32415,25886,complete,2021-08-29 02:01:15.000000,2021-09-01 01:39:15.000000,114.75,114.75,1,MATCHED,POTENTIAL CUT-OFF RISK
9771,7796,complete,2023-09-08 10:28:44.000000,2023-09-10 09:29:44.000000,131.94,131.94,1,MATCHED,NORMAL
60612,48401,complete,2022-01-06 04:01:15.000000,2022-01-08 06:55:15.000000,138.0,138.0,1,MATCHED,NORMAL
10766,8584,returned,2021-08-21 02:28:09.000000,2021-08-23 14:37:09.000000,138.0,138.0,1,MATCHED,NORMAL
33421,26647,cancelled,2026-05-24 19:28:03.000000,,0.0,140.0,1,MATCHED,SHIPPING_PENDING
6480,5134,processing,2025-03-06 23:03:26.000000,,0.0,142.8,1,MATCHED,SHIPPING_PENDING
34476,27528,returned,2025-02-05 20:10:54.000000,2025-02-07 13:40:54.000000,148.0,148.0,1,MATCHED,NORMAL
5854,4631,complete,2025-12-23 06:31:39.000000,2025-12-24 07:09:39.000000,150.0,150.0,1,MATCHED,NORMAL
85157,68138,shipped,2023-06-01 01:57:49.000000,2023-06-03 00:15:49.000000,328.0,328.0,2,MATCHED,NORMAL
113556,90902,complete,2023-02-08 12:39:47.000000,2023-02-09 13:30:47.000000,171.95,171.95,1,MATCHED,NORMAL
10893,8682,returned,2026-06-14 12:10:48.560031,2026-06-17 08:32:48.560031,178.0,178.0,1,MATCHED,NORMAL
92541,74112,processing,2024-01-02 12:21:50.000000,,0.0,195.0,1,MATCHED,SHIPPING_PENDING
51052,40790,returned,2025-03-02 06:44:00.000000,2025-03-02 07:09:00.000000,239.99,239.99,1,MATCHED,NORMAL
33196,26490,shipped,2025-09-09 08:53:36.000000,2025-09-11 22:27:36.000000,265.99,265.99,1,MATCHED,NORMAL
40836,32591,shipped,2024-02-12 09:37:35.000000,2024-02-14 01:19:35.000000,279.99,279.99,1,MATCHED,NORMAL
111127,89007,returned,2022-03-09 19:22:49.000000,2022-03-12 12:17:49.000000,345.99,345.99,1,MATCHED,NORMAL
109815,87977,shipped,2025-12-21 21:38:19.000000,2025-12-21 23:47:19.000000,374.0,374.0,1,MATCHED,NORMAL
93905,75261,returned,2026-02-19 00:58:56.000000,2026-02-20 02:08:56.000000,399.0,399.0,1,MATCHED,NORMAL
115285,92295,processing,2022-11-17 23:21:26.000000,,0.0,449.0,1,MATCHED,SHIPPING_PENDING
-3,46811,returned,2026-06-16 10:22:00.000000,2026-06-17 21:22:00.000000,291.0,291.0,3,MATCHED,NORMAL
-12,77461,complete,2026-06-16 09:30:00.000000,2026-06-18 07:30:00.000000,258.0,258.0,2,MATCHED,NORMAL
-22,11691,complete,2026-06-16 17:15:00.000000,2026-06-18 14:15:00.000000,344.0,344.0,3,MATCHED,NORMAL
-33,29458,complete,2026-06-16 12:21:00.000000,2026-06-18 00:21:00.000000,388.0,388.0,3,MATCHED,NORMAL
-47,80533,"complete,returned",2026-06-16 12:42:00.000000,2026-06-17 23:42:00.000000,176.0,176.0,2,MATCHED,NORMAL
-76,95155,complete,2026-06-16 17:51:00.000000,2026-06-18 16:51:00.000000,417.0,417.0,3,MATCHED,NORMAL
-80,86724,"complete,shipped",2026-06-16 16:12:00.000000,2026-06-18 03:12:00.000000,298.0,298.0,2,MATCHED,NORMAL
-87,76848,complete,2026-06-16 09:14:00.000000,2026-06-17 21:14:00.000000,25.0,25.0,1,MATCHED,NORMAL
-112,43257,"complete,returned",2026-06-16 14:05:00.000000,2026-06-17 14:05:00.000000,249.0,249.0,2,MATCHED,NORMAL
-123,97518,complete,2026-06-16 10:27:00.000000,2026-06-18 00:27:00.000000,294.0,294.0,2,MATCHED,NORMAL
-126,67008,"complete,returned",2026-06-16 09:57:00.000000,2026-06-18 07:57:00.000000,371.0,371.0,2,MATCHED,NORMAL
-134,73547,"complete,returned",2026-06-16 11:38:00.000000,2026-06-17 11:38:00.000000,245.0,245.0,3,MATCHED,NORMAL
-139,82620,complete,2026-06-16 15:53:00.000000,2026-06-17 18:53:00.000000,318.0,318.0,3,MATCHED,NORMAL
-167,29370,complete,2026-06-16 12:23:00.000000,2026-06-18 05:23:00.000000,101.0,101.0,1,MATCHED,NORMAL
-176,38646,shipped,2026-06-16 10:24:00.000000,2026-06-17 13:24:00.000000,195.0,195.0,1,MATCHED,NORMAL
-184,74694,complete,2026-06-16 17:17:00.000000,2026-06-17 21:17:00.000000,378.0,378.0,3,MATCHED,NORMAL
-214,40063,complete,2026-06-16 10:19:00.000000,2026-06-18 04:19:00.000000,240.0,240.0,3,MATCHED,NORMAL
-225,65927,complete,2026-06-16 15:46:00.000000,2026-06-18 10:46:00.000000,114.0,114.0,1,MATCHED,NORMAL
-226,18874,"complete,shipped",2026-06-16 11:01:00.000000,2026-06-18 04:01:00.000000,315.0,315.0,3,MATCHED,NORMAL
-228,77886,complete,2026-06-16 16:05:00.000000,2026-06-18 12:05:00.000000,341.0,341.0,3,MATCHED,NORMAL
-245,36723,"complete,shipped",2026-06-16 12:20:00.000000,2026-06-18 07:20:00.000000,387.0,387.0,3,MATCHED,NORMAL
-246,27750,"complete,shipped",2026-06-16 09:44:00.000000,2026-06-17 09:44:00.000000,245.0,245.0,3,MATCHED,NORMAL
-252,36571,"complete,shipped",2026-06-16 16:58:00.000000,2026-06-18 09:58:00.000000,248.0,248.0,3,MATCHED,NORMAL
-257,89934,complete,2026-06-16 11:25:00.000000,2026-06-18 00:25:00.000000,300.0,300.0,2,MATCHED,NORMAL
-278,91459,shipped,2026-06-16 11:10:00.000000,2026-06-17 23:10:00.000000,80.0,80.0,1,MATCHED,NORMAL
-284,59210,complete,2026-06-16 17:41:00.000000,2026-06-17 18:41:00.000000,370.0,370.0,2,MATCHED,NORMAL
18314,14584,shipped,2019-08-14 20:02:03.000000,2019-08-14 21:36:03.000000,2.95,2.95,1,MATCHED,NORMAL
71999,57579,cancelled,2024-06-07 12:57:33.000000,,0.0,42.68,2,MATCHED,SHIPPING_PENDING
80599,64457,shipped,2026-06-12 18:35:08.000000,2026-06-13 00:31:08.000000,207.6,207.6,4,MATCHED,NORMAL
63451,50704,shipped,2025-11-13 09:06:24.000000,2025-11-14 15:09:24.000000,5.0,5.0,1,MATCHED,NORMAL
35520,28355,processing,2023-07-27 00:35:17.000000,,0.0,242.45,4,MATCHED,SHIPPING_PENDING
26099,20853,shipped,2025-04-19 13:49:12.000000,2025-04-21 09:55:12.000000,75.94,75.94,2,MATCHED,NORMAL
60167,48046,complete,2024-05-31 18:11:52.000000,2024-06-03 16:25:52.000000,5.99,5.99,1,MATCHED,POTENTIAL CUT-OFF RISK
47475,37927,shipped,2023-12-27 11:42:47.000000,2023-12-29 09:46:47.000000,38.9,38.9,2,MATCHED,NORMAL
69922,55927,cancelled,2025-07-16 02:10:13.000000,,0.0,42.0,3,MATCHED,SHIPPING_PENDING
71375,57091,complete,2026-06-14 21:43:34.661598,2026-06-16 20:47:34.661598,6.25,6.25,1,MATCHED,NORMAL
31802,25407,shipped,2025-10-18 15:26:09.000000,2025-10-20 11:16:09.000000,48.55,48.55,2,MATCHED,NORMAL
35149,28071,cancelled,2024-10-11 09:04:36.000000,,0.0,65.34,3,MATCHED,SHIPPING_PENDING
52837,42166,complete,2024-04-16 05:15:39.000000,2024-04-18 13:08:39.000000,50.39,50.39,2,MATCHED,NORMAL
24387,19480,returned,2024-05-25 05:48:14.000000,2024-05-27 19:25:14.000000,490.43,490.43,4,MATCHED,NORMAL
8375,6690,complete,2024-04-03 21:21:07.000000,2024-04-06 13:08:07.000000,116.93,116.93,4,MATCHED,NORMAL
106708,85518,complete,2025-09-26 23:29:53.000000,2025-09-29 09:28:53.000000,6.99,6.99,1,MATCHED,NORMAL
95064,76193,processing,2024-01-19 21:30:20.000000,,0.0,6.99,1,MATCHED,SHIPPING_PENDING
34740,27750,processing,2026-01-13 05:17:13.000000,,0.0,183.49,4,MATCHED,SHIPPING_PENDING
109829,87990,processing,2024-10-08 12:02:38.000000,,0.0,140.95,4,MATCHED,SHIPPING_PENDING
837,674,shipped,2026-06-11 14:00:58.000000,2026-06-13 08:01:58.000000,40.46,40.46,3,MATCHED,NORMAL
62833,50205,shipped,2023-06-13 09:05:47.000000,2023-06-15 07:47:47.000000,7.0,7.0,1,MATCHED,NORMAL
20120,16075,shipped,2025-08-22 16:06:31.000000,2025-08-24 04:14:31.000000,227.11,227.11,3,MATCHED,NORMAL
105428,84508,shipped,2026-06-04 09:35:35.000000,2026-06-05 10:31:35.000000,7.9,7.9,1,MATCHED,NORMAL
117695,94251,cancelled,2025-04-03 17:40:10.000000,,0.0,125.98,4,MATCHED,SHIPPING_PENDING
29202,23340,shipped,2025-05-09 04:23:27.000000,2025-05-12 00:06:27.000000,7.99,7.99,1,MATCHED,NORMAL
25605,20441,cancelled,2024-12-16 23:13:28.000000,,0.0,68.0,2,MATCHED,SHIPPING_PENDING
78958,63107,shipped,2023-08-08 08:28:18.000000,2023-08-10 17:25:18.000000,146.85,146.85,2,MATCHED,NORMAL
26158,20895,complete,2026-04-23 17:20:14.000000,2026-04-24 06:42:14.000000,122.34,122.34,4,MATCHED,NORMAL
35569,28392,cancelled,2025-06-17 05:03:04.000000,,0.0,8.99,1,MATCHED,SHIPPING_PENDING
76911,61497,processing,2023-07-21 07:45:31.000000,,0.0,524.03,4,MATCHED,SHIPPING_PENDING
54696,43689,cancelled,2026-06-16 07:32:21.000000,,0.0,228.49,4,MATCHED,SHIPPING_PENDING
67675,54142,complete,2025-12-04 09:09:57.000000,2025-12-06 20:20:57.000000,138.28,138.28,4,MATCHED,NORMAL
22494,17957,processing,2026-06-01 19:50:53.000000,,0.0,98.69,4,MATCHED,SHIPPING_PENDING
62664,50068,cancelled,2025-08-23 21:11:34.000000,,0.0,9.95,1,MATCHED,SHIPPING_PENDING
105981,84932,shipped,2026-05-21 13:15:07.000000,2026-05-23 21:10:07.000000,189.43,189.43,4,MATCHED,NORMAL
118562,94916,processing,2023-08-14 03:51:32.000000,,0.0,59.94,2,MATCHED,SHIPPING_PENDING
73235,58582,returned,2026-02-12 08:42:17.000000,2026-02-13 18:18:17.000000,9.99,9.99,1,MATCHED,NORMAL
37456,29908,shipped,2022-04-22 11:01:07.000000,2022-04-23 03:57:07.000000,9.99,9.99,1,MATCHED,NORMAL
100507,80595,shipped,2024-12-09 07:17:06.000000,2024-12-10 14:55:06.000000,128.95,128.95,4,MATCHED,NORMAL
69986,55978,processing,2024-12-31 00:50:44.000000,,0.0,10.0,1,MATCHED,SHIPPING_PENDING
95157,76269,processing,2024-06-02 04:29:25.000000,,0.0,176.85,4,MATCHED,SHIPPING_PENDING
14751,11767,returned,2024-04-23 22:30:30.000000,2024-04-26 13:40:30.000000,35.69,35.69,2,MATCHED,NORMAL
35842,28595,returned,2026-04-22 04:26:11.000000,2026-04-22 06:39:11.000000,10.69,10.69,1,MATCHED,NORMAL
38304,30574,cancelled,2024-11-26 16:54:14.000000,,0.0,10.97,1,MATCHED,SHIPPING_PENDING
6442,5109,cancelled,2022-01-01 02:41:36.000000,,0.0,106.09,4,MATCHED,SHIPPING_PENDING
68631,54913,processing,2023-05-12 03:21:27.000000,,0.0,286.22,3,MATCHED,SHIPPING_PENDING
12854,10206,shipped,2025-01-04 22:29:03.000000,2025-01-06 06:46:03.000000,11.25,11.25,1,MATCHED,NORMAL
36775,29356,complete,2025-03-26 01:43:08.000000,2025-03-28 23:33:08.000000,11.86,11.86,1,MATCHED,NORMAL
111574,89365,processing,2024-07-07 00:43:22.000000,,0.0,11.95,1,MATCHED,SHIPPING_PENDING
90423,72362,shipped,2022-12-07 21:03:31.000000,2022-12-10 01:24:31.000000,39.94,39.94,2,MATCHED,NORMAL
96725,77553,cancelled,2026-04-17 09:15:32.000000,,0.0,80.99,3,MATCHED,SHIPPING_PENDING
51213,40910,complete,2026-06-07 22:54:27.000000,2026-06-09 15:50:27.000000,93.98,93.98,4,MATCHED,NORMAL
70497,56380,returned,2020-06-11 06:28:20.000000,2020-06-11 13:50:20.000000,46.99,46.99,2,MATCHED,NORMAL
96477,77354,shipped,2024-05-09 00:37:46.000000,2024-05-09 16:34:46.000000,11.99,11.99,1,MATCHED,NORMAL
106430,85315,shipped,2023-07-08 01:09:12.000000,2023-07-08 15:14:12.000000,61.96,61.96,4,MATCHED,NORMAL
23645,18892,cancelled,2025-03-22 20:54:26.000000,,0.0,230.0,2,MATCHED,SHIPPING_PENDING
44199,35258,returned,2023-06-26 10:58:22.000000,2023-06-27 22:11:22.000000,361.98,361.98,3,MATCHED,NORMAL
38078,30403,cancelled,2023-12-16 17:57:45.000000,,0.0,160.94,2,MATCHED,SHIPPING_PENDING
96975,77729,shipped,2021-03-11 13:25:39.000000,2021-03-14 10:21:39.000000,57.13,57.13,2,MATCHED,NORMAL
40468,32314,shipped,2021-10-11 07:16:21.000000,2021-10-12 10:42:21.000000,32.19,32.19,2,MATCHED,NORMAL
12728,10111,processing,2025-12-07 00:03:44.000000,,0.0,12.9,1,MATCHED,SHIPPING_PENDING
69668,55712,complete,2024-02-18 15:12:26.000000,2024-02-19 14:49:26.000000,37.99,37.99,2,MATCHED,NORMAL
66286,52990,cancelled,2026-06-12 03:48:45.000000,,0.0,13.01,1,MATCHED,SHIPPING_PENDING
99244,79576,cancelled,2024-09-15 16:55:57.000000,,0.0,33.74,2,MATCHED,SHIPPING_PENDING
73494,58781,shipped,2020-10-19 02:16:16.000000,2020-10-19 12:23:16.000000,13.75,13.75,1,MATCHED,NORMAL
69432,55535,complete,2026-06-11 23:03:53.000000,2026-06-12 18:12:53.000000,173.11,173.11,4,MATCHED,NORMAL
42845,34186,returned,2026-02-08 08:12:25.000000,2026-02-09 10:47:25.000000,342.87,342.87,4,MATCHED,NORMAL
56249,44940,shipped,2026-03-30 08:38:41.000000,2026-03-31 22:03:41.000000,71.91,71.91,3,MATCHED,NORMAL
68584,54880,shipped,2026-05-14 21:28:38.000000,2026-05-17 20:32:38.000000,324.93,324.93,4,MATCHED,NORMAL
99468,79776,returned,2024-11-18 13:15:40.000000,2024-11-20 01:03:40.000000,248.98,248.98,4,MATCHED,NORMAL
3851,3051,returned,2025-12-31 15:08:45.000000,2026-01-02 12:53:45.000000,123.18,123.18,3,MATCHED,POTENTIAL CUT-OFF RISK
100642,80693,shipped,2026-04-08 07:35:16.000000,2026-04-08 10:00:16.000000,156.19,156.19,3,MATCHED,NORMAL
115537,92495,returned,2026-06-03 22:34:04.000000,2026-06-04 10:11:04.000000,54.39,54.39,2,MATCHED,NORMAL
48221,38522,processing,2025-09-27 19:57:25.000000,,0.0,263.24,4,MATCHED,SHIPPING_PENDING
90727,72608,complete,2025-08-25 23:20:53.000000,2025-08-27 08:49:53.000000,14.67,14.67,1,MATCHED,NORMAL
18682,14885,returned,2020-12-05 06:14:10.000000,2020-12-06 19:04:10.000000,145.83,145.83,3,MATCHED,NORMAL
16802,13382,processing,2025-07-07 21:27:28.000000,,0.0,46.95,2,MATCHED,SHIPPING_PENDING
50288,40189,complete,2026-05-12 20:04:01.000000,2026-05-13 17:40:01.000000,42.14,42.14,2,MATCHED,NORMAL
74218,59355,processing,2025-07-01 21:33:36.000000,,0.0,112.96,4,MATCHED,SHIPPING_PENDING
12959,10294,cancelled,2020-08-23 19:42:00.000000,,0.0,14.99,1,MATCHED,SHIPPING_PENDING
87922,70352,complete,2021-11-14 17:42:22.000000,2021-11-16 07:24:22.000000,134.47,134.47,4,MATCHED,NORMAL
109050,87368,complete,2026-06-01 07:32:16.000000,2026-06-04 02:37:16.000000,152.99,152.99,3,MATCHED,NORMAL
27836,22252,returned,2026-01-20 10:02:20.000000,2026-01-20 18:20:20.000000,112.26,112.26,3,MATCHED,NORMAL
6527,5175,shipped,2025-05-02 07:33:49.000000,2025-05-04 02:19:49.000000,119.33,119.33,4,MATCHED,NORMAL
96165,77086,shipped,2025-02-24 06:55:07.000000,2025-02-26 22:05:07.000000,14.99,14.99,1,MATCHED,NORMAL
37010,29548,shipped,2025-05-29 13:14:58.000000,2025-05-31 16:13:58.000000,15.0,15.0,1,MATCHED,NORMAL
76508,61174,cancelled,2025-12-30 20:20:57.000000,,0.0,69.68,2,MATCHED,SHIPPING_PENDING
111380,89204,cancelled,2025-03-29 16:41:33.000000,,0.0,142.75,4,MATCHED,SHIPPING_PENDING
1547,1214,processing,2026-06-14 13:26:45.000000,,0.0,15.9,1,MATCHED,SHIPPING_PENDING
110832,88763,shipped,2026-04-04 09:48:34.000000,2026-04-06 13:52:34.000000,15.9,15.9,1,MATCHED,NORMAL
95949,76916,complete,2023-04-28 10:35:56.000000,2023-04-30 13:42:56.000000,15.95,15.95,1,MATCHED,NORMAL
97283,77970,cancelled,2024-11-20 03:21:48.000000,,0.0,125.99,2,MATCHED,SHIPPING_PENDING
22587,18033,complete,2021-05-26 11:53:07.000000,2021-05-26 14:52:07.000000,45.94,45.94,2,MATCHED,NORMAL
93677,75067,processing,2026-05-13 04:17:10.000000,,0.0,140.55,4,MATCHED,SHIPPING_PENDING
16688,13281,returned,2026-05-28 04:12:49.000000,2026-05-30 18:14:49.000000,269.59,269.59,4,MATCHED,NORMAL
68143,54534,shipped,2025-02-06 02:11:41.000000,2025-02-08 08:07:41.000000,15.99,15.99,1,MATCHED,NORMAL
25150,20091,complete,2025-01-11 06:51:58.000000,2025-01-13 22:56:58.000000,16.0,16.0,1,MATCHED,NORMAL
97348,78029,complete,2026-05-07 13:18:48.000000,2026-05-08 18:52:48.000000,178.74,178.74,4,MATCHED,NORMAL
63815,50998,cancelled,2026-04-09 21:57:25.000000,,0.0,16.95,1,MATCHED,SHIPPING_PENDING
15826,12624,complete,2022-08-02 03:50:16.000000,2022-08-04 20:51:16.000000,51.94,51.94,2,MATCHED,NORMAL
121616,97361,complete,2024-09-24 18:31:21.000000,2024-09-24 21:19:21.000000,43.5,43.5,2,MATCHED,NORMAL
103049,82631,shipped,2023-04-13 12:37:39.000000,2023-04-14 00:22:39.000000,274.31,274.31,4,MATCHED,NORMAL
53004,42315,shipped,2021-10-20 04:13:54.000000,2021-10-20 15:34:54.000000,17.56,17.56,1,MATCHED,NORMAL
91560,73300,shipped,2026-04-05 23:21:01.000000,2026-04-06 02:18:01.000000,17.9,17.9,1,MATCHED,NORMAL
62865,50230,returned,2022-09-24 23:44:55.000000,2022-09-26 08:46:55.000000,269.93,269.93,3,MATCHED,NORMAL
35557,28382,shipped,2025-10-23 18:06:09.000000,2025-10-24 01:29:09.000000,266.98,266.98,4,MATCHED,NORMAL
59750,47727,shipped,2024-04-04 01:38:55.000000,2024-04-05 03:33:55.000000,188.99,188.99,2,MATCHED,NORMAL
118685,95009,cancelled,2025-01-26 01:07:57.000000,,0.0,51.97,2,MATCHED,SHIPPING_PENDING
51110,40828,complete,2025-10-18 23:37:59.000000,2025-10-21 16:40:59.000000,46.0,46.0,2,MATCHED,NORMAL
73165,58517,returned,2023-02-03 17:57:03.000000,2023-02-03 23:29:03.000000,18.0,18.0,1,MATCHED,NORMAL
80764,64604,processing,2024-10-16 20:57:09.000000,,0.0,293.53,4,MATCHED,SHIPPING_PENDING
56067,44805,shipped,2026-05-16 09:36:15.000000,2026-05-18 20:08:15.000000,183.76,183.76,4,MATCHED,NORMAL
28912,23104,returned,2026-06-15 00:01:26.869511,2026-06-15 01:38:26.869511,232.05,232.05,4,MATCHED,NORMAL
112158,89809,complete,2025-05-05 03:45:45.000000,2025-05-06 22:04:45.000000,273.4,273.4,4,MATCHED,NORMAL
38809,31004,complete,2026-06-14 09:37:15.000000,2026-06-14 20:19:15.000000,18.99,18.99,1,MATCHED,NORMAL
38358,30611,cancelled,2024-01-10 21:26:50.000000,,0.0,19.0,1,MATCHED,SHIPPING_PENDING
43004,34311,returned,2025-03-09 21:59:11.000000,2025-03-12 07:16:11.000000,78.95,78.95,3,MATCHED,NORMAL
82514,66015,shipped,2024-08-09 00:57:25.000000,2024-08-09 18:21:25.000000,194.0,194.0,3,MATCHED,NORMAL
14313,11409,returned,2024-11-28 16:24:11.000000,2024-12-01 11:24:11.000000,120.49,120.49,4,MATCHED,POTENTIAL CUT-OFF RISK
73436,58737,shipped,2022-10-12 16:29:26.000000,2022-10-14 23:58:26.000000,167.95,167.95,2,MATCHED,NORMAL
82730,66195,returned,2025-12-16 14:44:32.000000,2025-12-18 07:10:32.000000,19.97,19.97,1,MATCHED,NORMAL
99783,80040,shipped,2022-04-09 05:14:18.000000,2022-04-10 00:36:18.000000,305.47,305.47,4,MATCHED,NORMAL
1939,1552,complete,2020-04-25 11:51:21.000000,2020-04-26 06:21:21.000000,128.97,128.97,3,MATCHED,NORMAL
35834,28590,complete,2024-04-03 08:45:06.000000,2024-04-03 10:49:06.000000,386.47,386.47,4,MATCHED,NORMAL
87520,70041,complete,2026-03-02 15:24:28.000000,2026-03-04 06:30:28.000000,68.0,68.0,2,MATCHED,NORMAL
66752,53373,shipped,2026-06-09 00:43:02.000000,2026-06-11 18:47:02.000000,475.92,475.92,4,MATCHED,NORMAL
40151,32059,complete,2025-12-28 15:08:43.000000,2025-12-31 05:21:43.000000,20.8,20.8,1,MATCHED,NORMAL
30838,24617,complete,2025-05-16 07:09:45.000000,2025-05-16 12:12:45.000000,65.88,65.88,2,MATCHED,NORMAL
123243,98688,returned,2024-03-25 21:08:18.000000,2024-03-28 14:04:18.000000,20.99,20.99,1,MATCHED,NORMAL
123460,98861,cancelled,2026-03-08 05:52:47.000000,,0.0,109.79,2,MATCHED,SHIPPING_PENDING
80618,64472,processing,2025-04-07 20:28:27.000000,,0.0,21.9,1,MATCHED,SHIPPING_PENDING
94784,75985,shipped,2024-11-08 22:30:57.000000,2024-11-11 17:10:57.000000,106.79,106.79,3,MATCHED,NORMAL
68678,54949,cancelled,2023-01-20 02:48:55.000000,,0.0,22.0,1,MATCHED,SHIPPING_PENDING
52921,42235,complete,2024-03-02 21:39:08.000000,2024-03-05 00:41:08.000000,22.0,22.0,1,MATCHED,NORMAL
36822,29394,processing,2023-09-04 23:48:52.000000,,0.0,264.66,4,MATCHED,SHIPPING_PENDING
82296,65863,processing,2024-04-08 10:28:33.000000,,0.0,234.71,4,MATCHED,SHIPPING_PENDING
22764,18185,shipped,2026-03-09 09:25:58.000000,2026-03-11 04:00:58.000000,56.99,56.99,2,MATCHED,NORMAL
52609,41981,complete,2022-09-23 17:14:51.000000,2022-09-25 11:27:51.000000,22.45,22.45,1,MATCHED,NORMAL
60036,47956,returned,2023-05-03 09:34:28.000000,2023-05-04 23:06:28.000000,47.95,47.95,2,MATCHED,NORMAL
66391,53082,complete,2025-10-01 05:07:57.000000,2025-10-03 11:29:57.000000,22.97,22.97,1,MATCHED,NORMAL
56653,45264,processing,2021-03-08 09:53:44.000000,,0.0,47.98,2,MATCHED,SHIPPING_PENDING
16418,13079,shipped,2023-04-20 06:02:24.000000,2023-04-20 07:22:24.000000,129.47,129.47,4,MATCHED,NORMAL
75458,60347,complete,2022-04-08 14:13:40.000000,2022-04-09 15:41:40.000000,50.9,50.9,2,MATCHED,NORMAL
87881,70326,shipped,2025-02-15 07:36:25.000000,2025-02-18 05:48:25.000000,72.99,72.99,2,MATCHED,NORMAL
88639,70918,shipped,2026-03-25 06:55:27.000000,2026-03-27 03:55:27.000000,23.0,23.0,1,MATCHED,NORMAL
115904,92793,shipped,2023-12-10 10:54:56.000000,2023-12-11 19:09:56.000000,23.7,23.7,1,MATCHED,NORMAL
62497,49930,complete,2025-12-03 15:01:56.000000,2025-12-04 13:51:56.000000,111.98,111.98,2,MATCHED,NORMAL
2547,2034,cancelled,2020-06-28 16:42:49.000000,,0.0,111.44,4,MATCHED,SHIPPING_PENDING
14109,11230,processing,2026-01-02 01:15:58.000000,,0.0,521.47,4,MATCHED,SHIPPING_PENDING
100544,80619,processing,2025-12-15 09:34:49.000000,,0.0,24.0,1,MATCHED,SHIPPING_PENDING
17267,13732,complete,2022-10-21 04:18:05.000000,2022-10-23 17:01:05.000000,125.74,125.74,4,MATCHED,NORMAL
42473,33892,shipped,2024-12-03 23:53:06.000000,2024-12-04 09:09:06.000000,65.41,65.41,2,MATCHED,NORMAL
58112,46442,processing,2023-11-16 04:25:20.000000,,0.0,106.33,2,MATCHED,SHIPPING_PENDING
90395,72337,shipped,2022-09-07 11:01:26.000000,2022-09-08 12:57:26.000000,24.95,24.95,1,MATCHED,NORMAL
26549,21215,returned,2023-02-23 08:07:25.000000,2023-02-24 14:27:25.000000,24.98,24.98,1,MATCHED,NORMAL
75484,60371,shipped,2022-04-06 23:26:04.000000,2022-04-09 22:51:04.000000,200.23,200.23,4,MATCHED,NORMAL
103597,83063,shipped,2026-02-21 20:17:13.000000,2026-02-22 21:45:13.000000,24.99,24.99,1,MATCHED,NORMAL
109882,88026,shipped,2024-03-14 18:24:45.000000,2024-03-15 23:12:45.000000,181.15,181.15,4,MATCHED,NORMAL
52278,41733,cancelled,2020-06-19 10:53:00.000000,,0.0,25.0,1,MATCHED,SHIPPING_PENDING
65594,52390,cancelled,2025-03-04 12:25:38.000000,,0.0,25.0,1,MATCHED,SHIPPING_PENDING
91526,73276,cancelled,2022-10-29 22:01:16.000000,,0.0,25.0,1,MATCHED,SHIPPING_PENDING
906,728,complete,2020-03-27 17:20:33.000000,2020-03-28 18:05:33.000000,132.5,132.5,3,MATCHED,NORMAL
11047,8807,complete,2020-06-14 15:31:19.000000,2020-06-15 02:48:19.000000,25.0,25.0,1,MATCHED,NORMAL
27140,21701,complete,2020-09-11 00:01:25.000000,2020-09-11 00:41:25.000000,25.0,25.0,1,MATCHED,NORMAL
33156,26457,complete,2021-06-11 03:30:19.000000,2021-06-11 10:08:19.000000,223.57,223.57,4,MATCHED,NORMAL
99398,79712,complete,2026-06-01 16:23:54.000000,2026-06-04 13:24:54.000000,212.0,212.0,4,MATCHED,NORMAL
113240,90659,complete,2024-01-15 19:22:40.000000,2024-01-18 00:55:40.000000,25.0,25.0,1,MATCHED,NORMAL
117445,94049,complete,2024-12-20 00:22:16.000000,2024-12-22 07:29:16.000000,193.26,193.26,3,MATCHED,NORMAL
23996,19171,processing,2023-03-15 17:30:41.000000,,0.0,25.0,1,MATCHED,SHIPPING_PENDING
63180,50485,processing,2024-11-28 13:11:01.000000,,0.0,25.0,1,MATCHED,SHIPPING_PENDING
95465,76512,processing,2025-08-15 02:20:35.000000,,0.0,144.23,4,MATCHED,SHIPPING_PENDING
107765,86351,processing,2023-02-27 14:22:12.000000,,0.0,304.99,2,MATCHED,SHIPPING_PENDING
98563,79031,returned,2024-11-15 17:11:13.000000,2024-11-18 16:52:13.000000,74.5,74.5,2,MATCHED,NORMAL
20428,16332,shipped,2025-09-07 11:52:31.000000,2025-09-07 14:28:31.000000,340.47,340.47,4,MATCHED,NORMAL
81437,65155,shipped,2026-01-29 17:56:46.000000,2026-02-01 10:56:46.000000,25.0,25.0,1,MATCHED,POTENTIAL CUT-OFF RISK
85982,68842,shipped,2025-01-28 15:53:24.000000,2025-01-31 01:36:24.000000,212.4,212.4,3,MATCHED,NORMAL
87128,69736,shipped,2026-06-01 05:28:02.000000,2026-06-03 06:57:02.000000,25.0,25.0,1,MATCHED,NORMAL
116007,92875,shipped,2024-05-12 18:49:53.000000,2024-05-13 23:30:53.000000,107.99,107.99,3,MATCHED,NORMAL
109515,87739,shipped,2026-05-18 20:45:27.000000,2026-05-20 16:39:27.000000,105.25,105.25,2,MATCHED,NORMAL
16653,13260,complete,2026-03-04 08:13:47.000000,2026-03-07 00:00:47.000000,89.67,89.67,2,MATCHED,NORMAL
64026,51164,complete,2025-08-28 13:27:17.000000,2025-08-29 14:11:17.000000,25.5,25.5,1,MATCHED,NORMAL
109923,88062,complete,2026-02-02 16:10:32.000000,2026-02-04 00:10:32.000000,194.55,194.55,4,MATCHED,NORMAL
113062,90515,complete,2021-10-05 10:21:12.000000,2021-10-07 06:18:12.000000,58.98,58.98,2,MATCHED,NORMAL
5584,4415,complete,2025-11-21 08:29:03.000000,2025-11-23 11:19:03.000000,26.0,26.0,1,MATCHED,NORMAL
23823,19032,shipped,2026-03-17 08:47:59.000000,2026-03-18 05:02:59.000000,26.0,26.0,1,MATCHED,NORMAL
42357,33796,processing,2026-05-11 19:37:29.000000,,0.0,400.65,2,MATCHED,SHIPPING_PENDING
47685,38081,complete,2026-03-04 09:16:40.000000,2026-03-07 07:14:40.000000,27.0,27.0,1,MATCHED,NORMAL
12419,9897,shipped,2026-04-09 05:25:57.000000,2026-04-11 12:29:57.000000,82.95,82.95,2,MATCHED,NORMAL
69792,55812,processing,2026-01-31 21:42:27.000000,,0.0,375.0,4,MATCHED,SHIPPING_PENDING
56235,44932,processing,2025-07-07 20:53:20.000000,,0.0,27.7,1,MATCHED,SHIPPING_PENDING
23529,18785,processing,2025-05-11 20:13:09.000000,,0.0,127.98,2,MATCHED,SHIPPING_PENDING
13246,10513,complete,2024-05-27 19:37:29.000000,2024-05-29 01:13:29.000000,28.82,28.82,1,MATCHED,NORMAL
69537,55616,complete,2026-03-18 10:32:56.000000,2026-03-19 03:57:56.000000,64.95,64.95,2,MATCHED,NORMAL
59283,47377,shipped,2025-06-17 20:54:25.000000,2025-06-17 21:17:25.000000,218.95,218.95,4,MATCHED,NORMAL
122337,97953,cancelled,2021-07-07 01:55:13.000000,,0.0,156.51,2,MATCHED,SHIPPING_PENDING
51748,41331,complete,2026-04-18 10:58:24.000000,2026-04-20 15:21:24.000000,182.41,182.41,4,MATCHED,NORMAL
60832,48574,shipped,2026-04-26 18:16:19.000000,2026-04-27 12:06:19.000000,29.41,29.41,1,MATCHED,NORMAL
61097,48790,cancelled,2024-02-17 01:20:18.000000,,0.0,127.95,2,MATCHED,SHIPPING_PENDING
22467,17933,processing,2023-07-28 09:15:51.000000,,0.0,168.94,3,MATCHED,SHIPPING_PENDING
95925,76899,processing,2024-11-30 05:49:43.000000,,0.0,142.94,3,MATCHED,SHIPPING_PENDING
87692,70173,complete,2023-07-16 13:50:04.000000,2023-07-18 14:50:04.000000,71.98,71.98,2,MATCHED,NORMAL
25603,20439,shipped,2023-02-22 16:07:41.000000,2023-02-23 03:00:41.000000,29.99,29.99,1,MATCHED,NORMAL
53672,42861,shipped,2023-10-05 11:47:51.000000,2023-10-07 13:17:51.000000,63.99,63.99,2,MATCHED,NORMAL
10584,8428,complete,2022-04-12 17:17:07.000000,2022-04-14 00:42:07.000000,70.0,70.0,2,MATCHED,NORMAL
28534,22808,complete,2023-05-14 11:44:08.000000,2023-05-15 21:09:08.000000,30.2,30.2,1,MATCHED,NORMAL
21007,16795,shipped,2025-06-15 05:47:20.000000,2025-06-17 17:06:20.000000,100.4,100.4,2,MATCHED,NORMAL
97912,78497,processing,2025-04-26 08:13:45.000000,,0.0,31.95,1,MATCHED,SHIPPING_PENDING
78522,62761,shipped,2020-06-17 20:44:34.000000,2020-06-20 01:07:34.000000,31.99,31.99,1,MATCHED,NORMAL
68393,54738,cancelled,2026-04-05 18:13:40.000000,,0.0,122.98,2,MATCHED,SHIPPING_PENDING
103636,83095,returned,2025-01-23 13:03:18.000000,2025-01-23 21:15:18.000000,206.07,206.07,3,MATCHED,NORMAL
5165,4093,shipped,2024-01-14 12:54:49.000000,2024-01-17 12:20:49.000000,86.99,86.99,2,MATCHED,NORMAL
61013,48722,shipped,2022-01-29 10:19:55.000000,2022-02-01 00:09:55.000000,164.81,164.81,4,MATCHED,POTENTIAL CUT-OFF RISK
55304,44180,complete,2025-03-05 05:10:04.000000,2025-03-08 00:04:04.000000,33.6,33.6,1,MATCHED,NORMAL
63907,51068,complete,2026-05-04 14:05:23.000000,2026-05-06 06:34:23.000000,70.94,70.94,2,MATCHED,NORMAL
120657,96578,shipped,2024-01-31 22:56:36.000000,2024-02-01 09:58:36.000000,74.31,74.31,2,MATCHED,POTENTIAL CUT-OFF RISK
104834,84029,cancelled,2022-04-01 20:41:54.000000,,0.0,34.95,1,MATCHED,SHIPPING_PENDING
107089,85820,complete,2022-08-02 16:54:37.000000,2022-08-03 05:39:37.000000,34.95,34.95,1,MATCHED,NORMAL
21181,16941,processing,2023-05-04 10:20:02.000000,,0.0,34.95,1,MATCHED,SHIPPING_PENDING
41211,32884,processing,2025-08-28 09:13:22.000000,,0.0,34.95,1,MATCHED,SHIPPING_PENDING
71622,57278,cancelled,2025-08-16 01:10:12.000000,,0.0,287.97,3,MATCHED,SHIPPING_PENDING
83586,66896,cancelled,2020-10-16 17:01:34.000000,,0.0,35.0,1,MATCHED,SHIPPING_PENDING
103042,82624,shipped,2022-08-06 22:30:09.000000,2022-08-07 08:02:09.000000,80.0,80.0,2,MATCHED,NORMAL
113633,90967,complete,2024-09-30 15:56:22.000000,2024-10-03 11:28:22.000000,173.0,173.0,3,MATCHED,POTENTIAL CUT-OFF RISK
1838,1476,processing,2024-05-15 20:32:12.000000,,0.0,36.0,1,MATCHED,SHIPPING_PENDING
46405,37070,cancelled,2024-08-04 16:42:22.000000,,0.0,36.99,1,MATCHED,SHIPPING_PENDING
2082,1661,processing,2024-11-01 09:28:09.000000,,0.0,143.46,2,MATCHED,SHIPPING_PENDING
122469,98063,cancelled,2020-12-14 23:11:15.000000,,0.0,382.73,2,MATCHED,SHIPPING_PENDING
60169,48047,cancelled,2025-03-22 08:54:36.000000,,0.0,75.99,2,MATCHED,SHIPPING_PENDING
69671,55717,cancelled,2022-06-02 05:04:53.000000,,0.0,38.0,1,MATCHED,SHIPPING_PENDING
97997,78568,complete,2025-07-21 17:19:48.000000,2025-07-23 04:26:48.000000,282.49,282.49,3,MATCHED,NORMAL
103340,82868,shipped,2024-02-15 11:02:37.000000,2024-02-16 06:48:37.000000,38.19,38.19,1,MATCHED,NORMAL
13584,10798,complete,2026-04-29 17:01:24.000000,2026-05-01 03:10:24.000000,80.42,80.42,2,MATCHED,POTENTIAL CUT-OFF RISK
110355,88391,complete,2022-04-01 03:07:25.000000,2022-04-01 04:10:25.000000,116.63,116.63,2,MATCHED,NORMAL
108202,86673,cancelled,2026-05-21 22:14:33.000000,,0.0,213.97,4,MATCHED,SHIPPING_PENDING
5294,4182,complete,2026-03-14 07:02:41.000000,2026-03-17 04:22:41.000000,98.95,98.95,2,MATCHED,NORMAL
53369,42613,complete,2024-06-14 22:39:58.000000,2024-06-16 16:52:58.000000,122.8,122.8,2,MATCHED,NORMAL
39013,31173,processing,2025-01-12 19:40:20.000000,,0.0,39.5,1,MATCHED,SHIPPING_PENDING
74179,59319,complete,2022-12-13 01:34:25.000000,2022-12-13 16:12:25.000000,39.88,39.88,1,MATCHED,NORMAL
46068,36799,returned,2022-09-05 02:15:28.000000,2022-09-05 04:52:28.000000,39.88,39.88,1,MATCHED,NORMAL
109845,87999,shipped,2024-11-23 07:16:59.000000,2024-11-24 03:17:59.000000,39.88,39.88,1,MATCHED,NORMAL
61645,49240,processing,2024-09-08 11:49:05.000000,,0.0,39.95,1,MATCHED,SHIPPING_PENDING
76884,61479,cancelled,2022-03-22 02:19:35.000000,,0.0,39.99,1,MATCHED,SHIPPING_PENDING
88273,70619,cancelled,2026-01-29 23:23:55.000000,,0.0,39.99,1,MATCHED,SHIPPING_PENDING
22256,17756,processing,2025-11-30 21:14:01.000000,,0.0,39.99,1,MATCHED,SHIPPING_PENDING
39200,31313,processing,2025-03-12 08:03:45.000000,,0.0,39.99,1,MATCHED,SHIPPING_PENDING
58464,46717,processing,2022-09-11 12:34:32.000000,,0.0,39.99,1,MATCHED,SHIPPING_PENDING
87780,70254,processing,2026-04-26 21:09:58.000000,,0.0,39.99,1,MATCHED,SHIPPING_PENDING
123996,99288,processing,2026-01-13 13:22:28.000000,,0.0,39.99,1,MATCHED,SHIPPING_PENDING
16210,12924,returned,2025-12-29 17:35:35.000000,2025-12-31 02:33:35.000000,39.99,39.99,1,MATCHED,NORMAL
17412,13866,processing,2020-03-19 15:20:13.000000,,0.0,81.99,2,MATCHED,SHIPPING_PENDING
116554,93303,complete,2024-10-17 02:51:34.000000,2024-10-18 01:57:34.000000,40.28,40.28,1,MATCHED,NORMAL
83558,66879,complete,2023-10-14 19:21:43.000000,2023-10-16 12:51:43.000000,40.49,40.49,1,MATCHED,NORMAL
45572,36382,returned,2024-03-08 23:36:01.000000,2024-03-11 02:38:01.000000,149.9,149.9,2,MATCHED,NORMAL
70533,56406,shipped,2026-04-02 06:41:02.000000,2026-04-03 21:38:02.000000,332.43,332.43,3,MATCHED,NORMAL
45210,36079,returned,2023-09-15 09:56:26.000000,2023-09-16 00:51:26.000000,42.0,42.0,1,MATCHED,NORMAL
40705,32490,cancelled,2023-12-27 12:49:17.000000,,0.0,42.99,1,MATCHED,SHIPPING_PENDING
101967,81745,processing,2021-05-18 16:59:09.000000,,0.0,42.99,1,MATCHED,SHIPPING_PENDING
11374,9042,shipped,2024-06-28 01:02:54.000000,2024-06-28 23:05:54.000000,263.99,263.99,2,MATCHED,NORMAL
73693,58942,cancelled,2024-06-28 19:24:29.000000,,0.0,44.0,1,MATCHED,SHIPPING_PENDING
42324,33768,complete,2020-01-04 22:19:15.000000,2020-01-05 08:26:15.000000,44.51,44.51,1,MATCHED,NORMAL
79888,63850,returned,2022-08-31 19:16:24.000000,2022-09-01 10:36:24.000000,44.99,44.99,1,MATCHED,POTENTIAL CUT-OFF RISK
106313,85214,shipped,2025-10-02 23:18:31.000000,2025-10-03 22:12:31.000000,45.08,45.08,1,MATCHED,NORMAL
98345,78853,cancelled,2021-11-30 03:44:20.000000,,0.0,45.99,1,MATCHED,SHIPPING_PENDING
63259,50556,complete,2024-04-17 15:38:51.000000,2024-04-19 01:40:51.000000,46.0,46.0,1,MATCHED,NORMAL
43059,34359,shipped,2026-06-04 15:21:25.000000,2026-06-06 04:44:25.000000,46.5,46.5,1,MATCHED,NORMAL
76173,60910,shipped,2025-05-13 00:26:04.000000,2025-05-14 13:00:04.000000,46.88,46.88,1,MATCHED,NORMAL
54228,43311,shipped,2023-01-04 08:34:36.000000,2023-01-04 22:38:36.000000,47.99,47.99,1,MATCHED,NORMAL
50109,40024,complete,2024-09-02 12:00:07.000000,2024-09-02 19:30:07.000000,48.0,48.0,1,MATCHED,NORMAL
113857,91149,processing,2026-06-16 02:25:39.203007,,0.0,258.0,3,MATCHED,SHIPPING_PENDING
68904,55119,complete,2023-07-28 18:44:07.000000,2023-07-30 11:27:07.000000,149.49,149.49,2,MATCHED,NORMAL
81318,65054,complete,2025-06-10 18:26:29.000000,2025-06-12 03:09:29.000000,49.5,49.5,1,MATCHED,NORMAL
67547,54035,returned,2026-04-16 00:42:14.000000,2026-04-17 02:03:14.000000,49.5,49.5,1,MATCHED,NORMAL
36516,29141,shipped,2024-10-09 06:17:04.000000,2024-10-11 10:16:04.000000,49.5,49.5,1,MATCHED,NORMAL
52297,41756,shipped,2023-06-01 11:44:12.000000,2023-06-01 21:05:12.000000,49.5,49.5,1,MATCHED,NORMAL
85540,68456,shipped,2025-10-12 22:21:59.000000,2025-10-14 20:47:59.000000,263.95,263.95,4,MATCHED,NORMAL
25088,20038,cancelled,2024-04-07 23:28:42.000000,,0.0,103.95,2,MATCHED,SHIPPING_PENDING
27825,22243,cancelled,2026-06-13 13:32:30.000000,,0.0,49.95,1,MATCHED,SHIPPING_PENDING
15324,12222,processing,2025-09-23 01:36:11.000000,,0.0,144.93,2,MATCHED,SHIPPING_PENDING
80245,64149,complete,2024-06-05 21:26:24.000000,2024-06-06 02:35:24.000000,49.99,49.99,1,MATCHED,NORMAL
92730,74284,processing,2025-08-25 22:26:15.000000,,0.0,49.99,1,MATCHED,SHIPPING_PENDING
26305,21013,shipped,2025-01-19 09:48:33.000000,2025-01-19 11:14:33.000000,308.99,308.99,2,MATCHED,NORMAL
63548,50789,shipped,2025-04-11 21:17:25.000000,2025-04-13 03:08:25.000000,49.99,49.99,1,MATCHED,NORMAL
24239,19367,cancelled,2025-03-10 02:44:35.000000,,0.0,50.0,1,MATCHED,SHIPPING_PENDING
91796,73503,complete,2024-05-29 09:40:14.000000,2024-05-29 09:45:14.000000,252.0,252.0,3,MATCHED,NORMAL
74938,59914,processing,2024-08-15 00:24:09.000000,,0.0,50.0,1,MATCHED,SHIPPING_PENDING
73106,58474,shipped,2026-05-07 12:07:42.000000,2026-05-08 12:16:42.000000,53.02,53.02,1,MATCHED,NORMAL
54777,43756,returned,2024-12-29 17:53:12.000000,2024-12-29 21:12:12.000000,108.72,108.72,2,MATCHED,NORMAL
120552,96496,complete,2022-08-12 06:29:26.000000,2022-08-14 11:04:26.000000,53.95,53.95,1,MATCHED,NORMAL
47271,37771,processing,2025-10-19 06:47:10.000000,,0.0,54.0,1,MATCHED,SHIPPING_PENDING
12078,9615,returned,2024-03-01 18:40:58.000000,2024-03-04 13:18:58.000000,253.0,253.0,2,MATCHED,NORMAL
78768,62951,shipped,2024-01-08 23:45:05.000000,2024-01-11 23:10:05.000000,54.0,54.0,1,MATCHED,NORMAL
85933,68800,shipped,2025-07-20 04:37:39.000000,2025-07-22 21:34:39.000000,143.0,143.0,2,MATCHED,NORMAL
95492,76539,shipped,2022-03-03 15:47:24.000000,2022-03-04 15:28:24.000000,54.0,54.0,1,MATCHED,NORMAL
109992,88104,shipped,2025-06-10 16:09:35.000000,2025-06-10 21:04:35.000000,54.0,54.0,1,MATCHED,NORMAL
120178,96204,shipped,2025-07-29 08:14:36.000000,2025-07-31 21:18:36.000000,54.0,54.0,1,MATCHED,NORMAL
102112,81856,returned,2023-10-04 06:04:50.000000,2023-10-05 11:19:50.000000,128.92,128.92,2,MATCHED,NORMAL
15845,12635,complete,2021-02-20 21:01:28.000000,2021-02-22 13:48:28.000000,55.0,55.0,1,MATCHED,NORMAL
56589,45207,complete,2026-01-20 04:07:02.000000,2026-01-22 15:31:02.000000,401.5,401.5,2,MATCHED,NORMAL
103037,82620,processing,2021-05-01 05:41:48.000000,,0.0,110.0,2,MATCHED,SHIPPING_PENDING
109367,87625,shipped,2025-05-04 02:45:36.000000,2025-05-04 22:55:36.000000,55.0,55.0,1,MATCHED,NORMAL
31095,24839,shipped,2024-09-06 03:39:12.000000,2024-09-08 01:44:12.000000,57.5,57.5,1,MATCHED,NORMAL
2827,2243,complete,2025-04-18 10:08:33.000000,2025-04-20 06:24:33.000000,57.95,57.95,1,MATCHED,NORMAL
123967,99268,shipped,2026-02-09 11:45:08.000000,2026-02-11 18:20:08.000000,57.99,57.99,1,MATCHED,NORMAL
110206,88276,complete,2023-04-09 11:02:51.000000,2023-04-12 04:29:51.000000,58.0,58.0,1,MATCHED,NORMAL
70373,56281,shipped,2022-08-26 22:53:25.000000,2022-08-29 03:28:25.000000,147.99,147.99,2,MATCHED,NORMAL
68991,55196,processing,2021-11-26 14:28:58.000000,,0.0,59.5,1,MATCHED,SHIPPING_PENDING
84799,67842,shipped,2023-01-23 20:26:22.000000,2023-01-24 21:21:22.000000,59.5,59.5,1,MATCHED,NORMAL
34573,27597,complete,2024-11-14 21:22:15.000000,2024-11-17 18:30:15.000000,120.99,120.99,2,MATCHED,NORMAL
115086,92145,shipped,2026-04-24 00:47:09.000000,2026-04-26 10:03:09.000000,140.84,140.84,2,MATCHED,NORMAL
38631,30845,cancelled,2025-07-15 17:49:41.000000,,0.0,62.0,1,MATCHED,SHIPPING_PENDING
99381,79688,processing,2026-02-06 07:57:08.000000,,0.0,133.94,2,MATCHED,SHIPPING_PENDING
120071,96117,shipped,2019-09-20 10:26:29.000000,2019-09-23 04:24:29.000000,63.99,63.99,1,MATCHED,NORMAL
112419,90012,cancelled,2026-05-31 10:56:51.000000,,0.0,64.95,1,MATCHED,SHIPPING_PENDING
83465,66800,cancelled,2021-03-25 17:28:31.000000,,0.0,65.0,1,MATCHED,SHIPPING_PENDING
35344,28218,complete,2025-05-29 03:40:05.000000,2025-05-31 12:31:05.000000,66.0,66.0,1,MATCHED,NORMAL
13470,10704,cancelled,2026-06-15 19:16:59.000000,,0.0,68.0,1,MATCHED,SHIPPING_PENDING
8711,6956,complete,2022-05-16 08:15:18.000000,2022-05-16 16:06:18.000000,68.0,68.0,1,MATCHED,NORMAL
100610,80673,cancelled,2026-03-13 04:59:51.000000,,0.0,69.5,1,MATCHED,SHIPPING_PENDING
108814,87153,complete,2026-04-25 01:26:26.000000,2026-04-27 22:04:26.000000,69.5,69.5,1,MATCHED,NORMAL
3309,2630,complete,2025-12-06 22:08:24.000000,2025-12-07 20:35:24.000000,69.99,69.99,1,MATCHED,NORMAL
7375,5898,complete,2025-12-14 16:34:36.000000,2025-12-15 11:30:36.000000,69.99,69.99,1,MATCHED,NORMAL
20265,16205,complete,2025-10-28 06:45:21.000000,2025-10-30 04:33:21.000000,75.0,75.0,1,MATCHED,NORMAL
111502,89311,processing,2025-03-21 03:13:10.000000,,0.0,78.0,1,MATCHED,SHIPPING_PENDING
68060,54467,shipped,2022-08-10 17:37:30.000000,2022-08-12 01:59:30.000000,337.99,337.99,3,MATCHED,NORMAL
65130,52030,shipped,2025-04-28 08:59:16.000000,2025-04-28 11:21:16.000000,199.81,199.81,2,MATCHED,NORMAL
58741,46934,complete,2025-08-18 23:08:36.000000,2025-08-18 23:25:36.000000,79.99,79.99,1,MATCHED,NORMAL
62757,50149,processing,2025-07-26 21:37:52.000000,,0.0,81.38,1,MATCHED,SHIPPING_PENDING
57833,46226,returned,2021-08-26 16:03:23.000000,2021-08-26 19:50:23.000000,88.0,88.0,1,MATCHED,NORMAL
80739,64590,processing,2024-04-16 14:48:07.000000,,0.0,89.0,1,MATCHED,SHIPPING_PENDING
66895,53493,complete,2025-09-29 01:28:51.000000,2025-10-01 13:37:51.000000,89.5,89.5,1,MATCHED,POTENTIAL CUT-OFF RISK
115623,92560,complete,2024-02-02 22:07:16.000000,2024-02-04 10:19:16.000000,89.5,89.5,1,MATCHED,NORMAL
85989,68848,shipped,2023-12-18 04:43:19.000000,2023-12-20 06:24:19.000000,89.5,89.5,1,MATCHED,NORMAL
14380,11475,processing,2023-08-31 23:24:57.000000,,0.0,89.99,1,MATCHED,SHIPPING_PENDING
52822,42153,complete,2024-07-21 05:03:51.000000,2024-07-22 22:15:51.000000,90.0,90.0,1,MATCHED,NORMAL
32230,25731,complete,2022-08-22 02:14:02.000000,2022-08-24 11:16:02.000000,90.68,90.68,1,MATCHED,NORMAL
35130,28055,shipped,2026-04-05 02:37:21.000000,2026-04-06 20:45:21.000000,92.0,92.0,1,MATCHED,NORMAL
58156,46473,processing,2023-05-19 17:33:53.000000,,0.0,97.0,1,MATCHED,SHIPPING_PENDING
26340,21046,cancelled,2025-12-06 14:03:38.000000,,0.0,97.95,1,MATCHED,SHIPPING_PENDING
83116,66513,complete,2026-06-13 05:33:22.059506,2026-06-14 04:05:22.059506,98.0,98.0,1,MATCHED,NORMAL
78916,63064,processing,2025-03-13 17:24:29.000000,,0.0,98.0,1,MATCHED,SHIPPING_PENDING
67136,53695,shipped,2023-07-04 19:22:29.000000,2023-07-07 03:22:29.000000,98.0,98.0,1,MATCHED,NORMAL
84654,67728,shipped,2023-02-19 12:16:56.000000,2023-02-21 01:28:56.000000,98.0,98.0,1,MATCHED,NORMAL
7192,5746,cancelled,2024-03-26 06:34:37.000000,,0.0,296.02,2,MATCHED,SHIPPING_PENDING
77832,62227,shipped,2024-07-03 03:51:58.000000,2024-07-04 21:42:58.000000,98.85,98.85,1,MATCHED,NORMAL
49242,39285,processing,2025-08-03 09:55:33.000000,,0.0,98.95,1,MATCHED,SHIPPING_PENDING
117564,94137,returned,2026-05-31 21:00:26.000000,2026-06-02 10:36:26.000000,99.0,99.0,1,MATCHED,POTENTIAL CUT-OFF RISK
79343,63420,shipped,2023-11-25 10:55:09.000000,2023-11-28 09:43:09.000000,105.56,105.56,1,MATCHED,NORMAL
88939,71177,cancelled,2024-08-06 23:51:52.000000,,0.0,108.99,1,MATCHED,SHIPPING_PENDING
74709,59741,shipped,2025-09-15 06:50:24.000000,2025-09-15 22:34:24.000000,109.0,109.0,1,MATCHED,NORMAL
34178,27271,complete,2024-02-18 01:05:48.000000,2024-02-18 20:09:48.000000,115.0,115.0,1,MATCHED,NORMAL
23557,18808,complete,2020-03-16 05:23:31.000000,2020-03-17 14:55:31.000000,299.95,299.95,2,MATCHED,NORMAL
62602,50025,returned,2022-04-07 16:12:25.000000,2022-04-07 18:01:25.000000,119.95,119.95,1,MATCHED,NORMAL
52577,41955,complete,2024-08-28 13:58:45.000000,2024-08-30 23:02:45.000000,124.99,124.99,1,MATCHED,NORMAL
79684,63679,shipped,2025-09-08 02:58:39.000000,2025-09-09 14:13:39.000000,126.63,126.63,1,MATCHED,NORMAL
69604,55661,shipped,2022-06-23 20:10:03.000000,2022-06-26 15:41:03.000000,132.0,132.0,1,MATCHED,NORMAL
38861,31050,complete,2026-05-26 23:53:57.000000,2026-05-28 05:13:57.000000,140.0,140.0,1,MATCHED,NORMAL
100537,80616,processing,2026-06-16 07:30:12.749990,,0.0,140.0,1,MATCHED,SHIPPING_PENDING
116924,93619,complete,2025-11-11 03:14:01.000000,2025-11-13 14:39:01.000000,148.0,148.0,1,MATCHED,NORMAL
104464,83715,returned,2026-04-12 05:42:19.000000,2026-04-13 04:36:19.000000,297.5,297.5,2,MATCHED,NORMAL
2601,2076,cancelled,2026-06-12 21:13:48.000000,,0.0,169.0,1,MATCHED,SHIPPING_PENDING
567,471,cancelled,2021-12-04 08:35:14.000000,,0.0,170.98,1,MATCHED,SHIPPING_PENDING
36768,29349,cancelled,2024-04-13 06:24:51.000000,,0.0,171.0,1,MATCHED,SHIPPING_PENDING
118665,94994,processing,2025-12-27 01:59:35.000000,,0.0,176.0,1,MATCHED,SHIPPING_PENDING
40379,32236,processing,2026-05-15 17:08:08.000000,,0.0,209.0,1,MATCHED,SHIPPING_PENDING
82077,65679,returned,2026-05-26 23:28:18.000000,2026-05-27 16:04:18.000000,652.99,652.99,2,MATCHED,NORMAL
9970,7953,processing,2024-04-10 16:30:24.000000,,0.0,264.0,1,MATCHED,SHIPPING_PENDING
47236,37742,shipped,2025-08-19 21:25:39.000000,2025-08-21 04:20:39.000000,299.0,299.0,1,MATCHED,NORMAL
49257,39298,complete,2020-09-12 02:12:24.000000,2020-09-12 12:27:24.000000,300.0,300.0,1,MATCHED,NORMAL
49645,39629,complete,2024-11-10 14:41:02.000000,2024-11-11 17:31:02.000000,300.0,300.0,1,MATCHED,NORMAL
13867,11036,shipped,2024-08-04 06:31:14.000000,2024-08-06 23:45:14.000000,339.0,339.0,1,MATCHED,NORMAL
23254,18579,complete,2026-01-14 20:10:11.000000,2026-01-17 02:07:11.000000,399.0,399.0,1,MATCHED,NORMAL
-93,40502,"complete,returned",2026-06-16 17:01:00.000000,2026-06-18 11:01:00.000000,300.0,300.0,2,MATCHED,NORMAL
-111,1616,complete,2026-06-16 14:26:00.000000,2026-06-17 22:26:00.000000,126.0,126.0,3,MATCHED,NORMAL
-130,31938,complete,2026-06-16 13:04:00.000000,2026-06-17 19:04:00.000000,183.0,183.0,1,MATCHED,NORMAL
-149,87561,"complete,returned",2026-06-16 11:24:00.000000,2026-06-17 11:24:00.000000,369.0,369.0,3,MATCHED,NORMAL
-177,39607,complete,2026-06-16 17:10:00.000000,2026-06-18 06:10:00.000000,422.0,422.0,3,MATCHED,NORMAL
-204,87641,"complete,shipped",2026-06-16 17:49:00.000000,2026-06-17 23:49:00.000000,249.0,249.0,3,MATCHED,NORMAL
-218,99841,"complete,returned",2026-06-16 13:24:00.000000,2026-06-18 06:24:00.000000,269.0,269.0,3,MATCHED,NORMAL
-231,29908,returned,2026-06-16 14:25:00.000000,2026-06-17 16:25:00.000000,194.0,194.0,1,MATCHED,NORMAL
-259,58816,complete,2026-06-16 12:15:00.000000,2026-06-18 03:15:00.000000,392.0,392.0,3,MATCHED,NORMAL
-274,57987,complete,2026-06-16 13:40:00.000000,2026-06-18 10:40:00.000000,76.0,76.0,1,MATCHED,NORMAL
-286,82757,complete,2026-06-16 14:53:00.000000,2026-06-18 04:53:00.000000,265.0,265.0,2,MATCHED,NORMAL
-288,25565,complete,2026-06-16 16:57:00.000000,2026-06-18 02:57:00.000000,355.0,355.0,3,MATCHED,NORMAL
-289,33098,"complete,returned",2026-06-16 09:56:00.000000,2026-06-18 06:56:00.000000,184.0,184.0,2,MATCHED,NORMAL
103728,83154,returned,2025-10-06 12:47:31.000000,2025-10-09 10:10:31.000000,2.95,2.95,1,MATCHED,NORMAL
106759,85558,shipped,2024-08-12 05:03:41.000000,2024-08-13 18:08:41.000000,186.93,186.93,3,MATCHED,NORMAL
118145,94588,cancelled,2023-10-14 12:15:29.000000,,0.0,23.49,2,MATCHED,SHIPPING_PENDING
85724,68607,processing,2024-11-12 22:03:59.000000,,0.0,218.8,3,MATCHED,SHIPPING_PENDING
84046,67268,processing,2021-07-21 04:19:10.000000,,0.0,108.57,4,MATCHED,SHIPPING_PENDING
5788,4582,cancelled,2025-06-12 02:48:56.000000,,0.0,31.39,2,MATCHED,SHIPPING_PENDING
106994,85732,processing,2021-04-17 23:48:03.000000,,0.0,6.5,1,MATCHED,SHIPPING_PENDING
5819,4606,complete,2022-10-31 12:40:02.000000,2022-11-01 04:22:02.000000,6.83,6.83,1,MATCHED,POTENTIAL CUT-OFF RISK
35546,28374,cancelled,2025-08-07 15:00:55.000000,,0.0,328.44,4,MATCHED,SHIPPING_PENDING
12678,10080,processing,2024-12-23 19:37:33.000000,,0.0,6.99,1,MATCHED,SHIPPING_PENDING
89360,71517,processing,2024-10-03 12:48:10.000000,,0.0,6.99,1,MATCHED,SHIPPING_PENDING
36805,29381,cancelled,2024-09-03 14:08:35.000000,,0.0,106.0,3,MATCHED,SHIPPING_PENDING
16756,13344,complete,2021-07-29 22:28:43.000000,2021-07-31 03:05:43.000000,63.94,63.94,3,MATCHED,NORMAL
120967,96843,cancelled,2024-12-21 19:02:08.000000,,0.0,7.99,1,MATCHED,SHIPPING_PENDING
6726,5361,shipped,2024-07-06 12:46:57.000000,2024-07-07 21:12:57.000000,429.98,429.98,4,MATCHED,NORMAL
60950,48665,shipped,2025-12-06 08:49:49.000000,2025-12-06 13:50:49.000000,43.66,43.66,2,MATCHED,NORMAL
83042,66451,complete,2024-10-16 21:51:03.000000,2024-10-18 02:45:03.000000,56.95,56.95,2,MATCHED,NORMAL
116235,93063,returned,2022-10-03 14:42:07.000000,2022-10-04 08:26:07.000000,47.5,47.5,2,MATCHED,NORMAL
38337,30598,shipped,2026-04-19 19:32:02.000000,2026-04-21 03:20:02.000000,41.65,41.65,2,MATCHED,NORMAL
44841,35766,processing,2023-06-02 06:32:52.000000,,0.0,172.63,4,MATCHED,SHIPPING_PENDING
59968,47898,complete,2025-12-09 13:15:53.000000,2025-12-12 02:11:53.000000,8.99,8.99,1,MATCHED,NORMAL
42461,33878,shipped,2025-01-06 11:57:32.000000,2025-01-09 08:32:32.000000,8.99,8.99,1,MATCHED,NORMAL
65378,52210,shipped,2023-12-12 10:51:39.000000,2023-12-14 05:26:39.000000,18.98,18.98,2,MATCHED,NORMAL
46371,37042,complete,2026-05-15 09:28:26.000000,2026-05-15 21:11:26.000000,183.03,183.03,4,MATCHED,NORMAL
55041,43968,cancelled,2021-04-20 18:16:44.000000,,0.0,333.01,4,MATCHED,SHIPPING_PENDING
21570,17230,shipped,2025-10-26 14:50:51.000000,2025-10-26 22:42:51.000000,347.92,347.92,4,MATCHED,NORMAL
9747,7771,cancelled,2025-08-22 12:26:48.000000,,0.0,74.94,3,MATCHED,SHIPPING_PENDING
121028,96892,complete,2022-12-24 11:29:12.000000,2022-12-27 02:56:12.000000,42.99,42.99,2,MATCHED,NORMAL
49940,39893,processing,2025-12-20 16:51:12.000000,,0.0,38.98,2,MATCHED,SHIPPING_PENDING
83514,66840,processing,2026-06-15 13:38:00.847918,,0.0,79.89,2,MATCHED,SHIPPING_PENDING
93146,74622,returned,2025-12-15 18:09:25.000000,2025-12-18 08:59:25.000000,20.96,20.96,2,MATCHED,NORMAL
31045,24794,shipped,2026-05-27 12:12:56.000000,2026-05-27 18:50:56.000000,167.93,167.93,4,MATCHED,NORMAL
88373,70700,returned,2024-05-31 19:59:48.000000,2024-06-03 10:26:48.000000,140.65,140.65,4,MATCHED,POTENTIAL CUT-OFF RISK
15793,12601,shipped,2025-12-12 19:57:48.000000,2025-12-13 03:17:48.000000,39.95,39.95,2,MATCHED,NORMAL
72565,58020,complete,2024-01-18 07:19:27.000000,2024-01-18 22:19:27.000000,129.39,129.39,4,MATCHED,NORMAL
91639,73364,complete,2025-06-09 02:14:04.000000,2025-06-09 07:28:04.000000,27.26,27.26,2,MATCHED,NORMAL
105172,84297,complete,2026-01-05 20:37:26.000000,2026-01-06 03:59:26.000000,58.68,58.68,2,MATCHED,NORMAL
23199,18528,processing,2025-01-28 12:13:23.000000,,0.0,10.69,1,MATCHED,SHIPPING_PENDING
71857,57468,processing,2024-05-09 02:30:19.000000,,0.0,794.75,4,MATCHED,SHIPPING_PENDING
53952,43091,returned,2024-07-06 12:01:47.000000,2024-07-09 05:51:47.000000,164.26,164.26,4,MATCHED,NORMAL
15329,12226,cancelled,2024-01-12 11:26:13.000000,,0.0,22.94,2,MATCHED,SHIPPING_PENDING
64769,51744,complete,2023-06-01 04:10:02.000000,2023-06-01 16:22:02.000000,120.86,120.86,3,MATCHED,NORMAL
115358,92352,complete,2026-05-05 10:56:25.000000,2026-05-07 00:27:25.000000,10.99,10.99,1,MATCHED,NORMAL
64091,51207,shipped,2025-12-30 22:10:29.000000,2026-01-02 17:35:29.000000,10.99,10.99,1,MATCHED,POTENTIAL CUT-OFF RISK
69629,55685,shipped,2026-03-05 22:24:32.000000,2026-03-06 08:38:32.000000,136.25,136.25,3,MATCHED,NORMAL
99883,80121,processing,2025-09-05 00:51:20.000000,,0.0,11.49,1,MATCHED,SHIPPING_PENDING
6371,5051,processing,2026-06-15 19:54:45.807368,,0.0,11.86,1,MATCHED,SHIPPING_PENDING
18351,14614,complete,2025-12-04 02:14:26.000000,2025-12-04 07:42:26.000000,11.95,11.95,1,MATCHED,NORMAL
22757,18177,complete,2026-06-07 22:17:03.000000,2026-06-10 04:25:03.000000,11.95,11.95,1,MATCHED,NORMAL
29524,23594,shipped,2025-07-21 14:24:41.000000,2025-07-24 00:00:41.000000,11.95,11.95,1,MATCHED,NORMAL
110976,88883,processing,2026-04-18 17:19:37.000000,,0.0,11.99,1,MATCHED,SHIPPING_PENDING
40487,32332,complete,2025-01-16 20:15:02.000000,2025-01-19 00:48:02.000000,96.99,96.99,3,MATCHED,NORMAL
19715,15738,processing,2021-11-16 13:50:29.000000,,0.0,51.5,2,MATCHED,SHIPPING_PENDING
28302,22627,shipped,2024-12-12 06:56:54.000000,2024-12-13 10:53:54.000000,100.41,100.41,4,MATCHED,NORMAL
113031,90484,processing,2026-06-11 02:17:10.000000,,0.0,32.89,2,MATCHED,SHIPPING_PENDING
94489,75734,shipped,2022-10-17 05:28:27.000000,2022-10-17 08:20:27.000000,54.84,54.84,3,MATCHED,NORMAL
77162,61686,complete,2025-11-29 11:08:23.000000,2025-11-30 21:56:23.000000,12.99,12.99,1,MATCHED,NORMAL
119706,95807,processing,2026-05-04 03:21:46.000000,,0.0,77.98,2,MATCHED,SHIPPING_PENDING
124009,99298,processing,2024-10-16 04:11:34.000000,,0.0,12.99,1,MATCHED,SHIPPING_PENDING
15841,12634,complete,2026-05-23 21:19:05.000000,2026-05-25 11:59:05.000000,49.88,49.88,2,MATCHED,NORMAL
66956,53550,processing,2026-06-15 14:45:48.457204,,0.0,104.5,2,MATCHED,SHIPPING_PENDING
18577,14800,shipped,2026-05-22 00:45:27.000000,2026-05-23 17:06:27.000000,194.49,194.49,4,MATCHED,NORMAL
49429,39438,cancelled,2026-02-11 08:47:58.000000,,0.0,13.75,1,MATCHED,SHIPPING_PENDING
121076,96928,shipped,2024-05-01 10:55:01.000000,2024-05-02 01:36:01.000000,13.79,13.79,1,MATCHED,NORMAL
48702,38877,complete,2023-01-25 11:26:29.000000,2023-01-26 10:28:29.000000,182.9,182.9,3,MATCHED,NORMAL
7714,6173,shipped,2021-01-25 14:38:52.000000,2021-01-26 18:24:52.000000,13.95,13.95,1,MATCHED,NORMAL
95688,76707,shipped,2022-02-07 21:24:20.000000,2022-02-09 01:15:20.000000,14.0,14.0,1,MATCHED,NORMAL
82645,66122,complete,2024-06-06 17:15:26.000000,2024-06-09 08:11:26.000000,14.5,14.5,1,MATCHED,NORMAL
65442,52257,complete,2024-06-16 18:40:40.000000,2024-06-18 08:23:40.000000,42.65,42.65,2,MATCHED,NORMAL
9711,7747,shipped,2021-08-10 10:19:02.000000,2021-08-11 22:51:02.000000,156.88,156.88,3,MATCHED,NORMAL
69333,55454,processing,2025-12-28 01:02:55.000000,,0.0,299.95,4,MATCHED,SHIPPING_PENDING
49089,39152,complete,2025-03-14 00:14:09.000000,2025-03-15 04:13:09.000000,14.99,14.99,1,MATCHED,NORMAL
11914,9477,returned,2024-04-07 00:56:58.000000,2024-04-08 06:51:58.000000,66.98,66.98,2,MATCHED,NORMAL
50451,40333,shipped,2024-04-04 22:13:12.000000,2024-04-05 11:32:12.000000,208.26,208.26,4,MATCHED,NORMAL
92542,74113,shipped,2023-04-10 10:02:21.000000,2023-04-11 09:25:21.000000,165.02,165.02,4,MATCHED,NORMAL
26702,21337,cancelled,2026-05-18 09:09:01.000000,,0.0,15.0,1,MATCHED,SHIPPING_PENDING
115710,92631,cancelled,2024-05-22 17:30:51.000000,,0.0,112.95,4,MATCHED,SHIPPING_PENDING
124636,99783,complete,2026-05-25 07:57:44.000000,2026-05-25 11:56:44.000000,80.99,80.99,3,MATCHED,NORMAL
6675,5315,shipped,2025-01-21 13:56:08.000000,2025-01-22 00:56:08.000000,77.0,77.0,2,MATCHED,NORMAL
89393,71547,shipped,2025-09-06 22:24:26.000000,2025-09-07 22:17:26.000000,15.52,15.52,1,MATCHED,NORMAL
7757,6209,cancelled,2024-10-08 01:58:29.000000,,0.0,106.94,4,MATCHED,SHIPPING_PENDING
8694,6948,cancelled,2025-04-08 12:34:56.000000,,0.0,254.98,4,MATCHED,SHIPPING_PENDING
118874,95158,cancelled,2026-06-04 00:54:05.000000,,0.0,40.99,2,MATCHED,SHIPPING_PENDING
15555,12420,complete,2026-04-25 23:17:34.000000,2026-04-26 17:09:34.000000,246.99,246.99,4,MATCHED,NORMAL
76265,60985,complete,2024-11-02 11:19:03.000000,2024-11-03 15:23:03.000000,150.85,150.85,4,MATCHED,NORMAL
34411,27468,shipped,2026-04-22 14:41:34.000000,2026-04-23 17:14:34.000000,95.49,95.49,2,MATCHED,NORMAL
102545,82203,shipped,2025-03-11 04:53:50.000000,2025-03-13 02:48:50.000000,127.49,127.49,4,MATCHED,NORMAL
115707,92629,cancelled,2025-09-05 08:08:30.000000,,0.0,16.0,1,MATCHED,SHIPPING_PENDING
108972,87293,complete,2019-02-16 14:09:33.000000,2019-02-17 07:48:33.000000,51.79,51.79,2,MATCHED,NORMAL
87109,69722,shipped,2025-10-12 13:28:28.000000,2025-10-14 20:03:28.000000,65.99,65.99,3,MATCHED,NORMAL
88784,71037,complete,2025-03-28 19:14:12.000000,2025-03-29 11:53:12.000000,16.22,16.22,1,MATCHED,NORMAL
14091,11219,returned,2026-06-14 21:42:43.919215,2026-06-16 01:45:43.919215,36.24,36.24,2,MATCHED,NORMAL
34752,27761,shipped,2025-08-21 17:01:47.000000,2025-08-24 13:58:47.000000,49.36,49.36,2,MATCHED,NORMAL
56689,45299,returned,2025-02-24 21:38:25.000000,2025-02-26 14:06:25.000000,256.49,256.49,2,MATCHED,NORMAL
67101,53666,shipped,2025-07-11 20:05:43.000000,2025-07-14 19:15:43.000000,98.48,98.48,3,MATCHED,NORMAL
68269,54639,complete,2023-09-23 08:52:48.000000,2023-09-25 06:39:48.000000,17.05,17.05,1,MATCHED,NORMAL
66615,53270,processing,2020-08-28 16:33:30.000000,,0.0,17.05,1,MATCHED,SHIPPING_PENDING
90904,72760,processing,2023-01-12 02:14:39.000000,,0.0,129.26,3,MATCHED,SHIPPING_PENDING
88296,70637,processing,2026-02-07 14:56:10.000000,,0.0,37.99,2,MATCHED,SHIPPING_PENDING
55013,43948,shipped,2026-05-16 16:21:43.000000,2026-05-16 23:45:43.000000,64.98,64.98,2,MATCHED,NORMAL
123997,99288,cancelled,2026-06-14 21:57:06.000000,,0.0,18.0,1,MATCHED,SHIPPING_PENDING
81910,65553,complete,2024-10-11 05:08:11.000000,2024-10-11 19:26:11.000000,95.38,95.38,2,MATCHED,NORMAL
9150,7293,returned,2023-11-11 02:06:18.000000,2023-11-12 22:00:18.000000,50.0,50.0,2,MATCHED,NORMAL
38438,30685,complete,2026-01-16 10:46:35.000000,2026-01-19 02:15:35.000000,173.6,173.6,3,MATCHED,NORMAL
53480,42703,cancelled,2023-10-11 16:22:01.000000,,0.0,171.9,4,MATCHED,SHIPPING_PENDING
54665,43660,processing,2024-08-17 15:50:38.000000,,0.0,109.93,4,MATCHED,SHIPPING_PENDING
44576,35548,cancelled,2024-10-20 23:58:24.000000,,0.0,19.97,1,MATCHED,SHIPPING_PENDING
68400,54740,complete,2023-07-19 11:08:02.000000,2023-07-21 12:22:02.000000,193.97,193.97,4,MATCHED,NORMAL
74994,59966,complete,2023-06-08 19:26:57.000000,2023-06-10 16:41:57.000000,19.97,19.97,1,MATCHED,NORMAL
92965,74474,cancelled,2025-11-23 12:39:44.000000,,0.0,19.99,1,MATCHED,SHIPPING_PENDING
33183,26477,complete,2021-05-23 01:01:06.000000,2021-05-23 16:21:06.000000,19.99,19.99,1,MATCHED,NORMAL
35161,28078,shipped,2026-05-27 00:49:15.000000,2026-05-27 21:42:15.000000,118.84,118.84,2,MATCHED,NORMAL
41905,33422,shipped,2026-06-14 11:22:32.000000,2026-06-16 20:55:32.000000,19.99,19.99,1,MATCHED,NORMAL
54103,43219,shipped,2026-06-14 01:11:31.000000,2026-06-15 05:59:31.000000,49.98,49.98,2,MATCHED,NORMAL
44424,35438,complete,2022-10-03 13:41:25.000000,2022-10-06 05:04:25.000000,20.0,20.0,1,MATCHED,NORMAL
92038,73701,processing,2025-01-08 14:38:32.000000,,0.0,20.0,1,MATCHED,SHIPPING_PENDING
68258,54630,shipped,2026-04-22 08:30:00.000000,2026-04-22 10:02:00.000000,85.98,85.98,3,MATCHED,NORMAL
54593,43603,shipped,2021-04-28 07:28:32.000000,2021-04-28 12:01:32.000000,71.82,71.82,3,MATCHED,NORMAL
114285,91518,complete,2025-12-03 18:44:00.000000,2025-12-05 19:22:00.000000,119.95,119.95,2,MATCHED,NORMAL
27293,21818,shipped,2021-10-05 17:35:19.000000,2021-10-06 10:17:19.000000,46.0,46.0,2,MATCHED,NORMAL
106177,85089,cancelled,2022-06-22 15:35:57.000000,,0.0,367.45,4,MATCHED,SHIPPING_PENDING
114213,91466,processing,2024-11-02 17:45:30.000000,,0.0,22.45,1,MATCHED,SHIPPING_PENDING
9616,7671,shipped,2026-04-04 12:47:53.000000,2026-04-05 22:16:53.000000,303.25,303.25,4,MATCHED,NORMAL
85326,68276,complete,2025-09-10 01:47:23.000000,2025-09-10 05:36:23.000000,46.56,46.56,2,MATCHED,NORMAL
108571,86957,shipped,2026-03-06 03:30:10.000000,2026-03-06 14:09:10.000000,246.62,246.62,4,MATCHED,NORMAL
82962,66376,processing,2026-02-14 03:15:01.000000,,0.0,64.44,2,MATCHED,SHIPPING_PENDING
54814,43792,cancelled,2023-10-22 08:08:14.000000,,0.0,24.0,1,MATCHED,SHIPPING_PENDING
8434,6738,processing,2022-01-28 21:04:45.000000,,0.0,69.61,2,MATCHED,SHIPPING_PENDING
107443,86094,returned,2024-12-30 13:41:59.000000,2024-12-31 19:12:59.000000,24.0,24.0,1,MATCHED,NORMAL
51948,41460,shipped,2024-12-17 15:42:57.000000,2024-12-18 08:08:57.000000,125.99,125.99,4,MATCHED,NORMAL
74041,59223,shipped,2023-07-27 09:24:47.000000,2023-07-28 22:30:47.000000,85.43,85.43,2,MATCHED,NORMAL
2335,1855,processing,2020-11-03 05:40:27.000000,,0.0,309.47,4,MATCHED,SHIPPING_PENDING
94899,76071,complete,2026-04-22 08:38:58.000000,2026-04-24 17:11:58.000000,306.64,306.64,4,MATCHED,NORMAL
67292,53817,complete,2025-10-10 13:16:54.000000,2025-10-11 19:30:54.000000,108.13,108.13,3,MATCHED,NORMAL
34445,27497,shipped,2021-12-13 05:48:00.000000,2021-12-16 00:11:00.000000,24.91,24.91,1,MATCHED,NORMAL
42836,34178,returned,2025-06-15 02:32:20.000000,2025-06-15 20:40:20.000000,49.95,49.95,2,MATCHED,NORMAL
56959,45532,shipped,2026-05-26 02:27:52.000000,2026-05-26 07:38:52.000000,24.95,24.95,1,MATCHED,NORMAL
3621,2891,complete,2026-06-15 07:55:43.959823,2026-06-17 07:39:43.959823,118.97,118.97,3,MATCHED,NORMAL
44205,35260,complete,2025-10-12 16:49:47.000000,2025-10-15 14:30:47.000000,253.99,253.99,2,MATCHED,NORMAL
90299,72263,complete,2024-12-03 00:03:26.000000,2024-12-05 08:07:26.000000,24.99,24.99,1,MATCHED,NORMAL
85148,68128,returned,2024-10-28 14:14:47.000000,2024-10-30 11:10:47.000000,138.58,138.58,4,MATCHED,NORMAL
108401,86826,shipped,2021-08-02 13:39:22.000000,2021-08-03 19:21:22.000000,24.99,24.99,1,MATCHED,NORMAL
9423,7516,cancelled,2024-07-06 11:22:59.000000,,0.0,267.68,4,MATCHED,SHIPPING_PENDING
25905,20697,cancelled,2025-04-15 14:30:17.000000,,0.0,54.95,2,MATCHED,SHIPPING_PENDING
29717,23740,cancelled,2022-03-05 05:45:18.000000,,0.0,25.0,1,MATCHED,SHIPPING_PENDING
58578,46809,cancelled,2024-05-22 11:25:40.000000,,0.0,204.0,4,MATCHED,SHIPPING_PENDING
18445,14683,complete,2024-03-28 21:07:48.000000,2024-03-31 03:11:48.000000,94.5,94.5,2,MATCHED,NORMAL
42235,33695,complete,2024-04-16 23:27:06.000000,2024-04-17 06:34:06.000000,290.99,290.99,2,MATCHED,NORMAL
71808,57428,complete,2023-10-16 14:11:56.000000,2023-10-17 10:30:56.000000,80.38,80.38,2,MATCHED,NORMAL
101361,81279,complete,2025-03-22 02:00:52.000000,2025-03-24 13:31:52.000000,95.95,95.95,3,MATCHED,NORMAL
105867,84855,complete,2023-06-20 21:12:10.000000,2023-06-21 18:35:10.000000,51.47,51.47,2,MATCHED,NORMAL
33298,26563,processing,2025-10-10 10:46:01.000000,,0.0,124.0,2,MATCHED,SHIPPING_PENDING
60948,48661,processing,2022-09-04 20:27:27.000000,,0.0,25.0,1,MATCHED,SHIPPING_PENDING
81750,65423,processing,2025-11-11 03:36:26.000000,,0.0,316.98,4,MATCHED,SHIPPING_PENDING
95695,76714,processing,2026-02-20 23:55:17.000000,,0.0,64.98,2,MATCHED,SHIPPING_PENDING
102682,82341,processing,2026-03-30 17:25:23.000000,,0.0,25.0,1,MATCHED,SHIPPING_PENDING
106032,84973,returned,2024-12-24 05:14:00.000000,2024-12-25 18:01:00.000000,54.0,54.0,2,MATCHED,NORMAL
48480,38717,shipped,2025-10-16 13:05:13.000000,2025-10-18 04:10:13.000000,175.0,175.0,2,MATCHED,NORMAL
85402,68341,shipped,2024-09-10 12:48:31.000000,2024-09-12 23:53:31.000000,54.99,54.99,2,MATCHED,NORMAL
98417,78913,shipped,2026-05-05 17:44:44.000000,2026-05-06 12:37:44.000000,494.66,494.66,4,MATCHED,NORMAL
99604,79893,shipped,2025-12-04 14:31:04.000000,2025-12-05 19:13:04.000000,134.0,134.0,2,MATCHED,NORMAL
101440,81333,shipped,2023-09-05 22:07:49.000000,2023-09-07 13:36:49.000000,145.25,145.25,4,MATCHED,NORMAL
3101,2480,cancelled,2025-12-26 23:49:52.000000,,0.0,25.2,1,MATCHED,SHIPPING_PENDING
12126,9656,cancelled,2024-11-23 14:50:11.000000,,0.0,25.48,1,MATCHED,SHIPPING_PENDING
70645,56491,complete,2025-04-20 17:44:39.000000,2025-04-23 10:43:39.000000,60.5,60.5,2,MATCHED,NORMAL
54206,43296,returned,2024-01-27 20:37:23.000000,2024-01-28 12:13:23.000000,25.52,25.52,1,MATCHED,NORMAL
107935,86478,complete,2021-05-31 18:20:44.000000,2021-06-01 21:12:44.000000,26.0,26.0,1,MATCHED,POTENTIAL CUT-OFF RISK
112793,90290,complete,2023-06-19 20:39:58.000000,2023-06-21 23:35:58.000000,60.99,60.99,2,MATCHED,NORMAL
24634,19668,shipped,2020-04-26 11:04:00.000000,2020-04-26 21:36:00.000000,69.94,69.94,2,MATCHED,NORMAL
88653,70935,cancelled,2021-11-17 18:26:23.000000,,0.0,27.0,1,MATCHED,SHIPPING_PENDING
63834,51014,complete,2023-08-20 02:13:43.000000,2023-08-22 19:21:43.000000,239.83,239.83,4,MATCHED,NORMAL
22749,18171,shipped,2023-02-21 06:38:12.000000,2023-02-22 13:07:12.000000,103.94,103.94,3,MATCHED,NORMAL
69624,55683,returned,2026-01-31 13:04:46.000000,2026-02-02 21:22:46.000000,146.45,146.45,3,MATCHED,POTENTIAL CUT-OFF RISK
52866,42191,shipped,2024-09-10 00:18:57.000000,2024-09-10 01:29:57.000000,27.8,27.8,1,MATCHED,NORMAL
112101,89769,cancelled,2026-06-11 02:01:07.866434,,0.0,86.0,2,MATCHED,SHIPPING_PENDING
122671,98227,complete,2024-11-27 19:36:58.000000,2024-11-28 07:41:58.000000,362.0,362.0,3,MATCHED,NORMAL
69217,55366,processing,2026-05-29 05:30:26.000000,,0.0,354.99,4,MATCHED,SHIPPING_PENDING
79577,63602,processing,2023-01-17 14:05:56.000000,,0.0,28.49,1,MATCHED,SHIPPING_PENDING
124421,99625,complete,2026-06-02 02:53:25.000000,2026-06-03 14:56:25.000000,63.97,63.97,2,MATCHED,NORMAL
61168,48860,complete,2022-09-21 03:20:16.000000,2022-09-24 00:42:16.000000,146.02,146.02,4,MATCHED,NORMAL
68237,54606,processing,2026-04-27 03:17:23.000000,,0.0,29.0,1,MATCHED,SHIPPING_PENDING
28822,23033,complete,2023-08-29 22:30:11.000000,2023-08-31 02:40:11.000000,98.91,98.91,2,MATCHED,NORMAL
107094,85826,complete,2026-04-01 02:58:55.000000,2026-04-03 19:55:55.000000,29.9,29.9,1,MATCHED,NORMAL
64779,51747,complete,2023-03-25 15:20:04.000000,2023-03-26 06:09:04.000000,150.32,150.32,3,MATCHED,NORMAL
89922,71955,complete,2026-01-11 22:28:31.000000,2026-01-12 01:11:31.000000,29.95,29.95,1,MATCHED,NORMAL
98090,78645,returned,2023-07-01 03:43:56.000000,2023-07-03 19:50:56.000000,72.9,72.9,2,MATCHED,NORMAL
107463,86111,processing,2024-12-14 16:41:45.000000,,0.0,29.99,1,MATCHED,SHIPPING_PENDING
16926,13477,shipped,2024-12-11 07:05:34.000000,2024-12-13 03:40:34.000000,93.99,93.99,2,MATCHED,NORMAL
42697,34072,shipped,2026-02-22 06:20:16.000000,2026-02-22 12:05:16.000000,29.99,29.99,1,MATCHED,NORMAL
74471,59557,shipped,2022-01-22 10:31:03.000000,2022-01-25 02:55:03.000000,131.66,131.66,3,MATCHED,NORMAL
32269,25757,processing,2026-06-11 20:35:43.000000,,0.0,30.0,1,MATCHED,SHIPPING_PENDING
51791,41358,processing,2026-04-07 22:15:57.000000,,0.0,261.95,4,MATCHED,SHIPPING_PENDING
105321,84421,returned,2022-01-08 16:16:11.000000,2022-01-09 14:38:11.000000,30.2,30.2,1,MATCHED,NORMAL
92675,74240,shipped,2021-03-21 09:54:35.000000,2021-03-23 09:57:35.000000,30.4,30.4,1,MATCHED,NORMAL
68829,55062,cancelled,2026-05-04 14:52:48.000000,,0.0,79.95,2,MATCHED,SHIPPING_PENDING
120281,96279,cancelled,2022-05-24 02:35:13.000000,,0.0,269.9,4,MATCHED,SHIPPING_PENDING
49857,39825,shipped,2024-12-07 13:38:38.000000,2024-12-09 20:19:38.000000,538.97,538.97,4,MATCHED,NORMAL
75559,60428,shipped,2025-11-20 22:18:37.000000,2025-11-21 04:36:37.000000,86.99,86.99,2,MATCHED,NORMAL
32719,26135,shipped,2025-03-20 15:33:02.000000,2025-03-22 11:48:02.000000,66.99,66.99,2,MATCHED,NORMAL
108645,87020,shipped,2025-11-19 07:01:50.000000,2025-11-21 20:10:50.000000,182.0,182.0,4,MATCHED,NORMAL
33764,26937,processing,2025-08-25 02:28:14.000000,,0.0,77.07,2,MATCHED,SHIPPING_PENDING
51123,40836,cancelled,2026-04-16 01:52:18.000000,,0.0,112.49,2,MATCHED,SHIPPING_PENDING
19173,15312,processing,2026-06-11 19:41:58.000000,,0.0,32.99,1,MATCHED,SHIPPING_PENDING
28748,22977,processing,2023-08-07 23:53:11.000000,,0.0,112.99,2,MATCHED,SHIPPING_PENDING
21677,17302,returned,2023-03-09 05:36:44.000000,2023-03-10 09:18:44.000000,33.0,33.0,1,MATCHED,NORMAL
117791,94316,returned,2025-06-30 08:09:39.000000,2025-07-02 07:19:39.000000,223.97,223.97,4,MATCHED,POTENTIAL CUT-OFF RISK
20451,16345,complete,2025-02-12 09:44:49.000000,2025-02-14 05:06:49.000000,33.6,33.6,1,MATCHED,NORMAL
14832,11839,processing,2026-06-06 15:56:55.000000,,0.0,33.6,1,MATCHED,SHIPPING_PENDING
101916,81708,cancelled,2025-08-22 06:22:55.000000,,0.0,33.95,1,MATCHED,SHIPPING_PENDING
105907,84884,processing,2023-11-10 03:16:05.000000,,0.0,83.93,2,MATCHED,SHIPPING_PENDING
103319,82851,shipped,2025-08-06 07:30:23.000000,2025-08-07 07:29:23.000000,88.68,88.68,2,MATCHED,NORMAL
22437,17903,shipped,2023-09-02 19:45:24.000000,2023-09-05 18:16:24.000000,74.43,74.43,2,MATCHED,NORMAL
50810,40590,cancelled,2025-06-19 11:39:39.000000,,0.0,34.99,1,MATCHED,SHIPPING_PENDING
104640,83866,processing,2025-11-07 16:33:19.000000,,0.0,250.16,4,MATCHED,SHIPPING_PENDING
95283,76365,complete,2023-08-16 10:20:41.000000,2023-08-17 14:17:41.000000,141.0,141.0,2,MATCHED,NORMAL
116738,93450,shipped,2025-12-30 23:35:25.000000,2026-01-01 23:18:25.000000,134.0,134.0,2,MATCHED,POTENTIAL CUT-OFF RISK
122029,97702,cancelled,2025-02-20 03:14:38.000000,,0.0,270.73,4,MATCHED,SHIPPING_PENDING
84714,67781,shipped,2023-08-18 17:50:49.000000,2023-08-21 15:27:49.000000,35.8,35.8,1,MATCHED,NORMAL
61619,49222,cancelled,2023-04-17 08:58:18.000000,,0.0,36.0,1,MATCHED,SHIPPING_PENDING
74494,59573,shipped,2024-12-05 12:35:35.000000,2024-12-07 19:18:35.000000,115.0,115.0,2,MATCHED,NORMAL
7583,6067,shipped,2023-12-18 02:47:30.000000,2023-12-18 20:34:30.000000,37.45,37.45,1,MATCHED,NORMAL
112801,90295,processing,2025-06-20 16:40:18.000000,,0.0,150.36,2,MATCHED,SHIPPING_PENDING
6173,4903,processing,2025-08-12 21:43:43.000000,,0.0,152.49,3,MATCHED,SHIPPING_PENDING
50,35,processing,2026-05-23 06:42:21.000000,,0.0,231.89,4,MATCHED,SHIPPING_PENDING
72399,57883,returned,2022-11-17 13:43:48.000000,2022-11-18 23:11:48.000000,177.0,177.0,3,MATCHED,NORMAL
32456,25920,complete,2026-03-27 19:37:16.000000,2026-03-29 10:03:16.000000,90.12,90.12,2,MATCHED,NORMAL
23624,18874,complete,2025-03-17 05:59:05.000000,2025-03-19 03:36:05.000000,186.68,186.68,2,MATCHED,NORMAL
21267,17005,returned,2026-06-11 13:40:41.389625,2026-06-14 09:04:41.389625,216.99,216.99,3,MATCHED,NORMAL
41586,33166,complete,2024-01-31 02:58:24.000000,2024-02-02 09:27:24.000000,79.49,79.49,2,MATCHED,POTENTIAL CUT-OFF RISK
103308,82839,shipped,2025-02-08 05:34:53.000000,2025-02-08 23:06:53.000000,84.43,84.43,2,MATCHED,NORMAL
62025,49549,cancelled,2026-04-28 05:38:02.000000,,0.0,39.83,1,MATCHED,SHIPPING_PENDING
105795,84795,complete,2026-03-28 08:55:30.000000,2026-03-31 01:27:30.000000,39.88,39.88,1,MATCHED,NORMAL
102910,82512,shipped,2025-05-01 03:53:43.000000,2025-05-02 12:32:43.000000,39.95,39.95,1,MATCHED,NORMAL
111243,89094,cancelled,2026-04-13 22:34:02.000000,,0.0,39.98,1,MATCHED,SHIPPING_PENDING
39705,31707,complete,2023-12-16 22:51:49.000000,2023-12-18 05:17:49.000000,159.97,159.97,2,MATCHED,NORMAL
76386,61077,returned,2025-06-21 09:12:05.000000,2025-06-23 08:02:05.000000,91.85,91.85,2,MATCHED,NORMAL
87153,69755,shipped,2024-02-06 18:26:58.000000,2024-02-07 12:53:58.000000,39.99,39.99,1,MATCHED,NORMAL
124091,99377,shipped,2024-01-18 03:26:58.000000,2024-01-19 18:22:58.000000,39.99,39.99,1,MATCHED,NORMAL
38385,30637,returned,2024-06-09 13:07:14.000000,2024-06-12 01:47:14.000000,40.0,40.0,1,MATCHED,NORMAL
87774,70250,cancelled,2024-12-21 23:00:21.000000,,0.0,40.6,1,MATCHED,SHIPPING_PENDING
66795,53409,processing,2026-01-08 00:01:09.000000,,0.0,90.55,2,MATCHED,SHIPPING_PENDING
33642,26844,shipped,2025-07-09 08:07:26.000000,2025-07-11 05:04:26.000000,40.6,40.6,1,MATCHED,NORMAL
55774,44576,complete,2021-06-24 19:35:20.000000,2021-06-27 18:53:20.000000,41.99,41.99,1,MATCHED,NORMAL
57716,46127,complete,2022-05-09 17:00:04.000000,2022-05-12 14:44:04.000000,42.01,42.01,1,MATCHED,NORMAL
37033,29565,shipped,2025-01-21 12:54:07.000000,2025-01-24 09:55:07.000000,84.58,84.58,2,MATCHED,NORMAL
116986,93672,shipped,2024-12-21 22:06:07.000000,2024-12-22 14:38:07.000000,42.95,42.95,1,MATCHED,NORMAL
124729,99852,cancelled,2025-06-15 11:51:00.000000,,0.0,42.99,1,MATCHED,SHIPPING_PENDING
26596,21254,returned,2026-06-15 20:34:27.272302,2026-06-16 09:47:27.272302,43.14,43.14,1,MATCHED,NORMAL
10143,8088,processing,2024-05-04 17:35:57.000000,,0.0,43.97,1,MATCHED,SHIPPING_PENDING
60701,48475,cancelled,2023-07-20 16:43:10.000000,,0.0,44.0,1,MATCHED,SHIPPING_PENDING
63102,50417,complete,2024-05-03 08:08:48.000000,2024-05-03 12:02:48.000000,44.0,44.0,1,MATCHED,NORMAL
38914,31086,returned,2026-04-15 19:10:52.000000,2026-04-17 02:53:52.000000,44.0,44.0,1,MATCHED,NORMAL
96648,77497,cancelled,2020-11-18 12:20:42.000000,,0.0,44.51,1,MATCHED,SHIPPING_PENDING
42111,33585,cancelled,2025-02-10 18:12:11.000000,,0.0,44.93,1,MATCHED,SHIPPING_PENDING
25474,20344,processing,2026-04-12 19:26:23.000000,,0.0,44.99,1,MATCHED,SHIPPING_PENDING
98906,79300,shipped,2026-03-11 23:29:49.000000,2026-03-13 15:31:49.000000,95.94,95.94,2,MATCHED,NORMAL
17210,13684,complete,2022-02-28 16:20:30.000000,2022-03-01 18:33:30.000000,46.5,46.5,1,MATCHED,POTENTIAL CUT-OFF RISK
117135,93805,returned,2023-03-29 20:53:24.000000,2023-03-30 07:31:24.000000,47.0,47.0,1,MATCHED,NORMAL
39975,31917,shipped,2025-08-16 23:54:28.000000,2025-08-19 21:03:28.000000,47.07,47.07,1,MATCHED,NORMAL
105547,84607,processing,2026-05-28 08:02:44.000000,,0.0,334.5,3,MATCHED,SHIPPING_PENDING
74569,59645,shipped,2026-03-25 06:21:47.000000,2026-03-25 16:19:47.000000,47.99,47.99,1,MATCHED,NORMAL
36470,29102,shipped,2021-07-25 17:56:00.000000,2021-07-28 06:00:00.000000,48.0,48.0,1,MATCHED,NORMAL
47876,38255,shipped,2023-12-07 10:51:06.000000,2023-12-09 13:09:06.000000,48.0,48.0,1,MATCHED,NORMAL
113545,90896,shipped,2026-03-22 20:57:07.000000,2026-03-25 01:47:07.000000,48.0,48.0,1,MATCHED,NORMAL
10596,8437,complete,2026-06-05 16:17:17.000000,2026-06-05 20:02:17.000000,292.3,292.3,3,MATCHED,NORMAL
12304,9805,complete,2025-12-30 09:37:57.000000,2025-12-31 01:24:57.000000,48.3,48.3,1,MATCHED,NORMAL
86310,69101,shipped,2026-05-11 13:05:14.000000,2026-05-12 09:20:14.000000,48.95,48.95,1,MATCHED,NORMAL
77447,61911,complete,2024-12-25 21:57:30.000000,2024-12-27 01:59:30.000000,48.99,48.99,1,MATCHED,NORMAL
43457,34681,cancelled,2025-09-11 00:09:40.000000,,0.0,49.5,1,MATCHED,SHIPPING_PENDING
11636,9246,complete,2022-10-16 08:41:09.000000,2022-10-16 14:58:09.000000,49.5,49.5,1,MATCHED,NORMAL
23642,18890,complete,2023-10-09 20:35:13.000000,2023-10-11 09:59:13.000000,49.5,49.5,1,MATCHED,NORMAL
79589,63612,complete,2026-06-08 04:12:44.000000,2026-06-09 11:02:44.000000,324.5,324.5,3,MATCHED,NORMAL
59056,47198,processing,2026-03-10 01:24:16.000000,,0.0,148.5,2,MATCHED,SHIPPING_PENDING
104230,83528,cancelled,2025-08-14 21:53:16.000000,,0.0,193.06,3,MATCHED,SHIPPING_PENDING
106806,85589,cancelled,2025-06-27 23:21:10.000000,,0.0,133.83,2,MATCHED,SHIPPING_PENDING
115939,92825,complete,2023-06-12 04:08:05.000000,2023-06-14 05:10:05.000000,49.99,49.99,1,MATCHED,NORMAL
73073,58451,returned,2025-11-04 19:56:50.000000,2025-11-06 20:25:50.000000,119.99,119.99,2,MATCHED,NORMAL
88900,71141,shipped,2023-11-26 23:53:06.000000,2023-11-28 05:07:06.000000,291.83,291.83,4,MATCHED,NORMAL
48419,38674,cancelled,2026-01-23 03:21:12.000000,,0.0,50.0,1,MATCHED,SHIPPING_PENDING
12840,10195,processing,2025-07-21 02:26:03.000000,,0.0,50.0,1,MATCHED,SHIPPING_PENDING
18088,14414,processing,2025-11-07 09:42:50.000000,,0.0,138.08,2,MATCHED,SHIPPING_PENDING
41686,33251,processing,2025-04-17 04:04:57.000000,,0.0,52.0,1,MATCHED,SHIPPING_PENDING
26214,20936,cancelled,2026-04-21 19:12:28.000000,,0.0,363.53,4,MATCHED,SHIPPING_PENDING
2661,2120,processing,2025-04-18 15:46:42.000000,,0.0,112.59,2,MATCHED,SHIPPING_PENDING
50239,40137,shipped,2023-06-23 13:55:51.000000,2023-06-23 21:15:51.000000,53.0,53.0,1,MATCHED,NORMAL
96517,77383,complete,2024-09-28 03:10:48.000000,2024-09-28 11:07:48.000000,144.63,144.63,2,MATCHED,NORMAL
69571,55640,shipped,2023-07-28 21:27:54.000000,2023-07-30 17:44:54.000000,53.94,53.94,1,MATCHED,NORMAL
83980,67207,shipped,2025-06-22 23:49:16.000000,2025-06-25 20:07:16.000000,143.94,143.94,2,MATCHED,NORMAL
1195,949,complete,2025-02-14 13:04:30.000000,2025-02-14 17:29:30.000000,353.0,353.0,2,MATCHED,NORMAL
88719,70993,shipped,2026-04-11 22:34:45.000000,2026-04-13 12:53:45.000000,54.0,54.0,1,MATCHED,NORMAL
108962,87283,complete,2026-06-15 11:31:44.778094,2026-06-17 20:03:44.778094,144.45,144.45,2,MATCHED,NORMAL
22897,18288,complete,2026-05-19 06:19:53.000000,2026-05-21 14:55:53.000000,55.0,55.0,1,MATCHED,NORMAL
67535,54025,complete,2026-03-25 14:11:40.000000,2026-03-26 20:57:40.000000,55.0,55.0,1,MATCHED,NORMAL
76891,61483,complete,2019-12-25 23:50:56.000000,2019-12-26 09:55:56.000000,55.0,55.0,1,MATCHED,NORMAL
25910,20700,shipped,2024-03-15 21:15:27.000000,2024-03-18 07:57:27.000000,55.0,55.0,1,MATCHED,NORMAL
30744,24546,shipped,2022-11-24 22:33:21.000000,2022-11-26 07:11:21.000000,55.0,55.0,1,MATCHED,NORMAL
122822,98354,returned,2025-02-15 22:17:31.000000,2025-02-18 13:45:31.000000,55.38,55.38,1,MATCHED,NORMAL
111235,89087,shipped,2024-07-09 01:50:12.000000,2024-07-09 08:22:12.000000,170.53,170.53,2,MATCHED,NORMAL
39319,31407,shipped,2026-03-27 07:58:07.000000,2026-03-28 19:34:07.000000,55.5,55.5,1,MATCHED,NORMAL
44510,35498,shipped,2022-10-11 11:00:24.000000,2022-10-11 13:36:24.000000,232.0,232.0,2,MATCHED,NORMAL
104706,83920,complete,2022-12-23 20:46:23.000000,2022-12-26 04:45:23.000000,57.99,57.99,1,MATCHED,NORMAL
95783,76790,shipped,2026-06-05 07:42:32.000000,2026-06-07 00:03:32.000000,58.0,58.0,1,MATCHED,NORMAL
96806,77617,complete,2024-07-31 03:16:35.000000,2024-07-31 23:28:35.000000,254.95,254.95,2,MATCHED,NORMAL
84803,67845,processing,2022-02-20 17:00:44.000000,,0.0,58.97,1,MATCHED,SHIPPING_PENDING
22132,17656,complete,2022-04-01 23:47:48.000000,2022-04-03 15:22:48.000000,58.99,58.99,1,MATCHED,NORMAL
108211,86679,processing,2026-06-09 14:14:09.000000,,0.0,59.0,1,MATCHED,SHIPPING_PENDING
66137,52863,shipped,2025-06-14 00:54:55.000000,2025-06-14 02:06:55.000000,59.52,59.52,1,MATCHED,NORMAL
113330,90728,complete,2026-01-16 21:34:01.000000,2026-01-18 19:33:01.000000,209.0,209.0,2,MATCHED,NORMAL
96852,77646,complete,2025-08-02 12:01:06.000000,2025-08-03 16:58:06.000000,60.99,60.99,1,MATCHED,NORMAL
33667,26865,shipped,2026-02-16 14:01:13.000000,2026-02-18 22:03:13.000000,61.0,61.0,1,MATCHED,NORMAL
56767,45367,complete,2024-05-14 03:14:31.000000,2024-05-14 13:58:31.000000,176.74,176.74,2,MATCHED,NORMAL
115732,92651,processing,2025-10-30 06:57:56.000000,,0.0,62.36,1,MATCHED,SHIPPING_PENDING
28407,22707,complete,2019-10-22 12:16:18.000000,2019-10-23 12:42:18.000000,63.65,63.65,1,MATCHED,NORMAL
14124,11251,complete,2026-06-13 17:12:16.408378,2026-06-14 14:42:16.408378,64.0,64.0,1,MATCHED,NORMAL
49850,39819,complete,2020-04-14 16:22:27.000000,2020-04-16 19:43:27.000000,64.17,64.17,1,MATCHED,NORMAL
63985,51125,complete,2025-08-10 10:01:44.000000,2025-08-12 05:16:44.000000,64.5,64.5,1,MATCHED,NORMAL
2152,1721,complete,2019-06-15 18:34:50.000000,2019-06-16 16:36:50.000000,64.99,64.99,1,MATCHED,NORMAL
50156,40057,cancelled,2025-03-23 18:06:08.000000,,0.0,65.0,1,MATCHED,SHIPPING_PENDING
69192,55349,processing,2025-07-18 11:16:20.000000,,0.0,65.0,1,MATCHED,SHIPPING_PENDING
63026,50359,shipped,2022-05-28 13:46:06.000000,2022-05-30 23:08:06.000000,66.0,66.0,1,MATCHED,NORMAL
29353,23455,processing,2025-11-09 15:40:53.000000,,0.0,165.88,2,MATCHED,SHIPPING_PENDING
69179,55334,processing,2025-10-04 08:35:21.000000,,0.0,67.95,1,MATCHED,SHIPPING_PENDING
56383,45050,processing,2026-06-13 17:23:54.817450,,0.0,163.0,2,MATCHED,SHIPPING_PENDING
90515,72434,processing,2026-05-04 20:32:42.000000,,0.0,68.0,1,MATCHED,SHIPPING_PENDING
10016,7985,shipped,2024-01-15 18:39:24.000000,2024-01-16 20:22:24.000000,162.0,162.0,2,MATCHED,NORMAL
31331,25028,complete,2026-06-12 06:04:34.653609,2026-06-12 06:13:34.653609,69.5,69.5,1,MATCHED,NORMAL
110897,88810,shipped,2026-06-14 17:47:55.408797,2026-06-15 02:19:55.408797,69.9,69.9,1,MATCHED,NORMAL
44288,35329,processing,2023-10-26 01:26:16.000000,,0.0,69.95,1,MATCHED,SHIPPING_PENDING
42680,34051,shipped,2026-03-16 16:48:50.000000,2026-03-18 20:16:50.000000,69.99,69.99,1,MATCHED,NORMAL
9608,7664,processing,2023-09-03 18:59:57.000000,,0.0,161.73,2,MATCHED,SHIPPING_PENDING
38877,31057,complete,2025-02-11 07:30:32.000000,2025-02-12 22:45:32.000000,283.99,283.99,2,MATCHED,NORMAL
81493,65203,returned,2025-03-30 05:47:13.000000,2025-04-02 00:27:13.000000,78.0,78.0,1,MATCHED,POTENTIAL CUT-OFF RISK
116457,93238,shipped,2025-07-29 03:33:41.000000,2025-07-31 18:37:41.000000,189.0,189.0,2,MATCHED,NORMAL
14176,11293,returned,2026-06-13 15:15:39.014224,2026-06-14 20:54:39.014224,267.9,267.9,2,MATCHED,NORMAL
71441,57140,shipped,2022-02-05 02:08:42.000000,2022-02-06 11:06:42.000000,83.3,83.3,1,MATCHED,NORMAL
71871,57476,shipped,2024-12-14 11:54:42.000000,2024-12-16 23:47:42.000000,85.9,85.9,1,MATCHED,NORMAL
40245,32137,returned,2023-07-17 05:10:45.000000,2023-07-17 09:21:45.000000,87.89,87.89,1,MATCHED,NORMAL
124607,99763,shipped,2020-02-17 11:59:00.000000,2020-02-18 11:14:00.000000,283.4,283.4,3,MATCHED,NORMAL
70033,56015,complete,2026-03-23 13:07:53.000000,2026-03-24 23:54:53.000000,88.0,88.0,1,MATCHED,NORMAL
36068,28772,processing,2026-04-06 13:33:08.000000,,0.0,88.0,1,MATCHED,SHIPPING_PENDING
14425,11509,returned,2020-05-26 19:12:57.000000,2020-05-28 10:17:57.000000,88.0,88.0,1,MATCHED,NORMAL
38610,30832,shipped,2025-09-22 18:23:56.000000,2025-09-24 21:16:56.000000,89.5,89.5,1,MATCHED,NORMAL
9768,7794,processing,2026-04-07 12:52:23.000000,,0.0,90.0,1,MATCHED,SHIPPING_PENDING
54030,43163,shipped,2021-06-06 05:03:36.000000,2021-06-07 06:39:36.000000,90.45,90.45,1,MATCHED,NORMAL
105001,84150,processing,2024-05-23 08:03:23.000000,,0.0,96.0,1,MATCHED,SHIPPING_PENDING
9488,7566,complete,2025-04-23 13:37:47.000000,2025-04-24 18:44:47.000000,98.0,98.0,1,MATCHED,NORMAL
48077,38408,complete,2025-02-24 02:52:19.000000,2025-02-24 11:11:19.000000,98.0,98.0,1,MATCHED,NORMAL
72826,58256,complete,2026-05-16 04:13:56.000000,2026-05-17 00:20:56.000000,274.0,274.0,2,MATCHED,NORMAL
20737,16569,processing,2024-12-25 20:41:38.000000,,0.0,98.0,1,MATCHED,SHIPPING_PENDING
94986,76134,returned,2022-09-25 07:54:48.000000,2022-09-25 11:54:48.000000,98.0,98.0,1,MATCHED,NORMAL
101051,81013,complete,2026-06-14 18:01:50.678874,2026-06-17 01:04:50.678874,99.0,99.0,1,MATCHED,NORMAL
95997,76957,cancelled,2026-01-31 03:28:24.000000,,0.0,99.99,1,MATCHED,SHIPPING_PENDING
49997,39932,returned,2022-08-09 19:10:06.000000,2022-08-10 03:13:06.000000,99.99,99.99,1,MATCHED,NORMAL
109614,87815,shipped,2026-01-24 18:39:06.000000,2026-01-25 20:41:06.000000,103.68,103.68,1,MATCHED,NORMAL
32062,25606,processing,2025-07-30 08:03:00.000000,,0.0,109.0,1,MATCHED,SHIPPING_PENDING
102949,82545,complete,2026-02-23 04:51:17.000000,2026-02-25 21:39:17.000000,477.95,477.95,2,MATCHED,NORMAL
58261,46561,shipped,2023-09-08 00:10:07.000000,2023-09-08 21:11:07.000000,115.0,115.0,1,MATCHED,NORMAL
25701,20524,shipped,2023-03-23 12:51:36.000000,2023-03-25 20:21:36.000000,117.6,117.6,1,MATCHED,NORMAL
10420,8292,processing,2025-11-20 06:14:22.000000,,0.0,128.0,1,MATCHED,SHIPPING_PENDING
64103,51218,returned,2025-11-27 01:35:22.000000,2025-11-27 08:52:22.000000,132.0,132.0,1,MATCHED,NORMAL
99012,79393,returned,2024-07-14 06:56:26.000000,2024-07-15 11:21:26.000000,132.0,132.0,1,MATCHED,NORMAL
97251,77944,shipped,2025-06-25 03:35:32.000000,2025-06-25 23:57:32.000000,132.0,132.0,1,MATCHED,NORMAL
30625,24446,cancelled,2021-10-08 23:09:23.000000,,0.0,142.78,1,MATCHED,SHIPPING_PENDING
119306,95486,processing,2024-12-18 00:55:41.000000,,0.0,156.87,1,MATCHED,SHIPPING_PENDING
79803,63777,returned,2026-02-18 14:23:52.000000,2026-02-19 03:14:52.000000,179.99,179.99,1,MATCHED,NORMAL
7728,6186,cancelled,2025-05-23 22:43:06.000000,,0.0,184.95,1,MATCHED,SHIPPING_PENDING
37473,29923,complete,2024-01-13 00:39:23.000000,2024-01-13 14:26:23.000000,198.0,198.0,1,MATCHED,NORMAL
20899,16705,processing,2023-10-14 03:12:24.000000,,0.0,198.0,1,MATCHED,SHIPPING_PENDING
29966,23940,shipped,2026-06-11 04:16:07.000000,2026-06-12 06:05:07.000000,228.0,228.0,1,MATCHED,NORMAL
83249,66609,complete,2024-01-17 16:25:56.000000,2024-01-18 23:31:56.000000,229.0,229.0,1,MATCHED,NORMAL
24897,19884,returned,2023-04-12 22:28:05.000000,2023-04-15 00:34:05.000000,269.0,269.0,1,MATCHED,NORMAL
85079,68080,returned,2020-12-20 08:09:20.000000,2020-12-20 10:44:20.000000,280.0,280.0,1,MATCHED,NORMAL
81229,64984,processing,2026-04-02 19:32:11.000000,,0.0,374.0,1,MATCHED,SHIPPING_PENDING
-10,17741,complete,2026-06-16 15:18:00.000000,2026-06-18 08:18:00.000000,97.0,97.0,1,MATCHED,NORMAL
-29,80347,complete,2026-06-16 17:31:00.000000,2026-06-17 17:31:00.000000,383.0,383.0,3,MATCHED,NORMAL
-62,17592,"complete,returned",2026-06-16 10:28:00.000000,2026-06-18 10:28:00.000000,280.0,280.0,2,MATCHED,NORMAL
-69,66138,complete,2026-06-16 14:49:00.000000,2026-06-18 12:49:00.000000,147.0,147.0,1,MATCHED,NORMAL
-70,10294,complete,2026-06-16 16:26:00.000000,2026-06-18 15:26:00.000000,106.0,106.0,1,MATCHED,NORMAL
-89,14715,complete,2026-06-16 14:35:00.000000,2026-06-18 09:35:00.000000,157.0,157.0,1,MATCHED,NORMAL
-114,54697,"complete,shipped",2026-06-16 16:48:00.000000,2026-06-18 11:48:00.000000,248.0,248.0,2,MATCHED,NORMAL
-133,16288,shipped,2026-06-16 15:32:00.000000,2026-06-17 22:32:00.000000,147.0,147.0,2,MATCHED,NORMAL
-143,15752,complete,2026-06-16 17:08:00.000000,2026-06-18 11:08:00.000000,389.0,389.0,3,MATCHED,NORMAL
-220,19078,complete,2026-06-16 17:04:00.000000,2026-06-18 12:04:00.000000,288.0,288.0,3,MATCHED,NORMAL
-237,19441,"complete,returned",2026-06-16 09:11:00.000000,2026-06-18 09:11:00.000000,189.0,189.0,2,MATCHED,NORMAL
-271,17469,shipped,2026-06-16 12:20:00.000000,2026-06-17 20:20:00.000000,34.0,34.0,1,MATCHED,NORMAL
-272,54969,complete,2026-06-16 15:02:00.000000,2026-06-17 16:02:00.000000,136.0,136.0,1,MATCHED,NORMAL
73675,58925,returned,2023-04-27 19:40:11.000000,2023-04-28 02:33:11.000000,2.95,2.95,1,MATCHED,NORMAL
10521,8371,complete,2024-03-08 03:24:20.000000,2024-03-08 21:58:20.000000,130.58,130.58,2,MATCHED,NORMAL
100300,80451,shipped,2022-11-04 06:45:45.000000,2022-11-06 03:32:45.000000,171.67,171.67,4,MATCHED,NORMAL
90084,72086,complete,2023-10-14 07:11:07.000000,2023-10-16 10:13:07.000000,272.95,272.95,3,MATCHED,NORMAL
68794,55035,cancelled,2023-02-05 15:52:30.000000,,0.0,31.0,2,MATCHED,SHIPPING_PENDING
10247,8172,shipped,2026-01-30 06:26:03.000000,2026-01-30 07:18:03.000000,30.94,30.94,2,MATCHED,NORMAL
86699,69424,shipped,2022-01-08 02:25:56.000000,2022-01-10 05:24:56.000000,79.93,79.93,3,MATCHED,NORMAL
9461,7543,complete,2026-05-10 03:51:19.000000,2026-05-12 16:28:19.000000,6.83,6.83,1,MATCHED,NORMAL
100019,80245,cancelled,2026-02-17 14:49:33.000000,,0.0,6.94,1,MATCHED,SHIPPING_PENDING
12431,9904,returned,2025-12-28 12:06:09.000000,2025-12-30 20:57:09.000000,210.82,210.82,4,MATCHED,NORMAL
68990,55194,shipped,2025-03-24 22:39:18.000000,2025-03-27 09:39:18.000000,20.73,20.73,2,MATCHED,NORMAL
122094,97742,complete,2024-03-07 02:44:36.000000,2024-03-09 22:57:36.000000,55.8,55.8,4,MATCHED,NORMAL
22586,18032,shipped,2019-09-12 08:56:13.000000,2019-09-13 20:06:13.000000,202.4,202.4,4,MATCHED,NORMAL
47983,38336,complete,2024-06-08 07:50:00.000000,2024-06-10 17:29:00.000000,8.99,8.99,1,MATCHED,NORMAL
107599,86223,complete,2025-01-04 02:25:10.000000,2025-01-04 19:03:10.000000,8.99,8.99,1,MATCHED,NORMAL
50410,40297,shipped,2025-04-24 22:07:23.000000,2025-04-26 06:49:23.000000,48.98,48.98,2,MATCHED,NORMAL
103541,83020,returned,2022-11-21 22:27:53.000000,2022-11-24 20:41:53.000000,98.36,98.36,4,MATCHED,NORMAL
41358,32989,shipped,2025-10-13 13:50:03.000000,2025-10-16 10:28:03.000000,9.0,9.0,1,MATCHED,NORMAL
19373,15462,returned,2023-01-08 08:27:31.000000,2023-01-10 22:11:31.000000,106.85,106.85,4,MATCHED,NORMAL
121587,97333,returned,2024-10-22 15:13:22.000000,2024-10-23 15:13:22.000000,372.37,372.37,4,MATCHED,NORMAL
109842,87998,shipped,2020-05-08 23:26:09.000000,2020-05-10 23:53:09.000000,124.52,124.52,4,MATCHED,NORMAL
7895,6316,cancelled,2025-03-31 21:35:41.000000,,0.0,109.92,3,MATCHED,SHIPPING_PENDING
67236,53772,returned,2024-12-16 00:50:19.000000,2024-12-18 08:18:19.000000,236.08,236.08,4,MATCHED,NORMAL
105921,84891,complete,2023-08-25 07:52:13.000000,2023-08-27 12:37:13.000000,252.92,252.92,4,MATCHED,NORMAL
72954,58360,shipped,2023-08-29 23:54:20.000000,2023-08-30 00:53:20.000000,63.99,63.99,2,MATCHED,NORMAL
44550,35524,returned,2025-11-30 07:38:34.000000,2025-12-02 09:23:34.000000,171.53,171.53,4,MATCHED,POTENTIAL CUT-OFF RISK
120291,96287,shipped,2025-01-16 18:28:15.000000,2025-01-18 11:13:15.000000,28.99,28.99,2,MATCHED,NORMAL
73805,59027,cancelled,2026-03-19 20:59:58.000000,,0.0,290.11,2,MATCHED,SHIPPING_PENDING
52415,41853,cancelled,2021-08-20 03:33:37.000000,,0.0,953.21,3,MATCHED,SHIPPING_PENDING
80821,64651,processing,2026-05-09 16:37:19.000000,,0.0,84.45,3,MATCHED,SHIPPING_PENDING
62855,50225,shipped,2025-11-03 07:48:10.000000,2025-11-04 17:25:10.000000,21.5,21.5,2,MATCHED,NORMAL
32337,25822,complete,2026-05-16 19:10:35.000000,2026-05-18 23:18:35.000000,10.69,10.69,1,MATCHED,NORMAL
84952,67976,shipped,2025-12-06 07:35:01.000000,2025-12-08 16:54:01.000000,10.69,10.69,1,MATCHED,NORMAL
30695,24507,processing,2025-07-14 16:18:29.000000,,0.0,76.01,2,MATCHED,SHIPPING_PENDING
63430,50694,returned,2025-01-19 04:49:11.000000,2025-01-20 11:15:11.000000,193.97,193.97,4,MATCHED,NORMAL
57618,46053,processing,2026-05-20 16:04:03.000000,,0.0,228.39,3,MATCHED,SHIPPING_PENDING
30665,24480,shipped,2021-05-25 12:16:54.000000,2021-05-25 19:13:54.000000,160.36,160.36,3,MATCHED,NORMAL
63142,50452,shipped,2025-06-13 15:31:36.000000,2025-06-13 18:45:36.000000,129.03,129.03,4,MATCHED,NORMAL
50673,40496,complete,2023-05-23 23:25:57.000000,2023-05-25 21:02:57.000000,11.25,11.25,1,MATCHED,NORMAL
76428,61110,shipped,2025-12-23 16:02:17.000000,2025-12-23 22:10:17.000000,11.25,11.25,1,MATCHED,NORMAL
124066,99361,complete,2026-06-13 19:09:28.000000,2026-06-14 04:57:28.000000,71.12,71.12,3,MATCHED,NORMAL
25067,20026,complete,2022-08-19 00:48:58.000000,2022-08-19 11:10:58.000000,121.68,121.68,4,MATCHED,NORMAL
87749,70226,processing,2026-06-06 15:02:14.000000,,0.0,11.95,1,MATCHED,SHIPPING_PENDING
52844,42178,returned,2024-09-07 06:50:53.000000,2024-09-08 04:43:53.000000,11.95,11.95,1,MATCHED,NORMAL
29485,23560,processing,2025-10-04 17:04:19.000000,,0.0,76.98,2,MATCHED,SHIPPING_PENDING
42678,34048,returned,2022-02-12 04:50:40.000000,2022-02-12 16:42:40.000000,28.98,28.98,2,MATCHED,NORMAL
89995,72019,shipped,2026-03-02 12:07:39.000000,2026-03-03 06:57:39.000000,41.97,41.97,2,MATCHED,NORMAL
114118,91382,shipped,2022-05-03 05:13:42.000000,2022-05-03 15:43:42.000000,11.99,11.99,1,MATCHED,NORMAL
34584,27605,complete,2025-08-18 05:54:52.000000,2025-08-19 22:04:52.000000,156.96,156.96,4,MATCHED,NORMAL
45914,36667,processing,2025-04-11 15:30:29.000000,,0.0,101.5,2,MATCHED,SHIPPING_PENDING
62732,50128,processing,2022-09-11 14:16:17.000000,,0.0,122.0,2,MATCHED,SHIPPING_PENDING
60159,48039,returned,2024-12-01 16:40:52.000000,2024-12-04 01:13:52.000000,273.0,273.0,3,MATCHED,NORMAL
898,723,shipped,2025-07-30 19:02:27.000000,2025-07-31 13:52:27.000000,188.99,188.99,4,MATCHED,NORMAL
97202,77909,complete,2025-05-11 04:16:34.000000,2025-05-12 10:12:34.000000,141.51,141.51,2,MATCHED,NORMAL
110264,88326,shipped,2026-02-19 20:50:02.000000,2026-02-22 02:28:02.000000,203.03,203.03,3,MATCHED,NORMAL
118844,95134,returned,2024-03-22 01:32:01.000000,2024-03-23 11:29:01.000000,40.88,40.88,2,MATCHED,NORMAL
47477,37927,complete,2020-07-09 16:52:58.000000,2020-07-10 12:27:58.000000,144.93,144.93,2,MATCHED,NORMAL
52272,41726,cancelled,2026-05-11 18:04:12.000000,,0.0,146.49,4,MATCHED,SHIPPING_PENDING
529,440,complete,2025-08-11 02:48:46.000000,2025-08-12 10:20:46.000000,58.0,58.0,2,MATCHED,NORMAL
117234,93885,processing,2024-12-21 02:47:35.000000,,0.0,13.71,1,MATCHED,SHIPPING_PENDING
63824,51006,shipped,2023-08-22 01:18:11.000000,2023-08-23 02:58:11.000000,272.68,272.68,4,MATCHED,NORMAL
64486,51520,returned,2025-03-19 13:32:44.000000,2025-03-22 09:08:44.000000,85.26,85.26,3,MATCHED,NORMAL
50047,39977,returned,2024-08-29 08:59:15.000000,2024-08-30 21:09:15.000000,41.9,41.9,2,MATCHED,NORMAL
29508,23582,shipped,2020-03-01 03:09:29.000000,2020-03-01 15:32:29.000000,147.49,147.49,3,MATCHED,NORMAL
63250,50549,shipped,2026-06-14 10:34:53.000000,2026-06-15 06:43:53.000000,29.0,29.0,2,MATCHED,NORMAL
57117,45667,shipped,2025-10-15 02:57:37.000000,2025-10-16 10:32:37.000000,32.19,32.19,2,MATCHED,NORMAL
15794,12602,shipped,2025-03-21 22:25:29.000000,2025-03-24 18:19:29.000000,230.92,230.92,3,MATCHED,NORMAL
26097,20853,cancelled,2024-12-08 19:22:33.000000,,0.0,180.99,3,MATCHED,SHIPPING_PENDING
107301,85992,cancelled,2021-10-08 03:22:44.000000,,0.0,14.99,1,MATCHED,SHIPPING_PENDING
56239,44935,processing,2026-04-11 18:32:43.000000,,0.0,221.99,3,MATCHED,SHIPPING_PENDING
62485,49920,processing,2023-12-21 07:52:20.000000,,0.0,14.99,1,MATCHED,SHIPPING_PENDING
24222,19354,returned,2025-11-10 08:09:19.000000,2025-11-12 06:54:19.000000,170.68,170.68,4,MATCHED,NORMAL
30010,23965,returned,2024-06-27 10:44:16.000000,2024-06-29 10:03:16.000000,14.99,14.99,1,MATCHED,NORMAL
108603,86991,shipped,2024-05-12 19:49:57.000000,2024-05-14 23:54:57.000000,170.44,170.44,4,MATCHED,NORMAL
119528,95654,shipped,2023-07-18 11:52:31.000000,2023-07-20 07:02:31.000000,14.99,14.99,1,MATCHED,NORMAL
2555,2039,processing,2024-06-13 08:41:14.000000,,0.0,113.53,4,MATCHED,SHIPPING_PENDING
72666,58111,complete,2024-11-24 13:32:14.000000,2024-11-26 11:36:14.000000,140.48,140.48,4,MATCHED,NORMAL
471,383,shipped,2026-01-31 09:16:46.000000,2026-02-02 20:27:46.000000,65.02,65.02,2,MATCHED,POTENTIAL CUT-OFF RISK
116307,93127,shipped,2025-11-01 23:50:35.000000,2025-11-03 14:05:35.000000,139.9,139.9,4,MATCHED,NORMAL
42265,33720,returned,2026-03-27 21:43:49.000000,2026-03-28 13:56:49.000000,89.94,89.94,3,MATCHED,NORMAL
1211,962,complete,2026-06-10 20:23:34.000000,2026-06-13 03:24:34.000000,15.99,15.99,1,MATCHED,NORMAL
93398,74848,complete,2024-03-14 03:19:39.000000,2024-03-15 20:34:39.000000,261.99,261.99,2,MATCHED,NORMAL
95915,76892,shipped,2026-01-14 19:35:30.000000,2026-01-17 08:54:30.000000,80.94,80.94,2,MATCHED,NORMAL
35597,28409,shipped,2023-11-04 21:27:31.000000,2023-11-05 16:37:31.000000,71.21,71.21,2,MATCHED,NORMAL
80129,64054,processing,2026-06-08 22:48:09.000000,,0.0,74.82,3,MATCHED,SHIPPING_PENDING
95063,76192,returned,2026-06-09 09:58:50.000000,2026-06-10 02:45:50.000000,296.92,296.92,4,MATCHED,NORMAL
97479,78140,returned,2024-12-28 23:51:48.000000,2024-12-31 23:28:48.000000,16.99,16.99,1,MATCHED,NORMAL
97462,78126,complete,2024-03-11 12:14:05.000000,2024-03-11 22:14:05.000000,67.0,67.0,2,MATCHED,NORMAL
15722,12549,shipped,2025-01-01 19:40:55.000000,2025-01-02 03:20:55.000000,80.99,80.99,4,MATCHED,NORMAL
87699,70181,processing,2026-05-19 14:01:07.000000,,0.0,17.05,1,MATCHED,SHIPPING_PENDING
121157,96985,returned,2026-04-12 15:40:49.000000,2026-04-12 23:28:49.000000,49.77,49.77,2,MATCHED,NORMAL
60737,48501,complete,2025-06-05 13:59:52.000000,2025-06-08 00:25:52.000000,18.0,18.0,1,MATCHED,NORMAL
69765,55793,complete,2026-02-24 05:14:21.000000,2026-02-27 00:05:21.000000,18.0,18.0,1,MATCHED,NORMAL
3340,2655,processing,2021-03-06 09:52:52.000000,,0.0,118.27,4,MATCHED,SHIPPING_PENDING
75187,60127,processing,2019-06-06 11:33:29.000000,,0.0,493.67,4,MATCHED,SHIPPING_PENDING
117018,93700,returned,2020-01-21 16:26:43.000000,2020-01-23 22:28:43.000000,18.0,18.0,1,MATCHED,NORMAL
60667,48449,shipped,2023-08-03 05:02:02.000000,2023-08-05 14:39:02.000000,166.65,166.65,4,MATCHED,NORMAL
31376,25066,complete,2023-10-31 04:08:41.000000,2023-11-01 03:18:41.000000,18.95,18.95,1,MATCHED,POTENTIAL CUT-OFF RISK
34552,27582,processing,2026-06-06 16:44:02.000000,,0.0,38.45,2,MATCHED,SHIPPING_PENDING
48755,38913,complete,2025-12-30 04:25:21.000000,2025-12-30 23:07:21.000000,377.49,377.49,4,MATCHED,NORMAL
53918,43058,cancelled,2024-04-10 01:14:41.000000,,0.0,145.69,3,MATCHED,SHIPPING_PENDING
61976,49505,shipped,2026-06-09 10:53:01.000000,2026-06-11 21:36:01.000000,56.94,56.94,2,MATCHED,NORMAL
123359,98779,shipped,2023-12-10 23:22:46.000000,2023-12-12 19:44:46.000000,50.04,50.04,2,MATCHED,NORMAL
38433,30682,cancelled,2021-07-05 08:18:35.000000,,0.0,126.65,4,MATCHED,SHIPPING_PENDING
93449,74891,cancelled,2026-02-03 04:57:08.000000,,0.0,19.99,1,MATCHED,SHIPPING_PENDING
43741,34895,processing,2023-04-05 00:53:20.000000,,0.0,98.99,2,MATCHED,SHIPPING_PENDING
118437,94831,returned,2025-10-22 08:50:06.000000,2025-10-23 23:39:06.000000,197.99,197.99,2,MATCHED,NORMAL
3249,2592,shipped,2026-04-18 02:27:03.000000,2026-04-19 02:27:03.000000,123.99,123.99,3,MATCHED,NORMAL
120302,96296,shipped,2025-12-12 01:33:54.000000,2025-12-13 16:24:54.000000,237.98,237.98,3,MATCHED,NORMAL
54063,43189,cancelled,2026-05-01 05:09:32.000000,,0.0,131.61,4,MATCHED,SHIPPING_PENDING
14716,11747,shipped,2025-04-29 10:49:48.000000,2025-04-29 13:43:48.000000,47.99,47.99,2,MATCHED,NORMAL
73741,58977,processing,2026-02-03 20:59:09.000000,,0.0,131.16,3,MATCHED,SHIPPING_PENDING
108885,87221,processing,2022-09-08 14:26:40.000000,,0.0,20.93,1,MATCHED,SHIPPING_PENDING
86903,69574,complete,2026-01-15 09:44:58.000000,2026-01-16 13:03:58.000000,117.0,117.0,4,MATCHED,NORMAL
69555,55630,shipped,2024-01-04 05:35:59.000000,2024-01-04 08:03:59.000000,134.97,134.97,3,MATCHED,NORMAL
119653,95761,processing,2026-04-09 09:14:59.000000,,0.0,181.83,3,MATCHED,SHIPPING_PENDING
46065,36798,cancelled,2024-11-26 18:11:19.000000,,0.0,21.87,1,MATCHED,SHIPPING_PENDING
112783,90282,shipped,2023-07-22 20:06:23.000000,2023-07-24 23:38:23.000000,21.87,21.87,1,MATCHED,NORMAL
43273,34532,complete,2026-06-15 14:21:47.555299,2026-06-15 19:41:47.555299,96.9,96.9,2,MATCHED,NORMAL
116615,93358,processing,2026-03-01 17:17:09.000000,,0.0,43.95,2,MATCHED,SHIPPING_PENDING
58600,46828,complete,2022-08-06 20:23:02.000000,2022-08-07 07:44:02.000000,72.43,72.43,3,MATCHED,NORMAL
118130,94578,complete,2026-04-25 17:41:46.000000,2026-04-27 05:34:46.000000,21.99,21.99,1,MATCHED,NORMAL
66879,53474,processing,2025-01-10 07:53:55.000000,,0.0,46.99,2,MATCHED,SHIPPING_PENDING
70417,56316,processing,2024-04-10 09:45:06.000000,,0.0,133.68,4,MATCHED,SHIPPING_PENDING
92901,74429,processing,2024-09-27 23:43:21.000000,,0.0,21.99,1,MATCHED,SHIPPING_PENDING
75227,60162,shipped,2024-12-18 12:52:39.000000,2024-12-19 22:20:39.000000,21.99,21.99,1,MATCHED,NORMAL
35034,27980,complete,2022-12-28 06:31:54.000000,2022-12-29 18:55:54.000000,77.0,77.0,2,MATCHED,NORMAL
82761,66221,returned,2024-07-02 21:16:56.000000,2024-07-05 10:46:56.000000,22.45,22.45,1,MATCHED,NORMAL
47117,37653,complete,2023-05-15 00:51:21.000000,2023-05-17 14:30:21.000000,162.5,162.5,3,MATCHED,NORMAL
19075,15228,complete,2025-08-25 16:50:15.000000,2025-08-27 01:54:15.000000,46.73,46.73,2,MATCHED,NORMAL
15075,12027,cancelled,2021-07-18 14:14:02.000000,,0.0,283.42,4,MATCHED,SHIPPING_PENDING
86516,69277,shipped,2026-02-22 15:26:55.000000,2026-02-23 05:04:55.000000,442.96,442.96,4,MATCHED,NORMAL
99927,80162,processing,2025-03-16 22:55:48.000000,,0.0,445.9,4,MATCHED,SHIPPING_PENDING
88284,70627,shipped,2023-02-27 12:46:31.000000,2023-02-28 04:28:31.000000,276.22,276.22,4,MATCHED,NORMAL
123964,99264,shipped,2023-12-31 03:00:18.000000,2023-12-31 15:37:18.000000,67.5,67.5,2,MATCHED,NORMAL
67795,54254,cancelled,2024-04-28 19:01:18.000000,,0.0,23.99,1,MATCHED,SHIPPING_PENDING
30024,23978,complete,2025-07-04 03:31:25.000000,2025-07-05 05:05:25.000000,73.99,73.99,2,MATCHED,NORMAL
32688,26107,complete,2024-10-07 21:16:11.000000,2024-10-10 14:46:11.000000,63.98,63.98,2,MATCHED,NORMAL
32117,25645,shipped,2023-03-22 04:38:59.000000,2023-03-23 18:53:59.000000,118.99,118.99,2,MATCHED,NORMAL
73244,58588,shipped,2025-07-16 15:41:54.000000,2025-07-19 04:09:54.000000,23.99,23.99,1,MATCHED,NORMAL
124479,99666,cancelled,2023-10-28 23:33:08.000000,,0.0,316.06,4,MATCHED,SHIPPING_PENDING
31577,25231,processing,2026-04-05 07:19:16.000000,,0.0,181.75,4,MATCHED,SHIPPING_PENDING
21558,17224,complete,2024-12-13 08:33:37.000000,2024-12-14 12:24:37.000000,24.74,24.74,1,MATCHED,NORMAL
47687,38085,complete,2024-10-06 20:49:31.000000,2024-10-07 02:51:31.000000,24.98,24.98,1,MATCHED,NORMAL
93431,74877,complete,2026-02-06 18:07:41.000000,2026-02-09 09:15:41.000000,24.98,24.98,1,MATCHED,NORMAL
74907,59894,returned,2026-01-28 07:06:05.000000,2026-01-28 23:46:05.000000,223.95,223.95,4,MATCHED,NORMAL
122430,98030,cancelled,2022-07-06 14:11:10.000000,,0.0,152.46,4,MATCHED,SHIPPING_PENDING
15636,12487,complete,2022-05-31 00:40:00.000000,2022-06-02 10:54:00.000000,102.99,102.99,2,MATCHED,POTENTIAL CUT-OFF RISK
85278,68229,complete,2025-08-09 20:44:32.000000,2025-08-10 04:10:32.000000,464.94,464.94,3,MATCHED,NORMAL
104920,84090,returned,2026-06-16 04:29:46.017189,2026-06-19 02:38:46.017189,64.94,64.94,2,MATCHED,NORMAL
3042,2429,shipped,2020-11-11 03:20:44.000000,2020-11-12 06:31:44.000000,253.99,253.99,2,MATCHED,NORMAL
39624,31644,shipped,2024-11-19 01:31:01.000000,2024-11-21 19:28:01.000000,139.73,139.73,3,MATCHED,NORMAL
62894,50251,shipped,2022-10-06 20:08:52.000000,2022-10-08 21:39:52.000000,55.88,55.88,2,MATCHED,NORMAL
37761,30143,cancelled,2025-12-07 17:03:05.000000,,0.0,25.0,1,MATCHED,SHIPPING_PENDING
71729,57365,cancelled,2026-02-12 14:49:19.000000,,0.0,25.0,1,MATCHED,SHIPPING_PENDING
89310,71473,cancelled,2022-06-24 05:21:10.000000,,0.0,25.0,1,MATCHED,SHIPPING_PENDING
11976,9532,complete,2024-09-07 06:53:57.000000,2024-09-09 22:08:57.000000,334.92,334.92,4,MATCHED,NORMAL
43505,34719,complete,2025-06-30 10:00:45.000000,2025-07-03 04:19:45.000000,108.84,108.84,2,MATCHED,POTENTIAL CUT-OFF RISK
78664,62881,complete,2023-11-16 09:29:07.000000,2023-11-17 14:55:07.000000,144.45,144.45,4,MATCHED,NORMAL
105456,84529,complete,2026-06-15 15:35:08.886119,2026-06-17 23:26:08.886119,25.0,25.0,1,MATCHED,NORMAL
106351,85247,complete,2025-06-27 14:56:14.000000,2025-06-27 21:59:14.000000,84.5,84.5,2,MATCHED,NORMAL
110168,88248,complete,2024-02-18 14:31:11.000000,2024-02-20 04:11:11.000000,25.0,25.0,1,MATCHED,NORMAL
119418,95574,complete,2025-03-10 12:13:14.000000,2025-03-13 07:03:14.000000,74.99,74.99,2,MATCHED,NORMAL
36891,29443,processing,2024-04-08 11:41:38.000000,,0.0,25.0,1,MATCHED,SHIPPING_PENDING
47001,37553,processing,2026-06-16 00:45:08.281971,,0.0,94.5,2,MATCHED,SHIPPING_PENDING
48762,38921,returned,2026-06-06 19:39:12.000000,2026-06-07 07:17:12.000000,25.0,25.0,1,MATCHED,NORMAL
15558,12422,shipped,2025-10-12 14:09:05.000000,2025-10-12 20:45:05.000000,25.0,25.0,1,MATCHED,NORMAL
50110,40025,shipped,2023-11-21 22:26:03.000000,2023-11-23 23:01:03.000000,151.0,151.0,2,MATCHED,NORMAL
65701,52474,shipped,2023-09-21 13:02:32.000000,2023-09-23 01:09:32.000000,62.99,62.99,2,MATCHED,NORMAL
104178,83487,shipped,2022-01-31 23:03:19.000000,2022-02-01 08:32:19.000000,50.0,50.0,2,MATCHED,POTENTIAL CUT-OFF RISK
105327,84428,shipped,2025-08-16 02:28:06.000000,2025-08-17 01:19:06.000000,25.0,25.0,1,MATCHED,NORMAL
115802,92708,shipped,2025-09-11 10:11:12.000000,2025-09-12 04:22:12.000000,59.95,59.95,2,MATCHED,NORMAL
76293,60997,complete,2026-02-28 05:21:37.000000,2026-03-02 21:09:37.000000,25.08,25.08,1,MATCHED,POTENTIAL CUT-OFF RISK
9480,7558,returned,2024-09-01 19:52:01.000000,2024-09-03 18:21:01.000000,129.93,129.93,3,MATCHED,NORMAL
7669,6140,complete,2026-05-11 04:24:31.000000,2026-05-11 09:52:31.000000,104.52,104.52,2,MATCHED,NORMAL
45137,36026,shipped,2024-06-09 19:55:12.000000,2024-06-12 08:34:12.000000,25.52,25.52,1,MATCHED,NORMAL
113513,90870,shipped,2022-12-04 07:52:50.000000,2022-12-05 05:50:50.000000,59.95,59.95,2,MATCHED,NORMAL
788,628,complete,2025-11-04 17:52:05.000000,2025-11-05 02:06:05.000000,25.98,25.98,1,MATCHED,NORMAL
44363,35389,processing,2025-04-19 11:13:11.000000,,0.0,111.9,2,MATCHED,SHIPPING_PENDING
59270,47364,cancelled,2026-05-30 06:07:20.000000,,0.0,114.77,2,MATCHED,SHIPPING_PENDING
57441,45933,returned,2024-05-05 22:47:35.000000,2024-05-06 05:26:35.000000,93.96,93.96,3,MATCHED,NORMAL
84164,67367,cancelled,2026-06-03 02:10:44.000000,,0.0,86.5,2,MATCHED,SHIPPING_PENDING
25973,20754,returned,2024-03-29 16:52:15.000000,2024-03-29 17:09:15.000000,27.9,27.9,1,MATCHED,NORMAL
122361,97968,cancelled,2026-03-10 07:42:06.000000,,0.0,157.95,3,MATCHED,SHIPPING_PENDING
7712,6173,shipped,2022-01-29 23:06:21.000000,2022-01-30 00:26:21.000000,67.5,67.5,2,MATCHED,NORMAL
25071,20027,shipped,2022-11-30 14:22:45.000000,2022-12-01 19:01:45.000000,57.99,57.99,2,MATCHED,POTENTIAL CUT-OFF RISK
81385,65112,shipped,2026-05-15 12:10:30.000000,2026-05-17 22:21:30.000000,28.74,28.74,1,MATCHED,NORMAL
96036,76983,shipped,2026-06-12 07:02:45.000000,2026-06-15 06:55:45.000000,168.83,168.83,3,MATCHED,NORMAL
88282,70626,shipped,2025-11-06 13:49:29.000000,2025-11-07 05:08:29.000000,28.97,28.97,1,MATCHED,NORMAL
107677,86282,processing,2025-06-07 09:51:11.000000,,0.0,83.99,2,MATCHED,SHIPPING_PENDING
81724,65404,cancelled,2023-10-06 20:42:46.000000,,0.0,205.42,4,MATCHED,SHIPPING_PENDING
70337,56250,shipped,2020-03-04 14:01:11.000000,2020-03-06 11:03:11.000000,29.9,29.9,1,MATCHED,NORMAL
118257,94683,cancelled,2025-08-15 10:49:05.000000,,0.0,168.99,3,MATCHED,SHIPPING_PENDING
41021,32729,complete,2025-11-16 01:26:58.000000,2025-11-19 01:22:58.000000,146.99,146.99,3,MATCHED,NORMAL
58387,46656,complete,2026-04-05 08:43:58.000000,2026-04-05 22:05:58.000000,119.94,119.94,3,MATCHED,NORMAL
77795,62199,complete,2024-03-01 02:09:44.000000,2024-03-01 06:35:44.000000,129.37,129.37,3,MATCHED,NORMAL
13295,10552,returned,2025-11-11 06:40:50.000000,2025-11-11 18:24:50.000000,109.49,109.49,2,MATCHED,NORMAL
22468,17933,returned,2025-01-28 15:56:49.000000,2025-01-28 19:07:49.000000,171.57,171.57,4,MATCHED,NORMAL
74885,59877,returned,2026-01-13 17:50:03.000000,2026-01-14 11:51:03.000000,87.05,87.05,2,MATCHED,NORMAL
109597,87799,processing,2023-06-06 11:24:36.000000,,0.0,30.0,1,MATCHED,SHIPPING_PENDING
93928,75287,shipped,2025-07-04 06:35:50.000000,2025-07-06 16:16:50.000000,195.0,195.0,2,MATCHED,NORMAL
42262,33718,complete,2025-09-25 13:04:03.000000,2025-09-28 09:18:03.000000,217.4,217.4,3,MATCHED,NORMAL
108490,86895,shipped,2025-05-23 02:33:27.000000,2025-05-23 20:29:27.000000,86.16,86.16,2,MATCHED,NORMAL
79403,63468,complete,2025-11-17 22:54:07.000000,2025-11-20 08:53:07.000000,68.95,68.95,2,MATCHED,NORMAL
87895,70338,returned,2026-04-03 03:28:03.000000,2026-04-03 07:14:03.000000,64.44,64.44,2,MATCHED,NORMAL
119818,95906,shipped,2025-07-07 13:02:13.000000,2025-07-09 03:36:13.000000,67.85,67.85,2,MATCHED,NORMAL
107890,86440,complete,2026-01-04 01:14:04.000000,2026-01-06 15:29:04.000000,88.86,88.86,2,MATCHED,NORMAL
119174,95364,returned,2022-04-23 20:31:07.000000,2022-04-25 20:01:07.000000,79.16,79.16,2,MATCHED,NORMAL
51687,41273,complete,2023-02-26 22:21:13.000000,2023-02-28 20:36:13.000000,32.0,32.0,1,MATCHED,NORMAL
45621,36424,processing,2023-06-21 03:17:39.000000,,0.0,32.0,1,MATCHED,SHIPPING_PENDING
88881,71126,complete,2024-09-25 11:24:25.000000,2024-09-26 14:56:25.000000,32.5,32.5,1,MATCHED,NORMAL
14184,11301,shipped,2024-01-27 11:18:57.000000,2024-01-28 20:02:57.000000,32.5,32.5,1,MATCHED,NORMAL
109435,87677,returned,2022-08-16 04:21:52.000000,2022-08-18 02:05:52.000000,847.94,847.94,4,MATCHED,NORMAL
29458,23538,shipped,2025-10-09 18:16:21.000000,2025-10-11 11:46:21.000000,32.99,32.99,1,MATCHED,NORMAL
119112,95313,processing,2025-04-30 15:26:18.000000,,0.0,75.82,2,MATCHED,SHIPPING_PENDING
57432,45925,processing,2025-12-13 20:43:57.000000,,0.0,318.62,4,MATCHED,SHIPPING_PENDING
66699,53328,complete,2021-09-29 04:55:48.000000,2021-10-01 22:38:48.000000,153.97,153.97,3,MATCHED,POTENTIAL CUT-OFF RISK
109559,87776,complete,2026-06-03 02:42:57.000000,2026-06-03 22:34:57.000000,88.97,88.97,2,MATCHED,NORMAL
24455,19527,processing,2024-06-05 00:54:11.000000,,0.0,34.0,1,MATCHED,SHIPPING_PENDING
31970,25536,complete,2025-11-02 12:03:25.000000,2025-11-05 02:48:25.000000,124.5,124.5,2,MATCHED,NORMAL
95537,76581,processing,2024-04-08 02:30:20.000000,,0.0,34.5,1,MATCHED,SHIPPING_PENDING
50941,40684,shipped,2026-04-10 12:25:00.000000,2026-04-12 07:26:00.000000,398.46,398.46,4,MATCHED,NORMAL
48935,39058,complete,2025-01-15 07:39:49.000000,2025-01-15 20:56:49.000000,90.49,90.49,2,MATCHED,NORMAL
4779,3786,returned,2025-10-31 22:19:52.000000,2025-11-03 17:19:52.000000,732.99,732.99,2,MATCHED,POTENTIAL CUT-OFF RISK
77409,61875,cancelled,2023-11-03 23:56:00.000000,,0.0,159.99,3,MATCHED,SHIPPING_PENDING
88259,70605,processing,2025-06-21 21:08:01.000000,,0.0,35.0,1,MATCHED,SHIPPING_PENDING
40508,32342,shipped,2020-01-03 20:09:27.000000,2020-01-04 09:15:27.000000,35.0,35.0,1,MATCHED,NORMAL
58483,46733,complete,2025-12-21 19:45:39.000000,2025-12-22 06:38:39.000000,261.22,261.22,4,MATCHED,NORMAL
59973,47904,complete,2025-04-13 15:54:46.000000,2025-04-15 09:33:46.000000,289.11,289.11,4,MATCHED,NORMAL
65621,52414,processing,2025-12-31 14:08:28.000000,,0.0,37.89,1,MATCHED,SHIPPING_PENDING
30529,24370,complete,2021-11-11 16:02:22.000000,2021-11-14 12:56:22.000000,87.49,87.49,2,MATCHED,NORMAL
31894,25473,processing,2025-12-16 07:39:27.000000,,0.0,233.99,2,MATCHED,SHIPPING_PENDING
103103,82671,processing,2019-09-29 20:55:24.000000,,0.0,176.99,3,MATCHED,SHIPPING_PENDING
19402,15484,shipped,2024-11-10 03:21:48.000000,2024-11-12 10:44:48.000000,208.97,208.97,2,MATCHED,NORMAL
81954,65583,cancelled,2026-03-14 14:17:39.000000,,0.0,257.94,4,MATCHED,SHIPPING_PENDING
84628,67709,processing,2024-04-16 18:47:12.000000,,0.0,38.0,1,MATCHED,SHIPPING_PENDING
122709,98256,processing,2024-08-11 02:21:48.000000,,0.0,38.0,1,MATCHED,SHIPPING_PENDING
46668,37291,processing,2026-05-07 11:59:34.000000,,0.0,129.4,2,MATCHED,SHIPPING_PENDING
98408,78905,shipped,2022-03-20 09:24:56.000000,2022-03-23 03:31:56.000000,143.3,143.3,2,MATCHED,NORMAL
118842,95133,returned,2026-06-15 02:43:04.000000,2026-06-17 05:10:04.000000,39.5,39.5,1,MATCHED,NORMAL
51863,41407,cancelled,2025-03-02 12:45:18.000000,,0.0,167.49,2,MATCHED,SHIPPING_PENDING
26145,20883,cancelled,2022-12-05 14:03:08.000000,,0.0,123.99,2,MATCHED,SHIPPING_PENDING
30299,24191,complete,2024-03-08 04:44:46.000000,2024-03-08 10:10:46.000000,39.99,39.99,1,MATCHED,NORMAL
61632,49231,complete,2025-09-15 13:34:27.000000,2025-09-18 03:36:27.000000,39.99,39.99,1,MATCHED,NORMAL
2704,2156,processing,2025-11-08 17:48:46.000000,,0.0,39.99,1,MATCHED,SHIPPING_PENDING
825,665,shipped,2024-02-06 18:18:59.000000,2024-02-08 16:11:59.000000,39.99,39.99,1,MATCHED,NORMAL
37046,29577,shipped,2023-07-25 06:16:28.000000,2023-07-25 18:07:28.000000,39.99,39.99,1,MATCHED,NORMAL
21009,16798,complete,2020-07-27 23:24:56.000000,2020-07-28 16:01:56.000000,175.59,175.59,2,MATCHED,NORMAL
83788,67048,complete,2026-06-16 00:46:00.075197,2026-06-18 19:17:00.075197,40.6,40.6,1,MATCHED,NORMAL
105701,84721,returned,2026-04-10 19:13:56.000000,2026-04-11 01:08:56.000000,83.0,83.0,2,MATCHED,NORMAL
108555,86943,processing,2025-09-17 15:07:07.000000,,0.0,233.13,3,MATCHED,SHIPPING_PENDING
29490,23565,shipped,2021-08-15 19:59:55.000000,2021-08-16 10:52:55.000000,41.8,41.8,1,MATCHED,NORMAL
722,583,cancelled,2023-06-03 08:59:48.000000,,0.0,156.71,2,MATCHED,SHIPPING_PENDING
11824,9393,complete,2025-09-15 05:05:47.000000,2025-09-17 21:53:47.000000,42.0,42.0,1,MATCHED,NORMAL
59219,47324,complete,2025-12-21 07:34:53.000000,2025-12-24 02:07:53.000000,42.01,42.01,1,MATCHED,NORMAL
108794,87136,shipped,2026-04-25 06:50:47.000000,2026-04-26 18:40:47.000000,42.01,42.01,1,MATCHED,NORMAL
88508,70808,cancelled,2025-04-09 22:49:04.000000,,0.0,190.5,2,MATCHED,SHIPPING_PENDING
39010,31170,complete,2025-03-27 14:40:51.000000,2025-03-28 11:00:51.000000,43.15,43.15,1,MATCHED,NORMAL
57025,45585,shipped,2025-03-14 01:49:30.000000,2025-03-14 16:42:30.000000,43.2,43.2,1,MATCHED,NORMAL
63998,51137,cancelled,2026-02-22 15:32:18.000000,,0.0,44.0,1,MATCHED,SHIPPING_PENDING
109283,87561,shipped,2019-10-24 00:50:48.000000,2019-10-26 13:52:48.000000,134.94,134.94,2,MATCHED,NORMAL
50961,40706,processing,2026-04-30 23:33:04.000000,,0.0,45.0,1,MATCHED,SHIPPING_PENDING
59831,47794,processing,2026-05-03 21:27:04.000000,,0.0,45.0,1,MATCHED,SHIPPING_PENDING
68169,54550,returned,2026-05-28 02:47:44.000000,2026-05-30 00:28:44.000000,124.95,124.95,2,MATCHED,NORMAL
17109,13610,shipped,2021-06-21 19:44:21.000000,2021-06-24 07:41:21.000000,45.0,45.0,1,MATCHED,NORMAL
113010,90475,shipped,2022-08-17 21:47:34.000000,2022-08-17 22:48:34.000000,399.99,399.99,3,MATCHED,NORMAL
58580,46811,processing,2024-05-21 02:31:00.000000,,0.0,96.0,2,MATCHED,SHIPPING_PENDING
5724,4530,returned,2026-02-10 15:44:37.000000,2026-02-11 09:02:37.000000,421.45,421.45,3,MATCHED,NORMAL
111276,89120,complete,2025-11-30 12:52:39.000000,2025-12-01 09:00:39.000000,47.0,47.0,1,MATCHED,POTENTIAL CUT-OFF RISK
123879,99199,shipped,2024-07-27 02:26:06.000000,2024-07-29 22:51:06.000000,138.44,138.44,2,MATCHED,NORMAL
4592,3627,cancelled,2026-05-27 09:10:19.000000,,0.0,147.99,2,MATCHED,SHIPPING_PENDING
104000,83364,complete,2023-02-26 17:29:51.000000,2023-03-01 10:25:51.000000,48.0,48.0,1,MATCHED,POTENTIAL CUT-OFF RISK
21612,17258,shipped,2026-02-11 12:39:03.000000,2026-02-14 06:52:03.000000,48.0,48.0,1,MATCHED,NORMAL
50447,40327,processing,2026-04-02 14:38:05.000000,,0.0,257.46,4,MATCHED,SHIPPING_PENDING
69849,55857,complete,2026-05-26 20:12:26.000000,2026-05-27 20:15:26.000000,49.5,49.5,1,MATCHED,NORMAL
104207,83510,complete,2021-08-26 05:15:38.000000,2021-08-27 23:07:38.000000,49.5,49.5,1,MATCHED,NORMAL
113837,91135,complete,2025-02-19 06:05:29.000000,2025-02-21 06:35:29.000000,49.5,49.5,1,MATCHED,NORMAL
6946,5539,shipped,2025-08-04 10:39:53.000000,2025-08-05 22:04:53.000000,49.5,49.5,1,MATCHED,NORMAL
69355,55468,complete,2025-04-10 10:45:12.000000,2025-04-10 13:18:12.000000,49.99,49.99,1,MATCHED,NORMAL
35226,28124,processing,2026-04-20 14:23:02.000000,,0.0,49.99,1,MATCHED,SHIPPING_PENDING
55278,44163,processing,2025-01-22 19:16:20.000000,,0.0,49.99,1,MATCHED,SHIPPING_PENDING
113993,91274,shipped,2022-03-31 21:40:30.000000,2022-04-02 03:38:30.000000,159.99,159.99,2,MATCHED,POTENTIAL CUT-OFF RISK
119234,95433,complete,2022-03-30 13:32:44.000000,2022-03-31 04:17:44.000000,50.0,50.0,1,MATCHED,NORMAL
119244,95441,shipped,2019-10-29 19:39:17.000000,2019-11-01 17:33:17.000000,50.0,50.0,1,MATCHED,POTENTIAL CUT-OFF RISK
5493,4339,complete,2025-05-13 15:44:49.000000,2025-05-15 16:15:49.000000,149.94,149.94,2,MATCHED,NORMAL
25824,20631,complete,2025-11-13 21:57:35.000000,2025-11-15 15:04:35.000000,52.0,52.0,1,MATCHED,NORMAL
38527,30758,returned,2024-05-24 10:03:48.000000,2024-05-24 10:33:48.000000,53.02,53.02,1,MATCHED,NORMAL
89159,71344,shipped,2025-11-25 12:37:50.000000,2025-11-26 04:04:50.000000,53.02,53.02,1,MATCHED,NORMAL
24521,19580,returned,2026-06-12 21:36:32.750531,2026-06-15 09:09:32.750531,299.0,299.0,3,MATCHED,NORMAL
38181,30467,shipped,2026-01-25 23:07:29.000000,2026-01-27 09:08:29.000000,54.0,54.0,1,MATCHED,NORMAL
33114,26421,cancelled,2025-01-28 15:27:22.000000,,0.0,54.5,1,MATCHED,SHIPPING_PENDING
81178,64941,returned,2023-08-12 06:35:19.000000,2023-08-14 03:24:19.000000,54.98,54.98,1,MATCHED,NORMAL
23241,18574,shipped,2024-05-16 10:20:33.000000,2024-05-16 10:42:33.000000,54.98,54.98,1,MATCHED,NORMAL
33649,26851,shipped,2026-03-04 22:45:26.000000,2026-03-05 11:18:26.000000,122.98,122.98,2,MATCHED,NORMAL
100646,80694,shipped,2020-06-02 01:12:18.000000,2020-06-02 21:19:18.000000,55.0,55.0,1,MATCHED,NORMAL
36498,29124,shipped,2026-04-16 01:30:41.000000,2026-04-16 05:26:41.000000,320.0,320.0,2,MATCHED,NORMAL
122538,98119,complete,2026-06-09 12:40:32.000000,2026-06-12 12:13:32.000000,57.0,57.0,1,MATCHED,NORMAL
37004,29542,processing,2023-03-24 20:23:08.000000,,0.0,57.5,1,MATCHED,SHIPPING_PENDING
78769,62951,shipped,2023-04-27 12:59:39.000000,2023-04-29 21:59:39.000000,57.5,57.5,1,MATCHED,NORMAL
106619,85457,complete,2024-07-08 08:45:47.000000,2024-07-08 14:25:47.000000,269.95,269.95,4,MATCHED,NORMAL
103703,83135,returned,2024-05-20 19:28:02.000000,2024-05-23 00:34:02.000000,58.5,58.5,1,MATCHED,NORMAL
45567,36376,complete,2021-06-13 22:41:03.000000,2021-06-15 18:33:03.000000,194.45,194.45,2,MATCHED,NORMAL
5667,4483,cancelled,2024-05-25 12:57:40.000000,,0.0,135.06,2,MATCHED,SHIPPING_PENDING
56997,45564,cancelled,2022-07-13 15:02:36.000000,,0.0,235.5,2,MATCHED,SHIPPING_PENDING
70160,56116,processing,2026-06-13 00:29:13.000000,,0.0,59.5,1,MATCHED,SHIPPING_PENDING
23857,19060,shipped,2025-12-10 04:53:38.000000,2025-12-11 22:52:38.000000,219.49,219.49,2,MATCHED,NORMAL
120070,96117,processing,2021-02-10 17:22:42.000000,,0.0,62.0,1,MATCHED,SHIPPING_PENDING
38929,31103,shipped,2025-01-27 17:30:44.000000,2025-01-30 10:44:44.000000,62.36,62.36,1,MATCHED,NORMAL
93963,75319,shipped,2023-08-15 08:53:02.000000,2023-08-16 18:08:02.000000,249.96,249.96,2,MATCHED,NORMAL
102755,82385,shipped,2023-02-08 20:50:05.000000,2023-02-09 21:41:05.000000,165.16,165.16,2,MATCHED,NORMAL
71295,57022,shipped,2024-08-01 13:25:50.000000,2024-08-04 10:19:50.000000,64.5,64.5,1,MATCHED,NORMAL
34913,27892,processing,2024-08-19 22:08:05.000000,,0.0,64.95,1,MATCHED,SHIPPING_PENDING
39383,31459,complete,2021-03-06 17:24:50.000000,2021-03-07 03:40:50.000000,65.0,65.0,1,MATCHED,NORMAL
73671,58924,shipped,2026-04-13 19:53:15.000000,2026-04-13 22:54:15.000000,65.0,65.0,1,MATCHED,NORMAL
2583,2056,processing,2020-02-18 09:48:58.000000,,0.0,66.0,1,MATCHED,SHIPPING_PENDING
122578,98154,shipped,2026-06-14 16:32:06.751244,2026-06-16 20:04:06.751244,154.95,154.95,2,MATCHED,NORMAL
4253,3370,processing,2024-04-13 21:33:23.000000,,0.0,136.0,2,MATCHED,SHIPPING_PENDING
73309,58642,shipped,2026-02-20 00:56:18.000000,2026-02-21 14:58:18.000000,67.98,67.98,1,MATCHED,NORMAL
45349,36196,cancelled,2025-08-28 09:42:06.000000,,0.0,68.0,1,MATCHED,SHIPPING_PENDING
110636,88603,complete,2025-09-14 02:32:11.000000,2025-09-16 18:17:11.000000,68.96,68.96,1,MATCHED,NORMAL
38424,30675,shipped,2023-07-09 17:23:26.000000,2023-07-10 01:55:26.000000,147.96,147.96,2,MATCHED,NORMAL
22559,18016,complete,2026-03-24 02:28:53.000000,2026-03-24 18:52:53.000000,69.0,69.0,1,MATCHED,NORMAL
124553,99718,shipped,2022-04-30 12:26:52.000000,2022-05-01 13:50:52.000000,69.5,69.5,1,MATCHED,POTENTIAL CUT-OFF RISK
87928,70357,complete,2026-05-07 17:14:29.000000,2026-05-08 15:56:29.000000,70.0,70.0,1,MATCHED,NORMAL
123349,98772,shipped,2025-04-23 21:16:13.000000,2025-04-24 20:07:13.000000,74.0,74.0,1,MATCHED,NORMAL
95992,76952,complete,2024-04-27 09:05:19.000000,2024-04-27 16:39:19.000000,171.0,171.0,2,MATCHED,NORMAL
124715,99841,complete,2025-04-13 14:58:46.000000,2025-04-15 06:27:46.000000,687.94,687.94,4,MATCHED,NORMAL
49028,39111,shipped,2025-01-27 03:02:40.000000,2025-01-28 10:27:40.000000,78.0,78.0,1,MATCHED,NORMAL
109305,87578,cancelled,2025-04-24 09:35:26.000000,,0.0,243.4,3,MATCHED,SHIPPING_PENDING
122678,98230,shipped,2026-01-04 09:27:21.000000,2026-01-05 21:55:21.000000,349.45,349.45,2,MATCHED,NORMAL
30805,24592,shipped,2026-01-14 06:03:18.000000,2026-01-17 00:54:18.000000,79.99,79.99,1,MATCHED,NORMAL
99689,79962,complete,2026-03-16 11:54:06.000000,2026-03-17 11:39:06.000000,80.0,80.0,1,MATCHED,NORMAL
87249,69837,cancelled,2022-12-18 09:52:26.000000,,0.0,80.99,1,MATCHED,SHIPPING_PENDING
74878,59872,shipped,2025-10-12 13:23:47.000000,2025-10-14 01:25:47.000000,201.7,201.7,2,MATCHED,NORMAL
206,171,cancelled,2024-04-07 23:38:22.000000,,0.0,85.0,1,MATCHED,SHIPPING_PENDING
46394,37061,processing,2025-06-02 18:08:09.000000,,0.0,88.0,1,MATCHED,SHIPPING_PENDING
94474,75726,complete,2025-04-12 15:20:59.000000,2025-04-13 07:10:59.000000,89.5,89.5,1,MATCHED,NORMAL
30339,24225,complete,2025-01-28 00:25:53.000000,2025-01-30 15:46:53.000000,89.99,89.99,1,MATCHED,NORMAL
118584,94933,returned,2022-02-02 01:42:02.000000,2022-02-03 02:27:02.000000,90.45,90.45,1,MATCHED,NORMAL
120951,96827,shipped,2026-06-12 17:18:27.000000,2026-06-15 09:56:27.000000,98.75,98.75,1,MATCHED,NORMAL
5829,4617,processing,2021-07-26 03:53:17.000000,,0.0,99.99,1,MATCHED,SHIPPING_PENDING
47712,38105,shipped,2025-12-07 19:27:58.000000,2025-12-09 22:24:58.000000,109.0,109.0,1,MATCHED,NORMAL
75834,60654,cancelled,2023-01-13 11:05:28.000000,,0.0,264.99,2,MATCHED,SHIPPING_PENDING
32839,26217,complete,2026-05-31 08:29:03.000000,2026-06-01 17:10:03.000000,119.05,119.05,1,MATCHED,POTENTIAL CUT-OFF RISK
93112,74588,cancelled,2025-11-15 04:50:22.000000,,0.0,129.99,1,MATCHED,SHIPPING_PENDING
80,61,shipped,2021-03-21 14:39:15.000000,2021-03-24 06:33:15.000000,133.0,133.0,1,MATCHED,NORMAL
1760,1404,processing,2019-12-05 06:41:10.000000,,0.0,140.0,1,MATCHED,SHIPPING_PENDING
123111,98577,cancelled,2025-01-16 04:25:44.000000,,0.0,142.78,1,MATCHED,SHIPPING_PENDING
113925,91211,returned,2024-10-22 05:10:44.000000,2024-10-22 14:23:44.000000,147.5,147.5,1,MATCHED,NORMAL
92925,74444,processing,2025-04-21 17:14:03.000000,,0.0,148.0,1,MATCHED,SHIPPING_PENDING
12906,10244,complete,2025-12-19 15:27:05.000000,2025-12-20 08:51:05.000000,149.0,149.0,1,MATCHED,NORMAL
56643,45257,cancelled,2025-12-12 11:26:38.000000,,0.0,322.0,2,MATCHED,SHIPPING_PENDING
8612,6882,shipped,2025-02-27 04:59:59.000000,2025-02-27 20:05:59.000000,158.0,158.0,1,MATCHED,NORMAL
44310,35347,returned,2025-07-16 20:19:23.000000,2025-07-18 01:21:23.000000,162.0,162.0,1,MATCHED,NORMAL
68732,54989,shipped,2026-05-14 08:37:15.000000,2026-05-15 13:49:15.000000,171.0,171.0,1,MATCHED,NORMAL
7581,6062,complete,2022-06-23 22:30:37.000000,2022-06-25 23:29:37.000000,171.95,171.95,1,MATCHED,NORMAL
116228,93057,cancelled,2024-01-10 09:45:26.000000,,0.0,176.0,1,MATCHED,SHIPPING_PENDING
24987,19961,processing,2021-09-01 21:41:46.000000,,0.0,176.0,1,MATCHED,SHIPPING_PENDING
22654,18087,complete,2023-09-24 03:24:46.000000,2023-09-24 10:00:46.000000,178.0,178.0,1,MATCHED,NORMAL
113470,90838,processing,2025-05-19 02:13:38.000000,,0.0,178.0,1,MATCHED,SHIPPING_PENDING
103746,83166,shipped,2024-04-18 03:38:26.000000,2024-04-19 18:21:26.000000,357.0,357.0,2,MATCHED,NORMAL
15224,12140,complete,2025-05-22 09:52:16.000000,2025-05-22 14:52:16.000000,185.0,185.0,1,MATCHED,NORMAL
60859,48594,shipped,2026-04-18 15:36:11.000000,2026-04-20 22:44:11.000000,194.0,194.0,1,MATCHED,NORMAL
97446,78113,complete,2024-06-03 03:57:32.000000,2024-06-03 14:16:32.000000,195.0,195.0,1,MATCHED,NORMAL
63795,50980,cancelled,2024-04-13 00:39:33.000000,,0.0,196.0,1,MATCHED,SHIPPING_PENDING
19995,15963,complete,2025-01-07 09:15:26.000000,2025-01-10 07:44:26.000000,228.0,228.0,1,MATCHED,NORMAL
107169,85894,returned,2022-09-06 04:56:55.000000,2022-09-07 07:49:55.000000,239.99,239.99,1,MATCHED,NORMAL
113734,91049,complete,2024-08-28 09:46:41.000000,2024-08-29 22:06:41.000000,287.64,287.64,1,MATCHED,NORMAL
105934,84898,shipped,2025-07-08 15:43:02.000000,2025-07-09 14:14:02.000000,300.0,300.0,1,MATCHED,NORMAL
99753,80017,complete,2026-01-20 02:28:15.000000,2026-01-20 14:53:15.000000,345.0,345.0,1,MATCHED,NORMAL
55851,44634,complete,2026-06-16 03:15:23.458149,2026-06-18 22:14:23.458149,345.99,345.99,1,MATCHED,NORMAL
111817,89536,cancelled,2026-06-14 07:46:14.176529,,0.0,399.0,1,MATCHED,SHIPPING_PENDING
26135,20876,cancelled,2020-07-05 05:59:03.000000,,0.0,903.0,1,MATCHED,SHIPPING_PENDING
-27,26400,complete,2026-06-16 16:00:00.000000,2026-06-18 15:00:00.000000,197.0,197.0,1,MATCHED,NORMAL
-61,11688,"complete,returned",2026-06-16 11:36:00.000000,2026-06-18 08:36:00.000000,213.0,213.0,3,MATCHED,NORMAL
-65,63679,complete,2026-06-16 10:32:00.000000,2026-06-17 21:32:00.000000,67.0,67.0,2,MATCHED,NORMAL
-90,5971,complete,2026-06-16 14:54:00.000000,2026-06-18 10:54:00.000000,176.0,176.0,1,MATCHED,NORMAL
-99,23703,"complete,returned",2026-06-16 11:09:00.000000,2026-06-18 06:09:00.000000,220.0,220.0,2,MATCHED,NORMAL
-100,88062,returned,2026-06-16 10:37:00.000000,2026-06-18 04:37:00.000000,203.0,203.0,3,MATCHED,NORMAL
-120,52030,"complete,returned",2026-06-16 13:29:00.000000,2026-06-18 08:29:00.000000,210.0,210.0,2,MATCHED,NORMAL
-187,4529,"complete,shipped",2026-06-16 11:26:00.000000,2026-06-17 13:26:00.000000,228.0,228.0,3,MATCHED,NORMAL
-190,14104,complete,2026-06-16 17:18:00.000000,2026-06-17 20:18:00.000000,322.0,322.0,3,MATCHED,NORMAL
-191,7391,complete,2026-06-16 09:22:00.000000,2026-06-17 16:22:00.000000,164.0,164.0,1,MATCHED,NORMAL
-196,10052,"complete,returned",2026-06-16 15:54:00.000000,2026-06-18 01:54:00.000000,235.0,235.0,2,MATCHED,NORMAL
-215,47147,complete,2026-06-16 15:13:00.000000,2026-06-18 07:13:00.000000,139.0,139.0,1,MATCHED,NORMAL
-222,24044,complete,2026-06-16 16:23:00.000000,2026-06-17 19:23:00.000000,207.0,207.0,2,MATCHED,NORMAL
-243,80613,"complete,returned",2026-06-16 16:32:00.000000,2026-06-17 16:32:00.000000,189.0,189.0,3,MATCHED,NORMAL
-251,3409,returned,2026-06-16 13:40:00.000000,2026-06-18 10:40:00.000000,528.0,528.0,3,MATCHED,NORMAL
-258,32524,complete,2026-06-16 10:05:00.000000,2026-06-18 08:05:00.000000,167.0,167.0,2,MATCHED,NORMAL
-266,76307,complete,2026-06-16 12:56:00.000000,2026-06-18 12:56:00.000000,216.0,216.0,2,MATCHED,NORMAL
-277,85518,"complete,shipped",2026-06-16 17:39:00.000000,2026-06-18 14:39:00.000000,190.0,190.0,2,MATCHED,NORMAL
121363,97148,cancelled,2026-03-12 08:07:54.000000,,0.0,31.45,2,MATCHED,SHIPPING_PENDING
121132,96966,cancelled,2025-09-25 06:43:23.000000,,0.0,50.98,3,MATCHED,SHIPPING_PENDING
74410,59504,processing,2026-06-11 07:21:57.000000,,0.0,253.44,4,MATCHED,SHIPPING_PENDING
30559,24394,cancelled,2025-10-07 03:46:49.000000,,0.0,6.5,1,MATCHED,SHIPPING_PENDING
2723,2168,complete,2024-10-28 01:22:56.000000,2024-10-30 14:33:56.000000,30.0,30.0,2,MATCHED,NORMAL
64051,51183,complete,2021-05-21 15:13:00.000000,2021-05-22 06:54:00.000000,18.45,18.45,2,MATCHED,NORMAL
14216,11329,cancelled,2025-05-14 15:11:53.000000,,0.0,24.73,2,MATCHED,SHIPPING_PENDING
10478,8339,complete,2020-07-29 22:20:14.000000,2020-07-31 21:24:14.000000,6.83,6.83,1,MATCHED,NORMAL
93261,74727,returned,2023-02-07 14:56:38.000000,2023-02-09 17:28:38.000000,163.07,163.07,3,MATCHED,NORMAL
97358,78036,shipped,2025-09-03 18:33:30.000000,2025-09-04 23:35:30.000000,122.91,122.91,3,MATCHED,NORMAL
121219,97030,cancelled,2025-12-06 09:28:14.000000,,0.0,6.99,1,MATCHED,SHIPPING_PENDING
28854,23061,shipped,2025-03-09 10:38:52.000000,2025-03-10 13:09:52.000000,64.99,64.99,2,MATCHED,NORMAL
90722,72606,returned,2024-06-25 12:49:50.000000,2024-06-28 11:14:50.000000,84.48,84.48,4,MATCHED,NORMAL
68690,54959,returned,2026-04-11 21:46:21.000000,2026-04-12 23:49:21.000000,140.19,140.19,3,MATCHED,NORMAL
76988,61560,returned,2025-04-12 15:58:07.000000,2025-04-13 13:29:07.000000,287.0,287.0,4,MATCHED,NORMAL
97494,78152,complete,2024-03-23 19:55:30.000000,2024-03-24 19:30:30.000000,66.92,66.92,2,MATCHED,NORMAL
15074,12027,complete,2025-05-01 20:40:03.000000,2025-05-04 17:36:03.000000,76.96,76.96,3,MATCHED,NORMAL
87683,70167,complete,2026-05-19 17:30:21.000000,2026-05-20 10:32:21.000000,34.99,34.99,2,MATCHED,NORMAL
99333,79650,complete,2024-10-23 06:41:06.000000,2024-10-25 03:08:06.000000,192.43,192.43,4,MATCHED,NORMAL
73063,58443,returned,2026-03-27 07:20:10.000000,2026-03-27 23:49:10.000000,39.66,39.66,3,MATCHED,NORMAL
75171,60115,returned,2026-03-26 08:32:00.000000,2026-03-29 04:21:00.000000,82.98,82.98,4,MATCHED,NORMAL
115505,92470,cancelled,2026-01-15 02:43:07.000000,,0.0,10.0,1,MATCHED,SHIPPING_PENDING
107341,86014,complete,2020-05-31 21:56:19.000000,2020-06-02 22:08:19.000000,179.99,179.99,2,MATCHED,POTENTIAL CUT-OFF RISK
113565,90913,complete,2022-10-24 16:46:51.000000,2022-10-27 13:10:51.000000,10.0,10.0,1,MATCHED,NORMAL
89121,71319,shipped,2024-02-19 08:26:08.000000,2024-02-21 15:06:08.000000,40.01,40.01,2,MATCHED,NORMAL
113068,90519,complete,2024-05-01 05:10:15.000000,2024-05-03 12:01:15.000000,84.68,84.68,4,MATCHED,NORMAL
4139,3286,shipped,2021-01-30 22:57:33.000000,2021-02-02 07:10:33.000000,181.88,181.88,3,MATCHED,POTENTIAL CUT-OFF RISK
6666,5308,cancelled,2021-03-29 07:49:37.000000,,0.0,10.87,1,MATCHED,SHIPPING_PENDING
47068,37606,cancelled,2019-03-12 18:33:51.000000,,0.0,120.99,2,MATCHED,SHIPPING_PENDING
76088,60847,processing,2025-12-11 01:33:24.000000,,0.0,10.99,1,MATCHED,SHIPPING_PENDING
71157,56917,shipped,2024-11-17 22:00:03.000000,2024-11-19 16:18:03.000000,38.99,38.99,3,MATCHED,NORMAL
72467,57946,processing,2024-05-29 17:50:09.000000,,0.0,141.07,2,MATCHED,SHIPPING_PENDING
12176,9695,shipped,2025-05-11 13:07:26.000000,2025-05-13 03:11:26.000000,11.14,11.14,1,MATCHED,NORMAL
41525,33126,processing,2022-02-15 03:17:19.000000,,0.0,53.34,2,MATCHED,SHIPPING_PENDING
72756,58194,shipped,2022-03-13 05:15:54.000000,2022-03-13 17:19:54.000000,122.51,122.51,4,MATCHED,NORMAL
73031,58421,shipped,2022-07-03 22:35:16.000000,2022-07-05 00:08:16.000000,92.21,92.21,3,MATCHED,NORMAL
77552,62004,cancelled,2022-03-10 20:51:33.000000,,0.0,52.77,3,MATCHED,SHIPPING_PENDING
99275,79599,cancelled,2023-05-06 18:43:08.000000,,0.0,96.32,3,MATCHED,SHIPPING_PENDING
27277,21806,complete,2025-12-18 12:41:01.000000,2025-12-20 14:39:01.000000,66.52,66.52,2,MATCHED,NORMAL
39050,31196,complete,2022-03-21 09:45:32.000000,2022-03-23 21:27:32.000000,11.99,11.99,1,MATCHED,NORMAL
123276,98715,complete,2026-06-03 01:40:26.000000,2026-06-03 17:46:26.000000,99.99,99.99,2,MATCHED,NORMAL
102046,81808,shipped,2023-07-17 17:14:32.000000,2023-07-20 00:07:32.000000,294.91,294.91,4,MATCHED,NORMAL
15140,12078,cancelled,2026-03-01 14:34:04.000000,,0.0,98.94,2,MATCHED,SHIPPING_PENDING
82915,66341,cancelled,2021-11-22 06:09:10.000000,,0.0,161.17,4,MATCHED,SHIPPING_PENDING
41839,33366,shipped,2025-09-26 20:48:12.000000,2025-09-27 10:15:12.000000,65.13,65.13,2,MATCHED,NORMAL
36179,28867,processing,2024-01-01 02:56:05.000000,,0.0,12.5,1,MATCHED,SHIPPING_PENDING
108183,86666,shipped,2024-09-05 00:47:52.000000,2024-09-06 09:28:52.000000,206.8,206.8,3,MATCHED,NORMAL
61625,49226,complete,2025-03-29 03:26:30.000000,2025-03-31 02:56:30.000000,49.94,49.94,2,MATCHED,NORMAL
68303,54660,cancelled,2026-01-21 14:35:50.000000,,0.0,102.97,3,MATCHED,SHIPPING_PENDING
17200,13672,complete,2024-12-29 03:51:26.000000,2024-12-31 06:07:26.000000,58.13,58.13,2,MATCHED,NORMAL
24533,19588,shipped,2025-03-03 07:09:00.000000,2025-03-04 20:10:00.000000,312.79,312.79,2,MATCHED,NORMAL
45251,36115,processing,2025-02-25 03:59:42.000000,,0.0,145.93,4,MATCHED,SHIPPING_PENDING
38760,30965,processing,2025-01-01 22:44:23.000000,,0.0,158.91,4,MATCHED,SHIPPING_PENDING
51680,41270,processing,2021-11-12 16:56:02.000000,,0.0,85.07,3,MATCHED,SHIPPING_PENDING
26529,21201,cancelled,2026-04-16 00:44:26.000000,,0.0,14.0,1,MATCHED,SHIPPING_PENDING
55752,44554,cancelled,2024-10-18 11:16:13.000000,,0.0,73.52,2,MATCHED,SHIPPING_PENDING
98844,79250,cancelled,2025-09-24 12:01:38.000000,,0.0,14.0,1,MATCHED,SHIPPING_PENDING
124697,99829,processing,2024-09-16 00:08:39.000000,,0.0,34.2,2,MATCHED,SHIPPING_PENDING
39043,31193,shipped,2024-02-14 05:39:18.000000,2024-02-15 05:58:18.000000,139.45,139.45,2,MATCHED,NORMAL
59370,47447,returned,2025-02-04 02:21:10.000000,2025-02-05 02:22:10.000000,14.5,14.5,1,MATCHED,NORMAL
113394,90775,shipped,2022-06-17 23:45:06.000000,2022-06-18 13:57:06.000000,14.5,14.5,1,MATCHED,NORMAL
91337,73124,cancelled,2023-04-17 15:48:52.000000,,0.0,92.87,2,MATCHED,SHIPPING_PENDING
78483,62733,processing,2024-08-13 13:08:06.000000,,0.0,14.97,1,MATCHED,SHIPPING_PENDING
95630,76659,shipped,2023-12-06 16:25:10.000000,2023-12-07 04:00:10.000000,157.93,157.93,4,MATCHED,NORMAL
98886,79283,shipped,2024-04-01 01:20:34.000000,2024-04-03 21:17:34.000000,213.36,213.36,4,MATCHED,NORMAL
56992,45561,complete,2025-01-01 22:27:22.000000,2025-01-02 12:17:22.000000,214.57,214.57,4,MATCHED,NORMAL
105556,84614,processing,2024-12-09 21:29:47.000000,,0.0,14.99,1,MATCHED,SHIPPING_PENDING
37339,29816,shipped,2026-06-15 09:49:34.154804,2026-06-17 16:13:34.154804,14.99,14.99,1,MATCHED,NORMAL
54280,43345,shipped,2026-04-10 05:54:48.000000,2026-04-10 23:52:48.000000,250.49,250.49,4,MATCHED,NORMAL
74649,59699,shipped,2025-03-29 07:47:41.000000,2025-03-29 20:58:41.000000,14.99,14.99,1,MATCHED,NORMAL
42273,33724,processing,2025-07-21 20:36:36.000000,,0.0,44.99,2,MATCHED,SHIPPING_PENDING
57739,46145,processing,2023-02-09 03:26:21.000000,,0.0,15.0,1,MATCHED,SHIPPING_PENDING
524,435,shipped,2021-09-23 16:57:35.000000,2021-09-26 03:03:35.000000,15.0,15.0,1,MATCHED,NORMAL
600,493,shipped,2022-07-10 16:03:11.000000,2022-07-13 10:29:11.000000,15.0,15.0,1,MATCHED,NORMAL
104485,83728,shipped,2026-06-14 12:52:20.000000,2026-06-15 18:46:20.000000,337.99,337.99,4,MATCHED,NORMAL
111861,89570,cancelled,2026-01-08 02:08:13.000000,,0.0,40.52,2,MATCHED,SHIPPING_PENDING
63677,50885,processing,2022-08-21 09:56:19.000000,,0.0,75.22,2,MATCHED,SHIPPING_PENDING
4502,3560,cancelled,2025-12-25 07:00:32.000000,,0.0,156.88,4,MATCHED,SHIPPING_PENDING
92294,73890,processing,2026-04-10 11:13:47.000000,,0.0,15.98,1,MATCHED,SHIPPING_PENDING
45416,36255,complete,2021-12-03 12:57:06.000000,2021-12-04 15:02:06.000000,16.0,16.0,1,MATCHED,NORMAL
115179,92219,processing,2026-04-24 02:40:56.000000,,0.0,564.99,4,MATCHED,SHIPPING_PENDING
88972,71207,shipped,2023-03-29 04:59:07.000000,2023-03-31 08:38:07.000000,16.0,16.0,1,MATCHED,NORMAL
54878,43835,complete,2020-06-11 04:29:58.000000,2020-06-13 01:05:58.000000,195.56,195.56,3,MATCHED,NORMAL
115993,92868,complete,2024-07-12 20:10:10.000000,2024-07-13 05:20:10.000000,81.24,81.24,2,MATCHED,NORMAL
3847,3047,processing,2025-07-07 02:43:02.000000,,0.0,16.95,1,MATCHED,SHIPPING_PENDING
72283,57801,processing,2022-10-20 02:29:30.000000,,0.0,41.95,2,MATCHED,SHIPPING_PENDING
57925,46293,returned,2021-06-26 23:13:33.000000,2021-06-29 04:51:33.000000,235.09,235.09,4,MATCHED,NORMAL
1273,1012,cancelled,2026-06-12 02:43:17.000000,,0.0,76.99,2,MATCHED,SHIPPING_PENDING
107864,86423,shipped,2022-10-17 15:26:57.000000,2022-10-20 04:44:57.000000,17.0,17.0,1,MATCHED,NORMAL
18299,14569,complete,2020-04-16 09:55:12.000000,2020-04-18 05:38:12.000000,17.05,17.05,1,MATCHED,NORMAL
99860,80104,shipped,2025-08-02 09:00:19.000000,2025-08-04 07:54:19.000000,17.56,17.56,1,MATCHED,NORMAL
105796,84795,shipped,2024-04-09 10:02:25.000000,2024-04-11 04:23:25.000000,136.81,136.81,4,MATCHED,NORMAL
118494,94866,cancelled,2026-02-05 15:45:05.000000,,0.0,56.6,3,MATCHED,SHIPPING_PENDING
115637,92569,shipped,2023-06-30 07:10:07.000000,2023-07-02 18:02:07.000000,233.96,233.96,4,MATCHED,POTENTIAL CUT-OFF RISK
92264,73866,cancelled,2026-04-29 19:08:40.000000,,0.0,52.0,2,MATCHED,SHIPPING_PENDING
99492,79799,complete,2026-06-12 18:03:30.000000,2026-06-13 12:25:30.000000,18.0,18.0,1,MATCHED,NORMAL
4272,3388,shipped,2023-09-05 15:37:22.000000,2023-09-07 23:11:22.000000,97.99,97.99,2,MATCHED,NORMAL
43818,34965,shipped,2024-07-22 06:40:15.000000,2024-07-24 23:56:15.000000,68.0,68.0,2,MATCHED,NORMAL
25354,20254,complete,2026-02-02 17:44:55.000000,2026-02-03 04:28:55.000000,160.49,160.49,4,MATCHED,NORMAL
10256,8178,shipped,2024-08-21 13:57:46.000000,2024-08-21 15:25:46.000000,18.95,18.95,1,MATCHED,NORMAL
5382,4257,complete,2025-11-05 13:17:53.000000,2025-11-08 10:46:53.000000,18.97,18.97,1,MATCHED,NORMAL
57723,46133,complete,2026-06-13 04:27:14.000000,2026-06-14 08:05:14.000000,18.99,18.99,1,MATCHED,NORMAL
27019,21593,shipped,2022-11-04 15:15:31.000000,2022-11-07 01:41:31.000000,351.5,351.5,4,MATCHED,NORMAL
83068,66476,shipped,2025-05-27 17:45:38.000000,2025-05-28 10:25:38.000000,68.49,68.49,2,MATCHED,NORMAL
20151,16103,complete,2026-03-31 15:18:03.000000,2026-04-02 04:31:03.000000,144.0,144.0,3,MATCHED,POTENTIAL CUT-OFF RISK
31116,24855,complete,2024-01-17 22:34:45.000000,2024-01-19 03:34:45.000000,19.49,19.49,1,MATCHED,NORMAL
39234,31334,complete,2024-01-09 20:54:45.000000,2024-01-12 01:49:45.000000,73.89,73.89,3,MATCHED,NORMAL
66403,53092,complete,2026-05-16 16:36:49.000000,2026-05-18 01:48:49.000000,96.9,96.9,3,MATCHED,NORMAL
45477,36302,processing,2025-06-21 02:01:08.000000,,0.0,322.95,4,MATCHED,SHIPPING_PENDING
52521,41917,shipped,2019-11-06 09:07:26.000000,2019-11-06 11:57:26.000000,139.51,139.51,4,MATCHED,NORMAL
50390,40277,shipped,2026-01-31 09:01:37.000000,2026-01-31 10:48:37.000000,62.92,62.92,2,MATCHED,NORMAL
9693,7734,shipped,2026-02-16 01:40:13.000000,2026-02-16 23:22:13.000000,45.98,45.98,2,MATCHED,NORMAL
46541,37185,cancelled,2025-11-14 12:31:38.000000,,0.0,87.99,2,MATCHED,SHIPPING_PENDING
56560,45185,complete,2026-03-19 04:51:32.000000,2026-03-20 23:37:32.000000,194.89,194.89,3,MATCHED,NORMAL
93564,74978,processing,2025-07-10 05:25:03.000000,,0.0,19.99,1,MATCHED,SHIPPING_PENDING
31187,24914,returned,2024-11-25 02:53:16.000000,2024-11-26 00:32:16.000000,41.98,41.98,2,MATCHED,NORMAL
1046,834,shipped,2026-02-10 12:46:55.000000,2026-02-12 05:17:55.000000,321.99,321.99,3,MATCHED,NORMAL
29169,23312,cancelled,2026-02-16 12:27:09.000000,,0.0,146.16,4,MATCHED,SHIPPING_PENDING
118322,94728,cancelled,2024-07-26 20:37:32.000000,,0.0,20.0,1,MATCHED,SHIPPING_PENDING
116216,93044,processing,2024-03-15 13:56:38.000000,,0.0,45.0,2,MATCHED,SHIPPING_PENDING
114649,91818,shipped,2026-05-20 05:24:38.000000,2026-05-20 09:36:38.000000,44.13,44.13,2,MATCHED,NORMAL
56768,45369,complete,2024-12-14 23:08:46.000000,2024-12-15 09:13:46.000000,44.98,44.98,2,MATCHED,NORMAL
86726,69442,processing,2020-07-22 03:18:27.000000,,0.0,20.99,1,MATCHED,SHIPPING_PENDING
46655,37284,returned,2025-12-22 17:00:21.000000,2025-12-23 13:45:21.000000,124.99,124.99,3,MATCHED,NORMAL
32518,25970,complete,2023-05-24 21:55:45.000000,2023-05-26 15:03:45.000000,21.6,21.6,1,MATCHED,NORMAL
110393,88414,complete,2026-01-11 14:53:29.000000,2026-01-13 03:18:29.000000,140.6,140.6,2,MATCHED,NORMAL
43908,35035,complete,2025-01-09 05:21:23.000000,2025-01-12 04:22:23.000000,116.87,116.87,2,MATCHED,NORMAL
49551,39538,processing,2024-06-23 13:55:55.000000,,0.0,21.87,1,MATCHED,SHIPPING_PENDING
28566,22832,complete,2026-01-06 20:49:21.000000,2026-01-08 19:07:21.000000,188.9,188.9,4,MATCHED,NORMAL
48365,38636,complete,2020-05-09 08:01:18.000000,2020-05-09 11:02:18.000000,171.9,171.9,2,MATCHED,NORMAL
113390,90771,returned,2026-05-27 06:01:57.000000,2026-05-28 17:20:57.000000,21.99,21.99,1,MATCHED,NORMAL
113752,91065,shipped,2025-11-19 15:45:04.000000,2025-11-20 16:43:04.000000,219.72,219.72,4,MATCHED,NORMAL
28215,22559,processing,2026-06-16 03:49:09.374570,,0.0,22.0,1,MATCHED,SHIPPING_PENDING
54336,43390,returned,2022-04-18 11:34:20.000000,2022-04-19 05:39:20.000000,148.0,148.0,3,MATCHED,NORMAL
3790,3010,shipped,2026-02-12 23:19:42.000000,2026-02-13 20:57:42.000000,323.38,323.38,4,MATCHED,NORMAL
112357,89961,shipped,2026-04-05 03:52:18.000000,2026-04-06 18:35:18.000000,57.8,57.8,2,MATCHED,NORMAL
102696,82349,shipped,2025-08-22 21:40:21.000000,2025-08-25 20:21:21.000000,142.08,142.08,4,MATCHED,NORMAL
91944,73628,processing,2025-03-31 15:11:35.000000,,0.0,153.64,4,MATCHED,SHIPPING_PENDING
7943,6356,returned,2025-12-29 15:55:30.000000,2025-12-30 10:08:30.000000,22.5,22.5,1,MATCHED,NORMAL
46004,36744,cancelled,2025-09-15 09:56:00.000000,,0.0,23.5,1,MATCHED,SHIPPING_PENDING
68406,54742,processing,2026-04-16 09:54:05.000000,,0.0,93.2,2,MATCHED,SHIPPING_PENDING
96894,77672,returned,2019-12-09 06:39:12.000000,2019-12-11 04:45:12.000000,23.97,23.97,1,MATCHED,NORMAL
124856,99962,cancelled,2026-03-23 15:05:47.000000,,0.0,145.99,4,MATCHED,SHIPPING_PENDING
14664,11705,shipped,2024-04-20 16:26:19.000000,2024-04-21 13:00:19.000000,120.99,120.99,2,MATCHED,NORMAL
11683,9280,complete,2025-06-02 12:00:15.000000,2025-06-04 08:05:15.000000,195.07,195.07,3,MATCHED,NORMAL
62251,49726,shipped,2023-08-07 20:47:44.000000,2023-08-10 04:19:44.000000,24.95,24.95,1,MATCHED,NORMAL
58658,46871,complete,2024-07-15 06:53:44.000000,2024-07-16 05:39:44.000000,209.97,209.97,4,MATCHED,NORMAL
82566,66062,complete,2025-08-18 09:29:18.000000,2025-08-20 08:03:18.000000,64.49,64.49,2,MATCHED,NORMAL
68493,54809,processing,2025-09-11 02:20:47.000000,,0.0,111.1,2,MATCHED,SHIPPING_PENDING
45264,36130,returned,2022-10-14 10:09:47.000000,2022-10-15 18:50:47.000000,24.99,24.99,1,MATCHED,NORMAL
90380,72326,returned,2025-08-19 11:54:27.000000,2025-08-20 00:11:27.000000,242.93,242.93,4,MATCHED,NORMAL
4483,3547,cancelled,2026-03-21 13:04:34.000000,,0.0,301.71,4,MATCHED,SHIPPING_PENDING
64631,51631,cancelled,2024-03-21 00:54:43.000000,,0.0,25.0,1,MATCHED,SHIPPING_PENDING
1917,1537,complete,2024-08-23 14:26:01.000000,2024-08-24 00:04:01.000000,61.0,61.0,2,MATCHED,NORMAL
41615,33190,complete,2022-03-02 07:16:02.000000,2022-03-03 07:54:02.000000,25.0,25.0,1,MATCHED,NORMAL
78631,62852,complete,2021-10-02 22:25:56.000000,2021-10-05 20:45:56.000000,68.14,68.14,2,MATCHED,NORMAL
84007,67229,complete,2024-04-09 00:19:16.000000,2024-04-09 06:23:16.000000,25.0,25.0,1,MATCHED,NORMAL
109854,88006,complete,2024-01-13 10:54:53.000000,2024-01-15 12:42:53.000000,58.98,58.98,2,MATCHED,NORMAL
55065,43988,processing,2025-06-22 05:16:34.000000,,0.0,111.11,2,MATCHED,SHIPPING_PENDING
67869,54314,processing,2025-04-25 22:12:57.000000,,0.0,94.5,2,MATCHED,SHIPPING_PENDING
69761,55789,processing,2026-03-07 01:30:56.000000,,0.0,146.94,4,MATCHED,SHIPPING_PENDING
82953,66369,processing,2026-02-12 23:32:10.000000,,0.0,25.0,1,MATCHED,SHIPPING_PENDING
101052,81014,processing,2021-12-27 14:31:44.000000,,0.0,61.0,2,MATCHED,SHIPPING_PENDING
117884,94389,processing,2025-03-18 08:05:16.000000,,0.0,25.0,1,MATCHED,SHIPPING_PENDING
92494,74067,returned,2023-07-05 03:09:53.000000,2023-07-05 18:14:53.000000,307.43,307.43,4,MATCHED,NORMAL
80002,63948,shipped,2025-10-14 20:01:01.000000,2025-10-16 11:49:01.000000,190.3,190.3,4,MATCHED,NORMAL
91291,73086,shipped,2025-05-04 20:50:35.000000,2025-05-06 13:38:35.000000,70.0,70.0,2,MATCHED,NORMAL
117235,93886,shipped,2026-06-15 23:29:55.864917,2026-06-17 23:02:55.864917,116.98,116.98,3,MATCHED,NORMAL
119901,95980,shipped,2026-05-04 01:10:22.000000,2026-05-06 22:59:22.000000,124.0,124.0,3,MATCHED,NORMAL
59404,47467,shipped,2022-12-28 00:49:06.000000,2022-12-30 06:13:06.000000,25.48,25.48,1,MATCHED,NORMAL
116221,93052,cancelled,2021-12-06 08:02:15.000000,,0.0,25.5,1,MATCHED,SHIPPING_PENDING
87646,70139,cancelled,2023-04-16 21:11:12.000000,,0.0,353.98,4,MATCHED,SHIPPING_PENDING
1415,1118,processing,2026-05-22 02:36:45.000000,,0.0,78.5,2,MATCHED,SHIPPING_PENDING
14526,11588,shipped,2024-02-03 10:06:16.000000,2024-02-06 03:42:16.000000,108.0,108.0,3,MATCHED,NORMAL
27459,21957,cancelled,2025-05-20 17:27:16.000000,,0.0,26.23,1,MATCHED,SHIPPING_PENDING
108958,87280,shipped,2022-06-07 11:18:54.000000,2022-06-10 02:02:54.000000,26.23,26.23,1,MATCHED,NORMAL
107553,86190,shipped,2025-01-05 09:13:49.000000,2025-01-06 12:13:49.000000,245.44,245.44,3,MATCHED,NORMAL
108164,86648,processing,2023-10-18 16:43:11.000000,,0.0,425.47,2,MATCHED,SHIPPING_PENDING
100647,80696,shipped,2026-03-11 20:24:43.000000,2026-03-12 00:10:43.000000,55.47,55.47,2,MATCHED,NORMAL
32621,26049,complete,2023-12-12 10:58:50.000000,2023-12-14 19:52:50.000000,26.99,26.99,1,MATCHED,NORMAL
67777,54237,complete,2021-11-13 12:43:25.000000,2021-11-15 01:05:25.000000,27.0,27.0,1,MATCHED,NORMAL
22063,17598,processing,2026-01-24 11:15:05.000000,,0.0,56.99,2,MATCHED,SHIPPING_PENDING
13418,10659,processing,2025-06-20 04:31:01.000000,,0.0,547.65,4,MATCHED,SHIPPING_PENDING
35405,28268,shipped,2025-10-13 20:33:46.000000,2025-10-16 12:26:46.000000,152.7,152.7,2,MATCHED,NORMAL
104243,83538,shipped,2024-10-11 09:40:34.000000,2024-10-13 21:13:34.000000,27.7,27.7,1,MATCHED,NORMAL
95129,76244,cancelled,2025-10-02 01:19:29.000000,,0.0,27.8,1,MATCHED,SHIPPING_PENDING
90420,72360,complete,2025-12-24 12:29:44.000000,2025-12-25 14:12:44.000000,27.99,27.99,1,MATCHED,NORMAL
112396,89993,complete,2025-01-02 18:32:37.000000,2025-01-05 16:40:37.000000,246.97,246.97,4,MATCHED,NORMAL
63248,50547,cancelled,2024-06-15 18:20:16.000000,,0.0,127.0,2,MATCHED,SHIPPING_PENDING
123123,98591,processing,2025-06-18 01:54:24.000000,,0.0,71.95,2,MATCHED,SHIPPING_PENDING
74145,59296,shipped,2024-07-07 12:32:38.000000,2024-07-08 17:45:38.000000,397.95,397.95,4,MATCHED,NORMAL
48378,38646,processing,2024-07-12 19:20:01.000000,,0.0,28.82,1,MATCHED,SHIPPING_PENDING
27379,21884,shipped,2025-04-21 00:56:13.000000,2025-04-22 06:43:13.000000,203.99,203.99,3,MATCHED,NORMAL
40048,31979,cancelled,2022-08-26 00:59:45.000000,,0.0,29.41,1,MATCHED,SHIPPING_PENDING
94619,75839,shipped,2023-05-11 16:38:57.000000,2023-05-11 18:47:57.000000,1072.88,1072.88,4,MATCHED,NORMAL
95205,76309,complete,2026-05-16 16:28:32.000000,2026-05-19 09:45:32.000000,154.89,154.89,2,MATCHED,NORMAL
42117,33591,cancelled,2025-02-17 08:21:52.000000,,0.0,29.95,1,MATCHED,SHIPPING_PENDING
79245,63334,cancelled,2020-06-04 23:54:25.000000,,0.0,238.95,4,MATCHED,SHIPPING_PENDING
37534,29966,complete,2025-08-20 12:25:47.000000,2025-08-21 21:52:47.000000,29.98,29.98,1,MATCHED,NORMAL
107282,85977,cancelled,2025-04-22 16:25:08.000000,,0.0,29.99,1,MATCHED,SHIPPING_PENDING
123271,98712,cancelled,2022-12-12 12:51:52.000000,,0.0,172.98,4,MATCHED,SHIPPING_PENDING
63712,50915,complete,2025-06-15 05:11:07.000000,2025-06-17 23:33:07.000000,29.99,29.99,1,MATCHED,NORMAL
73528,58816,processing,2026-04-05 20:36:17.000000,,0.0,69.82,2,MATCHED,SHIPPING_PENDING
50558,40406,shipped,2026-06-13 20:51:14.000000,2026-06-16 18:38:14.000000,452.99,452.99,4,MATCHED,NORMAL
58687,46894,shipped,2025-05-05 05:11:51.000000,2025-05-08 01:22:51.000000,102.77,102.77,2,MATCHED,NORMAL
67466,53965,shipped,2022-02-16 14:37:07.000000,2022-02-17 22:54:07.000000,29.99,29.99,1,MATCHED,NORMAL
84320,67478,shipped,2025-10-26 05:34:43.000000,2025-10-26 14:25:43.000000,260.62,260.62,3,MATCHED,NORMAL
85203,68177,shipped,2026-02-08 02:17:14.000000,2026-02-09 05:50:14.000000,255.4,255.4,4,MATCHED,NORMAL
60669,48453,shipped,2024-12-13 10:04:30.000000,2024-12-13 12:00:30.000000,308.33,308.33,4,MATCHED,NORMAL
62789,50173,shipped,2020-03-23 02:08:46.000000,2020-03-25 03:30:46.000000,30.0,30.0,1,MATCHED,NORMAL
106760,85559,processing,2025-10-18 07:56:07.000000,,0.0,30.2,1,MATCHED,SHIPPING_PENDING
121461,97238,complete,2023-08-08 17:05:01.000000,2023-08-10 05:09:01.000000,78.4,78.4,2,MATCHED,NORMAL
37471,29921,returned,2024-12-20 07:04:37.000000,2024-12-22 01:25:37.000000,30.89,30.89,1,MATCHED,NORMAL
96621,77473,complete,2024-01-06 08:17:20.000000,2024-01-06 09:28:20.000000,110.95,110.95,2,MATCHED,NORMAL
44681,35625,shipped,2025-10-31 23:48:41.000000,2025-11-01 17:50:41.000000,31.97,31.97,1,MATCHED,POTENTIAL CUT-OFF RISK
22185,17697,complete,2020-10-10 12:18:25.000000,2020-10-11 23:22:25.000000,292.98,292.98,2,MATCHED,NORMAL
21729,17341,processing,2020-07-02 16:55:37.000000,,0.0,32.0,1,MATCHED,SHIPPING_PENDING
28036,22409,processing,2025-03-15 05:46:08.000000,,0.0,73.25,2,MATCHED,SHIPPING_PENDING
63237,50540,returned,2025-06-02 14:10:51.000000,2025-06-03 22:59:51.000000,32.0,32.0,1,MATCHED,NORMAL
70433,56326,processing,2025-05-23 10:42:05.000000,,0.0,364.34,3,MATCHED,SHIPPING_PENDING
59617,47629,returned,2023-02-12 03:03:41.000000,2023-02-13 05:40:41.000000,201.76,201.76,2,MATCHED,NORMAL
26218,20937,processing,2026-05-26 22:39:14.000000,,0.0,282.48,3,MATCHED,SHIPPING_PENDING
102658,82307,cancelled,2022-12-28 02:22:50.000000,,0.0,72.45,2,MATCHED,SHIPPING_PENDING
757,604,processing,2025-01-11 09:36:19.000000,,0.0,33.0,1,MATCHED,SHIPPING_PENDING
120396,96371,processing,2025-05-16 05:25:15.000000,,0.0,68.67,2,MATCHED,SHIPPING_PENDING
22238,17740,shipped,2024-12-22 13:50:02.000000,2024-12-24 17:28:02.000000,33.68,33.68,1,MATCHED,NORMAL
35431,28288,returned,2026-01-27 09:13:56.000000,2026-01-28 02:14:56.000000,33.75,33.75,1,MATCHED,NORMAL
30101,24042,complete,2022-11-21 14:12:49.000000,2022-11-24 01:53:49.000000,123.48,123.48,2,MATCHED,NORMAL
81988,65609,shipped,2024-03-01 16:31:20.000000,2024-03-01 23:49:20.000000,33.98,33.98,1,MATCHED,NORMAL
40911,32650,cancelled,2024-02-02 05:12:35.000000,,0.0,76.0,2,MATCHED,SHIPPING_PENDING
75644,60495,shipped,2026-01-19 01:31:11.000000,2026-01-20 21:50:11.000000,210.99,210.99,4,MATCHED,NORMAL
68755,55010,processing,2025-08-05 16:43:03.000000,,0.0,144.95,2,MATCHED,SHIPPING_PENDING
115192,92228,processing,2026-02-13 09:27:12.000000,,0.0,34.95,1,MATCHED,SHIPPING_PENDING
28997,23184,returned,2026-05-28 11:07:31.000000,2026-05-31 08:49:31.000000,34.95,34.95,1,MATCHED,NORMAL
85795,68669,shipped,2025-04-16 04:32:57.000000,2025-04-16 08:40:57.000000,34.95,34.95,1,MATCHED,NORMAL
12144,9671,processing,2026-03-08 21:43:41.000000,,0.0,34.99,1,MATCHED,SHIPPING_PENDING
39058,31204,shipped,2023-05-01 02:43:43.000000,2023-05-02 00:58:43.000000,34.99,34.99,1,MATCHED,NORMAL
24701,19725,shipped,2020-07-12 00:00:54.000000,2020-07-13 12:35:54.000000,312.19,312.19,4,MATCHED,NORMAL
83630,66925,shipped,2021-03-30 00:27:24.000000,2021-03-30 13:43:24.000000,90.0,90.0,2,MATCHED,NORMAL
120867,96748,shipped,2022-06-11 12:59:47.000000,2022-06-12 14:56:47.000000,89.99,89.99,2,MATCHED,NORMAL
33734,26915,shipped,2023-01-15 00:14:26.000000,2023-01-15 13:08:26.000000,115.23,115.23,2,MATCHED,NORMAL
111197,89059,processing,2019-12-04 04:35:33.000000,,0.0,105.0,2,MATCHED,SHIPPING_PENDING
1809,1456,shipped,2026-05-11 11:23:29.000000,2026-05-13 16:30:29.000000,221.13,221.13,4,MATCHED,NORMAL
90082,72084,complete,2026-06-15 14:26:47.000976,2026-06-18 04:16:47.000976,270.5,270.5,4,MATCHED,NORMAL
57357,45864,returned,2024-12-12 13:02:56.000000,2024-12-13 20:51:56.000000,75.4,75.4,2,MATCHED,NORMAL
8266,6601,complete,2021-07-05 19:15:39.000000,2021-07-08 05:41:39.000000,37.99,37.99,1,MATCHED,NORMAL
78259,62567,complete,2026-01-11 12:42:04.000000,2026-01-11 23:21:04.000000,37.99,37.99,1,MATCHED,NORMAL
102601,82254,complete,2024-01-16 08:15:50.000000,2024-01-16 19:24:50.000000,37.99,37.99,1,MATCHED,NORMAL
22556,18013,cancelled,2026-04-17 23:43:10.000000,,0.0,38.0,1,MATCHED,SHIPPING_PENDING
92559,74134,cancelled,2026-06-16 08:05:00.358402,,0.0,38.0,1,MATCHED,SHIPPING_PENDING
67470,53966,processing,2023-07-11 06:45:15.000000,,0.0,38.0,1,MATCHED,SHIPPING_PENDING
99905,80138,shipped,2026-02-20 04:25:34.000000,2026-02-23 00:36:34.000000,38.0,38.0,1,MATCHED,NORMAL
97677,78303,returned,2025-05-27 08:21:18.000000,2025-05-30 03:30:18.000000,38.95,38.95,1,MATCHED,NORMAL
50882,40641,complete,2025-01-06 17:44:37.000000,2025-01-07 21:09:37.000000,39.0,39.0,1,MATCHED,NORMAL
29322,23432,returned,2025-04-20 02:57:50.000000,2025-04-22 07:22:50.000000,39.5,39.5,1,MATCHED,NORMAL
98308,78820,shipped,2022-10-07 09:10:20.000000,2022-10-07 18:27:20.000000,279.4,279.4,3,MATCHED,NORMAL
90212,72190,cancelled,2022-03-13 07:20:15.000000,,0.0,229.33,3,MATCHED,SHIPPING_PENDING
17612,14015,complete,2022-01-11 06:08:19.000000,2022-01-12 08:17:19.000000,39.88,39.88,1,MATCHED,NORMAL
38741,30947,returned,2024-04-30 04:44:07.000000,2024-04-30 05:24:07.000000,39.95,39.95,1,MATCHED,NORMAL
57839,46229,complete,2024-03-10 20:34:46.000000,2024-03-11 05:52:46.000000,94.99,94.99,2,MATCHED,NORMAL
92970,74477,returned,2025-04-27 01:54:15.000000,2025-04-27 15:17:15.000000,39.99,39.99,1,MATCHED,NORMAL
50624,40457,shipped,2026-05-12 12:04:12.000000,2026-05-13 09:26:12.000000,182.77,182.77,2,MATCHED,NORMAL
77968,62329,shipped,2025-02-11 20:13:26.000000,2025-02-14 01:22:26.000000,218.99,218.99,2,MATCHED,NORMAL
96746,77567,complete,2026-04-05 18:51:55.000000,2026-04-08 18:32:55.000000,200.88,200.88,2,MATCHED,NORMAL
74281,59403,processing,2022-10-07 06:38:24.000000,,0.0,160.0,2,MATCHED,SHIPPING_PENDING
17656,14049,processing,2022-04-16 21:48:12.000000,,0.0,307.58,4,MATCHED,SHIPPING_PENDING
81694,65375,shipped,2022-11-24 03:51:29.000000,2022-11-25 07:20:29.000000,42.0,42.0,1,MATCHED,NORMAL
120861,96745,cancelled,2025-11-02 06:09:28.000000,,0.0,42.01,1,MATCHED,SHIPPING_PENDING
19269,15387,cancelled,2025-06-08 05:38:29.000000,,0.0,372.47,4,MATCHED,SHIPPING_PENDING
97033,77778,cancelled,2026-01-15 08:37:55.000000,,0.0,43.14,1,MATCHED,SHIPPING_PENDING
102042,81805,processing,2026-03-09 18:13:10.000000,,0.0,43.14,1,MATCHED,SHIPPING_PENDING
104352,83634,complete,2025-01-20 13:44:04.000000,2025-01-22 03:48:04.000000,44.0,44.0,1,MATCHED,NORMAL
20170,16114,returned,2026-05-04 10:42:01.000000,2026-05-05 22:50:01.000000,44.0,44.0,1,MATCHED,NORMAL
82244,65813,returned,2025-05-07 14:42:15.000000,2025-05-10 00:06:15.000000,44.0,44.0,1,MATCHED,NORMAL
37465,29917,shipped,2025-04-22 12:16:46.000000,2025-04-24 06:13:46.000000,44.0,44.0,1,MATCHED,NORMAL
3539,2819,processing,2023-09-15 22:45:34.000000,,0.0,377.38,4,MATCHED,SHIPPING_PENDING
27424,21930,cancelled,2026-06-15 21:55:54.000000,,0.0,123.99,2,MATCHED,SHIPPING_PENDING
117266,93916,shipped,2023-02-12 01:59:09.000000,2023-02-12 11:56:09.000000,44.99,44.99,1,MATCHED,NORMAL
70924,56722,shipped,2022-08-29 10:12:49.000000,2022-08-29 22:22:49.000000,45.99,45.99,1,MATCHED,NORMAL
49574,39565,complete,2023-03-04 10:57:44.000000,2023-03-06 04:58:44.000000,46.0,46.0,1,MATCHED,NORMAL
100541,80617,complete,2024-09-25 07:52:02.000000,2024-09-26 17:31:02.000000,46.0,46.0,1,MATCHED,NORMAL
4633,3665,complete,2023-11-05 09:25:26.000000,2023-11-06 09:25:26.000000,191.5,191.5,2,MATCHED,NORMAL
20983,16777,complete,2022-06-15 23:25:44.000000,2022-06-18 09:28:44.000000,182.38,182.38,3,MATCHED,NORMAL
38021,30348,processing,2025-10-03 21:19:01.000000,,0.0,322.5,3,MATCHED,SHIPPING_PENDING
34120,27231,shipped,2024-03-25 06:51:19.000000,2024-03-27 04:22:19.000000,47.99,47.99,1,MATCHED,NORMAL
4759,3772,complete,2026-06-15 05:05:00.058716,2026-06-16 17:19:00.058716,48.3,48.3,1,MATCHED,NORMAL
44919,35825,processing,2022-08-24 07:37:58.000000,,0.0,49.0,1,MATCHED,SHIPPING_PENDING
103166,82719,shipped,2026-05-22 03:05:15.000000,2026-05-23 04:34:15.000000,348.5,348.5,4,MATCHED,NORMAL
15269,12174,processing,2025-12-24 02:19:05.000000,,0.0,49.5,1,MATCHED,SHIPPING_PENDING
80312,64212,shipped,2025-11-28 08:55:19.000000,2025-11-29 00:22:19.000000,49.5,49.5,1,MATCHED,NORMAL
24333,19441,complete,2024-08-13 01:24:51.000000,2024-08-13 06:01:51.000000,118.99,118.99,2,MATCHED,NORMAL
34215,27302,processing,2023-05-22 13:35:19.000000,,0.0,147.99,2,MATCHED,SHIPPING_PENDING
70670,56509,returned,2026-06-12 16:41:32.000000,2026-06-15 05:16:32.000000,109.99,109.99,2,MATCHED,NORMAL
22738,18158,shipped,2022-07-01 16:36:20.000000,2022-07-02 06:44:20.000000,49.99,49.99,1,MATCHED,NORMAL
36792,29370,shipped,2021-09-21 12:21:40.000000,2021-09-21 21:46:40.000000,209.99,209.99,3,MATCHED,NORMAL
89678,71752,shipped,2026-02-26 12:34:45.000000,2026-02-27 20:23:45.000000,267.99,267.99,2,MATCHED,NORMAL
80005,63952,returned,2020-06-21 13:23:51.000000,2020-06-22 12:49:51.000000,751.95,751.95,4,MATCHED,NORMAL
81201,64956,returned,2023-06-27 10:07:03.000000,2023-06-28 16:05:03.000000,50.0,50.0,1,MATCHED,NORMAL
21919,17495,shipped,2026-02-28 22:08:46.000000,2026-03-02 19:41:46.000000,50.0,50.0,1,MATCHED,POTENTIAL CUT-OFF RISK
5960,4725,returned,2024-04-14 10:27:08.000000,2024-04-16 11:14:08.000000,130.67,130.67,2,MATCHED,NORMAL
83570,66885,processing,2025-08-27 18:12:39.000000,,0.0,53.95,1,MATCHED,SHIPPING_PENDING
21068,16846,cancelled,2022-03-21 19:38:42.000000,,0.0,216.0,2,MATCHED,SHIPPING_PENDING
14638,11688,complete,2026-01-20 16:01:07.000000,2026-01-20 19:21:07.000000,54.0,54.0,1,MATCHED,NORMAL
10393,8272,shipped,2025-01-07 07:35:04.000000,2025-01-07 12:51:04.000000,54.0,54.0,1,MATCHED,NORMAL
106679,85494,shipped,2023-05-22 03:56:57.000000,2023-05-23 08:54:57.000000,54.0,54.0,1,MATCHED,NORMAL
112409,90001,complete,2025-04-05 16:04:10.000000,2025-04-07 10:49:10.000000,242.5,242.5,2,MATCHED,NORMAL
97488,78148,complete,2019-10-19 15:49:56.000000,2019-10-22 06:16:56.000000,54.95,54.95,1,MATCHED,NORMAL
32876,26240,cancelled,2025-02-13 22:01:25.000000,,0.0,55.0,1,MATCHED,SHIPPING_PENDING
59144,47262,cancelled,2025-11-24 02:28:29.000000,,0.0,226.95,2,MATCHED,SHIPPING_PENDING
110068,88160,complete,2023-12-06 03:40:59.000000,2023-12-06 23:47:59.000000,55.0,55.0,1,MATCHED,NORMAL
6452,5117,returned,2020-06-17 20:18:15.000000,2020-06-20 14:43:15.000000,124.99,124.99,2,MATCHED,NORMAL
34372,27431,returned,2025-11-26 08:24:14.000000,2025-11-28 17:29:14.000000,55.0,55.0,1,MATCHED,NORMAL
73176,58523,shipped,2024-08-17 07:47:47.000000,2024-08-19 17:32:47.000000,120.96,120.96,2,MATCHED,NORMAL
44788,35729,cancelled,2020-01-06 13:24:51.000000,,0.0,113.0,2,MATCHED,SHIPPING_PENDING
54699,43693,complete,2026-06-12 03:02:55.000000,2026-06-14 21:58:55.000000,57.19,57.19,1,MATCHED,NORMAL
90595,72499,shipped,2025-12-10 20:28:04.000000,2025-12-11 07:42:04.000000,57.5,57.5,1,MATCHED,NORMAL
66631,53284,processing,2025-04-04 17:01:06.000000,,0.0,186.99,2,MATCHED,SHIPPING_PENDING
14175,11292,shipped,2021-06-16 14:22:47.000000,2021-06-16 16:22:47.000000,128.0,128.0,2,MATCHED,NORMAL
110660,88620,processing,2024-04-30 13:51:02.000000,,0.0,58.5,1,MATCHED,SHIPPING_PENDING
12384,9865,shipped,2022-11-07 04:26:12.000000,2022-11-09 20:55:12.000000,58.5,58.5,1,MATCHED,NORMAL
58765,46952,cancelled,2025-05-03 00:13:54.000000,,0.0,58.99,1,MATCHED,SHIPPING_PENDING
1552,1220,cancelled,2025-04-05 18:48:04.000000,,0.0,59.0,1,MATCHED,SHIPPING_PENDING
86555,69307,returned,2024-12-04 09:07:41.000000,2024-12-05 17:45:41.000000,59.0,59.0,1,MATCHED,NORMAL
4300,3409,shipped,2025-04-17 03:29:32.000000,2025-04-19 20:17:32.000000,59.0,59.0,1,MATCHED,NORMAL
51587,41200,complete,2025-05-28 03:28:39.000000,2025-05-28 19:28:39.000000,59.5,59.5,1,MATCHED,NORMAL
85499,68422,processing,2026-03-18 17:45:39.000000,,0.0,209.98,2,MATCHED,SHIPPING_PENDING
8719,6962,cancelled,2024-09-06 21:41:15.000000,,0.0,60.0,1,MATCHED,SHIPPING_PENDING
47092,37626,cancelled,2024-08-22 13:43:48.000000,,0.0,60.0,1,MATCHED,SHIPPING_PENDING
92364,73949,shipped,2024-07-23 11:13:55.000000,2024-07-23 12:28:55.000000,190.99,190.99,2,MATCHED,NORMAL
93412,74863,shipped,2023-08-06 08:41:06.000000,2023-08-07 11:21:06.000000,888.65,888.65,2,MATCHED,NORMAL
22395,17871,shipped,2022-06-05 07:36:07.000000,2022-06-05 20:49:07.000000,63.99,63.99,1,MATCHED,NORMAL
52404,41842,processing,2023-11-08 19:57:21.000000,,0.0,64.5,1,MATCHED,SHIPPING_PENDING
41927,33437,complete,2023-11-12 12:53:24.000000,2023-11-15 02:13:24.000000,64.95,64.95,1,MATCHED,NORMAL
101260,81187,complete,2021-04-21 01:21:31.000000,2021-04-21 04:53:31.000000,154.9,154.9,2,MATCHED,NORMAL
27521,21999,shipped,2025-09-24 17:35:24.000000,2025-09-26 22:50:24.000000,859.95,859.95,2,MATCHED,NORMAL
15840,12632,cancelled,2026-06-09 11:58:39.000000,,0.0,134.98,2,MATCHED,SHIPPING_PENDING
31546,25205,cancelled,2023-12-03 13:40:59.000000,,0.0,64.99,1,MATCHED,SHIPPING_PENDING
3719,2954,cancelled,2024-07-14 10:17:50.000000,,0.0,65.17,1,MATCHED,SHIPPING_PENDING
53718,42890,shipped,2025-03-27 19:37:33.000000,2025-03-28 16:04:33.000000,66.0,66.0,1,MATCHED,NORMAL
111022,88930,shipped,2024-09-06 08:03:21.000000,2024-09-08 14:27:21.000000,215.0,215.0,2,MATCHED,NORMAL
7402,5918,complete,2025-10-06 20:59:04.000000,2025-10-08 20:26:04.000000,67.95,67.95,1,MATCHED,NORMAL
42109,33582,processing,2024-02-10 18:44:24.000000,,0.0,68.96,1,MATCHED,SHIPPING_PENDING
32528,25979,cancelled,2022-06-30 21:48:14.000000,,0.0,69.5,1,MATCHED,SHIPPING_PENDING
116837,93536,cancelled,2021-11-15 08:27:36.000000,,0.0,69.5,1,MATCHED,SHIPPING_PENDING
684,557,shipped,2026-04-29 01:49:16.000000,2026-04-30 16:04:16.000000,69.5,69.5,1,MATCHED,NORMAL
91507,73266,shipped,2025-07-22 03:33:43.000000,2025-07-24 12:39:43.000000,69.5,69.5,1,MATCHED,NORMAL
97107,77829,cancelled,2026-02-28 18:59:45.000000,,0.0,69.99,1,MATCHED,SHIPPING_PENDING
25363,20259,cancelled,2026-04-21 08:09:44.000000,,0.0,70.0,1,MATCHED,SHIPPING_PENDING
97174,77887,cancelled,2026-03-22 05:15:22.000000,,0.0,219.0,2,MATCHED,SHIPPING_PENDING
25816,20625,shipped,2022-10-06 02:37:11.000000,2022-10-07 13:14:11.000000,376.07,376.07,4,MATCHED,NORMAL
63632,50855,processing,2024-11-25 14:04:32.000000,,0.0,78.0,1,MATCHED,SHIPPING_PENDING
28939,23131,returned,2026-04-16 13:33:15.000000,2026-04-19 04:18:15.000000,172.99,172.99,2,MATCHED,NORMAL
101564,81427,shipped,2025-06-03 19:52:44.000000,2025-06-04 22:37:44.000000,326.0,326.0,2,MATCHED,NORMAL
36746,29331,returned,2025-06-24 22:42:33.000000,2025-06-26 00:38:33.000000,79.0,79.0,1,MATCHED,NORMAL
46016,36752,complete,2024-10-25 12:24:54.000000,2024-10-26 00:08:54.000000,79.99,79.99,1,MATCHED,NORMAL
89750,71807,complete,2026-06-05 07:29:15.000000,2026-06-05 20:55:15.000000,79.99,79.99,1,MATCHED,NORMAL
33969,27111,shipped,2025-12-26 18:23:31.000000,2025-12-27 19:54:31.000000,79.99,79.99,1,MATCHED,NORMAL
6335,5024,processing,2025-07-04 16:21:03.000000,,0.0,81.38,1,MATCHED,SHIPPING_PENDING
102050,81809,cancelled,2021-04-02 15:41:05.000000,,0.0,85.0,1,MATCHED,SHIPPING_PENDING
27104,21669,shipped,2024-07-08 02:20:43.000000,2024-07-08 15:17:43.000000,85.0,85.0,1,MATCHED,NORMAL
21718,17329,cancelled,2025-08-07 14:27:55.000000,,0.0,86.25,1,MATCHED,SHIPPING_PENDING
92490,74065,cancelled,2026-06-06 22:26:28.000000,,0.0,89.5,1,MATCHED,SHIPPING_PENDING
64955,51887,processing,2021-10-19 07:09:38.000000,,0.0,89.5,1,MATCHED,SHIPPING_PENDING
26700,21335,shipped,2024-10-11 18:46:27.000000,2024-10-14 13:26:27.000000,89.5,89.5,1,MATCHED,NORMAL
63619,50845,complete,2023-05-29 21:12:13.000000,2023-05-30 11:12:13.000000,89.95,89.95,1,MATCHED,NORMAL
81129,64896,shipped,2026-02-11 19:32:45.000000,2026-02-14 02:01:45.000000,89.99,89.99,1,MATCHED,NORMAL
32321,25804,shipped,2023-06-17 07:29:44.000000,2023-06-19 03:57:44.000000,90.68,90.68,1,MATCHED,NORMAL
98071,78629,cancelled,2021-09-15 13:56:29.000000,,0.0,95.0,1,MATCHED,SHIPPING_PENDING
121764,97483,shipped,2021-07-20 00:04:46.000000,2021-07-22 05:47:46.000000,96.0,96.0,1,MATCHED,NORMAL
118412,94810,processing,2025-04-30 20:06:53.000000,,0.0,237.5,2,MATCHED,SHIPPING_PENDING
86908,69578,processing,2026-06-02 08:10:05.000000,,0.0,99.99,1,MATCHED,SHIPPING_PENDING
33195,26489,cancelled,2024-10-10 07:22:31.000000,,0.0,104.5,1,MATCHED,SHIPPING_PENDING
59666,47663,processing,2024-09-29 01:30:31.000000,,0.0,105.26,1,MATCHED,SHIPPING_PENDING
108341,86786,processing,2021-11-15 21:43:22.000000,,0.0,109.99,1,MATCHED,SHIPPING_PENDING
93085,74567,cancelled,2025-08-15 07:42:35.000000,,0.0,110.0,1,MATCHED,SHIPPING_PENDING
34079,27199,shipped,2023-09-08 21:48:49.000000,2023-09-10 17:21:49.000000,118.0,118.0,1,MATCHED,NORMAL
43597,34790,returned,2022-02-20 22:30:56.000000,2022-02-21 05:05:56.000000,119.0,119.0,1,MATCHED,NORMAL
27510,21992,processing,2024-06-02 12:44:29.000000,,0.0,125.0,1,MATCHED,SHIPPING_PENDING
46677,37299,processing,2025-11-09 08:01:43.000000,,0.0,125.0,1,MATCHED,SHIPPING_PENDING
28427,22722,returned,2023-11-27 13:01:59.000000,2023-11-29 14:31:59.000000,128.0,128.0,1,MATCHED,NORMAL
2983,2369,shipped,2024-04-07 00:16:16.000000,2024-04-09 21:40:16.000000,131.94,131.94,1,MATCHED,NORMAL
7135,5695,processing,2024-09-06 16:07:53.000000,,0.0,133.0,1,MATCHED,SHIPPING_PENDING
74714,59743,shipped,2025-10-26 10:51:14.000000,2025-10-29 09:11:14.000000,147.5,147.5,1,MATCHED,NORMAL
58907,47065,shipped,2025-10-15 20:44:36.000000,2025-10-16 02:17:36.000000,150.0,150.0,1,MATCHED,NORMAL
37386,29857,processing,2023-03-20 15:51:25.000000,,0.0,162.0,1,MATCHED,SHIPPING_PENDING
28014,22394,complete,2026-01-03 13:51:57.000000,2026-01-06 05:42:57.000000,169.0,169.0,1,MATCHED,NORMAL
89434,71576,returned,2023-10-13 07:50:42.000000,2023-10-14 09:47:42.000000,178.0,178.0,1,MATCHED,NORMAL
39733,31731,shipped,2025-03-28 16:53:49.000000,2025-03-29 01:55:49.000000,207.28,207.28,1,MATCHED,NORMAL
112787,90286,cancelled,2026-01-20 23:18:36.000000,,0.0,264.0,1,MATCHED,SHIPPING_PENDING
95671,76692,complete,2026-05-17 08:50:59.000000,2026-05-18 01:12:59.000000,264.0,264.0,1,MATCHED,NORMAL
80241,64147,shipped,2026-05-23 16:04:07.000000,2026-05-26 04:15:07.000000,269.0,269.0,1,MATCHED,NORMAL
69153,55315,returned,2022-08-17 11:51:10.000000,2022-08-19 10:43:10.000000,374.0,374.0,1,MATCHED,NORMAL
73407,58714,cancelled,2020-09-04 13:53:43.000000,,0.0,399.0,1,MATCHED,SHIPPING_PENDING
-31,55630,shipped,2026-06-16 09:24:00.000000,2026-06-17 15:24:00.000000,322.0,322.0,2,MATCHED,NORMAL
-63,43163,complete,2026-06-16 14:21:00.000000,2026-06-17 23:21:00.000000,264.0,264.0,3,MATCHED,NORMAL
-84,18936,complete,2026-06-16 13:39:00.000000,2026-06-17 16:39:00.000000,133.0,133.0,1,MATCHED,NORMAL
-92,2819,complete,2026-06-16 11:41:00.000000,2026-06-18 10:41:00.000000,232.0,232.0,3,MATCHED,NORMAL
-103,13115,"complete,returned",2026-06-16 14:10:00.000000,2026-06-18 13:10:00.000000,290.0,290.0,2,MATCHED,NORMAL
-136,92633,complete,2026-06-16 12:57:00.000000,2026-06-18 04:57:00.000000,143.0,143.0,2,MATCHED,NORMAL
-138,54178,"complete,returned",2026-06-16 13:21:00.000000,2026-06-18 02:21:00.000000,232.0,232.0,2,MATCHED,NORMAL
-159,17185,returned,2026-06-16 12:31:00.000000,2026-06-18 05:31:00.000000,143.0,143.0,1,MATCHED,NORMAL
-161,20557,"complete,returned",2026-06-16 09:26:00.000000,2026-06-18 00:26:00.000000,368.0,368.0,2,MATCHED,NORMAL
-175,58685,complete,2026-06-16 16:34:00.000000,2026-06-18 05:34:00.000000,58.0,58.0,1,MATCHED,NORMAL
-180,80461,"complete,shipped",2026-06-16 17:47:00.000000,2026-06-18 08:47:00.000000,269.0,269.0,3,MATCHED,NORMAL
-201,86034,complete,2026-06-16 12:46:00.000000,2026-06-17 19:46:00.000000,149.0,149.0,1,MATCHED,NORMAL
-205,47353,complete,2026-06-16 12:00:00.000000,2026-06-17 15:00:00.000000,482.0,482.0,3,MATCHED,NORMAL
-207,51726,complete,2026-06-16 11:25:00.000000,2026-06-18 06:25:00.000000,219.0,219.0,3,MATCHED,NORMAL
-209,68848,complete,2026-06-16 09:52:00.000000,2026-06-18 02:52:00.000000,309.0,309.0,2,MATCHED,NORMAL
-236,97187,complete,2026-06-16 12:52:00.000000,2026-06-18 05:52:00.000000,292.0,292.0,3,MATCHED,NORMAL
-267,51151,complete,2026-06-16 17:29:00.000000,2026-06-18 00:29:00.000000,166.0,166.0,3,MATCHED,NORMAL
-269,5695,complete,2026-06-16 13:24:00.000000,2026-06-18 05:24:00.000000,264.0,264.0,3,MATCHED,NORMAL
-281,84779,complete,2026-06-16 10:30:00.000000,2026-06-17 17:30:00.000000,379.0,379.0,2,MATCHED,NORMAL
-282,23180,complete,2026-06-16 12:47:00.000000,2026-06-18 06:47:00.000000,501.0,501.0,3,MATCHED,NORMAL
-296,19988,complete,2026-06-16 16:33:00.000000,2026-06-18 16:33:00.000000,323.0,323.0,3,MATCHED,NORMAL
69957,55959,complete,2024-01-04 19:59:52.000000,2024-01-05 11:18:52.000000,191.94,191.94,3,MATCHED,NORMAL
76776,61388,returned,2025-10-30 01:04:52.000000,2025-11-01 14:28:52.000000,2.95,2.95,1,MATCHED,POTENTIAL CUT-OFF RISK
1353,1076,cancelled,2024-10-01 20:19:37.000000,,0.0,36.79,2,MATCHED,SHIPPING_PENDING
74051,59230,shipped,2023-10-19 07:13:45.000000,2023-10-19 21:58:45.000000,138.8,138.8,3,MATCHED,NORMAL
47073,37611,cancelled,2023-01-20 19:03:30.000000,,0.0,262.73,4,MATCHED,SHIPPING_PENDING
74997,59968,shipped,2022-05-26 18:23:42.000000,2022-05-27 23:35:42.000000,4.13,4.13,1,MATCHED,NORMAL
122249,97874,cancelled,2023-11-24 10:31:26.000000,,0.0,105.56,4,MATCHED,SHIPPING_PENDING
7842,6278,cancelled,2022-10-30 07:22:14.000000,,0.0,5.95,1,MATCHED,SHIPPING_PENDING
4814,3806,shipped,2025-10-18 04:01:51.000000,2025-10-20 03:28:51.000000,45.99,45.99,2,MATCHED,NORMAL
37799,30177,cancelled,2026-03-23 11:45:39.000000,,0.0,31.24,2,MATCHED,SHIPPING_PENDING
1915,1536,cancelled,2025-12-01 01:16:08.000000,,0.0,206.49,3,MATCHED,SHIPPING_PENDING
33592,26805,cancelled,2022-03-29 18:52:32.000000,,0.0,74.3,4,MATCHED,SHIPPING_PENDING
88923,71162,shipped,2023-05-15 17:12:05.000000,2023-05-17 07:43:05.000000,6.94,6.94,1,MATCHED,NORMAL
119394,95557,shipped,2024-02-19 09:33:32.000000,2024-02-20 15:33:32.000000,203.13,203.13,2,MATCHED,NORMAL
62670,50073,processing,2023-06-13 15:20:05.000000,,0.0,186.0,2,MATCHED,SHIPPING_PENDING
122573,98150,cancelled,2024-10-09 07:15:12.000000,,0.0,89.46,4,MATCHED,SHIPPING_PENDING
110042,88137,complete,2025-07-19 20:51:10.000000,2025-07-21 03:14:10.000000,173.44,173.44,4,MATCHED,NORMAL
39569,31601,processing,2025-02-26 16:49:57.000000,,0.0,7.99,1,MATCHED,SHIPPING_PENDING
96958,77719,cancelled,2025-01-14 16:06:43.000000,,0.0,8.85,1,MATCHED,SHIPPING_PENDING
14284,11386,complete,2026-04-15 21:30:51.000000,2026-04-17 22:50:51.000000,143.04,143.04,3,MATCHED,NORMAL
74667,59710,cancelled,2026-02-20 01:55:34.000000,,0.0,102.54,4,MATCHED,SHIPPING_PENDING
76430,61111,processing,2022-11-09 03:42:11.000000,,0.0,249.93,4,MATCHED,SHIPPING_PENDING
56790,45390,cancelled,2024-06-30 05:01:19.000000,,0.0,684.45,4,MATCHED,SHIPPING_PENDING
71578,57246,cancelled,2025-10-30 04:29:58.000000,,0.0,114.93,4,MATCHED,SHIPPING_PENDING
41793,33339,processing,2023-08-29 01:48:14.000000,,0.0,395.95,4,MATCHED,SHIPPING_PENDING
108917,87245,processing,2026-02-09 11:18:26.000000,,0.0,127.9,3,MATCHED,SHIPPING_PENDING
51243,40928,complete,2023-12-02 22:57:44.000000,2023-12-05 09:00:44.000000,79.98,79.98,2,MATCHED,NORMAL
22108,17632,processing,2024-09-07 10:10:55.000000,,0.0,9.99,1,MATCHED,SHIPPING_PENDING
62269,49737,processing,2025-03-23 14:50:26.000000,,0.0,9.99,1,MATCHED,SHIPPING_PENDING
83739,67015,shipped,2024-02-01 03:31:43.000000,2024-02-02 19:41:43.000000,129.13,129.13,4,MATCHED,NORMAL
98853,79259,shipped,2026-05-12 21:03:04.000000,2026-05-15 01:58:04.000000,75.99,75.99,3,MATCHED,NORMAL
116641,93377,shipped,2023-10-02 13:52:56.000000,2023-10-02 14:19:56.000000,9.99,9.99,1,MATCHED,NORMAL
57595,46039,shipped,2026-06-16 02:16:46.920645,2026-06-18 18:36:46.920645,10.0,10.0,1,MATCHED,NORMAL
57351,45861,processing,2024-10-29 16:58:58.000000,,0.0,10.69,1,MATCHED,SHIPPING_PENDING
79287,63368,returned,2025-07-19 17:18:53.000000,2025-07-20 07:16:53.000000,10.79,10.79,1,MATCHED,NORMAL
41941,33447,cancelled,2024-05-17 03:14:25.000000,,0.0,337.99,4,MATCHED,SHIPPING_PENDING
37653,30063,complete,2026-05-19 02:21:33.000000,2026-05-20 23:21:33.000000,10.99,10.99,1,MATCHED,NORMAL
2678,2136,shipped,2026-06-08 17:00:18.000000,2026-06-10 15:01:18.000000,10.99,10.99,1,MATCHED,NORMAL
49017,39106,cancelled,2025-06-19 09:48:54.000000,,0.0,11.0,1,MATCHED,SHIPPING_PENDING
64120,51231,complete,2022-09-10 14:29:14.000000,2022-09-11 08:59:14.000000,11.0,11.0,1,MATCHED,NORMAL
70403,56306,shipped,2022-08-06 19:34:11.000000,2022-08-06 22:09:11.000000,67.24,67.24,3,MATCHED,NORMAL
73905,59111,complete,2023-11-13 19:35:02.000000,2023-11-15 12:54:02.000000,33.46,33.46,2,MATCHED,NORMAL
86349,69136,shipped,2022-10-14 03:21:18.000000,2022-10-14 17:29:18.000000,385.02,385.02,2,MATCHED,NORMAL
21291,17022,processing,2026-05-28 17:34:11.000000,,0.0,523.35,4,MATCHED,SHIPPING_PENDING
88916,71156,shipped,2026-04-01 13:40:41.000000,2026-04-02 07:41:41.000000,26.41,26.41,2,MATCHED,NORMAL
72277,57798,processing,2025-05-14 01:33:08.000000,,0.0,11.49,1,MATCHED,SHIPPING_PENDING
57545,46003,processing,2025-02-17 13:42:15.000000,,0.0,11.67,1,MATCHED,SHIPPING_PENDING
33228,26512,shipped,2025-08-13 13:28:51.000000,2025-08-16 03:14:51.000000,95.8,95.8,3,MATCHED,NORMAL
22463,17930,shipped,2025-10-12 13:58:18.000000,2025-10-15 03:37:18.000000,105.93,105.93,3,MATCHED,NORMAL
53495,42713,cancelled,2025-03-29 07:22:21.000000,,0.0,11.95,1,MATCHED,SHIPPING_PENDING
89191,71365,complete,2024-10-11 15:19:16.000000,2024-10-12 13:58:16.000000,51.95,51.95,2,MATCHED,NORMAL
95202,76307,processing,2024-09-26 02:30:17.000000,,0.0,11.95,1,MATCHED,SHIPPING_PENDING
101509,81386,complete,2024-08-23 03:00:01.000000,2024-08-25 04:37:01.000000,11.99,11.99,1,MATCHED,NORMAL
79795,63771,returned,2026-03-19 13:37:24.000000,2026-03-20 02:03:24.000000,11.99,11.99,1,MATCHED,NORMAL
64242,51328,complete,2025-12-01 15:58:42.000000,2025-12-04 06:04:42.000000,46.84,46.84,2,MATCHED,NORMAL
86100,68936,complete,2025-09-27 04:44:47.000000,2025-09-28 20:32:47.000000,163.99,163.99,4,MATCHED,NORMAL
68402,54740,processing,2025-08-26 20:52:03.000000,,0.0,401.95,4,MATCHED,SHIPPING_PENDING
10848,8639,shipped,2024-06-25 17:39:53.000000,2024-06-28 15:50:53.000000,55.95,55.95,2,MATCHED,NORMAL
19007,15172,shipped,2025-03-03 13:41:53.000000,2025-03-04 16:02:53.000000,232.48,232.48,3,MATCHED,NORMAL
55658,44461,shipped,2026-05-29 04:34:55.000000,2026-05-30 11:50:55.000000,133.0,133.0,3,MATCHED,NORMAL
96640,77492,shipped,2019-07-28 17:52:49.000000,2019-07-29 13:27:49.000000,58.99,58.99,3,MATCHED,NORMAL
88697,70972,complete,2026-06-16 01:11:10.966476,2026-06-17 12:29:10.966476,147.02,147.02,3,MATCHED,NORMAL
3189,2548,cancelled,2024-10-31 14:45:44.000000,,0.0,24.3,2,MATCHED,SHIPPING_PENDING
36301,28961,shipped,2026-01-30 08:56:28.000000,2026-01-31 11:30:28.000000,12.14,12.14,1,MATCHED,NORMAL
31995,25558,cancelled,2025-04-17 10:42:40.000000,,0.0,12.2,1,MATCHED,SHIPPING_PENDING
11949,9504,shipped,2023-11-26 16:10:32.000000,2023-11-28 23:35:32.000000,12.2,12.2,1,MATCHED,NORMAL
555,460,shipped,2023-12-12 08:31:04.000000,2023-12-14 12:43:04.000000,12.5,12.5,1,MATCHED,NORMAL
24676,19701,cancelled,2025-06-19 07:09:32.000000,,0.0,132.59,2,MATCHED,SHIPPING_PENDING
53712,42887,complete,2026-06-11 23:37:47.000000,2026-06-14 18:28:47.000000,12.64,12.64,1,MATCHED,NORMAL
94843,76031,cancelled,2026-03-08 20:43:16.000000,,0.0,37.98,2,MATCHED,SHIPPING_PENDING
13649,10845,processing,2026-04-30 14:29:07.000000,,0.0,137.97,4,MATCHED,SHIPPING_PENDING
71299,57023,complete,2026-03-29 00:10:01.000000,2026-03-31 04:47:01.000000,222.16,222.16,4,MATCHED,NORMAL
41490,33089,shipped,2025-02-26 18:12:36.000000,2025-02-27 12:04:36.000000,13.31,13.31,1,MATCHED,NORMAL
103398,82914,shipped,2025-03-17 20:13:39.000000,2025-03-18 18:12:39.000000,144.06,144.06,4,MATCHED,NORMAL
53126,42413,cancelled,2021-05-14 11:53:05.000000,,0.0,155.48,3,MATCHED,SHIPPING_PENDING
124893,99996,processing,2022-07-08 11:39:04.000000,,0.0,13.75,1,MATCHED,SHIPPING_PENDING
19728,15752,cancelled,2022-04-03 21:56:36.000000,,0.0,141.78,3,MATCHED,SHIPPING_PENDING
111135,89013,processing,2025-04-18 09:32:41.000000,,0.0,13.79,1,MATCHED,SHIPPING_PENDING
38329,30592,shipped,2023-09-17 03:27:22.000000,2023-09-18 15:31:22.000000,13.95,13.95,1,MATCHED,NORMAL
124886,99990,cancelled,2025-06-10 06:48:03.000000,,0.0,302.99,3,MATCHED,SHIPPING_PENDING
41473,33081,cancelled,2022-08-12 07:17:57.000000,,0.0,93.5,2,MATCHED,SHIPPING_PENDING
103503,82988,cancelled,2025-11-07 20:03:56.000000,,0.0,89.3,3,MATCHED,SHIPPING_PENDING
75916,60712,shipped,2026-05-13 12:02:06.000000,2026-05-14 17:09:06.000000,57.87,57.87,2,MATCHED,NORMAL
58666,46875,complete,2022-02-14 00:17:11.000000,2022-02-14 07:34:11.000000,119.91,119.91,3,MATCHED,NORMAL
18630,14848,complete,2023-08-16 08:52:37.000000,2023-08-18 02:50:37.000000,53.56,53.56,2,MATCHED,NORMAL
66749,53369,complete,2026-04-14 16:03:56.000000,2026-04-15 00:40:56.000000,86.46,86.46,4,MATCHED,NORMAL
41476,33083,processing,2023-12-18 10:14:48.000000,,0.0,14.99,1,MATCHED,SHIPPING_PENDING
72437,57913,processing,2024-09-28 09:50:52.000000,,0.0,119.98,4,MATCHED,SHIPPING_PENDING
81955,65583,complete,2026-03-24 12:22:39.000000,2026-03-26 18:37:39.000000,15.52,15.52,1,MATCHED,NORMAL
19923,15907,processing,2023-09-10 06:39:46.000000,,0.0,402.51,4,MATCHED,SHIPPING_PENDING
25418,20309,complete,2023-09-20 13:03:10.000000,2023-09-23 12:21:10.000000,15.95,15.95,1,MATCHED,NORMAL
47276,37777,returned,2024-04-10 20:17:31.000000,2024-04-13 05:19:31.000000,15.95,15.95,1,MATCHED,NORMAL
91164,72977,returned,2021-11-12 21:50:47.000000,2021-11-13 10:49:47.000000,15.98,15.98,1,MATCHED,NORMAL
51763,41340,complete,2021-05-11 11:05:44.000000,2021-05-13 04:03:44.000000,82.38,82.38,3,MATCHED,NORMAL
49887,39845,cancelled,2026-05-14 04:42:50.000000,,0.0,256.0,2,MATCHED,SHIPPING_PENDING
89487,71614,complete,2026-05-09 22:42:18.000000,2026-05-10 19:13:18.000000,321.25,321.25,4,MATCHED,NORMAL
116976,93660,cancelled,2021-12-10 14:22:22.000000,,0.0,165.99,3,MATCHED,SHIPPING_PENDING
112239,89870,processing,2023-01-07 13:59:31.000000,,0.0,16.99,1,MATCHED,SHIPPING_PENDING
66969,53559,returned,2026-04-20 03:07:42.000000,2026-04-21 18:30:42.000000,115.99,115.99,2,MATCHED,NORMAL
92515,74088,cancelled,2026-04-06 09:53:37.000000,,0.0,17.0,1,MATCHED,SHIPPING_PENDING
16574,13195,shipped,2026-04-21 17:42:33.000000,2026-04-22 21:00:33.000000,92.0,92.0,2,MATCHED,NORMAL
88194,70551,processing,2026-04-02 12:27:33.000000,,0.0,49.05,2,MATCHED,SHIPPING_PENDING
16204,12921,shipped,2022-02-10 06:07:31.000000,2022-02-10 09:16:31.000000,17.05,17.05,1,MATCHED,NORMAL
14598,11652,returned,2023-09-10 23:18:14.000000,2023-09-11 08:53:14.000000,87.85,87.85,3,MATCHED,NORMAL
122725,98267,shipped,2024-07-09 12:24:07.000000,2024-07-10 09:39:07.000000,347.89,347.89,2,MATCHED,NORMAL
58487,46736,complete,2026-01-15 10:39:53.000000,2026-01-15 11:10:53.000000,85.95,85.95,2,MATCHED,NORMAL
82334,65886,cancelled,2022-08-02 06:36:56.000000,,0.0,18.0,1,MATCHED,SHIPPING_PENDING
20821,16641,complete,2025-08-19 00:27:26.000000,2025-08-21 01:28:26.000000,18.0,18.0,1,MATCHED,NORMAL
14768,11781,shipped,2023-04-29 17:48:35.000000,2023-04-30 04:42:35.000000,18.0,18.0,1,MATCHED,NORMAL
4653,3682,complete,2023-07-30 03:35:56.000000,2023-07-30 17:15:56.000000,408.55,408.55,4,MATCHED,NORMAL
19198,15337,complete,2026-03-12 19:32:08.000000,2026-03-14 01:09:08.000000,18.9,18.9,1,MATCHED,NORMAL
17257,13723,complete,2025-10-10 16:12:55.000000,2025-10-12 21:38:55.000000,18.95,18.95,1,MATCHED,NORMAL
111560,89357,cancelled,2025-08-22 17:43:16.000000,,0.0,18.99,1,MATCHED,SHIPPING_PENDING
100269,80432,shipped,2022-05-12 15:30:33.000000,2022-05-13 22:53:33.000000,18.99,18.99,1,MATCHED,NORMAL
21566,17228,shipped,2025-12-12 03:36:37.000000,2025-12-15 00:04:37.000000,19.95,19.95,1,MATCHED,NORMAL
70744,56571,shipped,2023-05-06 11:19:56.000000,2023-05-07 20:04:56.000000,324.43,324.43,4,MATCHED,NORMAL
123455,98857,shipped,2023-01-30 13:50:55.000000,2023-01-30 18:50:55.000000,48.0,48.0,2,MATCHED,NORMAL
80035,63977,cancelled,2020-11-24 20:02:26.000000,,0.0,19.99,1,MATCHED,SHIPPING_PENDING
4020,3202,complete,2024-12-14 03:38:47.000000,2024-12-14 06:51:47.000000,19.99,19.99,1,MATCHED,NORMAL
78274,62579,complete,2025-10-31 04:26:59.000000,2025-11-03 00:09:59.000000,139.24,139.24,4,MATCHED,POTENTIAL CUT-OFF RISK
16617,13237,returned,2021-06-01 07:02:39.000000,2021-06-04 00:40:39.000000,123.98,123.98,4,MATCHED,NORMAL
73202,58551,returned,2025-11-01 17:24:03.000000,2025-11-01 23:35:03.000000,19.99,19.99,1,MATCHED,NORMAL
73424,58728,returned,2021-08-03 18:45:06.000000,2021-08-05 00:39:06.000000,283.9,283.9,4,MATCHED,NORMAL
123346,98769,returned,2021-11-02 23:29:27.000000,2021-11-05 16:00:27.000000,57.99,57.99,2,MATCHED,NORMAL
67094,53661,complete,2025-09-19 02:47:27.000000,2025-09-21 08:20:27.000000,49.33,49.33,2,MATCHED,NORMAL
82300,65865,processing,2024-12-25 00:02:31.000000,,0.0,50.99,2,MATCHED,SHIPPING_PENDING
89275,71437,processing,2026-02-09 04:06:30.000000,,0.0,158.99,3,MATCHED,SHIPPING_PENDING
98825,79230,cancelled,2025-03-24 03:58:40.000000,,0.0,21.0,1,MATCHED,SHIPPING_PENDING
66349,53048,shipped,2025-08-15 15:38:32.000000,2025-08-17 19:06:32.000000,133.24,133.24,3,MATCHED,NORMAL
73440,58739,shipped,2023-10-02 03:18:52.000000,2023-10-04 12:50:52.000000,92.19,92.19,2,MATCHED,NORMAL
42617,34008,complete,2024-12-06 20:36:45.000000,2024-12-09 07:52:45.000000,21.99,21.99,1,MATCHED,NORMAL
48851,38998,processing,2025-07-17 02:27:03.000000,,0.0,110.99,2,MATCHED,SHIPPING_PENDING
58968,47107,shipped,2024-10-26 17:37:16.000000,2024-10-29 10:11:16.000000,130.99,130.99,3,MATCHED,NORMAL
73476,58771,shipped,2026-04-04 16:15:36.000000,2026-04-04 21:35:36.000000,101.98,101.98,2,MATCHED,NORMAL
26726,21357,processing,2025-04-29 00:19:04.000000,,0.0,137.56,4,MATCHED,SHIPPING_PENDING
99737,80003,processing,2024-07-24 21:53:02.000000,,0.0,179.58,4,MATCHED,SHIPPING_PENDING
50003,39938,processing,2019-10-18 09:12:40.000000,,0.0,46.45,2,MATCHED,SHIPPING_PENDING
91955,73636,cancelled,2024-11-28 22:44:25.000000,,0.0,85.49,2,MATCHED,SHIPPING_PENDING
97068,77800,cancelled,2026-02-19 21:12:30.000000,,0.0,63.1,2,MATCHED,SHIPPING_PENDING
109499,87728,processing,2025-11-04 07:50:05.000000,,0.0,324.92,4,MATCHED,SHIPPING_PENDING
20712,16553,complete,2024-10-01 14:16:04.000000,2024-10-04 13:20:04.000000,49.95,49.95,2,MATCHED,NORMAL
29180,23323,processing,2026-04-13 13:12:24.000000,,0.0,315.56,4,MATCHED,SHIPPING_PENDING
36085,28794,returned,2026-01-12 05:05:19.000000,2026-01-13 17:54:19.000000,22.99,22.99,1,MATCHED,NORMAL
55063,43986,shipped,2025-06-07 04:15:12.000000,2025-06-07 23:00:12.000000,82.98,82.98,2,MATCHED,NORMAL
115028,92096,shipped,2026-06-09 00:30:04.000000,2026-06-11 04:44:04.000000,22.99,22.99,1,MATCHED,NORMAL
122976,98464,shipped,2025-11-06 16:12:13.000000,2025-11-07 00:15:13.000000,23.0,23.0,1,MATCHED,NORMAL
124452,99646,shipped,2021-12-11 19:51:01.000000,2021-12-14 03:40:01.000000,211.45,211.45,4,MATCHED,NORMAL
38659,30870,returned,2025-11-18 23:43:19.000000,2025-11-20 18:24:19.000000,173.03,173.03,2,MATCHED,NORMAL
120716,96627,processing,2025-03-19 00:11:57.000000,,0.0,23.05,1,MATCHED,SHIPPING_PENDING
70953,56747,complete,2022-02-19 07:06:35.000000,2022-02-22 03:57:35.000000,48.99,48.99,2,MATCHED,NORMAL
103915,83304,returned,2023-03-20 01:12:52.000000,2023-03-22 01:37:52.000000,57.74,57.74,2,MATCHED,NORMAL
32314,25797,cancelled,2025-09-19 00:48:55.000000,,0.0,368.99,3,MATCHED,SHIPPING_PENDING
61873,49411,complete,2020-12-18 14:28:31.000000,2020-12-18 20:30:31.000000,24.0,24.0,1,MATCHED,NORMAL
98131,78677,processing,2022-04-25 10:12:09.000000,,0.0,126.35,3,MATCHED,SHIPPING_PENDING
91537,73282,shipped,2026-04-01 21:21:07.000000,2026-04-04 02:19:07.000000,51.0,51.0,2,MATCHED,NORMAL
8936,7133,complete,2025-06-13 01:36:33.000000,2025-06-14 23:45:33.000000,108.49,108.49,3,MATCHED,NORMAL
29876,23870,shipped,2025-10-28 21:31:52.000000,2025-10-30 21:36:52.000000,144.43,144.43,3,MATCHED,NORMAL
30484,24336,shipped,2025-08-21 12:12:45.000000,2025-08-22 07:27:45.000000,24.74,24.74,1,MATCHED,NORMAL
67686,54150,processing,2020-04-09 22:22:27.000000,,0.0,114.94,2,MATCHED,SHIPPING_PENDING
50685,40502,processing,2024-07-15 05:13:03.000000,,0.0,334.82,4,MATCHED,SHIPPING_PENDING
87656,70146,processing,2025-11-18 20:44:37.000000,,0.0,77.99,2,MATCHED,SHIPPING_PENDING
98398,78895,returned,2022-06-21 15:48:19.000000,2022-06-22 05:55:19.000000,24.99,24.99,1,MATCHED,NORMAL
1448,1137,shipped,2026-01-19 02:38:05.000000,2026-01-21 21:15:05.000000,62.83,62.83,2,MATCHED,NORMAL
17456,13898,shipped,2025-12-10 17:43:10.000000,2025-12-11 11:57:10.000000,164.98,164.98,2,MATCHED,NORMAL
120457,96417,shipped,2024-08-19 15:16:46.000000,2024-08-19 21:27:46.000000,56.96,56.96,2,MATCHED,NORMAL
118387,94788,cancelled,2026-04-02 02:21:10.000000,,0.0,112.98,4,MATCHED,SHIPPING_PENDING
12296,9800,complete,2023-11-01 12:34:55.000000,2023-11-03 20:01:55.000000,256.58,256.58,4,MATCHED,NORMAL
38319,30584,complete,2025-05-10 19:59:50.000000,2025-05-13 02:59:50.000000,189.94,189.94,3,MATCHED,NORMAL
62254,49728,complete,2023-01-06 14:34:39.000000,2023-01-07 04:04:39.000000,25.0,25.0,1,MATCHED,NORMAL
63784,50971,complete,2026-05-07 03:39:49.000000,2026-05-08 23:04:49.000000,89.98,89.98,3,MATCHED,NORMAL
68307,54662,complete,2024-04-22 13:41:56.000000,2024-04-22 15:58:56.000000,195.0,195.0,3,MATCHED,NORMAL
72593,58048,complete,2023-01-25 15:36:05.000000,2023-01-28 04:03:05.000000,25.0,25.0,1,MATCHED,NORMAL
17819,14189,processing,2026-06-15 00:23:55.719322,,0.0,134.44,4,MATCHED,SHIPPING_PENDING
57906,46277,returned,2026-05-10 12:17:56.000000,2026-05-12 06:37:56.000000,25.0,25.0,1,MATCHED,NORMAL
7466,5964,shipped,2024-04-30 11:39:32.000000,2024-05-01 17:39:32.000000,69.99,69.99,2,MATCHED,POTENTIAL CUT-OFF RISK
78429,62699,shipped,2025-06-04 14:28:35.000000,2025-06-07 07:25:35.000000,70.0,70.0,2,MATCHED,NORMAL
90699,72583,shipped,2025-11-02 11:53:01.000000,2025-11-04 20:36:01.000000,261.0,261.0,3,MATCHED,NORMAL
93404,74854,shipped,2026-04-24 19:49:00.000000,2026-04-26 23:30:00.000000,164.95,164.95,4,MATCHED,NORMAL
110819,88754,shipped,2023-10-02 06:57:11.000000,2023-10-03 19:20:11.000000,191.37,191.37,4,MATCHED,NORMAL
124566,99728,shipped,2021-03-21 11:17:29.000000,2021-03-22 11:19:29.000000,25.0,25.0,1,MATCHED,NORMAL
77960,62323,complete,2023-11-19 04:23:50.000000,2023-11-21 14:11:50.000000,25.48,25.48,1,MATCHED,NORMAL
8884,7093,shipped,2025-05-06 09:10:59.000000,2025-05-08 06:49:59.000000,71.5,71.5,2,MATCHED,NORMAL
72770,58202,complete,2024-09-15 20:12:01.000000,2024-09-16 00:33:01.000000,85.99,85.99,2,MATCHED,NORMAL
1872,1500,processing,2026-02-26 23:44:57.000000,,0.0,160.98,4,MATCHED,SHIPPING_PENDING
45451,36281,complete,2022-10-31 13:57:09.000000,2022-11-02 03:54:09.000000,27.0,27.0,1,MATCHED,POTENTIAL CUT-OFF RISK
73927,59130,complete,2023-02-11 22:24:20.000000,2023-02-14 19:08:20.000000,102.6,102.6,2,MATCHED,NORMAL
30402,24274,shipped,2024-11-29 16:22:03.000000,2024-12-01 08:00:03.000000,27.0,27.0,1,MATCHED,POTENTIAL CUT-OFF RISK
79093,63221,complete,2023-07-27 04:17:19.000000,2023-07-29 19:06:19.000000,62.15,62.15,2,MATCHED,NORMAL
100864,80868,processing,2026-01-19 06:41:26.000000,,0.0,127.2,2,MATCHED,SHIPPING_PENDING
39842,31820,returned,2026-01-08 06:42:09.000000,2026-01-08 13:26:09.000000,27.98,27.98,1,MATCHED,NORMAL
37354,29833,shipped,2026-06-16 03:15:50.417570,2026-06-16 09:19:50.417570,237.77,237.77,4,MATCHED,NORMAL
45207,36076,shipped,2025-07-15 21:18:48.000000,2025-07-18 15:44:48.000000,27.99,27.99,1,MATCHED,NORMAL
89941,71971,shipped,2025-01-24 10:58:54.000000,2025-01-24 20:33:54.000000,28.0,28.0,1,MATCHED,NORMAL
117480,94073,shipped,2021-06-18 12:09:42.000000,2021-06-20 16:37:42.000000,77.5,77.5,2,MATCHED,NORMAL
87738,70217,shipped,2026-01-28 20:06:27.000000,2026-01-30 19:34:27.000000,578.49,578.49,4,MATCHED,NORMAL
96802,77610,shipped,2025-05-29 17:14:21.000000,2025-05-31 10:11:21.000000,29.18,29.18,1,MATCHED,NORMAL
30012,23967,shipped,2026-06-15 02:03:37.757833,2026-06-18 01:29:37.757833,384.4,384.4,3,MATCHED,NORMAL
94267,75558,processing,2026-05-05 14:33:56.000000,,0.0,69.33,2,MATCHED,SHIPPING_PENDING
56534,45167,shipped,2024-08-24 00:41:04.000000,2024-08-24 06:38:04.000000,245.47,245.47,4,MATCHED,NORMAL
21078,16856,cancelled,2024-03-01 18:08:44.000000,,0.0,135.16,2,MATCHED,SHIPPING_PENDING
100873,80872,complete,2021-08-08 12:18:15.000000,2021-08-10 09:11:15.000000,69.88,69.88,2,MATCHED,NORMAL
10186,8125,returned,2024-01-13 11:08:51.000000,2024-01-16 10:15:51.000000,59.94,59.94,2,MATCHED,NORMAL
36667,29257,cancelled,2026-01-30 21:43:43.000000,,0.0,29.99,1,MATCHED,SHIPPING_PENDING
73284,58624,processing,2025-11-12 12:01:44.000000,,0.0,29.99,1,MATCHED,SHIPPING_PENDING
95367,76433,processing,2023-05-08 10:47:46.000000,,0.0,69.44,2,MATCHED,SHIPPING_PENDING
26968,21555,shipped,2026-06-10 05:13:30.000000,2026-06-11 07:54:30.000000,79.98,79.98,2,MATCHED,NORMAL
76077,60841,processing,2024-06-09 03:09:56.000000,,0.0,30.0,1,MATCHED,SHIPPING_PENDING
62062,49583,processing,2025-03-20 04:26:10.000000,,0.0,200.2,4,MATCHED,SHIPPING_PENDING
37893,30248,processing,2025-11-18 05:02:37.000000,,0.0,30.4,1,MATCHED,SHIPPING_PENDING
103587,83056,complete,2023-04-18 22:00:30.000000,2023-04-19 11:50:30.000000,250.79,250.79,4,MATCHED,NORMAL
106946,85697,processing,2025-12-02 13:59:08.000000,,0.0,31.97,1,MATCHED,SHIPPING_PENDING
23271,18590,complete,2025-10-29 04:43:47.000000,2025-10-31 02:03:47.000000,31.99,31.99,1,MATCHED,NORMAL
97852,78441,shipped,2026-03-26 16:43:03.000000,2026-03-27 21:01:03.000000,31.99,31.99,1,MATCHED,NORMAL
76735,61352,processing,2021-10-04 20:14:34.000000,,0.0,32.0,1,MATCHED,SHIPPING_PENDING
27872,22276,returned,2025-05-27 22:42:20.000000,2025-05-30 04:31:20.000000,1305.0,1305.0,4,MATCHED,NORMAL
47024,37567,shipped,2024-12-28 19:56:47.000000,2024-12-29 21:12:47.000000,232.99,232.99,4,MATCHED,NORMAL
73670,58923,shipped,2025-02-11 20:51:22.000000,2025-02-14 01:17:22.000000,70.0,70.0,2,MATCHED,NORMAL
33486,26711,cancelled,2024-12-07 14:16:01.000000,,0.0,32.5,1,MATCHED,SHIPPING_PENDING
67132,53689,complete,2024-12-23 20:43:18.000000,2024-12-24 09:55:18.000000,32.51,32.51,1,MATCHED,NORMAL
32791,26191,cancelled,2025-10-15 16:32:54.000000,,0.0,405.97,3,MATCHED,SHIPPING_PENDING
85528,68446,cancelled,2026-02-10 10:34:24.000000,,0.0,67.99,2,MATCHED,SHIPPING_PENDING
83206,66581,complete,2024-08-18 00:45:09.000000,2024-08-20 08:05:09.000000,68.73,68.73,2,MATCHED,NORMAL
88929,71167,complete,2026-02-04 15:28:32.000000,2026-02-07 02:01:32.000000,74.59,74.59,2,MATCHED,NORMAL
10577,8415,complete,2025-01-07 17:49:27.000000,2025-01-09 00:40:27.000000,167.95,167.95,2,MATCHED,NORMAL
46269,36968,processing,2026-02-21 01:08:04.000000,,0.0,123.47,2,MATCHED,SHIPPING_PENDING
116893,93584,shipped,2022-04-02 07:58:35.000000,2022-04-03 07:01:35.000000,92.0,92.0,2,MATCHED,NORMAL
55271,44158,complete,2024-07-19 00:11:00.000000,2024-07-19 16:03:00.000000,34.5,34.5,1,MATCHED,NORMAL
65661,52446,complete,2025-01-27 11:08:23.000000,2025-01-30 09:05:23.000000,34.5,34.5,1,MATCHED,NORMAL
11605,9222,complete,2023-01-13 21:01:18.000000,2023-01-15 02:38:18.000000,76.9,76.9,2,MATCHED,NORMAL
99059,79431,cancelled,2022-09-01 19:24:53.000000,,0.0,34.95,1,MATCHED,SHIPPING_PENDING
78999,63139,cancelled,2025-07-24 00:13:20.000000,,0.0,161.98,3,MATCHED,SHIPPING_PENDING
121600,97345,cancelled,2023-02-18 05:07:58.000000,,0.0,265.76,4,MATCHED,SHIPPING_PENDING
79595,63618,processing,2024-11-28 05:56:49.000000,,0.0,35.0,1,MATCHED,SHIPPING_PENDING
84450,67571,processing,2026-06-15 20:06:53.149732,,0.0,288.98,4,MATCHED,SHIPPING_PENDING
23015,18384,complete,2025-11-06 21:09:41.000000,2025-11-09 04:35:41.000000,35.73,35.73,1,MATCHED,NORMAL
86433,69208,shipped,2026-04-05 21:54:41.000000,2026-04-06 16:42:41.000000,35.73,35.73,1,MATCHED,NORMAL
5072,4020,cancelled,2024-10-22 11:23:54.000000,,0.0,36.0,1,MATCHED,SHIPPING_PENDING
57132,45680,shipped,2025-10-24 20:31:59.000000,2025-10-26 02:06:59.000000,370.22,370.22,4,MATCHED,NORMAL
13917,11074,complete,2023-04-05 00:31:58.000000,2023-04-07 09:51:58.000000,272.65,272.65,4,MATCHED,NORMAL
56977,45551,shipped,2025-05-25 23:41:04.000000,2025-05-28 16:24:04.000000,510.0,510.0,4,MATCHED,NORMAL
29898,23883,complete,2026-06-15 14:47:56.000000,2026-06-15 19:28:56.000000,105.5,105.5,2,MATCHED,NORMAL
80968,64763,processing,2020-10-19 07:35:02.000000,,0.0,38.0,1,MATCHED,SHIPPING_PENDING
61213,48894,complete,2023-12-11 08:18:22.000000,2023-12-12 20:00:22.000000,86.12,86.12,2,MATCHED,NORMAL
48105,38438,complete,2024-06-02 18:55:10.000000,2024-06-04 18:41:10.000000,39.0,39.0,1,MATCHED,NORMAL
79041,63163,shipped,2024-01-31 01:48:44.000000,2024-02-01 14:47:44.000000,39.45,39.45,1,MATCHED,POTENTIAL CUT-OFF RISK
42477,33896,processing,2021-08-21 05:05:19.000000,,0.0,39.6,1,MATCHED,SHIPPING_PENDING
116878,93573,complete,2025-09-03 02:35:26.000000,2025-09-04 21:33:26.000000,39.99,39.99,1,MATCHED,NORMAL
32990,26318,processing,2026-05-23 13:49:25.000000,,0.0,542.99,4,MATCHED,SHIPPING_PENDING
35280,28167,processing,2023-01-22 11:06:46.000000,,0.0,39.99,1,MATCHED,SHIPPING_PENDING
68720,54984,shipped,2025-06-05 00:34:57.000000,2025-06-05 15:55:57.000000,39.99,39.99,1,MATCHED,NORMAL
36640,29240,cancelled,2023-07-15 08:42:18.000000,,0.0,185.27,4,MATCHED,SHIPPING_PENDING
66981,53570,returned,2026-05-03 00:45:26.000000,2026-05-04 05:06:26.000000,40.6,40.6,1,MATCHED,NORMAL
86242,69050,complete,2023-12-09 09:02:07.000000,2023-12-11 20:03:07.000000,41.8,41.8,1,MATCHED,NORMAL
53621,42828,complete,2026-05-23 04:30:33.000000,2026-05-26 01:36:33.000000,42.0,42.0,1,MATCHED,NORMAL
76356,61048,cancelled,2023-11-19 11:32:06.000000,,0.0,42.99,1,MATCHED,SHIPPING_PENDING
50606,40444,cancelled,2021-12-29 01:18:25.000000,,0.0,241.2,2,MATCHED,SHIPPING_PENDING
75127,60076,returned,2025-10-05 07:30:05.000000,2025-10-05 11:11:05.000000,103.53,103.53,2,MATCHED,NORMAL
50564,40410,complete,2025-10-14 11:15:13.000000,2025-10-17 07:48:13.000000,97.99,97.99,2,MATCHED,NORMAL
95000,76145,cancelled,2025-10-19 18:43:58.000000,,0.0,44.0,1,MATCHED,SHIPPING_PENDING
39820,31798,complete,2025-02-18 11:16:56.000000,2025-02-19 04:12:56.000000,240.18,240.18,2,MATCHED,NORMAL
94603,75826,processing,2024-12-16 00:56:21.000000,,0.0,98.0,2,MATCHED,SHIPPING_PENDING
24045,19213,complete,2024-09-07 03:36:36.000000,2024-09-08 02:55:36.000000,100.51,100.51,2,MATCHED,NORMAL
17863,14227,processing,2024-09-06 02:22:16.000000,,0.0,44.99,1,MATCHED,SHIPPING_PENDING
48070,38401,processing,2022-08-12 03:26:46.000000,,0.0,136.09,2,MATCHED,SHIPPING_PENDING
53238,42504,returned,2022-08-31 17:44:11.000000,2022-09-01 13:57:11.000000,45.0,45.0,1,MATCHED,POTENTIAL CUT-OFF RISK
54492,43514,returned,2022-04-18 11:04:06.000000,2022-04-20 23:41:06.000000,45.0,45.0,1,MATCHED,NORMAL
2531,2025,cancelled,2024-07-23 05:24:26.000000,,0.0,123.99,2,MATCHED,SHIPPING_PENDING
32783,26185,returned,2024-11-20 04:30:11.000000,2024-11-21 17:11:11.000000,46.0,46.0,1,MATCHED,NORMAL
13903,11065,complete,2024-05-11 19:50:30.000000,2024-05-14 10:08:30.000000,104.49,104.49,2,MATCHED,NORMAL
67864,54310,processing,2023-11-01 13:15:42.000000,,0.0,244.5,2,MATCHED,SHIPPING_PENDING
107750,86338,returned,2023-01-26 12:08:18.000000,2023-01-27 12:49:18.000000,46.5,46.5,1,MATCHED,NORMAL
92908,74434,returned,2024-04-01 22:40:40.000000,2024-04-03 00:52:40.000000,46.99,46.99,1,MATCHED,NORMAL
105489,84560,cancelled,2025-09-01 04:15:19.000000,,0.0,146.08,2,MATCHED,SHIPPING_PENDING
82649,66124,complete,2026-05-18 16:00:30.000000,2026-05-20 14:35:30.000000,295.1,295.1,3,MATCHED,NORMAL
66590,53252,processing,2026-03-03 04:10:23.000000,,0.0,48.0,1,MATCHED,SHIPPING_PENDING
60120,48008,shipped,2024-09-01 02:47:48.000000,2024-09-02 18:52:48.000000,137.0,137.0,2,MATCHED,NORMAL
13275,10537,shipped,2025-01-28 17:34:59.000000,2025-01-30 01:59:59.000000,245.48,245.48,4,MATCHED,NORMAL
30276,24178,complete,2024-08-28 09:23:48.000000,2024-08-30 21:20:48.000000,48.95,48.95,1,MATCHED,NORMAL
20741,16571,shipped,2026-06-12 06:02:47.750686,2026-06-13 03:47:47.750686,148.99,148.99,2,MATCHED,NORMAL
84423,67549,complete,2025-07-03 00:05:15.000000,2025-07-04 18:07:15.000000,134.5,134.5,2,MATCHED,NORMAL
15316,12214,processing,2020-07-22 20:52:30.000000,,0.0,49.5,1,MATCHED,SHIPPING_PENDING
10295,8199,shipped,2026-06-10 07:22:26.000000,2026-06-11 15:18:26.000000,119.49,119.49,2,MATCHED,NORMAL
25249,20151,shipped,2024-01-01 04:00:00.000000,2024-01-01 17:25:00.000000,49.5,49.5,1,MATCHED,NORMAL
76635,61274,shipped,2026-03-20 14:16:44.000000,2026-03-21 23:54:44.000000,138.5,138.5,2,MATCHED,NORMAL
114298,91536,shipped,2023-11-14 12:10:36.000000,2023-11-16 22:33:36.000000,129.0,129.0,2,MATCHED,NORMAL
63122,50435,cancelled,2026-03-08 22:23:20.000000,,0.0,49.95,1,MATCHED,SHIPPING_PENDING
96874,77657,returned,2022-05-12 22:03:47.000000,2022-05-15 14:55:47.000000,49.95,49.95,1,MATCHED,NORMAL
104437,83701,cancelled,2024-05-20 09:18:04.000000,,0.0,49.99,1,MATCHED,SHIPPING_PENDING
30463,24323,processing,2023-05-18 18:57:00.000000,,0.0,49.99,1,MATCHED,SHIPPING_PENDING
37309,29798,processing,2025-07-02 09:22:05.000000,,0.0,49.99,1,MATCHED,SHIPPING_PENDING
97755,78363,returned,2026-02-23 05:42:27.000000,2026-02-25 11:10:27.000000,108.98,108.98,2,MATCHED,NORMAL
30360,24247,shipped,2025-10-25 20:12:21.000000,2025-10-26 03:09:21.000000,49.99,49.99,1,MATCHED,NORMAL
86047,68895,shipped,2026-02-04 20:32:54.000000,2026-02-06 05:25:54.000000,112.99,112.99,2,MATCHED,NORMAL
88075,70462,shipped,2024-08-26 12:24:27.000000,2024-08-29 08:38:27.000000,49.99,49.99,1,MATCHED,NORMAL
85635,68537,processing,2024-01-16 16:13:49.000000,,0.0,50.0,1,MATCHED,SHIPPING_PENDING
65332,52178,shipped,2022-05-30 21:39:55.000000,2022-06-02 02:52:55.000000,50.0,50.0,1,MATCHED,POTENTIAL CUT-OFF RISK
101847,81648,shipped,2025-03-31 18:29:56.000000,2025-04-01 11:37:56.000000,50.0,50.0,1,MATCHED,POTENTIAL CUT-OFF RISK
51891,41424,cancelled,2025-11-05 01:33:52.000000,,0.0,160.0,2,MATCHED,SHIPPING_PENDING
120599,96534,shipped,2026-02-09 20:05:40.000000,2026-02-11 17:11:40.000000,138.74,138.74,2,MATCHED,NORMAL
66850,53452,returned,2026-01-08 22:22:20.000000,2026-01-09 09:47:20.000000,53.0,53.0,1,MATCHED,NORMAL
2315,1840,shipped,2025-08-21 13:45:30.000000,2025-08-22 09:07:30.000000,122.5,122.5,2,MATCHED,NORMAL
72080,57640,shipped,2024-06-15 01:27:40.000000,2024-06-15 13:48:40.000000,172.99,172.99,2,MATCHED,NORMAL
61442,49089,cancelled,2021-08-28 12:19:27.000000,,0.0,54.0,1,MATCHED,SHIPPING_PENDING
91933,73619,complete,2026-06-12 16:43:18.407698,2026-06-14 22:39:18.407698,54.0,54.0,1,MATCHED,NORMAL
71476,57166,complete,2025-05-23 00:29:44.000000,2025-05-23 02:35:44.000000,142.5,142.5,2,MATCHED,NORMAL
72253,57780,processing,2025-02-01 11:48:28.000000,,0.0,54.5,1,MATCHED,SHIPPING_PENDING
73646,58904,processing,2023-08-11 16:46:36.000000,,0.0,54.5,1,MATCHED,SHIPPING_PENDING
65540,52344,returned,2026-06-05 02:30:22.000000,2026-06-05 12:30:22.000000,55.0,55.0,1,MATCHED,NORMAL
122392,97992,shipped,2024-04-19 13:27:04.000000,2024-04-20 16:04:04.000000,55.0,55.0,1,MATCHED,NORMAL
67734,54202,processing,2026-06-14 07:23:29.489053,,0.0,55.38,1,MATCHED,SHIPPING_PENDING
27715,22164,cancelled,2020-06-26 18:13:01.000000,,0.0,57.0,1,MATCHED,SHIPPING_PENDING
102673,82328,complete,2024-10-07 07:28:31.000000,2024-10-08 17:30:31.000000,57.19,57.19,1,MATCHED,NORMAL
21933,17505,complete,2024-05-29 08:59:21.000000,2024-05-29 20:50:21.000000,58.0,58.0,1,MATCHED,NORMAL
98400,78899,complete,2023-07-16 23:41:28.000000,2023-07-19 10:43:28.000000,154.0,154.0,2,MATCHED,NORMAL
118141,94584,processing,2026-06-01 17:43:11.000000,,0.0,127.0,2,MATCHED,SHIPPING_PENDING
108469,86874,complete,2022-10-08 05:10:03.000000,2022-10-09 06:31:03.000000,58.5,58.5,1,MATCHED,NORMAL
109396,87643,processing,2024-09-28 09:37:26.000000,,0.0,58.5,1,MATCHED,SHIPPING_PENDING
55273,44160,complete,2022-06-30 00:57:58.000000,2022-06-30 21:06:58.000000,58.97,58.97,1,MATCHED,NORMAL
4339,3442,shipped,2024-11-20 01:44:28.000000,2024-11-22 00:05:28.000000,58.99,58.99,1,MATCHED,NORMAL
91800,73505,complete,2024-06-09 16:51:25.000000,2024-06-11 09:52:25.000000,59.0,59.0,1,MATCHED,NORMAL
29820,23828,shipped,2026-03-31 09:22:33.000000,2026-04-03 05:50:33.000000,59.0,59.0,1,MATCHED,POTENTIAL CUT-OFF RISK
94450,75707,shipped,2025-05-05 08:14:37.000000,2025-05-06 11:35:37.000000,59.0,59.0,1,MATCHED,NORMAL
31374,25066,processing,2024-06-30 18:25:07.000000,,0.0,59.5,1,MATCHED,SHIPPING_PENDING
124485,99671,shipped,2023-04-22 07:50:39.000000,2023-04-23 19:09:39.000000,324.41,324.41,3,MATCHED,NORMAL
52927,42241,shipped,2026-05-31 05:48:32.000000,2026-06-01 17:07:32.000000,60.99,60.99,1,MATCHED,POTENTIAL CUT-OFF RISK
31018,24767,returned,2026-05-29 13:35:37.000000,2026-05-29 19:10:37.000000,152.49,152.49,2,MATCHED,NORMAL
40214,32113,complete,2020-01-15 21:15:20.000000,2020-01-16 20:42:20.000000,63.99,63.99,1,MATCHED,NORMAL
23463,18729,complete,2026-06-05 07:30:40.000000,2026-06-06 18:27:40.000000,64.95,64.95,1,MATCHED,NORMAL
3081,2468,returned,2026-01-15 16:07:32.000000,2026-01-18 04:18:32.000000,64.99,64.99,1,MATCHED,NORMAL
24470,19537,shipped,2022-10-22 11:29:41.000000,2022-10-23 22:51:41.000000,345.0,345.0,2,MATCHED,NORMAL
64112,51224,shipped,2026-06-03 01:52:53.000000,2026-06-05 23:10:53.000000,216.5,216.5,2,MATCHED,NORMAL
58245,46550,returned,2023-09-16 01:50:52.000000,2023-09-18 07:48:52.000000,66.96,66.96,1,MATCHED,NORMAL
89945,71975,shipped,2023-09-21 06:57:17.000000,2023-09-22 18:22:17.000000,225.95,225.95,2,MATCHED,NORMAL
61387,49045,cancelled,2023-02-11 05:47:15.000000,,0.0,138.71,2,MATCHED,SHIPPING_PENDING
2857,2265,shipped,2020-02-09 00:29:55.000000,2020-02-09 01:51:55.000000,188.97,188.97,2,MATCHED,NORMAL
5059,4007,shipped,2026-01-12 02:46:29.000000,2026-01-13 14:04:29.000000,69.95,69.95,1,MATCHED,NORMAL
73556,58838,shipped,2023-05-26 05:31:57.000000,2023-05-27 08:05:57.000000,69.95,69.95,1,MATCHED,NORMAL
77619,62059,shipped,2024-07-05 00:09:39.000000,2024-07-05 21:50:39.000000,69.99,69.99,1,MATCHED,NORMAL
28006,22387,cancelled,2025-01-13 13:33:17.000000,,0.0,237.0,2,MATCHED,SHIPPING_PENDING
114874,91989,processing,2025-03-11 20:49:46.000000,,0.0,72.0,1,MATCHED,SHIPPING_PENDING
26058,20823,complete,2020-05-18 23:41:52.000000,2020-05-19 23:42:52.000000,79.0,79.0,1,MATCHED,NORMAL
112819,90319,complete,2026-06-15 07:49:49.811482,2026-06-16 08:03:49.811482,79.5,79.5,1,MATCHED,NORMAL
97615,78243,complete,2024-11-11 12:08:05.000000,2024-11-14 05:46:05.000000,79.95,79.95,1,MATCHED,NORMAL
43957,35070,cancelled,2022-09-07 16:17:24.000000,,0.0,84.0,1,MATCHED,SHIPPING_PENDING
8827,7060,shipped,2022-12-19 19:29:55.000000,2022-12-22 05:00:55.000000,84.12,84.12,1,MATCHED,NORMAL
37721,30111,shipped,2024-01-01 09:18:33.000000,2024-01-03 17:48:33.000000,85.0,85.0,1,MATCHED,NORMAL
56323,45001,shipped,2022-01-27 19:44:35.000000,2022-01-30 08:23:35.000000,265.0,265.0,2,MATCHED,NORMAL
65887,52655,complete,2024-02-12 02:13:36.000000,2024-02-12 10:49:36.000000,86.11,86.11,1,MATCHED,NORMAL
31758,25366,complete,2025-12-07 07:01:56.000000,2025-12-07 14:18:56.000000,278.0,278.0,2,MATCHED,NORMAL
91238,73039,returned,2025-05-07 23:59:28.000000,2025-05-08 20:14:28.000000,90.45,90.45,1,MATCHED,NORMAL
44868,35783,complete,2023-05-30 15:21:26.000000,2023-05-31 10:11:26.000000,94.0,94.0,1,MATCHED,NORMAL
109369,87626,cancelled,2021-11-29 00:40:54.000000,,0.0,896.71,4,MATCHED,SHIPPING_PENDING
18381,14633,complete,2023-03-08 22:24:54.000000,2023-03-09 01:03:54.000000,95.0,95.0,1,MATCHED,NORMAL
41791,33338,complete,2024-09-17 13:25:23.000000,2024-09-17 15:26:23.000000,97.95,97.95,1,MATCHED,NORMAL
48092,38425,processing,2024-05-02 21:37:26.000000,,0.0,98.0,1,MATCHED,SHIPPING_PENDING
25020,19988,shipped,2025-01-21 10:35:00.000000,2025-01-24 09:18:00.000000,292.0,292.0,2,MATCHED,NORMAL
45107,36003,shipped,2024-05-21 19:27:02.000000,2024-05-22 05:50:02.000000,98.0,98.0,1,MATCHED,NORMAL
76538,61195,shipped,2023-09-03 01:46:31.000000,2023-09-03 04:52:31.000000,277.85,277.85,2,MATCHED,NORMAL
124829,99940,complete,2026-06-15 18:40:09.000000,2026-06-15 20:46:09.000000,99.0,99.0,1,MATCHED,NORMAL
26849,21448,shipped,2023-11-06 05:44:32.000000,2023-11-06 23:18:32.000000,379.0,379.0,2,MATCHED,NORMAL
56275,44960,shipped,2025-12-05 06:42:44.000000,2025-12-06 06:58:44.000000,99.0,99.0,1,MATCHED,NORMAL
87298,69871,shipped,2026-02-08 06:59:47.000000,2026-02-08 23:20:47.000000,240.62,240.62,2,MATCHED,NORMAL
97914,78497,shipped,2026-03-28 08:13:21.000000,2026-03-28 17:14:21.000000,99.0,99.0,1,MATCHED,NORMAL
100854,80860,complete,2023-08-02 09:41:15.000000,2023-08-03 16:11:15.000000,99.99,99.99,1,MATCHED,NORMAL
20629,16492,shipped,2024-07-10 23:43:05.000000,2024-07-13 07:49:05.000000,104.5,104.5,1,MATCHED,NORMAL
8320,6649,returned,2023-01-31 04:15:47.000000,2023-01-31 05:17:47.000000,105.56,105.56,1,MATCHED,NORMAL
92673,74237,cancelled,2026-04-16 16:42:08.000000,,0.0,106.0,1,MATCHED,SHIPPING_PENDING
103972,83343,cancelled,2025-07-05 02:12:13.000000,,0.0,252.77,2,MATCHED,SHIPPING_PENDING
83988,67216,shipped,2022-12-25 14:25:32.000000,2022-12-27 06:56:32.000000,110.0,110.0,1,MATCHED,NORMAL
71311,57036,complete,2025-05-18 21:26:37.000000,2025-05-20 23:33:37.000000,124.99,124.99,1,MATCHED,NORMAL
113578,90920,shipped,2024-06-28 15:56:06.000000,2024-06-29 08:07:06.000000,128.0,128.0,1,MATCHED,NORMAL
22486,17948,complete,2024-05-09 14:51:39.000000,2024-05-12 10:56:39.000000,140.0,140.0,1,MATCHED,NORMAL
90476,72405,shipped,2025-06-14 01:50:34.000000,2025-06-16 14:33:34.000000,148.0,148.0,1,MATCHED,NORMAL
106506,85364,complete,2022-07-01 01:39:18.000000,2022-07-01 17:25:18.000000,148.58,148.58,1,MATCHED,NORMAL
91511,73268,complete,2025-01-15 11:27:43.000000,2025-01-17 19:28:43.000000,150.0,150.0,1,MATCHED,NORMAL
19081,15234,complete,2026-05-10 04:28:20.000000,2026-05-11 10:21:20.000000,159.99,159.99,1,MATCHED,NORMAL
105602,84656,complete,2025-11-29 00:35:29.000000,2025-12-01 01:23:29.000000,170.0,170.0,1,MATCHED,POTENTIAL CUT-OFF RISK
84221,67404,shipped,2022-10-29 01:19:32.000000,2022-10-30 01:19:32.000000,170.98,170.98,1,MATCHED,NORMAL
28496,22779,cancelled,2026-04-11 11:29:56.000000,,0.0,178.0,1,MATCHED,SHIPPING_PENDING
38403,30655,processing,2026-05-26 09:22:40.000000,,0.0,178.0,1,MATCHED,SHIPPING_PENDING
83961,67196,shipped,2024-03-13 23:23:16.000000,2024-03-15 02:31:16.000000,178.0,178.0,1,MATCHED,NORMAL
65728,52501,complete,2025-09-05 07:13:15.000000,2025-09-06 11:38:15.000000,179.0,179.0,1,MATCHED,NORMAL
79165,63273,complete,2025-07-26 02:51:55.000000,2025-07-26 04:22:55.000000,179.99,179.99,1,MATCHED,NORMAL
25837,20639,complete,2026-06-03 05:49:55.000000,2026-06-03 10:35:55.000000,185.0,185.0,1,MATCHED,NORMAL
87010,69649,processing,2025-09-29 03:33:28.000000,,0.0,185.0,1,MATCHED,SHIPPING_PENDING
14912,11899,shipped,2026-05-22 18:36:17.000000,2026-05-25 02:42:17.000000,185.0,185.0,1,MATCHED,NORMAL
34509,27554,complete,2026-02-09 19:46:02.000000,2026-02-10 17:55:02.000000,189.0,189.0,1,MATCHED,NORMAL
5668,4484,processing,2026-01-30 08:57:54.000000,,0.0,189.0,1,MATCHED,SHIPPING_PENDING
108151,86639,complete,2024-10-14 20:01:03.000000,2024-10-17 03:13:03.000000,209.99,209.99,1,MATCHED,NORMAL
112315,89934,shipped,2024-05-02 05:29:21.000000,2024-05-05 04:35:21.000000,209.99,209.99,1,MATCHED,NORMAL
100208,80384,cancelled,2026-05-18 20:33:29.000000,,0.0,229.0,1,MATCHED,SHIPPING_PENDING
37872,30236,shipped,2025-03-03 20:55:42.000000,2025-03-04 02:14:42.000000,714.0,714.0,2,MATCHED,NORMAL
76632,61271,processing,2024-04-21 15:10:46.000000,,0.0,265.99,1,MATCHED,SHIPPING_PENDING
67694,54161,returned,2023-10-06 01:22:28.000000,2023-10-08 20:53:28.000000,269.0,269.0,1,MATCHED,NORMAL
-4,11264,complete,2026-06-16 13:45:00.000000,2026-06-18 10:45:00.000000,388.0,388.0,3,MATCHED,NORMAL
-9,4020,complete,2026-06-16 11:40:00.000000,2026-06-17 12:40:00.000000,145.0,145.0,2,MATCHED,NORMAL
-23,41212,"complete,returned",2026-06-16 09:53:00.000000,2026-06-17 12:53:00.000000,320.0,320.0,2,MATCHED,NORMAL
-42,53977,complete,2026-06-16 13:25:00.000000,2026-06-17 23:25:00.000000,110.0,110.0,1,MATCHED,NORMAL
-135,34491,complete,2026-06-16 13:10:00.000000,2026-06-17 23:10:00.000000,181.0,181.0,1,MATCHED,NORMAL
-141,23519,returned,2026-06-16 12:27:00.000000,2026-06-17 21:27:00.000000,31.0,31.0,1,MATCHED,NORMAL
-144,33708,"complete,returned",2026-06-16 17:30:00.000000,2026-06-18 12:30:00.000000,169.0,169.0,2,MATCHED,NORMAL
-145,51765,"complete,returned",2026-06-16 09:20:00.000000,2026-06-17 09:20:00.000000,372.0,372.0,2,MATCHED,NORMAL
-163,51571,shipped,2026-06-16 17:27:00.000000,2026-06-18 00:27:00.000000,122.0,122.0,1,MATCHED,NORMAL
-166,5875,complete,2026-06-16 11:40:00.000000,2026-06-17 20:40:00.000000,165.0,165.0,1,MATCHED,NORMAL
-182,73300,"complete,returned",2026-06-16 13:45:00.000000,2026-06-18 06:45:00.000000,249.0,249.0,2,MATCHED,NORMAL
-183,36003,"complete,shipped",2026-06-16 14:24:00.000000,2026-06-18 01:24:00.000000,423.0,423.0,3,MATCHED,NORMAL
-189,5746,complete,2026-06-16 17:06:00.000000,2026-06-18 11:06:00.000000,184.0,184.0,2,MATCHED,NORMAL
-202,25450,complete,2026-06-16 10:29:00.000000,2026-06-17 13:29:00.000000,319.0,319.0,3,MATCHED,NORMAL
-238,84811,"complete,returned",2026-06-16 11:47:00.000000,2026-06-17 19:47:00.000000,158.0,158.0,2,MATCHED,NORMAL
-240,42613,complete,2026-06-16 17:45:00.000000,2026-06-18 03:45:00.000000,63.0,63.0,1,MATCHED,NORMAL
-249,32979,complete,2026-06-16 13:19:00.000000,2026-06-18 00:19:00.000000,254.0,254.0,3,MATCHED,NORMAL
-276,75677,complete,2026-06-16 14:14:00.000000,2026-06-17 16:14:00.000000,181.0,181.0,2,MATCHED,NORMAL
-280,7293,"complete,shipped",2026-06-16 11:17:00.000000,2026-06-17 23:17:00.000000,164.0,164.0,3,MATCHED,NORMAL
-291,86034,"complete,shipped",2026-06-16 10:17:00.000000,2026-06-17 20:17:00.000000,299.0,299.0,3,MATCHED,NORMAL
-295,90857,complete,2026-06-16 16:30:00.000000,2026-06-18 13:30:00.000000,69.0,69.0,1,MATCHED,NORMAL
-300,63468,shipped,2026-06-16 15:00:00.000000,2026-06-18 07:00:00.000000,128.0,128.0,1,MATCHED,NORMAL
85916,68781,processing,2026-03-25 18:30:30.000000,,0.0,2.95,1,MATCHED,SHIPPING_PENDING
22825,18231,returned,2024-10-14 19:02:32.000000,2024-10-16 21:31:32.000000,58.29,58.29,2,MATCHED,NORMAL
79091,63219,shipped,2026-04-18 00:06:25.000000,2026-04-20 07:22:25.000000,63.97,63.97,4,MATCHED,NORMAL
10725,8552,complete,2026-06-01 15:45:11.000000,2026-06-02 14:32:11.000000,194.38,194.38,4,MATCHED,NORMAL
85378,68317,returned,2022-10-05 17:04:00.000000,2022-10-06 19:12:00.000000,379.49,379.49,4,MATCHED,NORMAL
122635,98198,complete,2020-11-06 10:53:31.000000,2020-11-07 04:45:31.000000,45.9,45.9,3,MATCHED,NORMAL
105839,84837,complete,2022-05-12 02:30:45.000000,2022-05-12 18:43:45.000000,249.49,249.49,4,MATCHED,NORMAL
48983,39085,shipped,2025-04-07 23:53:20.000000,2025-04-10 11:53:20.000000,236.56,236.56,3,MATCHED,NORMAL
9998,7971,complete,2023-11-26 06:43:30.000000,2023-11-26 07:31:30.000000,6.25,6.25,1,MATCHED,NORMAL
96472,77351,returned,2025-06-19 20:23:26.000000,2025-06-21 01:01:26.000000,105.5,105.5,3,MATCHED,NORMAL
19165,15301,cancelled,2024-09-23 16:11:29.000000,,0.0,6.83,1,MATCHED,SHIPPING_PENDING
28390,22698,shipped,2023-06-05 21:25:22.000000,2023-06-07 23:25:22.000000,136.79,136.79,4,MATCHED,NORMAL
45544,36361,complete,2025-10-03 17:03:04.000000,2025-10-05 07:44:04.000000,112.99,112.99,3,MATCHED,NORMAL
55316,44188,processing,2026-05-11 00:23:52.000000,,0.0,7.0,1,MATCHED,SHIPPING_PENDING
26200,20924,returned,2024-09-27 04:23:04.000000,2024-09-27 08:48:04.000000,76.9,76.9,4,MATCHED,NORMAL
8684,6942,processing,2024-08-02 23:12:34.000000,,0.0,63.5,3,MATCHED,SHIPPING_PENDING
66337,53039,shipped,2025-08-16 04:05:35.000000,2025-08-16 17:50:35.000000,8.75,8.75,1,MATCHED,NORMAL
104966,84121,shipped,2022-11-13 08:08:42.000000,2022-11-13 23:16:42.000000,8.75,8.75,1,MATCHED,NORMAL
105257,84376,shipped,2025-10-07 18:13:34.000000,2025-10-10 01:56:34.000000,8.75,8.75,1,MATCHED,NORMAL
96423,77313,processing,2025-02-22 23:09:06.000000,,0.0,90.89,3,MATCHED,SHIPPING_PENDING
117279,93930,complete,2026-04-02 07:17:09.000000,2026-04-02 11:12:09.000000,256.32,256.32,4,MATCHED,NORMAL
122381,97985,complete,2025-03-21 09:31:07.000000,2025-03-21 22:32:07.000000,8.99,8.99,1,MATCHED,NORMAL
38839,31031,complete,2024-11-21 17:56:35.000000,2024-11-24 11:16:35.000000,295.52,295.52,4,MATCHED,NORMAL
72793,58224,complete,2025-03-05 23:22:12.000000,2025-03-07 07:15:12.000000,58.4,58.4,2,MATCHED,NORMAL
40881,32622,cancelled,2023-03-03 14:16:37.000000,,0.0,34.45,2,MATCHED,SHIPPING_PENDING
104341,83624,complete,2025-10-24 09:04:01.000000,2025-10-27 07:17:01.000000,56.65,56.65,2,MATCHED,NORMAL
73869,59086,processing,2026-05-30 09:06:42.000000,,0.0,538.78,4,MATCHED,SHIPPING_PENDING
94116,75454,processing,2024-07-28 11:23:07.000000,,0.0,163.89,4,MATCHED,SHIPPING_PENDING
74085,59254,complete,2021-06-12 02:50:08.000000,2021-06-14 04:26:08.000000,49.94,49.94,2,MATCHED,NORMAL
77282,61779,cancelled,2021-06-06 12:33:39.000000,,0.0,9.99,1,MATCHED,SHIPPING_PENDING
46853,37439,complete,2025-12-04 07:59:20.000000,2025-12-06 15:08:20.000000,51.99,51.99,2,MATCHED,NORMAL
35914,28644,returned,2026-06-16 00:05:05.014184,2026-06-16 07:29:05.014184,153.78,153.78,4,MATCHED,NORMAL
81182,64943,shipped,2024-07-08 10:03:08.000000,2024-07-08 12:38:08.000000,9.99,9.99,1,MATCHED,NORMAL
11859,9433,processing,2024-10-26 15:39:27.000000,,0.0,116.86,4,MATCHED,SHIPPING_PENDING
119522,95648,returned,2025-05-07 04:20:46.000000,2025-05-07 19:33:46.000000,213.69,213.69,4,MATCHED,NORMAL
81971,65593,cancelled,2026-06-14 15:45:21.000000,,0.0,10.36,1,MATCHED,SHIPPING_PENDING
55911,44683,processing,2021-08-06 21:41:01.000000,,0.0,46.17,2,MATCHED,SHIPPING_PENDING
11810,9383,processing,2026-01-14 21:39:16.000000,,0.0,182.98,4,MATCHED,SHIPPING_PENDING
37511,29951,cancelled,2023-01-28 12:07:50.000000,,0.0,344.92,3,MATCHED,SHIPPING_PENDING
45187,36058,cancelled,2026-01-20 22:50:56.000000,,0.0,10.99,1,MATCHED,SHIPPING_PENDING
75900,60702,complete,2020-03-25 11:29:35.000000,2020-03-26 05:34:35.000000,10.99,10.99,1,MATCHED,NORMAL
59990,47922,shipped,2024-10-04 08:26:34.000000,2024-10-04 21:49:34.000000,124.99,124.99,3,MATCHED,NORMAL
85711,68599,shipped,2025-01-30 10:52:27.000000,2025-02-01 17:58:27.000000,88.62,88.62,4,MATCHED,POTENTIAL CUT-OFF RISK
53327,42586,cancelled,2022-05-15 12:06:36.000000,,0.0,332.53,4,MATCHED,SHIPPING_PENDING
29896,23882,complete,2026-06-16 07:47:22.000000,2026-06-19 07:44:22.000000,11.14,11.14,1,MATCHED,NORMAL
120487,96445,complete,2022-10-10 03:03:29.000000,2022-10-11 07:45:29.000000,11.14,11.14,1,MATCHED,NORMAL
28771,22991,returned,2023-12-06 20:10:06.000000,2023-12-08 15:10:06.000000,101.87,101.87,4,MATCHED,NORMAL
44446,35452,shipped,2024-01-10 19:37:20.000000,2024-01-13 07:28:20.000000,11.95,11.95,1,MATCHED,NORMAL
44886,35797,cancelled,2021-04-08 17:38:58.000000,,0.0,49.93,3,MATCHED,SHIPPING_PENDING
73226,58574,complete,2021-03-10 10:03:52.000000,2021-03-13 07:04:52.000000,129.99,129.99,2,MATCHED,NORMAL
103834,83247,complete,2025-04-27 16:11:19.000000,2025-04-28 13:14:19.000000,64.13,64.13,4,MATCHED,NORMAL
73102,58471,returned,2023-10-04 16:35:34.000000,2023-10-07 11:49:34.000000,11.99,11.99,1,MATCHED,NORMAL
7610,6092,complete,2023-02-25 15:50:21.000000,2023-02-26 05:25:21.000000,304.5,304.5,4,MATCHED,NORMAL
92618,74183,complete,2025-10-13 07:39:13.000000,2025-10-15 21:45:13.000000,168.2,168.2,3,MATCHED,NORMAL
120330,96320,complete,2026-06-04 05:08:33.000000,2026-06-06 08:08:33.000000,58.5,58.5,2,MATCHED,NORMAL
59755,47731,returned,2025-09-24 18:52:19.000000,2025-09-26 23:41:19.000000,12.0,12.0,1,MATCHED,NORMAL
25055,20013,shipped,2026-06-15 20:07:52.445579,2026-06-16 20:52:52.445579,76.5,76.5,2,MATCHED,NORMAL
55431,44278,shipped,2021-03-01 19:25:38.000000,2021-03-03 02:57:38.000000,12.0,12.0,1,MATCHED,NORMAL
26697,21334,shipped,2024-05-05 22:10:51.000000,2024-05-07 20:05:51.000000,126.78,126.78,4,MATCHED,NORMAL
48545,38764,processing,2025-11-16 22:34:46.000000,,0.0,148.5,4,MATCHED,SHIPPING_PENDING
86872,69553,returned,2026-03-31 01:19:01.000000,2026-04-02 04:22:01.000000,12.5,12.5,1,MATCHED,POTENTIAL CUT-OFF RISK
20765,16589,complete,2024-07-24 15:26:52.000000,2024-07-26 21:15:52.000000,12.51,12.51,1,MATCHED,NORMAL
9099,7257,complete,2023-04-21 20:32:52.000000,2023-04-22 07:03:52.000000,64.64,64.64,2,MATCHED,NORMAL
91264,73061,returned,2024-09-01 15:37:52.000000,2024-09-03 11:06:52.000000,69.94,69.94,3,MATCHED,NORMAL
120962,96838,shipped,2026-05-13 18:50:20.000000,2026-05-15 17:39:20.000000,12.97,12.97,1,MATCHED,NORMAL
59983,47913,cancelled,2024-03-10 04:29:34.000000,,0.0,100.99,2,MATCHED,SHIPPING_PENDING
59563,47598,returned,2026-03-18 16:14:13.000000,2026-03-21 13:32:13.000000,169.92,169.92,3,MATCHED,NORMAL
67768,54228,returned,2022-04-20 04:54:27.000000,2022-04-20 12:57:27.000000,210.99,210.99,2,MATCHED,NORMAL
45553,36365,shipped,2025-08-08 11:20:48.000000,2025-08-11 11:05:48.000000,12.99,12.99,1,MATCHED,NORMAL
83676,66958,cancelled,2026-06-16 03:35:48.000000,,0.0,119.81,2,MATCHED,SHIPPING_PENDING
80063,64000,processing,2025-12-10 13:17:50.000000,,0.0,13.93,1,MATCHED,SHIPPING_PENDING
41919,33430,shipped,2023-10-16 04:37:55.000000,2023-10-18 11:16:55.000000,141.99,141.99,3,MATCHED,NORMAL
71120,56879,shipped,2026-06-12 01:37:59.552047,2026-06-12 02:35:59.552047,14.0,14.0,1,MATCHED,NORMAL
33085,26394,complete,2022-08-23 16:44:22.000000,2022-08-24 22:31:22.000000,84.67,84.67,4,MATCHED,NORMAL
99296,79612,processing,2025-10-22 22:50:23.000000,,0.0,32.4,2,MATCHED,SHIPPING_PENDING
110871,88795,processing,2025-10-01 14:11:58.000000,,0.0,116.46,4,MATCHED,SHIPPING_PENDING
30394,24268,complete,2023-05-19 17:04:46.000000,2023-05-19 21:53:46.000000,34.89,34.89,2,MATCHED,NORMAL
98528,78999,complete,2022-10-19 15:13:26.000000,2022-10-22 10:08:26.000000,42.85,42.85,2,MATCHED,NORMAL
103936,83316,processing,2025-01-06 14:18:25.000000,,0.0,199.22,4,MATCHED,SHIPPING_PENDING
114149,91404,processing,2024-12-07 15:38:48.000000,,0.0,83.95,2,MATCHED,SHIPPING_PENDING
118173,94608,processing,2024-11-07 20:59:39.000000,,0.0,237.98,3,MATCHED,SHIPPING_PENDING
69845,55854,shipped,2023-12-04 09:48:27.000000,2023-12-06 16:10:27.000000,174.94,174.94,2,MATCHED,NORMAL
108296,86747,cancelled,2025-12-28 09:42:10.000000,,0.0,113.0,2,MATCHED,SHIPPING_PENDING
103262,82806,shipped,2021-07-07 05:42:28.000000,2021-07-09 21:35:28.000000,15.0,15.0,1,MATCHED,NORMAL
47143,37672,shipped,2024-01-15 18:32:39.000000,2024-01-17 18:40:39.000000,76.33,76.33,2,MATCHED,NORMAL
101688,81531,cancelled,2023-10-17 10:40:22.000000,,0.0,330.94,4,MATCHED,SHIPPING_PENDING
101592,81457,shipped,2025-05-24 22:44:38.000000,2025-05-26 11:32:38.000000,40.95,40.95,2,MATCHED,NORMAL
110859,88786,shipped,2025-10-26 08:01:31.000000,2025-10-28 01:35:31.000000,170.93,170.93,4,MATCHED,NORMAL
56458,45112,processing,2026-01-28 23:23:04.000000,,0.0,15.99,1,MATCHED,SHIPPING_PENDING
15332,12228,shipped,2024-11-18 07:55:12.000000,2024-11-21 02:59:12.000000,15.99,15.99,1,MATCHED,NORMAL
70877,56688,shipped,2021-04-24 13:49:50.000000,2021-04-26 13:12:50.000000,172.86,172.86,2,MATCHED,NORMAL
11498,9135,complete,2026-04-06 08:59:49.000000,2026-04-09 02:18:49.000000,127.65,127.65,3,MATCHED,NORMAL
15368,12257,cancelled,2026-06-12 20:18:58.000000,,0.0,16.74,1,MATCHED,SHIPPING_PENDING
58736,46932,complete,2025-09-09 09:15:49.000000,2025-09-10 23:11:49.000000,59.49,59.49,2,MATCHED,NORMAL
120089,96132,processing,2025-01-08 19:38:55.000000,,0.0,16.99,1,MATCHED,SHIPPING_PENDING
12746,10121,returned,2022-05-04 15:32:34.000000,2022-05-07 02:36:34.000000,16.99,16.99,1,MATCHED,NORMAL
110171,88250,shipped,2024-09-01 05:58:06.000000,2024-09-03 21:08:06.000000,124.49,124.49,2,MATCHED,NORMAL
10540,8386,cancelled,2026-04-21 07:01:19.000000,,0.0,17.0,1,MATCHED,SHIPPING_PENDING
107125,85853,cancelled,2021-08-11 11:56:06.000000,,0.0,17.0,1,MATCHED,SHIPPING_PENDING
22957,18339,returned,2022-08-28 23:36:32.000000,2022-08-30 04:03:32.000000,17.0,17.0,1,MATCHED,NORMAL
36731,29318,returned,2024-08-13 11:29:49.000000,2024-08-15 02:56:49.000000,17.0,17.0,1,MATCHED,NORMAL
52347,41792,processing,2026-02-27 04:42:24.000000,,0.0,90.62,4,MATCHED,SHIPPING_PENDING
105241,84363,cancelled,2025-09-03 23:51:14.000000,,0.0,153.93,4,MATCHED,SHIPPING_PENDING
38923,31098,complete,2026-04-28 10:20:38.000000,2026-04-30 12:13:38.000000,142.59,142.59,4,MATCHED,NORMAL
27796,22223,cancelled,2020-04-30 12:46:09.000000,,0.0,18.0,1,MATCHED,SHIPPING_PENDING
61712,49294,complete,2026-05-22 14:17:30.000000,2026-05-22 15:50:30.000000,165.14,165.14,4,MATCHED,NORMAL
75353,60265,complete,2026-03-10 06:56:46.000000,2026-03-11 20:21:46.000000,18.0,18.0,1,MATCHED,NORMAL
12381,9862,returned,2021-04-12 00:33:18.000000,2021-04-14 16:15:18.000000,117.99,117.99,2,MATCHED,NORMAL
8443,6746,shipped,2025-02-04 07:19:43.000000,2025-02-06 11:13:43.000000,100.8,100.8,2,MATCHED,NORMAL
54860,43825,complete,2025-09-05 20:48:07.000000,2025-09-08 13:02:07.000000,227.06,227.06,4,MATCHED,NORMAL
2066,1651,processing,2025-02-05 23:45:12.000000,,0.0,175.38,4,MATCHED,SHIPPING_PENDING
85719,68604,complete,2022-12-19 14:55:01.000000,2022-12-20 14:47:01.000000,18.99,18.99,1,MATCHED,NORMAL
85398,68338,shipped,2025-09-13 04:14:48.000000,2025-09-15 19:52:48.000000,155.49,155.49,3,MATCHED,NORMAL
98410,78907,shipped,2025-08-10 21:06:54.000000,2025-08-10 22:15:54.000000,19.6,19.6,1,MATCHED,NORMAL
47227,37737,complete,2025-02-21 04:45:48.000000,2025-02-22 05:38:48.000000,164.95,164.95,3,MATCHED,NORMAL
108697,87065,returned,2024-02-25 03:48:44.000000,2024-02-26 13:29:44.000000,49.94,49.94,2,MATCHED,NORMAL
45869,36622,complete,2025-07-23 23:52:29.000000,2025-07-26 06:04:29.000000,92.41,92.41,3,MATCHED,NORMAL
106833,85603,complete,2026-02-06 05:32:46.000000,2026-02-08 15:09:46.000000,19.99,19.99,1,MATCHED,NORMAL
112241,89870,complete,2023-09-12 16:27:49.000000,2023-09-14 08:43:49.000000,89.98,89.98,2,MATCHED,NORMAL
1789,1434,processing,2023-05-12 10:46:17.000000,,0.0,166.89,3,MATCHED,SHIPPING_PENDING
33419,26647,processing,2025-05-15 06:22:53.000000,,0.0,48.94,2,MATCHED,SHIPPING_PENDING
44943,35850,processing,2025-08-26 23:36:02.000000,,0.0,121.94,3,MATCHED,SHIPPING_PENDING
102070,81824,returned,2025-12-08 11:58:44.000000,2025-12-10 03:18:44.000000,73.97,73.97,3,MATCHED,NORMAL
31602,25253,shipped,2025-03-27 04:12:02.000000,2025-03-28 05:49:02.000000,19.99,19.99,1,MATCHED,NORMAL
75524,60400,shipped,2026-01-23 16:14:40.000000,2026-01-25 11:48:40.000000,19.99,19.99,1,MATCHED,NORMAL
92269,73870,shipped,2026-03-21 22:33:55.000000,2026-03-23 23:53:55.000000,221.94,221.94,4,MATCHED,NORMAL
104930,84099,shipped,2023-08-18 08:10:24.000000,2023-08-18 22:09:24.000000,19.99,19.99,1,MATCHED,NORMAL
120047,96098,shipped,2023-08-25 13:09:21.000000,2023-08-26 22:13:21.000000,89.98,89.98,2,MATCHED,NORMAL
60356,48204,complete,2026-03-01 17:52:19.000000,2026-03-02 10:53:19.000000,300.0,300.0,2,MATCHED,NORMAL
19337,15442,shipped,2024-02-15 23:27:19.000000,2024-02-16 03:35:19.000000,145.0,145.0,2,MATCHED,NORMAL
111124,89005,complete,2023-10-29 14:24:46.000000,2023-10-30 05:34:46.000000,146.66,146.66,4,MATCHED,NORMAL
23302,18613,cancelled,2021-11-25 10:18:55.000000,,0.0,184.76,2,MATCHED,SHIPPING_PENDING
13104,10407,complete,2026-06-05 18:09:35.000000,2026-06-07 00:23:35.000000,134.04,134.04,4,MATCHED,NORMAL
1704,1360,processing,2020-09-15 07:36:35.000000,,0.0,396.46,4,MATCHED,SHIPPING_PENDING
2019,1621,complete,2020-11-05 15:41:34.000000,2020-11-06 02:14:34.000000,21.6,21.6,1,MATCHED,NORMAL
94141,75478,shipped,2024-03-01 11:07:09.000000,2024-03-03 09:12:09.000000,21.99,21.99,1,MATCHED,NORMAL
89751,71808,shipped,2025-02-02 22:12:47.000000,2025-02-04 22:09:47.000000,126.99,126.99,3,MATCHED,NORMAL
81662,65348,shipped,2025-10-25 12:27:55.000000,2025-10-26 14:20:55.000000,22.45,22.45,1,MATCHED,NORMAL
4863,3844,complete,2022-02-28 20:05:24.000000,2022-03-02 20:30:24.000000,47.5,47.5,2,MATCHED,POTENTIAL CUT-OFF RISK
19250,15368,complete,2026-02-07 20:04:39.000000,2026-02-09 21:50:39.000000,56.5,56.5,2,MATCHED,NORMAL
73372,58685,shipped,2023-08-17 21:28:55.000000,2023-08-20 19:11:55.000000,22.5,22.5,1,MATCHED,NORMAL
83732,67008,cancelled,2025-04-06 21:34:13.000000,,0.0,262.49,4,MATCHED,SHIPPING_PENDING
48720,38892,complete,2023-12-10 19:59:20.000000,2023-12-13 19:29:20.000000,63.98,63.98,2,MATCHED,NORMAL
42042,33524,cancelled,2024-10-22 01:08:22.000000,,0.0,168.63,4,MATCHED,SHIPPING_PENDING
66862,53463,returned,2025-02-09 07:23:54.000000,2025-02-11 02:27:54.000000,81.76,81.76,2,MATCHED,NORMAL
93851,75212,shipped,2026-02-03 23:33:07.000000,2026-02-06 19:12:07.000000,23.97,23.97,1,MATCHED,NORMAL
106095,85017,cancelled,2022-02-13 09:41:09.000000,,0.0,423.0,2,MATCHED,SHIPPING_PENDING
45409,36249,complete,2019-07-27 08:03:11.000000,2019-07-28 10:37:11.000000,24.0,24.0,1,MATCHED,NORMAL
52527,41923,processing,2026-02-19 19:44:58.000000,,0.0,24.0,1,MATCHED,SHIPPING_PENDING
77517,61974,shipped,2020-07-20 05:46:21.000000,2020-07-21 11:07:21.000000,163.94,163.94,4,MATCHED,NORMAL
30687,24501,shipped,2024-12-29 18:24:40.000000,2025-01-01 00:19:40.000000,49.88,49.88,2,MATCHED,POTENTIAL CUT-OFF RISK
64690,51682,complete,2025-12-04 22:31:26.000000,2025-12-05 16:18:26.000000,52.89,52.89,2,MATCHED,NORMAL
86973,69618,complete,2021-12-15 02:22:09.000000,2021-12-18 00:26:09.000000,59.9,59.9,2,MATCHED,NORMAL
3854,3054,shipped,2025-07-28 03:38:11.000000,2025-07-28 23:41:11.000000,24.95,24.95,1,MATCHED,NORMAL
4131,3283,cancelled,2026-04-08 13:11:18.000000,,0.0,122.99,2,MATCHED,SHIPPING_PENDING
71625,57280,complete,2025-09-22 04:26:16.000000,2025-09-24 08:26:16.000000,74.98,74.98,2,MATCHED,NORMAL
1960,1572,shipped,2025-08-19 15:08:01.000000,2025-08-21 06:15:01.000000,24.99,24.99,1,MATCHED,NORMAL
17359,13808,shipped,2025-04-18 04:08:38.000000,2025-04-19 03:22:38.000000,68.99,68.99,2,MATCHED,NORMAL
28016,22396,shipped,2023-10-02 06:40:18.000000,2023-10-02 16:11:18.000000,114.49,114.49,2,MATCHED,NORMAL
39061,31206,cancelled,2025-07-06 04:01:06.000000,,0.0,56.97,2,MATCHED,SHIPPING_PENDING
85843,68714,cancelled,2026-04-03 00:40:54.000000,,0.0,283.6,4,MATCHED,SHIPPING_PENDING
94108,75447,cancelled,2025-05-15 02:21:23.000000,,0.0,25.0,1,MATCHED,SHIPPING_PENDING
80418,64304,complete,2025-06-05 21:06:40.000000,2025-06-06 06:14:40.000000,143.13,143.13,2,MATCHED,NORMAL
95641,76669,complete,2024-03-14 05:15:54.000000,2024-03-15 22:08:54.000000,171.71,171.71,4,MATCHED,NORMAL
106392,85281,complete,2025-02-24 07:23:32.000000,2025-02-26 12:50:32.000000,25.0,25.0,1,MATCHED,NORMAL
70274,56203,processing,2026-06-16 01:54:50.053849,,0.0,25.0,1,MATCHED,SHIPPING_PENDING
97173,77886,processing,2022-06-29 15:52:50.000000,,0.0,391.09,4,MATCHED,SHIPPING_PENDING
101468,81360,returned,2021-10-15 02:13:13.000000,2021-10-16 23:45:13.000000,54.95,54.95,2,MATCHED,NORMAL
116779,93493,returned,2022-08-20 23:26:46.000000,2022-08-23 17:03:46.000000,121.5,121.5,3,MATCHED,NORMAL
43234,34506,shipped,2022-09-30 03:29:40.000000,2022-10-03 03:11:40.000000,195.16,195.16,3,MATCHED,POTENTIAL CUT-OFF RISK
67913,54356,shipped,2019-07-08 21:41:29.000000,2019-07-11 01:56:29.000000,25.0,25.0,1,MATCHED,NORMAL
99941,80174,shipped,2020-12-30 06:13:30.000000,2020-12-30 17:59:30.000000,64.83,64.83,2,MATCHED,NORMAL
122551,98133,processing,2023-12-11 07:32:11.000000,,0.0,25.5,1,MATCHED,SHIPPING_PENDING
68885,55102,complete,2025-04-23 17:57:29.000000,2025-04-24 21:56:29.000000,167.61,167.61,3,MATCHED,NORMAL
39562,31595,processing,2025-10-20 06:21:08.000000,,0.0,95.49,2,MATCHED,SHIPPING_PENDING
38801,30998,cancelled,2021-03-14 12:05:30.000000,,0.0,26.0,1,MATCHED,SHIPPING_PENDING
43994,35103,processing,2026-04-26 09:23:28.000000,,0.0,91.0,2,MATCHED,SHIPPING_PENDING
103209,82757,cancelled,2025-11-17 00:35:38.000000,,0.0,71.37,2,MATCHED,SHIPPING_PENDING
48871,39008,cancelled,2022-10-28 17:20:04.000000,,0.0,26.95,1,MATCHED,SHIPPING_PENDING
5727,4532,shipped,2022-03-16 01:35:57.000000,2022-03-16 23:33:57.000000,26.95,26.95,1,MATCHED,NORMAL
58621,46840,shipped,2025-01-12 03:51:17.000000,2025-01-13 13:55:17.000000,26.95,26.95,1,MATCHED,NORMAL
54157,43260,complete,2026-03-06 18:37:01.000000,2026-03-07 03:02:01.000000,269.43,269.43,4,MATCHED,NORMAL
48079,38409,complete,2024-09-04 12:07:25.000000,2024-09-07 04:14:25.000000,70.99,70.99,2,MATCHED,NORMAL
21386,17085,processing,2024-12-08 10:38:01.000000,,0.0,27.0,1,MATCHED,SHIPPING_PENDING
28858,23062,processing,2025-12-26 06:18:28.000000,,0.0,66.0,2,MATCHED,SHIPPING_PENDING
18491,14725,shipped,2023-06-22 17:46:30.000000,2023-06-25 14:48:30.000000,27.0,27.0,1,MATCHED,NORMAL
35303,28185,cancelled,2026-04-20 18:21:19.000000,,0.0,27.45,1,MATCHED,SHIPPING_PENDING
56873,45462,processing,2026-04-02 06:49:31.000000,,0.0,97.59,2,MATCHED,SHIPPING_PENDING
21106,16884,cancelled,2022-12-20 09:50:06.000000,,0.0,73.0,2,MATCHED,SHIPPING_PENDING
25980,20758,complete,2026-05-22 08:27:15.000000,2026-05-25 05:04:15.000000,107.86,107.86,2,MATCHED,NORMAL
123771,99117,complete,2026-04-08 10:10:56.000000,2026-04-08 18:30:56.000000,90.0,90.0,2,MATCHED,NORMAL
114495,91699,shipped,2024-10-29 10:50:16.000000,2024-10-29 20:13:16.000000,77.95,77.95,2,MATCHED,NORMAL
107800,86378,complete,2021-11-02 15:20:19.000000,2021-11-03 08:20:19.000000,63.81,63.81,2,MATCHED,NORMAL
118105,94562,cancelled,2024-04-02 14:13:29.000000,,0.0,28.97,1,MATCHED,SHIPPING_PENDING
123366,98785,returned,2022-04-28 19:57:12.000000,2022-04-29 23:54:12.000000,62.94,62.94,2,MATCHED,NORMAL
50250,40148,shipped,2025-03-22 21:13:10.000000,2025-03-24 12:04:10.000000,152.45,152.45,4,MATCHED,NORMAL
540,449,complete,2025-09-04 17:56:30.000000,2025-09-05 07:54:30.000000,29.45,29.45,1,MATCHED,NORMAL
19414,15497,shipped,2024-03-31 00:53:51.000000,2024-03-31 02:43:51.000000,187.9,187.9,2,MATCHED,NORMAL
31129,24864,shipped,2025-05-19 18:54:28.000000,2025-05-20 00:21:28.000000,237.94,237.94,4,MATCHED,NORMAL
33855,27005,complete,2021-01-13 08:15:59.000000,2021-01-16 02:48:59.000000,29.98,29.98,1,MATCHED,NORMAL
62050,49571,cancelled,2026-04-11 17:53:25.000000,,0.0,29.99,1,MATCHED,SHIPPING_PENDING
67838,54281,processing,2025-11-29 21:00:11.000000,,0.0,29.99,1,MATCHED,SHIPPING_PENDING
96953,77715,processing,2026-06-14 20:18:18.000000,,0.0,30.0,1,MATCHED,SHIPPING_PENDING
36025,28737,shipped,2025-10-02 05:45:16.000000,2025-10-05 03:04:16.000000,74.0,74.0,2,MATCHED,NORMAL
72806,58237,shipped,2021-11-21 05:12:45.000000,2021-11-22 12:40:45.000000,30.0,30.0,1,MATCHED,NORMAL
79936,63894,complete,2025-05-29 14:09:51.000000,2025-05-30 21:44:51.000000,30.2,30.2,1,MATCHED,NORMAL
52747,42091,shipped,2022-09-22 08:16:32.000000,2022-09-23 00:53:32.000000,30.2,30.2,1,MATCHED,NORMAL
23801,19013,complete,2025-09-02 14:41:00.000000,2025-09-02 20:45:00.000000,31.07,31.07,1,MATCHED,NORMAL
42087,33558,complete,2025-11-11 14:26:48.000000,2025-11-13 02:21:48.000000,31.07,31.07,1,MATCHED,NORMAL
108165,86648,shipped,2023-10-31 05:44:16.000000,2023-10-31 07:32:16.000000,138.08,138.08,3,MATCHED,NORMAL
46546,37188,complete,2021-04-10 03:55:26.000000,2021-04-11 05:39:26.000000,31.81,31.81,1,MATCHED,NORMAL
52573,41951,processing,2024-03-12 04:57:27.000000,,0.0,105.99,2,MATCHED,SHIPPING_PENDING
49012,39104,complete,2024-08-04 13:03:27.000000,2024-08-07 02:37:27.000000,33.0,33.0,1,MATCHED,NORMAL
48570,38782,complete,2022-08-01 20:15:35.000000,2022-08-02 08:26:35.000000,183.6,183.6,2,MATCHED,NORMAL
89533,71652,returned,2026-04-28 01:06:01.000000,2026-04-30 17:51:01.000000,99.9,99.9,2,MATCHED,NORMAL
21227,16973,processing,2025-02-16 13:49:38.000000,,0.0,152.99,3,MATCHED,SHIPPING_PENDING
55073,43995,complete,2022-08-15 20:25:25.000000,2022-08-16 01:03:25.000000,34.0,34.0,1,MATCHED,NORMAL
80719,64571,shipped,2025-10-14 06:21:09.000000,2025-10-14 23:47:09.000000,90.49,90.49,2,MATCHED,NORMAL
77066,61614,cancelled,2023-02-01 07:08:36.000000,,0.0,35.0,1,MATCHED,SHIPPING_PENDING
78942,63089,cancelled,2026-05-21 01:08:00.000000,,0.0,206.98,4,MATCHED,SHIPPING_PENDING
10313,8216,processing,2025-11-11 15:38:17.000000,,0.0,35.0,1,MATCHED,SHIPPING_PENDING
77261,61765,complete,2026-02-28 20:24:30.000000,2026-03-01 20:36:30.000000,222.73,222.73,4,MATCHED,POTENTIAL CUT-OFF RISK
91491,73253,cancelled,2026-02-23 01:58:14.000000,,0.0,35.8,1,MATCHED,SHIPPING_PENDING
102122,81866,complete,2021-11-28 15:53:20.000000,2021-12-01 02:09:20.000000,143.8,143.8,3,MATCHED,POTENTIAL CUT-OFF RISK
59166,47277,complete,2024-04-01 05:54:12.000000,2024-04-04 04:49:12.000000,36.0,36.0,1,MATCHED,NORMAL
83658,66949,processing,2023-07-20 03:19:32.000000,,0.0,93.19,2,MATCHED,SHIPPING_PENDING
4688,3713,shipped,2023-02-03 03:52:52.000000,2023-02-05 05:14:52.000000,36.0,36.0,1,MATCHED,NORMAL
17660,14051,shipped,2020-04-12 10:47:30.000000,2020-04-15 03:58:30.000000,36.0,36.0,1,MATCHED,NORMAL
54954,43894,shipped,2023-03-20 07:50:28.000000,2023-03-22 15:09:28.000000,163.5,163.5,3,MATCHED,NORMAL
115613,92552,shipped,2022-05-16 20:25:16.000000,2022-05-16 23:52:16.000000,330.28,330.28,3,MATCHED,NORMAL
19854,15856,returned,2022-07-17 01:47:48.000000,2022-07-17 11:23:48.000000,79.44,79.44,2,MATCHED,NORMAL
54744,43730,processing,2022-11-08 13:47:17.000000,,0.0,103.76,2,MATCHED,SHIPPING_PENDING
65382,52213,returned,2025-10-02 14:14:51.000000,2025-10-03 04:00:51.000000,36.95,36.95,1,MATCHED,NORMAL
53157,42436,complete,2023-10-26 22:58:14.000000,2023-10-27 01:42:14.000000,92.0,92.0,2,MATCHED,NORMAL
110734,88681,complete,2025-12-28 07:59:59.000000,2025-12-29 02:04:59.000000,38.0,38.0,1,MATCHED,NORMAL
86594,69338,returned,2020-12-22 07:32:17.000000,2020-12-22 18:18:17.000000,202.95,202.95,2,MATCHED,NORMAL
78465,62721,cancelled,2024-11-24 00:08:42.000000,,0.0,107.5,2,MATCHED,SHIPPING_PENDING
111165,89035,complete,2026-05-22 13:20:42.000000,2026-05-23 17:22:42.000000,39.5,39.5,1,MATCHED,NORMAL
10258,8178,shipped,2024-01-20 12:11:17.000000,2024-01-21 04:27:17.000000,39.5,39.5,1,MATCHED,NORMAL
38416,30666,processing,2024-02-17 01:50:46.000000,,0.0,39.98,1,MATCHED,SHIPPING_PENDING
124572,99737,cancelled,2020-09-26 23:48:27.000000,,0.0,107.99,2,MATCHED,SHIPPING_PENDING
75401,60305,complete,2023-06-03 05:33:12.000000,2023-06-03 11:29:12.000000,39.99,39.99,1,MATCHED,NORMAL
98229,78754,shipped,2025-04-25 02:20:27.000000,2025-04-26 08:15:27.000000,39.99,39.99,1,MATCHED,NORMAL
34233,27316,complete,2024-08-02 03:25:12.000000,2024-08-02 05:41:12.000000,118.0,118.0,2,MATCHED,NORMAL
118221,94647,complete,2022-07-04 10:40:39.000000,2022-07-05 20:51:39.000000,112.85,112.85,2,MATCHED,NORMAL
113711,91034,complete,2026-06-14 22:20:37.000000,2026-06-16 22:48:37.000000,41.8,41.8,1,MATCHED,NORMAL
44374,35401,complete,2022-06-28 07:31:00.000000,2022-06-28 14:39:00.000000,41.99,41.99,1,MATCHED,NORMAL
26379,21080,complete,2026-05-26 18:01:30.000000,2026-05-28 03:35:30.000000,42.0,42.0,1,MATCHED,NORMAL
72299,57811,returned,2021-09-30 16:28:08.000000,2021-10-01 18:58:08.000000,237.99,237.99,2,MATCHED,POTENTIAL CUT-OFF RISK
21554,17219,cancelled,2024-01-23 22:55:49.000000,,0.0,43.15,1,MATCHED,SHIPPING_PENDING
12059,9601,complete,2023-11-30 21:18:17.000000,2023-12-01 14:56:17.000000,362.99,362.99,3,MATCHED,POTENTIAL CUT-OFF RISK
19561,15612,shipped,2025-02-24 00:39:35.000000,2025-02-25 08:06:35.000000,44.0,44.0,1,MATCHED,NORMAL
6773,5398,shipped,2024-10-12 12:47:15.000000,2024-10-13 21:14:15.000000,44.42,44.42,1,MATCHED,NORMAL
54803,43782,cancelled,2026-02-23 13:22:10.000000,,0.0,44.99,1,MATCHED,SHIPPING_PENDING
93209,74681,complete,2026-04-04 00:39:58.000000,2026-04-05 22:01:58.000000,45.0,45.0,1,MATCHED,NORMAL
5786,4579,shipped,2022-11-30 18:42:46.000000,2022-12-03 15:29:46.000000,524.45,524.45,3,MATCHED,POTENTIAL CUT-OFF RISK
21212,16961,complete,2026-01-15 23:29:39.000000,2026-01-18 18:50:39.000000,45.08,45.08,1,MATCHED,NORMAL
39274,31367,cancelled,2025-10-29 00:05:08.000000,,0.0,231.0,2,MATCHED,SHIPPING_PENDING
21240,16986,complete,2019-11-17 21:49:56.000000,2019-11-20 17:53:56.000000,46.0,46.0,1,MATCHED,NORMAL
74222,59360,processing,2021-06-29 12:40:21.000000,,0.0,46.0,1,MATCHED,SHIPPING_PENDING
13262,10525,shipped,2026-03-20 14:50:18.000000,2026-03-21 15:16:18.000000,46.0,46.0,1,MATCHED,NORMAL
103678,83118,shipped,2026-05-23 23:37:18.000000,2026-05-24 22:11:18.000000,228.93,228.93,4,MATCHED,NORMAL
117107,93772,shipped,2024-09-27 05:40:38.000000,2024-09-27 20:30:38.000000,95.5,95.5,2,MATCHED,NORMAL
68389,54731,shipped,2026-04-23 13:17:07.000000,2026-04-23 23:23:07.000000,46.5,46.5,1,MATCHED,NORMAL
1288,1027,processing,2025-08-16 05:15:10.000000,,0.0,176.0,2,MATCHED,SHIPPING_PENDING
90139,72137,cancelled,2025-09-14 20:37:45.000000,,0.0,47.07,1,MATCHED,SHIPPING_PENDING
66061,52800,processing,2026-06-12 01:39:32.000000,,0.0,99.74,2,MATCHED,SHIPPING_PENDING
101085,81039,processing,2024-05-29 06:00:59.000000,,0.0,48.4,1,MATCHED,SHIPPING_PENDING
62029,49552,processing,2025-02-04 16:43:12.000000,,0.0,49.45,1,MATCHED,SHIPPING_PENDING
15679,12517,processing,2025-09-14 22:29:13.000000,,0.0,49.5,1,MATCHED,SHIPPING_PENDING
29121,23271,processing,2026-03-27 13:43:52.000000,,0.0,325.62,4,MATCHED,SHIPPING_PENDING
94822,76016,shipped,2023-05-11 03:58:12.000000,2023-05-11 16:40:12.000000,49.5,49.5,1,MATCHED,NORMAL
47366,37842,returned,2025-10-08 05:14:37.000000,2025-10-10 20:41:37.000000,202.94,202.94,3,MATCHED,NORMAL
70989,56772,shipped,2025-02-11 04:38:01.000000,2025-02-12 06:01:01.000000,49.95,49.95,1,MATCHED,NORMAL
40305,32186,cancelled,2019-08-01 11:26:41.000000,,0.0,49.99,1,MATCHED,SHIPPING_PENDING
76886,61480,shipped,2026-06-06 18:41:02.000000,2026-06-06 22:56:02.000000,49.99,49.99,1,MATCHED,NORMAL
108543,86936,shipped,2025-12-23 07:13:32.000000,2025-12-25 07:55:32.000000,49.99,49.99,1,MATCHED,NORMAL
36227,28900,complete,2025-01-05 08:05:40.000000,2025-01-06 12:31:40.000000,220.99,220.99,2,MATCHED,NORMAL
104206,83509,shipped,2025-04-24 17:51:01.000000,2025-04-25 18:45:01.000000,52.5,52.5,1,MATCHED,NORMAL
56038,44783,cancelled,2026-01-18 18:45:23.000000,,0.0,54.0,1,MATCHED,SHIPPING_PENDING
62024,49548,cancelled,2024-02-15 20:44:22.000000,,0.0,54.0,1,MATCHED,SHIPPING_PENDING
44154,35229,complete,2024-04-08 01:16:54.000000,2024-04-10 14:47:54.000000,453.4,453.4,2,MATCHED,NORMAL
108508,86909,shipped,2026-05-17 05:08:51.000000,2026-05-18 19:57:51.000000,858.2,858.2,4,MATCHED,NORMAL
22344,17826,processing,2025-12-20 08:45:36.000000,,0.0,119.9,2,MATCHED,SHIPPING_PENDING
123144,98611,cancelled,2022-10-25 05:43:02.000000,,0.0,308.23,3,MATCHED,SHIPPING_PENDING
116224,93054,returned,2025-12-29 01:25:03.000000,2025-12-31 05:35:03.000000,110.95,110.95,2,MATCHED,NORMAL
103030,82616,shipped,2025-09-30 11:31:48.000000,2025-09-30 23:48:48.000000,55.0,55.0,1,MATCHED,NORMAL
68950,55155,cancelled,2025-02-13 08:18:22.000000,,0.0,168.39,2,MATCHED,SHIPPING_PENDING
26754,21381,complete,2026-04-15 20:06:50.000000,2026-04-18 14:27:50.000000,58.5,58.5,1,MATCHED,NORMAL
55789,44590,returned,2023-10-19 06:08:45.000000,2023-10-21 01:05:45.000000,58.97,58.97,1,MATCHED,NORMAL
116022,92889,complete,2023-12-22 21:03:17.000000,2023-12-23 20:48:17.000000,124.0,124.0,2,MATCHED,NORMAL
100203,80382,processing,2025-07-13 17:04:18.000000,,0.0,338.07,3,MATCHED,SHIPPING_PENDING
9639,7692,processing,2024-12-28 22:54:59.000000,,0.0,59.95,1,MATCHED,SHIPPING_PENDING
29672,23703,shipped,2023-06-09 09:33:38.000000,2023-06-09 11:57:38.000000,60.0,60.0,1,MATCHED,NORMAL
72151,57690,cancelled,2024-03-12 05:58:14.000000,,0.0,60.27,1,MATCHED,SHIPPING_PENDING
52906,42224,cancelled,2025-08-12 15:44:15.000000,,0.0,62.0,1,MATCHED,SHIPPING_PENDING
98258,78783,shipped,2025-04-18 17:44:28.000000,2025-04-20 09:31:28.000000,461.0,461.0,2,MATCHED,NORMAL
123973,99271,shipped,2026-06-14 12:42:16.094566,2026-06-16 15:52:16.094566,63.65,63.65,1,MATCHED,NORMAL
93665,75058,cancelled,2023-04-18 11:11:02.000000,,0.0,64.95,1,MATCHED,SHIPPING_PENDING
16815,13392,complete,2026-06-15 15:51:32.557610,2026-06-16 00:52:32.557610,64.95,64.95,1,MATCHED,NORMAL
29832,23834,complete,2025-05-22 07:30:38.000000,2025-05-23 06:55:38.000000,64.99,64.99,1,MATCHED,NORMAL
59523,47573,complete,2025-08-24 08:22:35.000000,2025-08-25 12:11:35.000000,65.0,65.0,1,MATCHED,NORMAL
17225,13692,shipped,2019-09-19 18:26:49.000000,2019-09-22 16:23:49.000000,65.0,65.0,1,MATCHED,NORMAL
299,239,processing,2024-11-17 05:45:16.000000,,0.0,265.0,2,MATCHED,SHIPPING_PENDING
46061,36795,shipped,2026-03-27 00:03:21.000000,2026-03-28 14:04:21.000000,67.95,67.95,1,MATCHED,NORMAL
32659,26081,returned,2025-06-28 13:35:04.000000,2025-06-30 03:18:04.000000,68.0,68.0,1,MATCHED,NORMAL
46865,37447,complete,2023-08-26 22:04:43.000000,2023-08-28 11:53:43.000000,68.96,68.96,1,MATCHED,NORMAL
74027,59210,processing,2021-08-30 18:10:13.000000,,0.0,68.96,1,MATCHED,SHIPPING_PENDING
89900,71932,complete,2024-06-20 17:54:44.000000,2024-06-23 08:22:44.000000,333.5,333.5,2,MATCHED,NORMAL
66759,53382,processing,2021-05-06 04:18:08.000000,,0.0,69.5,1,MATCHED,SHIPPING_PENDING
111099,88986,shipped,2024-01-18 20:35:17.000000,2024-01-20 21:06:17.000000,148.91,148.91,2,MATCHED,NORMAL
49566,39554,shipped,2022-05-20 01:03:26.000000,2022-05-21 01:47:26.000000,299.99,299.99,3,MATCHED,NORMAL
75825,60645,cancelled,2025-04-07 22:37:38.000000,,0.0,78.0,1,MATCHED,SHIPPING_PENDING
47968,38329,processing,2026-04-05 19:18:09.000000,,0.0,194.0,2,MATCHED,SHIPPING_PENDING
110246,88310,processing,2021-10-17 14:46:27.000000,,0.0,79.0,1,MATCHED,SHIPPING_PENDING
8246,6586,processing,2023-12-19 01:20:05.000000,,0.0,79.5,1,MATCHED,SHIPPING_PENDING
124083,99372,cancelled,2023-06-03 02:08:21.000000,,0.0,79.99,1,MATCHED,SHIPPING_PENDING
74794,59799,complete,2020-09-28 15:11:51.000000,2020-09-29 09:38:51.000000,79.99,79.99,1,MATCHED,NORMAL
73719,58963,shipped,2025-11-18 21:36:15.000000,2025-11-19 07:02:15.000000,310.0,310.0,2,MATCHED,NORMAL
79250,63339,complete,2026-06-16 02:14:59.631852,2026-06-18 15:40:59.631852,84.0,84.0,1,MATCHED,NORMAL
66405,53093,returned,2026-06-09 06:31:41.000000,2026-06-11 00:04:41.000000,84.0,84.0,1,MATCHED,NORMAL
46836,37428,shipped,2023-07-30 00:38:52.000000,2023-08-01 11:46:52.000000,84.12,84.12,1,MATCHED,POTENTIAL CUT-OFF RISK
84697,67765,processing,2024-09-09 17:19:53.000000,,0.0,85.0,1,MATCHED,SHIPPING_PENDING
84863,67898,shipped,2023-05-12 05:44:10.000000,2023-05-12 06:52:10.000000,87.89,87.89,1,MATCHED,NORMAL
56269,44957,processing,2026-05-22 20:15:46.000000,,0.0,88.0,1,MATCHED,SHIPPING_PENDING
61265,48942,processing,2026-03-16 03:59:07.000000,,0.0,88.0,1,MATCHED,SHIPPING_PENDING
103078,82657,returned,2026-04-20 09:48:25.000000,2026-04-20 17:26:25.000000,309.5,309.5,2,MATCHED,NORMAL
75934,60724,processing,2020-10-24 17:24:19.000000,,0.0,90.45,1,MATCHED,SHIPPING_PENDING
91734,73444,cancelled,2026-03-16 19:33:19.000000,,0.0,94.95,1,MATCHED,SHIPPING_PENDING
49864,39828,processing,2025-05-02 17:43:01.000000,,0.0,95.0,1,MATCHED,SHIPPING_PENDING
23554,18805,shipped,2021-12-20 13:11:28.000000,2021-12-21 05:21:28.000000,98.0,98.0,1,MATCHED,NORMAL
56818,45413,shipped,2021-07-11 13:21:15.000000,2021-07-11 18:35:15.000000,98.0,98.0,1,MATCHED,NORMAL
67334,53849,cancelled,2020-06-01 19:21:20.000000,,0.0,98.08,1,MATCHED,SHIPPING_PENDING
51921,41443,complete,2024-12-31 21:36:50.000000,2025-01-01 01:54:50.000000,99.0,99.0,1,MATCHED,POTENTIAL CUT-OFF RISK
120530,96477,complete,2025-03-06 05:11:08.000000,2025-03-07 10:33:08.000000,99.0,99.0,1,MATCHED,NORMAL
42564,33974,complete,2024-10-10 07:05:51.000000,2024-10-10 09:28:51.000000,99.99,99.99,1,MATCHED,NORMAL
102435,82117,shipped,2025-09-26 21:56:45.000000,2025-09-29 07:30:45.000000,108.0,108.0,1,MATCHED,NORMAL
93604,75012,cancelled,2025-07-08 02:00:06.000000,,0.0,108.99,1,MATCHED,SHIPPING_PENDING
27142,21701,complete,2021-03-14 11:48:25.000000,2021-03-15 06:09:25.000000,108.99,108.99,1,MATCHED,NORMAL
73225,58574,cancelled,2026-04-09 06:22:19.000000,,0.0,109.0,1,MATCHED,SHIPPING_PENDING
50906,40658,shipped,2026-02-21 11:18:26.000000,2026-02-22 00:53:26.000000,109.0,109.0,1,MATCHED,NORMAL
114506,91707,complete,2023-11-23 22:16:44.000000,2023-11-26 10:42:44.000000,115.0,115.0,1,MATCHED,NORMAL
118911,95182,complete,2022-01-03 08:39:17.000000,2022-01-05 22:35:17.000000,117.6,117.6,1,MATCHED,NORMAL
90286,72249,cancelled,2026-05-28 13:08:53.000000,,0.0,119.95,1,MATCHED,SHIPPING_PENDING
90304,72266,processing,2020-02-09 22:44:42.000000,,0.0,119.95,1,MATCHED,SHIPPING_PENDING
106115,85035,shipped,2022-10-03 19:55:00.000000,2022-10-04 00:04:00.000000,126.0,126.0,1,MATCHED,NORMAL
123288,98722,shipped,2025-11-16 23:24:40.000000,2025-11-17 02:15:40.000000,126.0,126.0,1,MATCHED,NORMAL
55365,44226,cancelled,2025-09-01 19:22:45.000000,,0.0,150.0,1,MATCHED,SHIPPING_PENDING
101692,81534,cancelled,2024-12-21 14:55:24.000000,,0.0,158.0,1,MATCHED,SHIPPING_PENDING
82683,66156,complete,2023-11-16 20:13:20.000000,2023-11-19 20:04:20.000000,159.0,159.0,1,MATCHED,NORMAL
62608,50031,complete,2022-05-14 17:24:59.000000,2022-05-16 03:33:59.000000,160.0,160.0,1,MATCHED,NORMAL
115900,92791,processing,2024-10-12 01:03:57.000000,,0.0,162.0,1,MATCHED,SHIPPING_PENDING
14658,11701,shipped,2022-01-04 06:01:02.000000,2022-01-05 08:41:02.000000,169.99,169.99,1,MATCHED,NORMAL
58358,46637,shipped,2021-08-05 07:11:51.000000,2021-08-06 15:10:51.000000,171.0,171.0,1,MATCHED,NORMAL
69733,55769,cancelled,2023-04-21 10:50:29.000000,,0.0,178.0,1,MATCHED,SHIPPING_PENDING
115727,92648,cancelled,2026-04-22 12:59:53.000000,,0.0,178.0,1,MATCHED,SHIPPING_PENDING
45623,36426,shipped,2020-04-10 11:28:24.000000,2020-04-11 22:41:24.000000,178.0,178.0,1,MATCHED,NORMAL
38407,30659,shipped,2024-04-23 06:21:53.000000,2024-04-24 15:19:53.000000,179.99,179.99,1,MATCHED,NORMAL
101194,81124,cancelled,2026-02-17 22:05:13.000000,,0.0,185.0,1,MATCHED,SHIPPING_PENDING
63885,51052,shipped,2023-01-10 02:49:19.000000,2023-01-11 09:10:19.000000,196.18,196.18,1,MATCHED,NORMAL
44444,35451,cancelled,2024-04-09 12:54:11.000000,,0.0,198.0,1,MATCHED,SHIPPING_PENDING
70419,56317,shipped,2023-06-07 06:11:37.000000,2023-06-08 21:52:37.000000,199.0,199.0,1,MATCHED,NORMAL
5627,4450,processing,2023-03-11 15:57:29.000000,,0.0,207.28,1,MATCHED,SHIPPING_PENDING
11278,8961,complete,2025-12-11 18:34:18.000000,2025-12-12 17:12:18.000000,731.5,731.5,3,MATCHED,NORMAL
120711,96622,shipped,2025-10-10 14:15:08.000000,2025-10-12 04:12:08.000000,228.0,228.0,1,MATCHED,NORMAL
113364,90750,returned,2026-05-31 01:16:52.000000,2026-06-01 07:56:52.000000,229.0,229.0,1,MATCHED,POTENTIAL CUT-OFF RISK
101264,81193,complete,2025-09-28 07:33:11.000000,2025-09-28 22:09:11.000000,345.0,345.0,1,MATCHED,NORMAL
-1,78441,complete,2026-06-16 12:50:00.000000,2026-06-18 11:50:00.000000,339.0,339.0,2,MATCHED,NORMAL
-30,63894,complete,2026-06-16 15:49:00.000000,2026-06-18 06:49:00.000000,316.0,316.0,3,MATCHED,NORMAL
-35,29124,"complete,returned",2026-06-16 15:31:00.000000,2026-06-18 10:31:00.000000,309.0,309.0,3,MATCHED,NORMAL
-37,31004,complete,2026-06-16 17:05:00.000000,2026-06-18 16:05:00.000000,144.0,144.0,2,MATCHED,NORMAL
-39,48860,complete,2026-06-16 14:15:00.000000,2026-06-18 13:15:00.000000,303.0,303.0,3,MATCHED,NORMAL
-49,40288,complete,2026-06-16 11:27:00.000000,2026-06-17 11:27:00.000000,270.0,270.0,2,MATCHED,NORMAL
-73,22164,complete,2026-06-16 15:55:00.000000,2026-06-17 19:55:00.000000,86.0,86.0,1,MATCHED,NORMAL
-74,39408,complete,2026-06-16 09:55:00.000000,2026-06-17 21:55:00.000000,183.0,183.0,2,MATCHED,NORMAL
-88,12487,"complete,shipped",2026-06-16 12:53:00.000000,2026-06-17 19:53:00.000000,438.0,438.0,3,MATCHED,NORMAL
-117,49571,"complete,returned",2026-06-16 12:57:00.000000,2026-06-18 04:57:00.000000,348.0,348.0,2,MATCHED,NORMAL
-147,20696,complete,2026-06-16 11:19:00.000000,2026-06-17 14:19:00.000000,133.0,133.0,2,MATCHED,NORMAL
-155,10187,"complete,shipped",2026-06-16 09:43:00.000000,2026-06-18 07:43:00.000000,200.0,200.0,2,MATCHED,NORMAL
-156,29319,complete,2026-06-16 16:28:00.000000,2026-06-18 08:28:00.000000,500.0,500.0,3,MATCHED,NORMAL
-164,45369,complete,2026-06-16 16:04:00.000000,2026-06-18 16:04:00.000000,197.0,197.0,1,MATCHED,NORMAL
-185,51744,"complete,shipped",2026-06-16 13:25:00.000000,2026-06-17 22:25:00.000000,314.0,314.0,3,MATCHED,NORMAL
-193,67034,complete,2026-06-16 11:35:00.000000,2026-06-17 23:35:00.000000,90.0,90.0,1,MATCHED,NORMAL
-213,4522,"complete,returned",2026-06-16 16:59:00.000000,2026-06-18 16:59:00.000000,163.0,163.0,2,MATCHED,NORMAL
-224,24480,returned,2026-06-16 14:22:00.000000,2026-06-17 22:22:00.000000,181.0,181.0,1,MATCHED,NORMAL
-232,40836,"complete,shipped",2026-06-16 13:36:00.000000,2026-06-17 17:36:00.000000,216.0,216.0,3,MATCHED,NORMAL
-254,87422,"complete,returned",2026-06-16 16:35:00.000000,2026-06-17 23:35:00.000000,167.0,167.0,2,MATCHED,NORMAL
-262,35438,complete,2026-06-16 17:04:00.000000,2026-06-17 21:04:00.000000,124.0,124.0,2,MATCHED,NORMAL
41881,33401,shipped,2020-04-08 18:37:20.000000,2020-04-10 02:05:20.000000,45.62,45.62,2,MATCHED,NORMAL
28572,22837,processing,2026-06-12 22:38:24.797747,,0.0,116.23,3,MATCHED,SHIPPING_PENDING
56423,45085,shipped,2025-02-13 10:06:50.000000,2025-02-15 22:48:50.000000,96.95,96.95,2,MATCHED,NORMAL
123379,98794,shipped,2026-01-15 08:04:21.000000,2026-01-16 04:16:21.000000,165.9,165.9,4,MATCHED,NORMAL
325,264,complete,2025-09-20 23:34:06.000000,2025-09-21 19:59:06.000000,4.04,4.04,1,MATCHED,NORMAL
53513,42728,complete,2024-04-10 02:06:38.000000,2024-04-12 01:29:38.000000,84.08,84.08,2,MATCHED,NORMAL
61842,49382,complete,2022-02-13 16:06:16.000000,2022-02-15 07:16:16.000000,182.89,182.89,4,MATCHED,NORMAL
68537,54839,shipped,2024-01-16 21:29:26.000000,2024-01-17 16:28:26.000000,71.97,71.97,3,MATCHED,NORMAL
15638,12487,complete,2025-05-19 00:51:38.000000,2025-05-19 10:11:38.000000,155.97,155.97,2,MATCHED,NORMAL
54234,43318,complete,2025-01-24 03:21:36.000000,2025-01-25 21:50:36.000000,70.94,70.94,2,MATCHED,NORMAL
18543,14771,returned,2025-08-17 13:39:29.000000,2025-08-20 07:10:29.000000,36.98,36.98,2,MATCHED,NORMAL
79527,63566,complete,2025-01-05 19:28:23.000000,2025-01-07 16:42:23.000000,40.2,40.2,3,MATCHED,NORMAL
78678,62887,cancelled,2026-06-16 02:53:16.758020,,0.0,69.77,3,MATCHED,SHIPPING_PENDING
8005,6402,complete,2022-06-10 14:37:38.000000,2022-06-12 06:27:38.000000,59.94,59.94,2,MATCHED,NORMAL
19257,15373,processing,2022-11-06 19:57:25.000000,,0.0,135.98,2,MATCHED,SHIPPING_PENDING
56937,45510,processing,2026-03-06 11:19:40.000000,,0.0,71.92,4,MATCHED,SHIPPING_PENDING
63417,50687,shipped,2024-10-27 20:46:05.000000,2024-10-29 22:53:05.000000,171.29,171.29,4,MATCHED,NORMAL
81084,64858,returned,2024-08-02 19:13:07.000000,2024-08-05 01:50:07.000000,7.9,7.9,1,MATCHED,NORMAL
1030,822,complete,2026-03-22 10:11:09.000000,2026-03-25 08:02:09.000000,156.57,156.57,2,MATCHED,NORMAL
34377,27438,shipped,2025-10-21 00:26:51.000000,2025-10-23 00:55:51.000000,91.99,91.99,2,MATCHED,NORMAL
66192,52918,cancelled,2025-10-11 02:48:16.000000,,0.0,8.0,1,MATCHED,SHIPPING_PENDING
53409,42642,processing,2025-05-02 07:06:13.000000,,0.0,158.98,2,MATCHED,SHIPPING_PENDING
13871,11039,cancelled,2022-09-17 22:23:52.000000,,0.0,20.33,2,MATCHED,SHIPPING_PENDING
72946,58351,complete,2024-08-15 10:54:48.000000,2024-08-17 18:02:48.000000,146.36,146.36,3,MATCHED,NORMAL
45203,36072,shipped,2024-05-26 06:07:45.000000,2024-05-27 14:31:45.000000,18.98,18.98,2,MATCHED,NORMAL
97419,78093,shipped,2024-03-18 07:19:15.000000,2024-03-18 09:25:15.000000,70.98,70.98,3,MATCHED,NORMAL
114401,91625,complete,2026-04-06 01:34:20.000000,2026-04-08 01:40:20.000000,9.0,9.0,1,MATCHED,NORMAL
100,81,processing,2026-03-09 21:57:44.000000,,0.0,283.79,4,MATCHED,SHIPPING_PENDING
105332,84430,shipped,2026-05-21 05:37:04.000000,2026-05-23 12:09:04.000000,104.78,104.78,4,MATCHED,NORMAL
101215,81144,complete,2025-07-06 10:44:58.000000,2025-07-08 14:28:58.000000,9.03,9.03,1,MATCHED,NORMAL
35586,28405,complete,2026-05-16 21:20:08.000000,2026-05-19 21:11:08.000000,87.1,87.1,4,MATCHED,NORMAL
44475,35476,cancelled,2023-09-11 01:31:12.000000,,0.0,50.35,2,MATCHED,SHIPPING_PENDING
77464,61926,returned,2026-05-30 05:06:35.000000,2026-06-01 01:58:35.000000,87.09,87.09,3,MATCHED,POTENTIAL CUT-OFF RISK
66523,53200,shipped,2023-05-29 00:35:29.000000,2023-05-29 08:28:29.000000,9.9,9.9,1,MATCHED,NORMAL
48477,38716,complete,2022-12-03 05:59:57.000000,2022-12-04 05:32:57.000000,9.99,9.99,1,MATCHED,NORMAL
83673,66956,processing,2025-03-07 18:01:53.000000,,0.0,127.99,2,MATCHED,SHIPPING_PENDING
17606,14009,returned,2020-09-19 13:15:52.000000,2020-09-19 15:52:52.000000,40.89,40.89,2,MATCHED,NORMAL
47572,38008,returned,2025-12-18 07:27:59.000000,2025-12-20 18:41:59.000000,59.98,59.98,2,MATCHED,NORMAL
14509,11574,shipped,2025-07-15 18:56:04.000000,2025-07-18 10:04:04.000000,9.99,9.99,1,MATCHED,NORMAL
104769,83981,complete,2024-01-25 02:04:07.000000,2024-01-26 04:49:07.000000,75.56,75.56,4,MATCHED,NORMAL
94642,75859,cancelled,2024-03-10 15:19:19.000000,,0.0,156.92,4,MATCHED,SHIPPING_PENDING
34777,27781,processing,2023-02-11 04:42:43.000000,,0.0,40.98,2,MATCHED,SHIPPING_PENDING
8239,6579,shipped,2025-11-27 03:19:53.000000,2025-11-28 12:58:53.000000,10.99,10.99,1,MATCHED,NORMAL
8199,6549,cancelled,2024-06-14 12:25:53.000000,,0.0,11.99,1,MATCHED,SHIPPING_PENDING
93229,74694,complete,2023-04-02 22:35:30.000000,2023-04-05 17:58:30.000000,384.99,384.99,4,MATCHED,NORMAL
67639,54114,returned,2024-02-24 22:37:55.000000,2024-02-25 22:47:55.000000,355.98,355.98,4,MATCHED,NORMAL
6204,4920,shipped,2019-10-31 12:52:23.000000,2019-11-01 00:30:23.000000,11.99,11.99,1,MATCHED,POTENTIAL CUT-OFF RISK
6856,5466,shipped,2024-09-24 13:10:44.000000,2024-09-27 11:58:44.000000,140.44,140.44,4,MATCHED,NORMAL
75429,60327,shipped,2026-05-10 17:07:31.000000,2026-05-11 07:45:31.000000,11.99,11.99,1,MATCHED,NORMAL
88604,70890,shipped,2026-06-08 22:57:29.000000,2026-06-09 03:06:29.000000,11.99,11.99,1,MATCHED,NORMAL
86581,69328,complete,2021-10-22 18:04:37.000000,2021-10-23 08:23:37.000000,12.0,12.0,1,MATCHED,NORMAL
62400,49840,returned,2025-12-25 20:51:34.000000,2025-12-27 19:56:34.000000,12.0,12.0,1,MATCHED,NORMAL
22330,17815,shipped,2024-12-17 20:26:57.000000,2024-12-20 02:23:57.000000,129.92,129.92,4,MATCHED,NORMAL
68227,54598,shipped,2026-04-12 10:50:40.000000,2026-04-14 00:36:40.000000,61.48,61.48,2,MATCHED,NORMAL
67308,53827,complete,2025-10-09 20:56:48.000000,2025-10-12 07:36:48.000000,12.64,12.64,1,MATCHED,NORMAL
9089,7253,cancelled,2024-01-30 15:46:04.000000,,0.0,12.99,1,MATCHED,SHIPPING_PENDING
76892,61483,cancelled,2024-01-21 15:37:30.000000,,0.0,12.99,1,MATCHED,SHIPPING_PENDING
56735,45340,complete,2024-12-24 01:05:48.000000,2024-12-25 10:13:48.000000,99.98,99.98,3,MATCHED,NORMAL
46266,36967,shipped,2024-12-12 13:01:39.000000,2024-12-12 22:36:39.000000,149.19,149.19,4,MATCHED,NORMAL
87382,69932,returned,2025-12-19 13:34:35.000000,2025-12-19 20:42:35.000000,13.0,13.0,1,MATCHED,NORMAL
57598,46042,processing,2025-05-29 14:33:40.000000,,0.0,13.01,1,MATCHED,SHIPPING_PENDING
19700,15729,complete,2020-06-04 21:30:08.000000,2020-06-06 00:41:08.000000,13.31,13.31,1,MATCHED,NORMAL
63901,51066,processing,2021-11-08 06:08:37.000000,,0.0,42.3,2,MATCHED,SHIPPING_PENDING
41080,32769,processing,2026-06-13 23:00:27.431640,,0.0,43.95,2,MATCHED,SHIPPING_PENDING
20038,16001,returned,2025-11-23 14:24:06.000000,2025-11-25 17:39:06.000000,13.5,13.5,1,MATCHED,NORMAL
30400,24273,shipped,2022-01-31 19:32:29.000000,2022-02-03 18:03:29.000000,72.5,72.5,2,MATCHED,POTENTIAL CUT-OFF RISK
85110,68101,processing,2026-06-04 10:11:51.000000,,0.0,139.19,4,MATCHED,SHIPPING_PENDING
95226,76326,shipped,2026-05-25 01:41:54.000000,2026-05-26 07:56:54.000000,30.74,30.74,2,MATCHED,NORMAL
40678,32476,returned,2023-05-07 11:59:51.000000,2023-05-08 15:45:51.000000,101.37,101.37,2,MATCHED,NORMAL
101036,80999,cancelled,2022-11-26 06:57:03.000000,,0.0,104.99,3,MATCHED,SHIPPING_PENDING
9773,7798,shipped,2025-10-19 22:44:50.000000,2025-10-21 13:34:50.000000,620.75,620.75,4,MATCHED,NORMAL
22360,17842,shipped,2026-06-13 17:07:30.000000,2026-06-16 04:17:30.000000,186.0,186.0,2,MATCHED,NORMAL
75304,60226,shipped,2024-04-08 03:38:18.000000,2024-04-10 13:20:18.000000,38.25,38.25,2,MATCHED,NORMAL
77408,61874,complete,2023-03-26 00:05:30.000000,2023-03-27 22:37:30.000000,146.4,146.4,2,MATCHED,NORMAL
69641,55693,shipped,2020-10-01 05:03:45.000000,2020-10-01 11:33:45.000000,38.86,38.86,2,MATCHED,NORMAL
87540,70061,cancelled,2025-11-30 15:48:08.000000,,0.0,14.99,1,MATCHED,SHIPPING_PENDING
9272,7391,complete,2026-02-04 07:31:57.000000,2026-02-06 19:43:57.000000,14.99,14.99,1,MATCHED,NORMAL
67868,54313,processing,2025-02-09 02:18:44.000000,,0.0,201.94,4,MATCHED,SHIPPING_PENDING
117016,93700,processing,2021-01-27 01:34:12.000000,,0.0,44.97,2,MATCHED,SHIPPING_PENDING
10411,8287,cancelled,2020-03-07 23:20:33.000000,,0.0,15.0,1,MATCHED,SHIPPING_PENDING
65678,52457,cancelled,2022-12-11 20:38:00.000000,,0.0,406.47,4,MATCHED,SHIPPING_PENDING
12213,9730,processing,2020-09-14 18:26:23.000000,,0.0,43.0,2,MATCHED,SHIPPING_PENDING
118000,94470,returned,2023-10-09 11:14:46.000000,2023-10-09 19:07:46.000000,15.0,15.0,1,MATCHED,NORMAL
52211,41676,shipped,2022-11-04 03:33:41.000000,2022-11-06 04:29:41.000000,525.76,525.76,4,MATCHED,NORMAL
3856,3055,shipped,2024-05-07 06:58:16.000000,2024-05-07 18:09:16.000000,50.27,50.27,2,MATCHED,NORMAL
124477,99664,processing,2023-05-29 13:50:22.000000,,0.0,15.52,1,MATCHED,SHIPPING_PENDING
90565,72473,complete,2024-07-31 04:23:09.000000,2024-08-02 05:03:09.000000,15.9,15.9,1,MATCHED,POTENTIAL CUT-OFF RISK
98991,79372,complete,2023-01-10 23:05:38.000000,2023-01-11 20:46:38.000000,194.87,194.87,4,MATCHED,NORMAL
57802,46198,returned,2025-05-31 08:20:51.000000,2025-06-01 04:47:51.000000,70.99,70.99,2,MATCHED,POTENTIAL CUT-OFF RISK
29436,23522,shipped,2022-02-02 20:11:52.000000,2022-02-05 14:10:52.000000,130.99,130.99,4,MATCHED,NORMAL
83259,66623,processing,2026-05-30 18:26:21.000000,,0.0,43.0,2,MATCHED,SHIPPING_PENDING
124025,99318,shipped,2024-10-06 19:07:07.000000,2024-10-07 02:13:07.000000,16.0,16.0,1,MATCHED,NORMAL
89251,71416,complete,2024-11-08 20:00:17.000000,2024-11-11 03:29:17.000000,139.74,139.74,4,MATCHED,NORMAL
39994,31938,returned,2026-05-13 10:14:24.000000,2026-05-15 14:59:24.000000,136.44,136.44,2,MATCHED,NORMAL
79182,63287,complete,2025-10-26 22:03:25.000000,2025-10-29 12:11:25.000000,152.74,152.74,4,MATCHED,NORMAL
116429,93213,processing,2026-04-23 01:55:45.000000,,0.0,131.94,3,MATCHED,SHIPPING_PENDING
73471,58764,processing,2023-12-26 05:14:36.000000,,0.0,16.99,1,MATCHED,SHIPPING_PENDING
24121,19276,returned,2022-06-26 00:14:50.000000,2022-06-26 06:09:50.000000,16.99,16.99,1,MATCHED,NORMAL
2459,1976,processing,2026-05-03 06:20:54.000000,,0.0,38.99,2,MATCHED,SHIPPING_PENDING
96788,77596,processing,2024-08-04 22:14:19.000000,,0.0,52.9,2,MATCHED,SHIPPING_PENDING
107582,86214,shipped,2026-06-05 15:46:55.000000,2026-06-06 10:44:55.000000,54.89,54.89,2,MATCHED,NORMAL
123857,99180,shipped,2024-03-12 01:09:10.000000,2024-03-12 08:02:10.000000,81.6,81.6,2,MATCHED,NORMAL
7042,5616,complete,2022-10-30 14:11:19.000000,2022-10-31 15:06:19.000000,73.0,73.0,2,MATCHED,NORMAL
68274,54642,processing,2026-05-26 05:23:24.000000,,0.0,157.99,4,MATCHED,SHIPPING_PENDING
62214,49699,shipped,2025-08-09 18:59:15.000000,2025-08-09 21:57:15.000000,18.0,18.0,1,MATCHED,NORMAL
76401,61092,shipped,2019-09-20 18:46:39.000000,2019-09-21 00:55:39.000000,52.99,52.99,2,MATCHED,NORMAL
120645,96569,shipped,2026-06-02 14:42:13.000000,2026-06-05 05:29:13.000000,127.7,127.7,4,MATCHED,NORMAL
84620,67705,cancelled,2023-01-12 14:18:32.000000,,0.0,158.55,4,MATCHED,SHIPPING_PENDING
88899,71139,complete,2023-12-21 10:00:57.000000,2023-12-21 10:37:57.000000,210.88,210.88,4,MATCHED,NORMAL
40876,32616,shipped,2022-08-27 07:08:41.000000,2022-08-30 03:58:41.000000,18.95,18.95,1,MATCHED,NORMAL
43517,34730,cancelled,2025-05-08 23:59:28.000000,,0.0,108.99,2,MATCHED,SHIPPING_PENDING
99155,79517,processing,2026-05-08 12:38:59.000000,,0.0,18.99,1,MATCHED,SHIPPING_PENDING
28249,22584,returned,2024-03-19 15:51:36.000000,2024-03-19 21:19:36.000000,260.96,260.96,3,MATCHED,NORMAL
67744,54210,processing,2026-01-11 22:34:35.000000,,0.0,453.78,4,MATCHED,SHIPPING_PENDING
55020,43950,processing,2022-10-21 11:22:13.000000,,0.0,19.95,1,MATCHED,SHIPPING_PENDING
74729,59752,cancelled,2025-12-18 15:53:16.000000,,0.0,88.97,2,MATCHED,SHIPPING_PENDING
36080,28787,cancelled,2025-08-07 07:12:22.000000,,0.0,283.99,2,MATCHED,SHIPPING_PENDING
84431,67554,cancelled,2025-10-16 03:15:53.000000,,0.0,19.99,1,MATCHED,SHIPPING_PENDING
86984,69628,cancelled,2026-05-18 03:45:36.000000,,0.0,113.88,4,MATCHED,SHIPPING_PENDING
15117,12061,processing,2023-07-07 00:53:04.000000,,0.0,56.94,2,MATCHED,SHIPPING_PENDING
47195,37711,processing,2026-03-23 00:05:21.000000,,0.0,19.99,1,MATCHED,SHIPPING_PENDING
50618,40454,processing,2026-06-15 17:14:58.480433,,0.0,104.99,2,MATCHED,SHIPPING_PENDING
73658,58914,processing,2026-02-25 19:01:00.000000,,0.0,112.99,3,MATCHED,SHIPPING_PENDING
65264,52124,returned,2023-07-10 06:21:15.000000,2023-07-10 13:57:15.000000,119.46,119.46,4,MATCHED,NORMAL
81220,64974,shipped,2025-12-02 23:14:23.000000,2025-12-05 22:10:23.000000,236.17,236.17,4,MATCHED,NORMAL
114786,91925,shipped,2024-04-30 10:58:57.000000,2024-05-01 11:22:57.000000,167.97,167.97,4,MATCHED,POTENTIAL CUT-OFF RISK
97712,78331,shipped,2023-02-27 08:38:18.000000,2023-02-27 23:03:18.000000,56.0,56.0,2,MATCHED,NORMAL
106001,84947,shipped,2026-05-04 06:48:51.000000,2026-05-05 11:51:51.000000,85.52,85.52,3,MATCHED,NORMAL
86050,68897,complete,2025-08-24 00:52:28.000000,2025-08-24 20:04:28.000000,113.07,113.07,2,MATCHED,NORMAL
82227,65805,cancelled,2023-01-19 23:18:38.000000,,0.0,146.34,2,MATCHED,SHIPPING_PENDING
102982,82572,shipped,2025-12-27 00:13:52.000000,2025-12-27 09:35:52.000000,237.06,237.06,4,MATCHED,NORMAL
33867,27018,processing,2021-10-02 06:00:56.000000,,0.0,21.87,1,MATCHED,SHIPPING_PENDING
36330,28982,cancelled,2023-01-13 04:18:00.000000,,0.0,21.95,1,MATCHED,SHIPPING_PENDING
85325,68275,shipped,2025-12-14 14:17:52.000000,2025-12-14 18:04:52.000000,94.98,94.98,3,MATCHED,NORMAL
60279,48141,complete,2024-09-27 02:13:23.000000,2024-09-28 00:38:23.000000,21.99,21.99,1,MATCHED,NORMAL
122754,98294,processing,2025-12-01 02:35:25.000000,,0.0,187.66,4,MATCHED,SHIPPING_PENDING
25883,20676,processing,2026-06-16 08:01:31.000000,,0.0,22.45,1,MATCHED,SHIPPING_PENDING
70762,56581,cancelled,2023-08-06 06:46:08.000000,,0.0,22.5,1,MATCHED,SHIPPING_PENDING
92957,74466,complete,2021-06-14 01:48:44.000000,2021-06-15 00:01:44.000000,326.23,326.23,4,MATCHED,NORMAL
57120,45668,complete,2023-12-25 17:42:35.000000,2023-12-26 07:40:35.000000,57.95,57.95,2,MATCHED,NORMAL
118977,95231,processing,2021-10-15 14:28:45.000000,,0.0,67.55,2,MATCHED,SHIPPING_PENDING
89504,71624,shipped,2024-10-24 04:07:02.000000,2024-10-26 21:07:02.000000,57.94,57.94,2,MATCHED,NORMAL
59657,47655,cancelled,2025-06-19 07:25:15.000000,,0.0,24.0,1,MATCHED,SHIPPING_PENDING
89357,71517,cancelled,2026-04-05 08:03:56.000000,,0.0,24.0,1,MATCHED,SHIPPING_PENDING
54453,43486,complete,2024-10-31 22:04:54.000000,2024-11-03 21:46:54.000000,172.23,172.23,4,MATCHED,POTENTIAL CUT-OFF RISK
47990,38340,cancelled,2023-10-08 06:56:37.000000,,0.0,68.12,2,MATCHED,SHIPPING_PENDING
94675,75890,cancelled,2026-05-17 11:36:06.000000,,0.0,24.99,1,MATCHED,SHIPPING_PENDING
104657,83875,processing,2025-12-21 23:25:16.000000,,0.0,24.99,1,MATCHED,SHIPPING_PENDING
82723,66191,returned,2025-06-05 12:38:33.000000,2025-06-06 04:00:33.000000,24.99,24.99,1,MATCHED,NORMAL
82844,66282,returned,2022-08-10 12:53:35.000000,2022-08-12 21:14:35.000000,202.98,202.98,4,MATCHED,NORMAL
100383,80504,shipped,2025-12-12 18:26:05.000000,2025-12-14 09:32:05.000000,287.98,287.98,4,MATCHED,NORMAL
11942,9498,cancelled,2024-06-25 19:51:58.000000,,0.0,177.09,4,MATCHED,SHIPPING_PENDING
46488,37140,cancelled,2025-07-07 13:29:41.000000,,0.0,138.84,3,MATCHED,SHIPPING_PENDING
54431,43470,cancelled,2026-01-09 08:30:03.000000,,0.0,148.98,3,MATCHED,SHIPPING_PENDING
104988,84141,cancelled,2024-11-18 02:05:28.000000,,0.0,363.24,4,MATCHED,SHIPPING_PENDING
106588,85428,cancelled,2022-12-31 02:44:27.000000,,0.0,79.0,2,MATCHED,SHIPPING_PENDING
70656,56497,complete,2024-03-10 07:17:45.000000,2024-03-12 02:14:45.000000,173.0,173.0,2,MATCHED,NORMAL
92786,74332,complete,2022-06-28 17:46:30.000000,2022-07-01 06:25:30.000000,25.0,25.0,1,MATCHED,POTENTIAL CUT-OFF RISK
94526,75762,complete,2024-10-11 22:33:14.000000,2024-10-14 03:43:14.000000,25.0,25.0,1,MATCHED,NORMAL
17357,13807,processing,2025-06-19 09:46:07.000000,,0.0,112.0,3,MATCHED,SHIPPING_PENDING
20368,16288,processing,2021-05-19 13:07:13.000000,,0.0,79.98,2,MATCHED,SHIPPING_PENDING
60420,48257,processing,2024-02-28 00:13:11.000000,,0.0,25.0,1,MATCHED,SHIPPING_PENDING
80759,64602,processing,2023-04-12 07:22:58.000000,,0.0,110.0,2,MATCHED,SHIPPING_PENDING
119491,95624,processing,2025-11-04 18:42:47.000000,,0.0,70.95,2,MATCHED,SHIPPING_PENDING
2303,1831,returned,2023-10-24 16:04:29.000000,2023-10-26 13:06:29.000000,55.0,55.0,2,MATCHED,NORMAL
62666,50070,returned,2026-06-15 04:59:05.000000,2026-06-15 14:58:05.000000,333.65,333.65,4,MATCHED,NORMAL
108367,86803,returned,2026-06-13 17:54:18.000000,2026-06-13 22:49:18.000000,82.95,82.95,2,MATCHED,NORMAL
24344,19453,shipped,2024-03-24 00:52:13.000000,2024-03-25 06:40:13.000000,25.0,25.0,1,MATCHED,NORMAL
30784,24575,shipped,2022-08-18 14:18:22.000000,2022-08-19 22:23:22.000000,194.98,194.98,2,MATCHED,NORMAL
48273,38567,shipped,2023-05-17 23:55:59.000000,2023-05-20 16:30:59.000000,25.0,25.0,1,MATCHED,NORMAL
48722,38894,shipped,2026-06-13 11:48:13.000000,2026-06-13 12:47:13.000000,115.64,115.64,3,MATCHED,NORMAL
50865,40624,shipped,2022-03-24 11:04:58.000000,2022-03-27 05:47:58.000000,25.0,25.0,1,MATCHED,NORMAL
117325,93960,shipped,2022-07-04 14:12:43.000000,2022-07-06 20:54:43.000000,283.95,283.95,3,MATCHED,NORMAL
92510,74079,processing,2024-09-14 03:48:01.000000,,0.0,25.2,1,MATCHED,SHIPPING_PENDING
72061,57627,complete,2026-03-11 19:33:53.000000,2026-03-14 15:32:53.000000,99.03,99.03,3,MATCHED,NORMAL
79168,63276,processing,2026-06-10 00:03:46.000000,,0.0,75.0,2,MATCHED,SHIPPING_PENDING
16577,13197,shipped,2019-09-06 03:05:35.000000,2019-09-07 12:46:35.000000,26.0,26.0,1,MATCHED,NORMAL
57752,46158,shipped,2024-12-28 11:58:43.000000,2024-12-28 19:13:43.000000,26.0,26.0,1,MATCHED,NORMAL
95892,76876,shipped,2025-12-08 05:26:30.000000,2025-12-09 12:01:30.000000,124.85,124.85,2,MATCHED,NORMAL
69857,55868,returned,2024-12-07 19:11:42.000000,2024-12-09 12:29:42.000000,26.47,26.47,1,MATCHED,NORMAL
56202,44907,processing,2024-11-26 03:40:01.000000,,0.0,96.59,2,MATCHED,SHIPPING_PENDING
86919,69584,complete,2024-05-24 14:31:11.000000,2024-05-26 23:49:11.000000,324.95,324.95,4,MATCHED,NORMAL
41093,32781,shipped,2021-06-29 09:02:08.000000,2021-06-30 22:12:08.000000,26.95,26.95,1,MATCHED,NORMAL
121790,97510,returned,2024-03-27 10:19:03.000000,2024-03-27 14:08:03.000000,58.33,58.33,2,MATCHED,NORMAL
14735,11760,cancelled,2022-10-26 14:41:02.000000,,0.0,27.8,1,MATCHED,SHIPPING_PENDING
112438,90024,complete,2026-01-03 17:23:58.000000,2026-01-06 09:01:58.000000,27.8,27.8,1,MATCHED,NORMAL
12358,9843,complete,2025-03-17 17:57:27.000000,2025-03-19 01:30:27.000000,67.99,67.99,2,MATCHED,NORMAL
37315,29800,shipped,2026-06-14 00:14:02.000000,2026-06-15 16:21:02.000000,28.82,28.82,1,MATCHED,NORMAL
61253,48931,shipped,2022-06-13 12:46:35.000000,2022-06-15 18:10:35.000000,78.94,78.94,2,MATCHED,NORMAL
2012,1616,cancelled,2024-07-23 18:40:21.000000,,0.0,93.95,2,MATCHED,SHIPPING_PENDING
95572,76614,complete,2025-04-05 09:37:17.000000,2025-04-05 12:12:17.000000,29.18,29.18,1,MATCHED,NORMAL
71039,56815,complete,2026-05-13 18:46:09.000000,2026-05-16 14:10:09.000000,67.6,67.6,2,MATCHED,NORMAL
34707,27720,complete,2025-02-02 03:23:09.000000,2025-02-04 16:03:09.000000,74.92,74.92,2,MATCHED,NORMAL
50850,40619,returned,2025-11-23 09:52:30.000000,2025-11-25 07:43:30.000000,75.5,75.5,2,MATCHED,NORMAL
95275,76358,shipped,2025-10-09 16:33:01.000000,2025-10-10 15:59:01.000000,29.9,29.9,1,MATCHED,NORMAL
22662,18093,cancelled,2025-04-24 05:24:03.000000,,0.0,254.98,3,MATCHED,SHIPPING_PENDING
11530,9161,complete,2026-06-14 08:27:55.912824,2026-06-16 16:45:55.912824,29.99,29.99,1,MATCHED,NORMAL
103812,83227,complete,2019-11-30 09:30:39.000000,2019-12-02 02:52:39.000000,99.49,99.49,2,MATCHED,POTENTIAL CUT-OFF RISK
114867,91986,complete,2023-03-23 17:37:10.000000,2023-03-25 18:53:10.000000,87.98,87.98,2,MATCHED,NORMAL
4850,3829,processing,2026-06-13 23:59:17.000000,,0.0,99.98,2,MATCHED,SHIPPING_PENDING
75184,60124,processing,2026-05-05 04:01:00.000000,,0.0,29.99,1,MATCHED,SHIPPING_PENDING
18478,14716,returned,2022-10-27 03:19:27.000000,2022-10-27 08:38:27.000000,158.17,158.17,3,MATCHED,NORMAL
95756,76767,returned,2019-10-24 17:24:40.000000,2019-10-26 00:13:40.000000,29.99,29.99,1,MATCHED,NORMAL
98685,79115,shipped,2024-07-17 22:17:54.000000,2024-07-19 01:26:54.000000,448.98,448.98,3,MATCHED,NORMAL
111237,89089,processing,2024-08-05 13:51:01.000000,,0.0,156.63,2,MATCHED,SHIPPING_PENDING
12286,9794,shipped,2021-10-22 20:28:15.000000,2021-10-23 09:34:15.000000,309.99,309.99,2,MATCHED,NORMAL
19968,15944,shipped,2025-07-30 11:26:00.000000,2025-07-31 17:06:00.000000,274.0,274.0,3,MATCHED,NORMAL
54486,43510,shipped,2025-04-24 13:58:08.000000,2025-04-27 08:37:08.000000,30.4,30.4,1,MATCHED,NORMAL
62980,50328,complete,2026-05-28 04:50:50.000000,2026-05-29 12:32:50.000000,30.9,30.9,1,MATCHED,NORMAL
40019,31957,processing,2024-12-28 12:02:53.000000,,0.0,725.9,2,MATCHED,SHIPPING_PENDING
120945,96821,processing,2026-02-03 02:23:40.000000,,0.0,73.68,2,MATCHED,SHIPPING_PENDING
25903,20696,complete,2026-06-08 22:41:00.000000,2026-06-10 01:41:00.000000,407.95,407.95,4,MATCHED,NORMAL
22466,17932,processing,2026-06-16 01:13:31.657868,,0.0,107.55,2,MATCHED,SHIPPING_PENDING
87789,70262,complete,2026-04-24 16:17:39.000000,2026-04-24 20:02:39.000000,120.98,120.98,3,MATCHED,NORMAL
8348,6671,processing,2025-08-16 03:44:01.000000,,0.0,31.99,1,MATCHED,SHIPPING_PENDING
121153,96982,processing,2026-04-13 18:37:43.000000,,0.0,91.99,2,MATCHED,SHIPPING_PENDING
90537,72450,returned,2021-01-14 20:36:00.000000,2021-01-17 12:26:00.000000,32.0,32.0,1,MATCHED,NORMAL
16486,13133,shipped,2021-12-30 14:22:47.000000,2022-01-02 11:48:47.000000,32.0,32.0,1,MATCHED,POTENTIAL CUT-OFF RISK
42253,33708,shipped,2022-07-31 13:33:48.000000,2022-08-03 09:22:48.000000,32.0,32.0,1,MATCHED,POTENTIAL CUT-OFF RISK
44724,35662,shipped,2026-05-30 13:29:45.000000,2026-05-31 12:49:45.000000,76.99,76.99,2,MATCHED,NORMAL
112201,89847,complete,2023-09-24 22:27:56.000000,2023-09-27 14:02:56.000000,150.95,150.95,3,MATCHED,NORMAL
108993,87316,processing,2026-01-03 17:58:54.000000,,0.0,32.5,1,MATCHED,SHIPPING_PENDING
12653,10066,processing,2026-05-23 01:31:44.000000,,0.0,102.9,2,MATCHED,SHIPPING_PENDING
82614,66097,cancelled,2026-05-10 16:32:49.000000,,0.0,96.99,2,MATCHED,SHIPPING_PENDING
46056,36790,shipped,2025-02-18 06:31:06.000000,2025-02-21 02:01:06.000000,104.06,104.06,3,MATCHED,NORMAL
74760,59776,shipped,2026-04-15 14:33:00.000000,2026-04-17 15:40:00.000000,33.0,33.0,1,MATCHED,NORMAL
81719,65402,processing,2019-10-19 04:59:13.000000,,0.0,33.68,1,MATCHED,SHIPPING_PENDING
95245,76337,cancelled,2025-11-20 10:44:10.000000,,0.0,33.97,1,MATCHED,SHIPPING_PENDING
79929,63887,processing,2025-11-12 07:00:28.000000,,0.0,33.97,1,MATCHED,SHIPPING_PENDING
100160,80347,cancelled,2023-02-22 05:58:39.000000,,0.0,34.0,1,MATCHED,SHIPPING_PENDING
33613,26824,complete,2024-07-27 21:18:34.000000,2024-07-29 03:46:34.000000,100.17,100.17,2,MATCHED,NORMAL
48978,39082,complete,2024-06-23 05:51:21.000000,2024-06-24 18:06:21.000000,628.99,628.99,4,MATCHED,NORMAL
24789,19797,processing,2024-12-22 02:12:06.000000,,0.0,34.0,1,MATCHED,SHIPPING_PENDING
98207,78736,shipped,2022-01-08 01:52:13.000000,2022-01-09 12:18:13.000000,902.7,902.7,4,MATCHED,NORMAL
6580,5224,processing,2026-01-04 07:40:15.000000,,0.0,69.83,2,MATCHED,SHIPPING_PENDING
73116,58478,processing,2024-04-07 23:26:13.000000,,0.0,263.95,2,MATCHED,SHIPPING_PENDING
3275,2610,shipped,2026-06-12 12:31:33.000000,2026-06-15 04:47:33.000000,195.33,195.33,2,MATCHED,NORMAL
10770,8588,cancelled,2026-06-06 00:19:10.000000,,0.0,154.41,3,MATCHED,SHIPPING_PENDING
124440,99636,complete,2023-01-04 06:51:52.000000,2023-01-06 23:43:52.000000,228.94,228.94,2,MATCHED,NORMAL
80999,64787,processing,2022-12-18 05:56:00.000000,,0.0,364.99,3,MATCHED,SHIPPING_PENDING
71114,56874,complete,2025-01-30 01:56:16.000000,2025-01-30 14:41:16.000000,35.0,35.0,1,MATCHED,NORMAL
39219,31327,cancelled,2022-07-10 19:16:13.000000,,0.0,35.67,1,MATCHED,SHIPPING_PENDING
62073,49595,complete,2025-04-27 21:58:13.000000,2025-04-30 08:04:13.000000,35.73,35.73,1,MATCHED,NORMAL
100822,80841,shipped,2021-08-30 18:27:34.000000,2021-09-02 10:09:34.000000,35.73,35.73,1,MATCHED,POTENTIAL CUT-OFF RISK
20417,16325,complete,2025-04-27 05:50:01.000000,2025-04-30 04:04:01.000000,220.9,220.9,2,MATCHED,NORMAL
53972,43118,cancelled,2026-03-10 12:29:28.000000,,0.0,939.0,2,MATCHED,SHIPPING_PENDING
65269,52130,processing,2024-01-06 09:25:59.000000,,0.0,194.33,2,MATCHED,SHIPPING_PENDING
57974,46330,returned,2024-12-26 21:29:34.000000,2024-12-29 15:20:34.000000,196.0,196.0,2,MATCHED,NORMAL
61765,49334,processing,2025-12-06 11:08:02.000000,,0.0,36.98,1,MATCHED,SHIPPING_PENDING
26525,21194,shipped,2024-05-18 03:40:46.000000,2024-05-18 10:52:46.000000,314.99,314.99,3,MATCHED,NORMAL
96218,77132,complete,2026-03-13 01:01:55.000000,2026-03-15 08:39:55.000000,91.96,91.96,2,MATCHED,NORMAL
93037,74531,cancelled,2022-03-03 03:05:31.000000,,0.0,37.99,1,MATCHED,SHIPPING_PENDING
115280,92294,returned,2023-02-09 05:19:07.000000,2023-02-10 14:49:07.000000,97.98,97.98,2,MATCHED,NORMAL
22068,17601,cancelled,2026-06-12 18:37:25.000000,,0.0,38.0,1,MATCHED,SHIPPING_PENDING
64790,51759,cancelled,2026-02-22 21:38:20.000000,,0.0,38.0,1,MATCHED,SHIPPING_PENDING
70584,56445,cancelled,2024-01-09 05:41:37.000000,,0.0,81.15,2,MATCHED,SHIPPING_PENDING
52180,41649,complete,2025-05-13 10:42:52.000000,2025-05-14 09:25:52.000000,38.0,38.0,1,MATCHED,NORMAL
93709,75088,complete,2025-03-12 00:33:19.000000,2025-03-13 11:20:19.000000,251.0,251.0,3,MATCHED,NORMAL
115961,92846,processing,2021-04-20 19:41:26.000000,,0.0,38.0,1,MATCHED,SHIPPING_PENDING
6196,4915,shipped,2023-11-07 00:55:05.000000,2023-11-08 15:16:05.000000,38.0,38.0,1,MATCHED,NORMAL
68239,54608,shipped,2020-03-20 04:19:52.000000,2020-03-20 20:28:52.000000,77.98,77.98,2,MATCHED,NORMAL
26084,20844,complete,2022-07-02 12:31:20.000000,2022-07-03 00:57:20.000000,38.19,38.19,1,MATCHED,NORMAL
100233,80405,shipped,2022-12-03 09:22:33.000000,2022-12-03 10:30:33.000000,165.0,165.0,3,MATCHED,NORMAL
121997,97678,complete,2026-01-16 10:49:14.000000,2026-01-18 17:00:14.000000,39.45,39.45,1,MATCHED,NORMAL
97448,78114,cancelled,2026-01-14 23:59:15.000000,,0.0,39.5,1,MATCHED,SHIPPING_PENDING
56690,45300,complete,2025-12-26 09:49:24.000000,2025-12-28 19:16:24.000000,89.45,89.45,2,MATCHED,NORMAL
62436,49869,complete,2026-04-21 05:56:48.000000,2026-04-22 06:34:48.000000,39.6,39.6,1,MATCHED,NORMAL
50583,40423,cancelled,2026-01-08 16:03:44.000000,,0.0,130.58,2,MATCHED,SHIPPING_PENDING
85434,68373,shipped,2025-10-19 17:08:32.000000,2025-10-19 18:54:32.000000,39.9,39.9,1,MATCHED,NORMAL
52208,41673,complete,2026-06-12 18:47:19.000000,2026-06-14 05:12:19.000000,87.98,87.98,2,MATCHED,NORMAL
65545,52347,processing,2025-10-16 15:33:09.000000,,0.0,379.12,4,MATCHED,SHIPPING_PENDING
70782,56599,shipped,2025-06-08 07:29:12.000000,2025-06-09 00:48:12.000000,129.49,129.49,2,MATCHED,NORMAL
118097,94556,shipped,2021-11-23 13:30:19.000000,2021-11-26 11:10:19.000000,39.99,39.99,1,MATCHED,NORMAL
43402,34637,returned,2026-03-19 18:27:06.000000,2026-03-22 15:20:06.000000,90.28,90.28,2,MATCHED,NORMAL
103502,82988,cancelled,2025-07-04 06:20:54.000000,,0.0,251.99,3,MATCHED,SHIPPING_PENDING
47215,37728,complete,2025-11-16 21:53:06.000000,2025-11-19 05:47:06.000000,221.99,221.99,3,MATCHED,NORMAL
45387,36231,returned,2024-04-13 16:54:21.000000,2024-04-14 11:01:21.000000,42.0,42.0,1,MATCHED,NORMAL
92291,73887,returned,2026-03-29 05:13:58.000000,2026-03-29 11:26:58.000000,42.0,42.0,1,MATCHED,NORMAL
60493,48310,shipped,2025-11-19 04:17:58.000000,2025-11-21 12:02:58.000000,279.69,279.69,4,MATCHED,NORMAL
101482,81367,processing,2025-03-22 14:05:01.000000,,0.0,91.6,2,MATCHED,SHIPPING_PENDING
2064,1651,shipped,2024-02-15 07:16:12.000000,2024-02-17 19:09:12.000000,42.5,42.5,1,MATCHED,NORMAL
105737,84753,complete,2020-11-02 22:22:33.000000,2020-11-03 18:47:33.000000,42.99,42.99,1,MATCHED,NORMAL
25743,20557,shipped,2023-04-01 19:42:50.000000,2023-04-03 22:34:50.000000,589.99,589.99,3,MATCHED,NORMAL
28817,23031,cancelled,2024-07-21 03:18:06.000000,,0.0,88.99,2,MATCHED,SHIPPING_PENDING
101891,81686,processing,2024-10-24 04:41:07.000000,,0.0,44.0,1,MATCHED,SHIPPING_PENDING
18444,14682,processing,2025-04-21 01:17:54.000000,,0.0,44.42,1,MATCHED,SHIPPING_PENDING
67378,53888,processing,2025-10-24 16:45:31.000000,,0.0,44.5,1,MATCHED,SHIPPING_PENDING
49737,39712,returned,2024-09-16 14:11:17.000000,2024-09-18 19:28:17.000000,220.98,220.98,3,MATCHED,NORMAL
79441,63498,shipped,2025-06-29 04:19:37.000000,2025-07-01 04:09:37.000000,44.99,44.99,1,MATCHED,POTENTIAL CUT-OFF RISK
32146,25661,returned,2023-03-01 09:09:27.000000,2023-03-04 04:30:27.000000,91.0,91.0,2,MATCHED,NORMAL
10652,8477,complete,2026-05-31 14:43:29.000000,2026-06-02 18:38:29.000000,46.0,46.0,1,MATCHED,POTENTIAL CUT-OFF RISK
17992,14332,cancelled,2022-10-28 08:14:08.000000,,0.0,290.61,4,MATCHED,SHIPPING_PENDING
726,586,processing,2023-05-20 22:25:26.000000,,0.0,47.0,1,MATCHED,SHIPPING_PENDING
106139,85061,complete,2023-06-18 04:12:29.000000,2023-06-18 13:04:29.000000,112.98,112.98,2,MATCHED,NORMAL
101065,81022,complete,2025-03-05 17:36:33.000000,2025-03-07 22:07:33.000000,133.0,133.0,2,MATCHED,NORMAL
63939,51088,shipped,2025-10-18 17:01:38.000000,2025-10-20 18:51:38.000000,127.99,127.99,2,MATCHED,NORMAL
110227,88294,shipped,2026-06-13 16:39:47.000000,2026-06-15 02:45:47.000000,48.0,48.0,1,MATCHED,NORMAL
373,301,shipped,2024-12-21 15:30:08.000000,2024-12-22 03:47:08.000000,48.95,48.95,1,MATCHED,NORMAL
16960,13504,shipped,2026-02-19 22:48:38.000000,2026-02-21 08:01:38.000000,473.96,473.96,2,MATCHED,NORMAL
51712,41301,shipped,2025-04-27 10:14:29.000000,2025-04-28 21:14:29.000000,114.44,114.44,2,MATCHED,NORMAL
112908,90392,processing,2025-04-10 21:37:28.000000,,0.0,48.98,1,MATCHED,SHIPPING_PENDING
40769,32541,processing,2024-04-11 00:18:45.000000,,0.0,49.0,1,MATCHED,SHIPPING_PENDING
43519,34732,shipped,2026-04-25 06:54:53.000000,2026-04-28 01:56:53.000000,170.0,170.0,2,MATCHED,NORMAL
33367,26610,processing,2025-09-12 19:15:35.000000,,0.0,104.5,2,MATCHED,SHIPPING_PENDING
113378,90764,processing,2026-04-18 11:17:54.000000,,0.0,109.49,2,MATCHED,SHIPPING_PENDING
2617,2087,returned,2024-11-04 10:31:57.000000,2024-11-05 01:14:57.000000,49.5,49.5,1,MATCHED,NORMAL
113713,91038,shipped,2026-06-15 17:48:06.396630,2026-06-18 11:17:06.396630,49.5,49.5,1,MATCHED,NORMAL
107868,86426,complete,2024-06-11 04:52:13.000000,2024-06-13 21:28:13.000000,227.44,227.44,3,MATCHED,NORMAL
113836,91134,shipped,2023-03-16 04:32:09.000000,2023-03-18 13:33:09.000000,49.95,49.95,1,MATCHED,NORMAL
66944,53536,cancelled,2023-05-24 21:36:59.000000,,0.0,49.99,1,MATCHED,SHIPPING_PENDING
77600,62047,cancelled,2025-01-08 20:53:43.000000,,0.0,49.99,1,MATCHED,SHIPPING_PENDING
66091,52824,complete,2021-10-25 00:21:25.000000,2021-10-25 08:20:25.000000,49.99,49.99,1,MATCHED,NORMAL
59254,47353,processing,2025-07-29 15:48:22.000000,,0.0,49.99,1,MATCHED,SHIPPING_PENDING
74250,59381,returned,2022-06-03 17:33:54.000000,2022-06-04 04:20:54.000000,49.99,49.99,1,MATCHED,NORMAL
62493,49926,shipped,2021-05-07 15:21:24.000000,2021-05-07 18:41:24.000000,49.99,49.99,1,MATCHED,NORMAL
120488,96445,shipped,2019-12-24 05:13:50.000000,2019-12-24 12:34:50.000000,49.99,49.99,1,MATCHED,NORMAL
45582,36390,complete,2025-04-09 11:44:50.000000,2025-04-11 22:45:50.000000,175.0,175.0,2,MATCHED,NORMAL
118682,95006,shipped,2025-05-29 14:50:23.000000,2025-05-31 08:33:23.000000,175.0,175.0,2,MATCHED,NORMAL
98668,79105,returned,2023-05-25 16:16:04.000000,2023-05-26 18:57:04.000000,52.0,52.0,1,MATCHED,NORMAL
27303,21829,complete,2023-09-20 13:38:29.000000,2023-09-22 14:53:29.000000,116.5,116.5,2,MATCHED,NORMAL
12702,10096,cancelled,2023-12-24 21:41:34.000000,,0.0,53.0,1,MATCHED,SHIPPING_PENDING
14055,11187,shipped,2026-03-23 10:07:20.000000,2026-03-26 07:05:20.000000,53.0,53.0,1,MATCHED,NORMAL
20953,16745,shipped,2022-07-21 19:39:03.000000,2022-07-24 07:56:03.000000,53.0,53.0,1,MATCHED,NORMAL
55825,44612,shipped,2023-01-04 20:01:12.000000,2023-01-05 12:07:12.000000,183.0,183.0,2,MATCHED,NORMAL
109124,87424,cancelled,2026-06-16 04:04:15.163126,,0.0,55.0,1,MATCHED,SHIPPING_PENDING
97643,78275,returned,2026-03-17 04:45:05.000000,2026-03-19 01:48:05.000000,206.06,206.06,3,MATCHED,NORMAL
49572,39563,shipped,2024-10-27 15:47:30.000000,2024-10-29 09:05:30.000000,55.0,55.0,1,MATCHED,NORMAL
108711,87075,shipped,2024-08-27 21:00:54.000000,2024-08-30 17:38:54.000000,55.0,55.0,1,MATCHED,NORMAL
54386,43433,shipped,2023-11-03 07:34:19.000000,2023-11-04 08:00:19.000000,581.79,581.79,4,MATCHED,NORMAL
24494,19556,complete,2026-05-10 01:07:54.000000,2026-05-10 13:42:54.000000,57.99,57.99,1,MATCHED,NORMAL
96771,77583,returned,2025-10-26 12:36:54.000000,2025-10-26 23:36:54.000000,57.99,57.99,1,MATCHED,NORMAL
8479,6779,complete,2026-01-14 05:13:34.000000,2026-01-16 23:56:34.000000,58.0,58.0,1,MATCHED,NORMAL
46262,36966,shipped,2026-04-04 08:50:15.000000,2026-04-05 05:53:15.000000,58.0,58.0,1,MATCHED,NORMAL
8788,7027,shipped,2026-02-23 05:39:54.000000,2026-02-25 06:56:54.000000,159.49,159.49,2,MATCHED,NORMAL
82756,66218,shipped,2022-05-12 10:20:20.000000,2022-05-14 05:36:20.000000,59.5,59.5,1,MATCHED,NORMAL
101182,81116,processing,2022-04-13 08:19:09.000000,,0.0,59.99,1,MATCHED,SHIPPING_PENDING
36919,29463,processing,2023-01-11 03:54:13.000000,,0.0,60.0,1,MATCHED,SHIPPING_PENDING
46956,37517,complete,2025-04-20 19:17:31.000000,2025-04-21 21:46:31.000000,61.0,61.0,1,MATCHED,NORMAL
46616,37243,complete,2020-10-19 17:01:43.000000,2020-10-20 03:27:43.000000,63.95,63.95,1,MATCHED,NORMAL
112125,89793,returned,2026-02-28 06:04:44.000000,2026-03-02 10:43:44.000000,63.95,63.95,1,MATCHED,POTENTIAL CUT-OFF RISK
60326,48183,processing,2026-02-16 08:56:37.000000,,0.0,64.5,1,MATCHED,SHIPPING_PENDING
66813,53427,shipped,2025-07-25 20:11:14.000000,2025-07-27 05:45:14.000000,64.95,64.95,1,MATCHED,NORMAL
119253,95448,cancelled,2024-02-27 03:21:31.000000,,0.0,344.95,3,MATCHED,SHIPPING_PENDING
116230,93058,processing,2022-06-30 22:31:54.000000,,0.0,65.0,1,MATCHED,SHIPPING_PENDING
62773,50162,processing,2026-04-28 16:45:09.000000,,0.0,65.17,1,MATCHED,SHIPPING_PENDING
48437,38688,returned,2021-06-05 13:21:34.000000,2021-06-07 10:16:34.000000,66.96,66.96,1,MATCHED,NORMAL
57886,46261,complete,2024-05-25 15:41:31.000000,2024-05-27 16:30:31.000000,68.0,68.0,1,MATCHED,NORMAL
110523,88515,complete,2025-05-11 17:56:26.000000,2025-05-13 00:01:26.000000,203.69,203.69,2,MATCHED,NORMAL
44759,35697,cancelled,2023-04-11 02:50:03.000000,,0.0,69.0,1,MATCHED,SHIPPING_PENDING
91159,72974,processing,2022-01-12 11:53:42.000000,,0.0,69.99,1,MATCHED,SHIPPING_PENDING
76629,61266,shipped,2025-05-31 06:51:16.000000,2025-06-01 11:05:16.000000,489.48,489.48,4,MATCHED,POTENTIAL CUT-OFF RISK
4558,3598,shipped,2022-06-19 22:21:01.000000,2022-06-20 14:34:01.000000,72.0,72.0,1,MATCHED,NORMAL
73969,59166,complete,2026-02-08 05:26:30.000000,2026-02-09 23:05:30.000000,78.0,78.0,1,MATCHED,NORMAL
30176,24105,shipped,2025-11-29 08:44:44.000000,2025-12-01 06:06:44.000000,78.0,78.0,1,MATCHED,POTENTIAL CUT-OFF RISK
4767,3778,shipped,2022-08-28 05:40:54.000000,2022-08-30 02:51:54.000000,79.5,79.5,1,MATCHED,NORMAL
106800,85585,shipped,2019-04-29 23:32:21.000000,2019-05-01 19:48:21.000000,79.5,79.5,1,MATCHED,POTENTIAL CUT-OFF RISK
54602,43606,cancelled,2023-09-28 03:49:05.000000,,0.0,79.99,1,MATCHED,SHIPPING_PENDING
115188,92225,shipped,2026-04-24 11:23:38.000000,2026-04-24 13:08:38.000000,80.0,80.0,1,MATCHED,NORMAL
10920,8706,processing,2024-07-06 01:03:54.000000,,0.0,83.84,1,MATCHED,SHIPPING_PENDING
99255,79583,returned,2022-05-25 16:14:48.000000,2022-05-27 08:01:48.000000,84.12,84.12,1,MATCHED,NORMAL
102408,82097,shipped,2025-03-27 05:47:38.000000,2025-03-28 19:36:38.000000,85.0,85.0,1,MATCHED,NORMAL
116701,93422,shipped,2025-12-04 10:30:07.000000,2025-12-06 02:00:07.000000,85.0,85.0,1,MATCHED,NORMAL
22107,17632,processing,2026-06-06 08:05:24.000000,,0.0,86.11,1,MATCHED,SHIPPING_PENDING
118673,95000,complete,2023-02-21 22:07:45.000000,2023-02-24 15:14:45.000000,88.0,88.0,1,MATCHED,NORMAL
53420,42652,processing,2019-10-06 02:51:06.000000,,0.0,88.0,1,MATCHED,SHIPPING_PENDING
112516,90089,processing,2020-10-22 03:39:55.000000,,0.0,88.0,1,MATCHED,SHIPPING_PENDING
20088,16044,shipped,2025-01-07 20:00:06.000000,2025-01-10 00:19:06.000000,198.0,198.0,2,MATCHED,NORMAL
102153,81893,returned,2026-04-15 20:59:14.000000,2026-04-18 08:22:14.000000,89.95,89.95,1,MATCHED,NORMAL
122863,98380,complete,2025-06-06 06:03:53.000000,2025-06-07 01:35:53.000000,89.99,89.99,1,MATCHED,NORMAL
80902,64715,complete,2025-07-01 00:28:37.000000,2025-07-01 21:04:37.000000,353.99,353.99,3,MATCHED,NORMAL
118963,95215,returned,2025-08-06 12:24:33.000000,2025-08-06 22:57:33.000000,996.82,996.82,2,MATCHED,NORMAL
101187,81121,cancelled,2023-01-21 16:40:32.000000,,0.0,98.0,1,MATCHED,SHIPPING_PENDING
113219,90642,complete,2025-10-15 06:00:27.000000,2025-10-16 15:08:27.000000,98.0,98.0,1,MATCHED,NORMAL
61221,48902,shipped,2023-05-23 14:48:01.000000,2023-05-26 05:51:01.000000,1002.99,1002.99,2,MATCHED,NORMAL
59923,47860,shipped,2024-08-06 18:19:23.000000,2024-08-06 20:49:23.000000,100.99,100.99,1,MATCHED,NORMAL
10592,8435,returned,2025-06-18 03:05:06.000000,2025-06-21 02:10:06.000000,109.0,109.0,1,MATCHED,NORMAL
17476,13917,shipped,2023-10-12 11:00:36.000000,2023-10-15 06:07:36.000000,109.0,109.0,1,MATCHED,NORMAL
18988,15155,shipped,2026-01-25 05:39:01.000000,2026-01-27 01:39:01.000000,109.0,109.0,1,MATCHED,NORMAL
55920,44687,cancelled,2026-06-13 20:52:58.254864,,0.0,109.91,1,MATCHED,SHIPPING_PENDING
117157,93820,processing,2025-04-12 12:41:11.000000,,0.0,110.0,1,MATCHED,SHIPPING_PENDING
6952,5546,processing,2023-09-22 21:17:09.000000,,0.0,118.0,1,MATCHED,SHIPPING_PENDING
22056,17594,returned,2024-06-04 11:46:49.000000,2024-06-06 23:22:49.000000,119.0,119.0,1,MATCHED,NORMAL
8340,6665,complete,2024-12-24 01:09:49.000000,2024-12-24 18:38:49.000000,119.95,119.95,1,MATCHED,NORMAL
23280,18595,shipped,2024-11-25 16:39:15.000000,2024-11-26 13:57:15.000000,119.95,119.95,1,MATCHED,NORMAL
113426,90801,cancelled,2021-12-26 00:13:02.000000,,0.0,121.0,1,MATCHED,SHIPPING_PENDING
62135,49637,complete,2025-05-15 11:07:48.000000,2025-05-16 10:08:48.000000,126.0,126.0,1,MATCHED,NORMAL
96385,77280,cancelled,2026-01-01 00:26:55.000000,,0.0,126.63,1,MATCHED,SHIPPING_PENDING
124778,99896,complete,2023-03-03 17:20:04.000000,2023-03-06 16:11:04.000000,129.88,129.88,1,MATCHED,NORMAL
4263,3383,complete,2026-02-14 06:04:24.000000,2026-02-14 17:19:24.000000,129.99,129.99,1,MATCHED,NORMAL
16456,13115,returned,2024-08-10 08:15:16.000000,2024-08-12 12:01:16.000000,133.0,133.0,1,MATCHED,NORMAL
10254,8176,shipped,2022-11-20 07:51:21.000000,2022-11-22 16:44:21.000000,405.49,405.49,2,MATCHED,NORMAL
4822,3812,shipped,2025-12-06 08:05:31.000000,2025-12-07 20:36:31.000000,142.8,142.8,1,MATCHED,NORMAL
111658,89428,cancelled,2023-10-30 13:43:37.000000,,0.0,147.5,1,MATCHED,SHIPPING_PENDING
25190,20118,complete,2026-04-21 23:23:59.000000,2026-04-22 01:57:59.000000,147.5,147.5,1,MATCHED,NORMAL
63736,50934,complete,2020-02-12 13:06:26.000000,2020-02-13 20:50:26.000000,149.99,149.99,1,MATCHED,NORMAL
12307,9807,cancelled,2025-11-10 12:15:18.000000,,0.0,150.0,1,MATCHED,SHIPPING_PENDING
2922,2312,returned,2022-11-13 14:45:28.000000,2022-11-15 17:19:28.000000,160.0,160.0,1,MATCHED,NORMAL
1639,1290,processing,2024-08-18 06:09:45.000000,,0.0,161.0,1,MATCHED,SHIPPING_PENDING
2956,2346,processing,2025-09-14 22:27:51.000000,,0.0,169.0,1,MATCHED,SHIPPING_PENDING
60377,48218,complete,2025-05-25 08:56:21.000000,2025-05-28 07:57:21.000000,178.0,178.0,1,MATCHED,NORMAL
98624,79073,complete,2023-10-24 23:27:58.000000,2023-10-25 19:55:58.000000,179.0,179.0,1,MATCHED,NORMAL
80346,64242,complete,2024-06-07 08:15:26.000000,2024-06-08 15:59:26.000000,483.0,483.0,2,MATCHED,NORMAL
118893,95170,shipped,2025-02-05 20:20:07.000000,2025-02-07 23:35:07.000000,189.5,189.5,1,MATCHED,NORMAL
58121,46450,shipped,2023-08-14 12:46:22.000000,2023-08-16 09:44:22.000000,193.95,193.95,1,MATCHED,NORMAL
70703,56534,returned,2024-05-02 01:27:26.000000,2024-05-04 08:26:26.000000,218.0,218.0,1,MATCHED,NORMAL
114086,91352,processing,2024-09-23 13:24:08.000000,,0.0,220.0,1,MATCHED,SHIPPING_PENDING
1370,1088,shipped,2023-11-28 19:30:49.000000,2023-11-29 07:21:49.000000,229.0,229.0,1,MATCHED,NORMAL
104033,83386,cancelled,2023-03-23 09:39:15.000000,,0.0,280.0,1,MATCHED,SHIPPING_PENDING
5673,4488,shipped,2024-09-06 18:27:14.000000,2024-09-09 00:05:14.000000,903.0,903.0,1,MATCHED,NORMAL
-24,44000,"complete,returned",2026-06-16 11:08:00.000000,2026-06-17 15:08:00.000000,203.0,203.0,2,MATCHED,NORMAL
-28,4415,complete,2026-06-16 12:18:00.000000,2026-06-17 16:18:00.000000,86.0,86.0,1,MATCHED,NORMAL
-55,66792,complete,2026-06-16 18:00:00.000000,2026-06-17 22:00:00.000000,79.0,79.0,1,MATCHED,NORMAL
-59,79437,"complete,shipped",2026-06-16 10:47:00.000000,2026-06-18 02:47:00.000000,127.0,127.0,2,MATCHED,NORMAL
-64,82302,complete,2026-06-16 10:22:00.000000,2026-06-17 18:22:00.000000,34.0,34.0,1,MATCHED,NORMAL
-77,42828,"complete,shipped",2026-06-16 15:26:00.000000,2026-06-18 03:26:00.000000,234.0,234.0,3,MATCHED,NORMAL
-95,34732,complete,2026-06-16 17:07:00.000000,2026-06-18 09:07:00.000000,284.0,284.0,2,MATCHED,NORMAL
-96,25205,"complete,shipped",2026-06-16 17:49:00.000000,2026-06-18 15:49:00.000000,275.0,275.0,3,MATCHED,NORMAL
-104,13672,returned,2026-06-16 14:59:00.000000,2026-06-17 19:59:00.000000,23.0,23.0,1,MATCHED,NORMAL
-119,3812,"complete,returned",2026-06-16 11:30:00.000000,2026-06-18 05:30:00.000000,388.0,388.0,3,MATCHED,NORMAL
-142,82273,complete,2026-06-16 09:09:00.000000,2026-06-17 20:09:00.000000,402.0,402.0,3,MATCHED,NORMAL
-178,26697,complete,2026-06-16 10:15:00.000000,2026-06-17 18:15:00.000000,304.0,304.0,3,MATCHED,NORMAL
-181,99678,complete,2026-06-16 16:04:00.000000,2026-06-17 20:04:00.000000,335.0,335.0,3,MATCHED,NORMAL
-199,53719,returned,2026-06-16 11:19:00.000000,2026-06-18 06:19:00.000000,197.0,197.0,2,MATCHED,NORMAL
-212,63221,"complete,shipped",2026-06-16 15:19:00.000000,2026-06-18 02:19:00.000000,65.0,65.0,2,MATCHED,NORMAL
-256,22977,"complete,shipped",2026-06-16 12:07:00.000000,2026-06-17 22:07:00.000000,290.0,290.0,3,MATCHED,NORMAL
-261,15547,complete,2026-06-16 16:14:00.000000,2026-06-18 12:14:00.000000,144.0,144.0,1,MATCHED,NORMAL
-299,61831,"complete,shipped",2026-06-16 14:28:00.000000,2026-06-18 12:28:00.000000,132.0,132.0,2,MATCHED,NORMAL
46986,37539,complete,2026-04-28 21:26:51.000000,2026-04-29 05:55:51.000000,94.9,94.9,3,MATCHED,NORMAL
83893,67147,shipped,2025-04-02 05:03:51.000000,2025-04-03 13:40:51.000000,49.39,49.39,3,MATCHED,NORMAL
93432,74878,processing,2024-09-23 05:15:19.000000,,0.0,32.45,2,MATCHED,SHIPPING_PENDING
34242,27320,shipped,2025-07-20 22:39:59.000000,2025-07-21 22:13:59.000000,121.79,121.79,4,MATCHED,NORMAL
9903,7897,processing,2025-04-20 03:58:38.000000,,0.0,3.8,1,MATCHED,SHIPPING_PENDING
20212,16150,complete,2023-09-02 18:06:27.000000,2023-09-02 20:59:27.000000,78.73,78.73,4,MATCHED,NORMAL
72292,57808,complete,2026-02-15 05:08:28.000000,2026-02-15 11:51:28.000000,177.89,177.89,3,MATCHED,NORMAL
34951,27923,shipped,2026-01-21 23:42:25.000000,2026-01-21 23:49:25.000000,169.49,169.49,3,MATCHED,NORMAL
55082,44000,shipped,2026-05-18 14:21:53.000000,2026-05-20 00:52:53.000000,203.97,203.97,2,MATCHED,NORMAL
55109,44022,shipped,2022-09-21 11:28:25.000000,2022-09-24 02:24:25.000000,30.81,30.81,2,MATCHED,NORMAL
118809,95100,shipped,2026-04-27 10:41:02.000000,2026-04-27 11:13:02.000000,42.95,42.95,3,MATCHED,NORMAL
18290,14566,complete,2024-09-04 02:22:47.000000,2024-09-05 21:03:47.000000,6.99,6.99,1,MATCHED,NORMAL
29465,23546,shipped,2025-10-28 02:36:37.000000,2025-10-29 14:09:37.000000,108.44,108.44,4,MATCHED,NORMAL
40117,32032,shipped,2024-07-26 03:43:03.000000,2024-07-28 03:45:03.000000,7.0,7.0,1,MATCHED,NORMAL
37891,30246,cancelled,2023-08-09 18:48:07.000000,,0.0,202.0,4,MATCHED,SHIPPING_PENDING
58515,46756,complete,2026-02-26 00:54:32.000000,2026-02-27 15:58:32.000000,150.7,150.7,4,MATCHED,NORMAL
80498,64377,complete,2022-04-03 16:56:02.000000,2022-04-04 05:10:02.000000,45.84,45.84,4,MATCHED,NORMAL
66525,53201,cancelled,2022-06-27 20:47:31.000000,,0.0,8.0,1,MATCHED,SHIPPING_PENDING
18782,14975,processing,2025-06-20 05:20:46.000000,,0.0,117.46,4,MATCHED,SHIPPING_PENDING
118174,94608,returned,2026-01-31 15:18:37.000000,2026-02-02 02:02:37.000000,21.91,21.91,2,MATCHED,POTENTIAL CUT-OFF RISK
24212,19348,returned,2026-04-17 19:48:59.000000,2026-04-18 17:39:59.000000,8.98,8.98,1,MATCHED,NORMAL
46280,36975,returned,2022-09-29 01:15:02.000000,2022-09-29 21:27:02.000000,8.98,8.98,1,MATCHED,NORMAL
79939,63896,returned,2025-06-04 07:25:54.000000,2025-06-06 19:13:54.000000,8.98,8.98,1,MATCHED,NORMAL
59669,47665,processing,2020-11-09 06:33:45.000000,,0.0,63.3,3,MATCHED,SHIPPING_PENDING
73829,59048,complete,2026-03-23 10:28:31.000000,2026-03-24 02:45:31.000000,9.03,9.03,1,MATCHED,NORMAL
19572,15621,processing,2023-06-30 00:57:27.000000,,0.0,9.9,1,MATCHED,SHIPPING_PENDING
88523,70814,complete,2025-12-01 19:43:48.000000,2025-12-02 16:26:48.000000,94.44,94.44,3,MATCHED,NORMAL
7328,5858,complete,2025-04-16 14:08:04.000000,2025-04-18 01:02:04.000000,324.44,324.44,4,MATCHED,NORMAL
118019,94485,complete,2024-08-05 02:20:36.000000,2024-08-07 15:30:36.000000,30.87,30.87,2,MATCHED,NORMAL
123107,98574,returned,2023-07-27 00:16:34.000000,2023-07-28 16:06:34.000000,74.99,74.99,2,MATCHED,NORMAL
81061,64835,shipped,2025-03-18 18:49:43.000000,2025-03-19 22:59:43.000000,180.49,180.49,4,MATCHED,NORMAL
110494,88490,shipped,2024-10-06 07:10:03.000000,2024-10-07 09:32:03.000000,24.61,24.61,2,MATCHED,NORMAL
102008,81779,complete,2026-05-19 08:22:37.000000,2026-05-21 03:15:37.000000,56.88,56.88,2,MATCHED,NORMAL
96959,77720,processing,2021-12-23 05:01:32.000000,,0.0,46.07,2,MATCHED,SHIPPING_PENDING
14628,11679,processing,2026-06-06 10:24:25.000000,,0.0,71.5,4,MATCHED,SHIPPING_PENDING
82198,65788,returned,2022-06-09 21:16:34.000000,2022-06-11 04:27:34.000000,35.51,35.51,2,MATCHED,NORMAL
88163,70526,complete,2024-01-26 19:39:27.000000,2024-01-27 03:37:27.000000,29.69,29.69,2,MATCHED,NORMAL
43778,34928,shipped,2024-06-07 03:14:52.000000,2024-06-08 09:17:52.000000,108.69,108.69,2,MATCHED,NORMAL
104177,83486,complete,2022-10-14 16:42:36.000000,2022-10-14 18:48:36.000000,153.24,153.24,4,MATCHED,NORMAL
64539,51557,returned,2023-05-09 09:03:17.000000,2023-05-10 02:07:17.000000,134.31,134.31,4,MATCHED,NORMAL
61491,49120,cancelled,2026-06-15 18:22:19.697152,,0.0,49.95,2,MATCHED,SHIPPING_PENDING
42917,34245,shipped,2024-07-10 03:33:22.000000,2024-07-10 11:54:22.000000,43.95,43.95,2,MATCHED,NORMAL
118800,95093,processing,2024-03-04 10:25:38.000000,,0.0,11.99,1,MATCHED,SHIPPING_PENDING
103344,82872,complete,2024-08-18 05:10:31.000000,2024-08-21 00:15:31.000000,12.0,12.0,1,MATCHED,NORMAL
33550,26764,shipped,2025-10-11 11:36:32.000000,2025-10-13 10:02:32.000000,12.0,12.0,1,MATCHED,NORMAL
46974,37532,shipped,2024-07-10 12:47:17.000000,2024-07-10 23:10:17.000000,26.99,26.99,2,MATCHED,NORMAL
3116,2492,processing,2019-10-31 22:35:08.000000,,0.0,476.35,4,MATCHED,SHIPPING_PENDING
78417,62689,complete,2025-04-05 09:56:54.000000,2025-04-07 00:30:54.000000,12.64,12.64,1,MATCHED,NORMAL
74614,59672,processing,2024-03-21 13:20:06.000000,,0.0,168.23,4,MATCHED,SHIPPING_PENDING
37384,29856,shipped,2026-02-10 18:53:06.000000,2026-02-11 20:15:06.000000,216.95,216.95,3,MATCHED,NORMAL
98478,78971,complete,2025-12-29 09:46:52.000000,2025-12-29 13:53:52.000000,12.99,12.99,1,MATCHED,NORMAL
85847,68718,processing,2026-05-15 23:51:28.000000,,0.0,290.94,3,MATCHED,SHIPPING_PENDING
62094,49612,shipped,2023-10-16 18:13:10.000000,2023-10-17 11:15:10.000000,72.94,72.94,2,MATCHED,NORMAL
117273,93925,shipped,2021-09-15 03:20:38.000000,2021-09-18 00:25:38.000000,160.99,160.99,2,MATCHED,NORMAL
85753,68629,returned,2024-01-10 12:23:18.000000,2024-01-10 16:14:18.000000,338.09,338.09,4,MATCHED,NORMAL
55004,43939,cancelled,2020-10-04 12:36:26.000000,,0.0,13.5,1,MATCHED,SHIPPING_PENDING
1953,1567,returned,2025-11-24 18:49:21.000000,2025-11-26 13:08:21.000000,75.71,75.71,2,MATCHED,NORMAL
21848,17436,complete,2025-12-08 01:01:26.000000,2025-12-10 03:13:26.000000,56.69,56.69,3,MATCHED,NORMAL
113453,90824,complete,2025-11-21 21:20:46.000000,2025-11-24 07:14:46.000000,13.75,13.75,1,MATCHED,NORMAL
37146,29655,shipped,2026-06-12 12:53:37.000000,2026-06-12 14:42:37.000000,101.78,101.78,4,MATCHED,NORMAL
70948,56742,complete,2022-08-01 01:54:00.000000,2022-08-02 15:05:00.000000,13.95,13.95,1,MATCHED,NORMAL
75057,60012,returned,2023-10-23 07:47:54.000000,2023-10-25 14:39:54.000000,126.93,126.93,4,MATCHED,NORMAL
22732,18150,complete,2023-11-21 21:54:52.000000,2023-11-24 08:10:52.000000,14.0,14.0,1,MATCHED,NORMAL
33118,26426,complete,2026-01-23 06:37:34.000000,2026-01-23 12:22:34.000000,213.95,213.95,3,MATCHED,NORMAL
25397,20293,processing,2026-04-17 07:34:28.000000,,0.0,32.0,2,MATCHED,SHIPPING_PENDING
77702,62127,shipped,2022-06-11 17:58:38.000000,2022-06-13 16:59:38.000000,43.99,43.99,2,MATCHED,NORMAL
70476,56356,complete,2025-03-08 20:15:30.000000,2025-03-10 06:54:30.000000,341.51,341.51,4,MATCHED,NORMAL
84422,67548,processing,2022-01-24 00:46:43.000000,,0.0,34.67,2,MATCHED,SHIPPING_PENDING
93285,74748,cancelled,2024-03-31 15:22:43.000000,,0.0,14.95,1,MATCHED,SHIPPING_PENDING
51654,41247,complete,2025-11-12 03:37:57.000000,2025-11-14 22:53:57.000000,14.95,14.95,1,MATCHED,NORMAL
28112,22469,cancelled,2025-02-21 02:20:47.000000,,0.0,14.99,1,MATCHED,SHIPPING_PENDING
53920,43059,complete,2026-06-08 12:12:17.000000,2026-06-09 08:37:17.000000,14.99,14.99,1,MATCHED,NORMAL
56875,45464,complete,2023-04-07 10:04:41.000000,2023-04-08 19:42:41.000000,281.23,281.23,4,MATCHED,NORMAL
64493,51525,complete,2023-06-19 05:45:49.000000,2023-06-20 17:03:49.000000,46.99,46.99,2,MATCHED,NORMAL
21468,17160,processing,2022-06-06 15:55:26.000000,,0.0,164.99,2,MATCHED,SHIPPING_PENDING
44121,35210,shipped,2026-05-24 10:09:36.000000,2026-05-25 11:46:36.000000,110.59,110.59,4,MATCHED,NORMAL
49156,39211,shipped,2022-04-28 08:40:28.000000,2022-04-28 20:20:28.000000,54.98,54.98,2,MATCHED,NORMAL
88147,70520,shipped,2025-11-08 11:40:03.000000,2025-11-09 06:19:03.000000,174.94,174.94,2,MATCHED,NORMAL
117632,94197,complete,2026-06-15 18:20:45.634624,2026-06-17 09:53:45.634624,15.0,15.0,1,MATCHED,NORMAL
71984,57570,processing,2025-09-12 00:26:26.000000,,0.0,105.45,2,MATCHED,SHIPPING_PENDING
42634,34019,shipped,2024-12-11 18:38:32.000000,2024-12-14 03:29:32.000000,94.86,94.86,2,MATCHED,NORMAL
91963,73643,shipped,2025-08-27 21:33:58.000000,2025-08-29 19:58:58.000000,169.99,169.99,3,MATCHED,NORMAL
51413,41051,processing,2023-03-22 06:55:57.000000,,0.0,115.98,2,MATCHED,SHIPPING_PENDING
33102,26408,cancelled,2019-08-09 14:56:25.000000,,0.0,522.0,4,MATCHED,SHIPPING_PENDING
113712,91035,shipped,2022-10-30 09:43:53.000000,2022-10-31 22:06:53.000000,36.94,36.94,2,MATCHED,NORMAL
120630,96556,cancelled,2023-06-03 13:25:20.000000,,0.0,176.97,3,MATCHED,SHIPPING_PENDING
68357,54697,processing,2021-02-28 04:33:30.000000,,0.0,16.99,1,MATCHED,SHIPPING_PENDING
8872,7087,shipped,2022-07-17 20:02:27.000000,2022-07-19 02:28:27.000000,177.44,177.44,4,MATCHED,NORMAL
56598,45216,shipped,2024-08-22 01:24:58.000000,2024-08-23 03:56:58.000000,215.0,215.0,2,MATCHED,NORMAL
57892,46265,shipped,2023-11-23 22:02:45.000000,2023-11-25 02:16:45.000000,63.19,63.19,2,MATCHED,NORMAL
103462,82962,returned,2026-05-29 23:22:21.000000,2026-05-31 22:01:21.000000,103.49,103.49,3,MATCHED,NORMAL
119979,96038,complete,2025-02-25 18:49:56.000000,2025-02-27 01:58:56.000000,151.05,151.05,2,MATCHED,NORMAL
61847,49388,returned,2025-09-20 01:21:01.000000,2025-09-21 22:04:01.000000,17.56,17.56,1,MATCHED,NORMAL
307,246,cancelled,2025-06-01 04:01:09.000000,,0.0,105.9,2,MATCHED,SHIPPING_PENDING
74045,59227,shipped,2021-08-13 08:11:07.000000,2021-08-15 23:02:07.000000,17.9,17.9,1,MATCHED,NORMAL
73665,58921,shipped,2026-03-04 08:08:41.000000,2026-03-05 14:53:41.000000,76.88,76.88,3,MATCHED,NORMAL
100506,80595,shipped,2025-08-08 05:41:42.000000,2025-08-09 09:34:42.000000,58.44,58.44,2,MATCHED,NORMAL
72340,57841,cancelled,2026-01-23 08:26:12.000000,,0.0,199.99,4,MATCHED,SHIPPING_PENDING
75915,60711,complete,2025-11-30 03:59:42.000000,2025-12-01 00:58:42.000000,62.9,62.9,2,MATCHED,POTENTIAL CUT-OFF RISK
115276,92291,complete,2023-05-23 03:11:53.000000,2023-05-23 18:55:53.000000,316.49,316.49,3,MATCHED,NORMAL
118331,94733,complete,2024-03-12 01:38:28.000000,2024-03-15 00:25:28.000000,66.0,66.0,2,MATCHED,NORMAL
66702,53332,returned,2025-06-16 20:20:39.000000,2025-06-19 17:22:39.000000,149.93,149.93,4,MATCHED,NORMAL
63321,50602,cancelled,2025-06-26 06:27:20.000000,,0.0,365.85,4,MATCHED,SHIPPING_PENDING
74405,59502,processing,2025-01-06 07:38:02.000000,,0.0,144.96,3,MATCHED,SHIPPING_PENDING
11100,8845,returned,2025-11-02 00:15:29.000000,2025-11-03 09:41:29.000000,91.37,91.37,3,MATCHED,NORMAL
7708,6172,processing,2021-07-16 22:26:11.000000,,0.0,63.99,2,MATCHED,SHIPPING_PENDING
63300,50585,processing,2026-06-09 00:44:49.000000,,0.0,18.99,1,MATCHED,SHIPPING_PENDING
30407,24279,cancelled,2022-12-11 08:20:24.000000,,0.0,19.99,1,MATCHED,SHIPPING_PENDING
65516,52327,cancelled,2023-02-04 02:10:14.000000,,0.0,47.49,2,MATCHED,SHIPPING_PENDING
96813,77620,cancelled,2021-10-16 04:51:29.000000,,0.0,97.37,2,MATCHED,SHIPPING_PENDING
31808,25411,complete,2025-04-06 20:17:48.000000,2025-04-08 12:56:48.000000,117.99,117.99,2,MATCHED,NORMAL
1745,1393,shipped,2024-10-28 16:22:30.000000,2024-10-30 03:47:30.000000,79.49,79.49,2,MATCHED,NORMAL
4490,3552,shipped,2024-12-07 04:37:26.000000,2024-12-10 03:27:26.000000,104.99,104.99,2,MATCHED,NORMAL
39420,31495,shipped,2026-06-11 23:36:32.000000,2026-06-12 10:36:32.000000,183.49,183.49,4,MATCHED,NORMAL
66047,52789,shipped,2025-01-10 08:42:45.000000,2025-01-10 12:39:45.000000,19.99,19.99,1,MATCHED,NORMAL
33194,26488,complete,2026-02-06 12:51:44.000000,2026-02-06 16:47:44.000000,20.0,20.0,1,MATCHED,NORMAL
50609,40445,complete,2026-06-10 18:24:46.000000,2026-06-10 19:43:46.000000,264.97,264.97,4,MATCHED,NORMAL
2575,2051,processing,2025-11-23 17:25:31.000000,,0.0,20.0,1,MATCHED,SHIPPING_PENDING
1646,1294,shipped,2025-09-13 19:25:55.000000,2025-09-15 20:08:55.000000,20.0,20.0,1,MATCHED,NORMAL
67592,54073,shipped,2026-06-16 01:26:44.587690,2026-06-17 14:12:44.587690,139.0,139.0,4,MATCHED,NORMAL
30471,24328,returned,2024-08-16 20:30:56.000000,2024-08-18 12:42:56.000000,190.93,190.93,2,MATCHED,NORMAL
88779,71033,processing,2022-02-26 22:12:21.000000,,0.0,238.95,4,MATCHED,SHIPPING_PENDING
97342,78023,shipped,2020-12-07 13:11:15.000000,2020-12-09 13:07:15.000000,20.99,20.99,1,MATCHED,NORMAL
108107,86604,processing,2026-04-08 21:35:50.000000,,0.0,144.88,4,MATCHED,SHIPPING_PENDING
52603,41977,complete,2025-09-29 05:00:26.000000,2025-10-01 05:08:26.000000,21.95,21.95,1,MATCHED,POTENTIAL CUT-OFF RISK
84387,67522,complete,2024-09-08 21:42:51.000000,2024-09-09 02:38:51.000000,289.95,289.95,2,MATCHED,NORMAL
76069,60835,shipped,2025-11-26 16:14:25.000000,2025-11-28 08:13:25.000000,116.95,116.95,3,MATCHED,NORMAL
114516,91712,shipped,2023-09-27 07:10:13.000000,2023-09-29 18:01:13.000000,21.95,21.95,1,MATCHED,NORMAL
58640,46857,complete,2025-03-12 10:25:40.000000,2025-03-14 13:30:40.000000,46.94,46.94,2,MATCHED,NORMAL
90376,72325,shipped,2025-02-06 08:32:28.000000,2025-02-07 11:36:28.000000,21.99,21.99,1,MATCHED,NORMAL
63466,50717,complete,2025-06-26 01:11:54.000000,2025-06-27 01:36:54.000000,84.39,84.39,3,MATCHED,NORMAL
42859,34201,shipped,2025-06-04 02:43:46.000000,2025-06-06 06:37:46.000000,22.5,22.5,1,MATCHED,NORMAL
100887,80885,returned,2023-06-21 13:55:59.000000,2023-06-22 12:38:59.000000,22.88,22.88,1,MATCHED,NORMAL
77337,61819,processing,2022-08-11 01:27:55.000000,,0.0,142.79,4,MATCHED,SHIPPING_PENDING
124774,99891,processing,2024-06-02 14:58:46.000000,,0.0,216.98,4,MATCHED,SHIPPING_PENDING
26834,21437,returned,2023-07-27 13:09:36.000000,2023-07-28 08:57:36.000000,22.99,22.99,1,MATCHED,NORMAL
124073,99367,complete,2025-01-20 16:01:59.000000,2025-01-21 13:07:59.000000,118.0,118.0,2,MATCHED,NORMAL
69200,55352,processing,2025-11-22 10:30:03.000000,,0.0,73.18,2,MATCHED,SHIPPING_PENDING
62008,49533,complete,2026-06-14 12:53:41.000000,2026-06-15 03:09:41.000000,113.69,113.69,2,MATCHED,NORMAL
106851,85623,returned,2022-02-06 06:55:30.000000,2022-02-07 19:15:30.000000,116.93,116.93,4,MATCHED,NORMAL
61638,49234,processing,2023-09-14 15:07:10.000000,,0.0,270.68,4,MATCHED,SHIPPING_PENDING
96210,77125,shipped,2025-12-23 03:06:24.000000,2025-12-26 02:31:24.000000,447.94,447.94,4,MATCHED,NORMAL
5761,4561,complete,2021-08-21 02:30:00.000000,2021-08-22 10:47:00.000000,24.0,24.0,1,MATCHED,NORMAL
57847,46232,complete,2025-10-09 12:03:25.000000,2025-10-10 14:31:25.000000,49.0,49.0,2,MATCHED,NORMAL
72038,57608,processing,2025-02-18 11:52:55.000000,,0.0,64.6,2,MATCHED,SHIPPING_PENDING
102075,81827,processing,2026-03-13 12:52:29.000000,,0.0,179.99,4,MATCHED,SHIPPING_PENDING
64475,51510,shipped,2026-04-17 04:54:09.000000,2026-04-17 16:25:09.000000,24.0,24.0,1,MATCHED,NORMAL
64725,51707,processing,2026-03-15 04:10:50.000000,,0.0,68.88,2,MATCHED,SHIPPING_PENDING
25935,20724,shipped,2022-05-12 03:21:43.000000,2022-05-12 21:08:43.000000,73.9,73.9,2,MATCHED,NORMAL
45937,36683,complete,2022-10-12 20:15:49.000000,2022-10-13 20:55:49.000000,24.99,24.99,1,MATCHED,NORMAL
88715,70991,processing,2025-06-16 19:12:33.000000,,0.0,314.98,4,MATCHED,SHIPPING_PENDING
18753,14947,returned,2024-08-19 20:50:27.000000,2024-08-20 08:51:27.000000,267.91,267.91,3,MATCHED,NORMAL
20591,16462,cancelled,2023-09-14 23:08:13.000000,,0.0,264.91,4,MATCHED,SHIPPING_PENDING
101590,81455,cancelled,2021-03-21 18:22:14.000000,,0.0,274.89,4,MATCHED,SHIPPING_PENDING
14723,11752,complete,2020-09-17 14:00:01.000000,2020-09-20 07:37:01.000000,25.0,25.0,1,MATCHED,NORMAL
26417,21113,complete,2022-05-01 10:22:27.000000,2022-05-03 22:45:27.000000,79.5,79.5,2,MATCHED,NORMAL
96990,77744,complete,2026-04-26 20:05:46.000000,2026-04-28 14:54:46.000000,104.5,104.5,2,MATCHED,NORMAL
124875,99978,complete,2021-05-08 13:29:05.000000,2021-05-09 15:49:05.000000,115.35,115.35,3,MATCHED,NORMAL
24950,19929,processing,2021-01-28 06:11:29.000000,,0.0,25.0,1,MATCHED,SHIPPING_PENDING
34285,27356,processing,2025-03-14 00:54:25.000000,,0.0,25.0,1,MATCHED,SHIPPING_PENDING
50227,40121,processing,2025-12-27 21:01:38.000000,,0.0,25.0,1,MATCHED,SHIPPING_PENDING
57165,45711,processing,2026-03-16 12:28:47.000000,,0.0,25.0,1,MATCHED,SHIPPING_PENDING
9648,7699,shipped,2023-08-05 11:16:29.000000,2023-08-08 01:53:29.000000,278.95,278.95,4,MATCHED,NORMAL
37831,30199,shipped,2020-07-09 19:10:28.000000,2020-07-12 05:57:28.000000,278.98,278.98,3,MATCHED,NORMAL
41399,33026,shipped,2026-04-02 05:36:04.000000,2026-04-03 18:46:04.000000,25.0,25.0,1,MATCHED,NORMAL
110096,88177,shipped,2025-11-22 18:55:10.000000,2025-11-24 22:27:10.000000,164.99,164.99,2,MATCHED,NORMAL
121643,97380,shipped,2025-04-17 17:18:15.000000,2025-04-18 14:37:15.000000,114.9,114.9,3,MATCHED,NORMAL
30367,24251,processing,2026-02-25 14:58:40.000000,,0.0,25.2,1,MATCHED,SHIPPING_PENDING
73562,58842,processing,2025-09-24 21:55:14.000000,,0.0,63.2,2,MATCHED,SHIPPING_PENDING
96338,77241,processing,2026-06-15 10:58:42.000000,,0.0,25.2,1,MATCHED,SHIPPING_PENDING
2623,2095,shipped,2024-05-24 16:14:13.000000,2024-05-26 01:07:13.000000,286.72,286.72,4,MATCHED,NORMAL
88758,71020,complete,2026-06-16 03:56:28.707867,2026-06-16 18:51:28.707867,86.44,86.44,2,MATCHED,NORMAL
85382,68320,processing,2020-05-17 01:42:35.000000,,0.0,26.95,1,MATCHED,SHIPPING_PENDING
89689,71760,returned,2025-06-20 18:23:30.000000,2025-06-23 13:27:30.000000,290.96,290.96,4,MATCHED,NORMAL
1312,1047,processing,2025-05-23 08:29:43.000000,,0.0,198.94,4,MATCHED,SHIPPING_PENDING
77341,61822,shipped,2026-03-21 02:50:40.000000,2026-03-23 01:32:40.000000,88.99,88.99,2,MATCHED,NORMAL
108051,86561,shipped,2023-12-28 09:04:54.000000,2023-12-29 06:20:54.000000,26.99,26.99,1,MATCHED,NORMAL
22498,17958,complete,2024-12-08 19:45:27.000000,2024-12-11 18:18:27.000000,344.5,344.5,4,MATCHED,NORMAL
74781,59791,processing,2020-11-21 04:28:17.000000,,0.0,96.0,2,MATCHED,SHIPPING_PENDING
101769,81592,shipped,2025-10-18 23:17:15.000000,2025-10-21 14:21:15.000000,144.69,144.69,3,MATCHED,NORMAL
38927,31101,complete,2026-01-05 04:50:42.000000,2026-01-05 19:39:42.000000,142.94,142.94,3,MATCHED,NORMAL
103624,83087,cancelled,2025-06-03 21:25:05.000000,,0.0,28.0,1,MATCHED,SHIPPING_PENDING
113764,91077,complete,2024-03-26 19:21:46.000000,2024-03-28 09:22:46.000000,129.99,129.99,3,MATCHED,NORMAL
62500,49933,shipped,2023-11-06 10:21:46.000000,2023-11-07 23:45:46.000000,28.49,28.49,1,MATCHED,NORMAL
61973,49502,cancelled,2023-04-14 13:53:09.000000,,0.0,29.0,1,MATCHED,SHIPPING_PENDING
117681,94240,complete,2023-06-03 06:32:17.000000,2023-06-04 10:00:17.000000,29.0,29.0,1,MATCHED,NORMAL
84062,67280,shipped,2026-03-16 03:26:33.000000,2026-03-16 11:19:33.000000,134.0,134.0,2,MATCHED,NORMAL
62144,49642,processing,2025-02-07 03:05:55.000000,,0.0,167.9,2,MATCHED,SHIPPING_PENDING
71302,57025,processing,2026-05-17 09:11:47.000000,,0.0,142.94,3,MATCHED,SHIPPING_PENDING
37270,29763,complete,2026-03-30 18:47:57.000000,2026-04-01 21:06:57.000000,119.99,119.99,2,MATCHED,POTENTIAL CUT-OFF RISK
120278,96275,complete,2026-04-04 10:31:35.000000,2026-04-05 15:24:35.000000,29.99,29.99,1,MATCHED,NORMAL
19245,15365,processing,2025-09-26 18:08:02.000000,,0.0,149.94,2,MATCHED,SHIPPING_PENDING
13255,10519,returned,2025-11-30 07:12:52.000000,2025-11-30 17:55:52.000000,119.9,119.9,2,MATCHED,NORMAL
77172,61692,returned,2026-04-23 04:46:34.000000,2026-04-24 18:55:34.000000,29.99,29.99,1,MATCHED,NORMAL
76414,61098,shipped,2021-11-24 00:37:21.000000,2021-11-26 20:44:21.000000,73.99,73.99,2,MATCHED,NORMAL
67083,53655,shipped,2026-03-03 03:35:50.000000,2026-03-05 23:40:50.000000,157.99,157.99,4,MATCHED,NORMAL
110415,88432,shipped,2024-03-30 09:42:20.000000,2024-03-30 11:12:20.000000,109.0,109.0,2,MATCHED,NORMAL
73715,58959,complete,2026-06-14 11:29:13.562132,2026-06-14 18:56:13.562132,31.68,31.68,1,MATCHED,NORMAL
14316,11412,complete,2025-11-15 21:08:34.000000,2025-11-17 12:58:34.000000,31.98,31.98,1,MATCHED,NORMAL
68021,54440,complete,2026-06-05 16:03:25.000000,2026-06-05 21:21:25.000000,31.98,31.98,1,MATCHED,NORMAL
28797,23013,complete,2020-01-29 11:03:40.000000,2020-02-01 03:45:40.000000,32.0,32.0,1,MATCHED,POTENTIAL CUT-OFF RISK
11783,9361,processing,2024-05-24 06:53:53.000000,,0.0,82.95,2,MATCHED,SHIPPING_PENDING
98920,79311,processing,2026-05-08 15:28:59.000000,,0.0,32.0,1,MATCHED,SHIPPING_PENDING
122622,98190,complete,2025-03-11 22:29:01.000000,2025-03-13 09:23:01.000000,32.5,32.5,1,MATCHED,NORMAL
62188,49676,returned,2025-06-24 09:30:50.000000,2025-06-27 01:42:50.000000,68.99,68.99,2,MATCHED,NORMAL
19389,15473,complete,2026-06-11 07:54:20.965016,2026-06-12 12:38:20.965016,80.59,80.59,2,MATCHED,NORMAL
106931,85687,complete,2022-07-18 19:31:27.000000,2022-07-19 08:37:27.000000,33.75,33.75,1,MATCHED,NORMAL
7973,6375,cancelled,2026-05-22 06:37:00.000000,,0.0,83.94,2,MATCHED,SHIPPING_PENDING
95351,76424,processing,2026-06-03 02:26:40.000000,,0.0,318.93,3,MATCHED,SHIPPING_PENDING
27489,21980,cancelled,2019-05-16 03:57:02.000000,,0.0,209.94,4,MATCHED,SHIPPING_PENDING
28972,23161,shipped,2026-06-08 03:22:38.000000,2026-06-09 20:24:38.000000,206.95,206.95,4,MATCHED,NORMAL
69609,55664,complete,2021-05-09 07:40:26.000000,2021-05-10 03:27:26.000000,99.07,99.07,2,MATCHED,NORMAL
2112,1685,shipped,2026-04-28 16:30:30.000000,2026-05-01 06:00:30.000000,34.31,34.31,1,MATCHED,POTENTIAL CUT-OFF RISK
15395,12280,complete,2024-12-04 03:27:16.000000,2024-12-04 23:48:16.000000,34.45,34.45,1,MATCHED,NORMAL
84683,67755,shipped,2025-11-07 05:43:04.000000,2025-11-09 16:49:04.000000,34.95,34.95,1,MATCHED,NORMAL
10681,8507,cancelled,2026-05-11 02:43:24.000000,,0.0,34.99,1,MATCHED,SHIPPING_PENDING
16217,12929,cancelled,2022-06-11 19:44:41.000000,,0.0,131.99,3,MATCHED,SHIPPING_PENDING
39716,31715,processing,2025-08-02 13:20:32.000000,,0.0,130.44,3,MATCHED,SHIPPING_PENDING
24335,19443,complete,2024-04-04 16:41:44.000000,2024-04-07 09:34:44.000000,133.0,133.0,2,MATCHED,NORMAL
75845,60664,complete,2022-06-29 08:56:06.000000,2022-06-30 00:20:06.000000,248.44,248.44,4,MATCHED,NORMAL
60134,48018,shipped,2026-04-06 10:27:14.000000,2026-04-08 07:22:14.000000,35.0,35.0,1,MATCHED,NORMAL
115033,92103,shipped,2026-05-08 06:59:08.000000,2026-05-10 11:44:08.000000,182.95,182.95,3,MATCHED,NORMAL
35102,28031,returned,2024-08-15 17:47:22.000000,2024-08-16 07:29:22.000000,105.99,105.99,2,MATCHED,NORMAL
29397,23491,shipped,2023-05-19 21:25:54.000000,2023-05-22 20:11:54.000000,195.99,195.99,2,MATCHED,NORMAL
63471,50723,complete,2021-09-23 02:44:11.000000,2021-09-25 19:37:11.000000,91.45,91.45,2,MATCHED,NORMAL
116957,93648,complete,2026-01-16 20:08:52.000000,2026-01-19 09:51:52.000000,136.5,136.5,2,MATCHED,NORMAL
80049,63989,shipped,2026-05-28 22:24:31.000000,2026-05-29 18:02:31.000000,177.95,177.95,2,MATCHED,NORMAL
73369,58682,cancelled,2022-06-04 05:18:58.000000,,0.0,81.79,2,MATCHED,SHIPPING_PENDING
121022,96889,complete,2023-10-07 00:07:26.000000,2023-10-08 01:48:26.000000,38.0,38.0,1,MATCHED,NORMAL
122633,98197,processing,2024-12-28 23:23:54.000000,,0.0,38.0,1,MATCHED,SHIPPING_PENDING
5100,4039,cancelled,2024-11-28 17:11:10.000000,,0.0,38.5,1,MATCHED,SHIPPING_PENDING
11389,9054,shipped,2026-04-18 11:01:08.000000,2026-04-21 08:50:08.000000,108.9,108.9,2,MATCHED,NORMAL
64559,51571,shipped,2026-03-20 01:12:18.000000,2026-03-20 14:06:18.000000,39.0,39.0,1,MATCHED,NORMAL
81198,64955,shipped,2022-10-28 07:02:58.000000,2022-10-30 16:27:58.000000,39.45,39.45,1,MATCHED,NORMAL
80369,64271,cancelled,2023-11-07 05:30:28.000000,,0.0,233.45,2,MATCHED,SHIPPING_PENDING
99491,79798,complete,2023-12-14 23:52:48.000000,2023-12-16 02:43:48.000000,39.5,39.5,1,MATCHED,NORMAL
77449,61916,processing,2021-09-12 08:14:42.000000,,0.0,133.95,3,MATCHED,SHIPPING_PENDING
12203,9720,complete,2026-02-09 02:37:17.000000,2026-02-10 12:06:17.000000,102.24,102.24,2,MATCHED,NORMAL
56136,44855,processing,2024-04-23 06:46:43.000000,,0.0,174.88,2,MATCHED,SHIPPING_PENDING
94507,75748,cancelled,2022-08-08 11:45:19.000000,,0.0,39.9,1,MATCHED,SHIPPING_PENDING
71438,57137,complete,2025-10-17 10:05:51.000000,2025-10-20 08:07:51.000000,99.94,99.94,2,MATCHED,NORMAL
64426,51470,shipped,2026-06-15 09:31:49.094003,2026-06-16 06:38:49.094003,149.94,149.94,3,MATCHED,NORMAL
80221,64129,cancelled,2025-03-02 15:02:42.000000,,0.0,303.97,2,MATCHED,SHIPPING_PENDING
113906,91193,complete,2023-01-09 18:52:55.000000,2023-01-11 22:41:55.000000,39.99,39.99,1,MATCHED,NORMAL
117148,93814,processing,2022-01-16 09:34:21.000000,,0.0,39.99,1,MATCHED,SHIPPING_PENDING
82672,66143,returned,2024-12-26 20:06:52.000000,2024-12-29 09:37:52.000000,82.49,82.49,2,MATCHED,NORMAL
102551,82214,shipped,2025-09-07 18:49:57.000000,2025-09-08 16:52:57.000000,204.49,204.49,3,MATCHED,NORMAL
105676,84704,shipped,2023-11-05 17:19:55.000000,2023-11-06 09:32:55.000000,39.99,39.99,1,MATCHED,NORMAL
37143,29654,returned,2025-06-17 13:29:28.000000,2025-06-18 04:31:28.000000,40.0,40.0,1,MATCHED,NORMAL
35128,28054,shipped,2022-11-30 14:25:16.000000,2022-12-01 23:59:16.000000,119.95,119.95,2,MATCHED,POTENTIAL CUT-OFF RISK
83448,66785,returned,2026-02-09 12:14:11.000000,2026-02-11 19:51:11.000000,40.28,40.28,1,MATCHED,NORMAL
75577,60444,shipped,2026-05-12 05:46:30.000000,2026-05-15 04:46:30.000000,426.25,426.25,4,MATCHED,NORMAL
9425,7518,returned,2023-09-17 01:54:54.000000,2023-09-19 03:16:54.000000,42.0,42.0,1,MATCHED,NORMAL
22702,18124,shipped,2026-01-24 20:00:44.000000,2026-01-25 02:55:44.000000,42.0,42.0,1,MATCHED,NORMAL
50839,40609,complete,2024-04-24 19:32:41.000000,2024-04-26 15:15:41.000000,42.5,42.5,1,MATCHED,NORMAL
28714,22954,cancelled,2025-01-31 20:06:26.000000,,0.0,42.95,1,MATCHED,SHIPPING_PENDING
118815,95105,complete,2021-04-22 19:36:07.000000,2021-04-25 18:00:07.000000,326.98,326.98,4,MATCHED,NORMAL
24873,19869,processing,2026-04-02 06:41:39.000000,,0.0,42.99,1,MATCHED,SHIPPING_PENDING
99868,80111,returned,2026-05-31 13:57:53.000000,2026-06-02 06:35:53.000000,42.99,42.99,1,MATCHED,POTENTIAL CUT-OFF RISK
26617,21273,processing,2023-05-06 01:44:08.000000,,0.0,43.2,1,MATCHED,SHIPPING_PENDING
60430,48264,complete,2022-01-16 13:42:25.000000,2022-01-16 19:08:25.000000,93.95,93.95,2,MATCHED,NORMAL
112048,89727,returned,2023-07-08 16:44:25.000000,2023-07-09 13:03:25.000000,44.0,44.0,1,MATCHED,NORMAL
42481,33899,complete,2025-03-09 10:53:53.000000,2025-03-10 11:05:53.000000,163.13,163.13,2,MATCHED,NORMAL
93087,74567,cancelled,2023-12-24 06:49:46.000000,,0.0,309.46,4,MATCHED,SHIPPING_PENDING
64255,51335,processing,2025-12-18 14:22:59.000000,,0.0,44.51,1,MATCHED,SHIPPING_PENDING
32982,26311,shipped,2025-11-29 21:37:39.000000,2025-12-01 11:50:39.000000,116.98,116.98,2,MATCHED,POTENTIAL CUT-OFF RISK
109564,87781,complete,2025-12-30 08:07:43.000000,2025-12-30 08:25:43.000000,383.99,383.99,3,MATCHED,NORMAL
5351,4231,processing,2026-05-13 08:24:45.000000,,0.0,45.0,1,MATCHED,SHIPPING_PENDING
65946,52707,processing,2025-01-03 12:43:47.000000,,0.0,98.0,2,MATCHED,SHIPPING_PENDING
33294,26559,returned,2025-06-20 04:18:56.000000,2025-06-22 08:39:56.000000,171.0,171.0,2,MATCHED,NORMAL
32036,25588,shipped,2026-04-07 15:00:58.000000,2026-04-08 12:25:58.000000,45.0,45.0,1,MATCHED,NORMAL
38591,30813,shipped,2024-09-20 11:59:13.000000,2024-09-22 00:50:13.000000,46.0,46.0,1,MATCHED,NORMAL
71027,56805,complete,2026-05-19 04:11:30.000000,2026-05-21 23:05:30.000000,46.88,46.88,1,MATCHED,NORMAL
94598,75823,shipped,2026-04-13 17:03:13.000000,2026-04-14 11:42:13.000000,130.83,130.83,2,MATCHED,NORMAL
105484,84557,cancelled,2021-01-08 02:41:15.000000,,0.0,100.0,2,MATCHED,SHIPPING_PENDING
88358,70686,returned,2025-09-23 03:27:01.000000,2025-09-23 16:05:01.000000,48.0,48.0,1,MATCHED,NORMAL
73430,58733,complete,2025-09-20 04:46:18.000000,2025-09-21 23:09:18.000000,48.99,48.99,1,MATCHED,NORMAL
38966,31138,complete,2023-01-07 15:36:38.000000,2023-01-09 08:01:38.000000,289.24,289.24,4,MATCHED,NORMAL
60829,48573,shipped,2025-11-10 22:23:52.000000,2025-11-11 22:07:52.000000,49.95,49.95,1,MATCHED,NORMAL
100063,80277,shipped,2024-12-21 11:30:47.000000,2024-12-22 11:54:47.000000,246.4,246.4,4,MATCHED,NORMAL
92809,74349,complete,2026-06-14 03:20:56.702162,2026-06-16 05:21:56.702162,49.99,49.99,1,MATCHED,NORMAL
17616,14019,returned,2026-06-02 07:18:04.000000,2026-06-02 17:08:04.000000,49.99,49.99,1,MATCHED,NORMAL
17909,14261,returned,2025-05-04 10:08:10.000000,2025-05-04 14:04:10.000000,49.99,49.99,1,MATCHED,NORMAL
123102,98570,complete,2026-03-25 13:44:31.000000,2026-03-28 04:42:31.000000,50.0,50.0,1,MATCHED,NORMAL
34352,27413,shipped,2026-03-03 06:40:13.000000,2026-03-04 05:51:13.000000,50.0,50.0,1,MATCHED,NORMAL
77979,62340,complete,2026-05-16 21:43:22.000000,2026-05-18 04:00:22.000000,273.34,273.34,4,MATCHED,NORMAL
92488,74065,cancelled,2023-10-11 19:09:01.000000,,0.0,121.5,2,MATCHED,SHIPPING_PENDING
123811,99148,processing,2025-03-24 12:44:02.000000,,0.0,52.0,1,MATCHED,SHIPPING_PENDING
38804,31001,complete,2023-08-26 02:23:29.000000,2023-08-26 14:47:29.000000,53.94,53.94,1,MATCHED,NORMAL
92084,73724,complete,2024-04-09 12:40:03.000000,2024-04-09 17:51:03.000000,54.5,54.5,1,MATCHED,NORMAL
103514,82997,complete,2026-06-15 16:10:41.007930,2026-06-18 15:41:41.007930,54.95,54.95,1,MATCHED,NORMAL
123735,99083,complete,2023-10-27 12:42:02.000000,2023-10-27 20:43:02.000000,264.98,264.98,2,MATCHED,NORMAL
27662,22126,cancelled,2022-12-19 06:01:01.000000,,0.0,55.0,1,MATCHED,SHIPPING_PENDING
47969,38329,cancelled,2026-03-12 08:53:09.000000,,0.0,55.0,1,MATCHED,SHIPPING_PENDING
19355,15450,complete,2026-02-25 00:28:19.000000,2026-02-27 12:38:19.000000,55.0,55.0,1,MATCHED,NORMAL
87268,69851,shipped,2023-03-26 07:55:12.000000,2023-03-27 13:48:12.000000,153.0,153.0,2,MATCHED,NORMAL
105973,84928,shipped,2024-02-29 23:50:52.000000,2024-03-03 00:15:52.000000,412.5,412.5,3,MATCHED,POTENTIAL CUT-OFF RISK
109737,87911,shipped,2023-08-03 15:40:10.000000,2023-08-05 02:15:10.000000,55.0,55.0,1,MATCHED,NORMAL
42377,33813,cancelled,2021-10-03 00:11:03.000000,,0.0,517.77,4,MATCHED,SHIPPING_PENDING
65487,52302,shipped,2026-04-03 06:49:01.000000,2026-04-05 11:59:01.000000,55.65,55.65,1,MATCHED,NORMAL
73123,58484,cancelled,2026-06-01 22:28:29.000000,,0.0,180.95,2,MATCHED,SHIPPING_PENDING
108580,86966,complete,2025-12-29 12:12:26.000000,2025-12-30 12:27:26.000000,57.5,57.5,1,MATCHED,NORMAL
32273,25762,cancelled,2023-04-22 02:09:08.000000,,0.0,122.95,2,MATCHED,SHIPPING_PENDING
105155,84278,shipped,2021-08-17 12:44:06.000000,2021-08-18 12:43:06.000000,57.95,57.95,1,MATCHED,NORMAL
22708,18129,shipped,2024-02-03 15:58:21.000000,2024-02-06 11:30:21.000000,129.98,129.98,2,MATCHED,NORMAL
59292,47385,shipped,2025-04-01 14:14:58.000000,2025-04-03 09:13:58.000000,57.99,57.99,1,MATCHED,NORMAL
5871,4648,complete,2025-05-31 14:25:18.000000,2025-06-02 17:02:18.000000,117.99,117.99,2,MATCHED,POTENTIAL CUT-OFF RISK
87634,70132,shipped,2026-02-13 22:36:08.000000,2026-02-16 02:21:08.000000,138.98,138.98,2,MATCHED,NORMAL
4972,3927,processing,2021-10-26 14:45:01.000000,,0.0,59.45,1,MATCHED,SHIPPING_PENDING
119843,95928,complete,2026-01-20 20:43:57.000000,2026-01-22 18:53:57.000000,59.5,59.5,1,MATCHED,NORMAL
17465,13907,shipped,2024-09-14 08:01:51.000000,2024-09-15 17:50:51.000000,59.95,59.95,1,MATCHED,NORMAL
52179,41649,complete,2025-08-30 07:32:40.000000,2025-08-31 20:13:40.000000,60.0,60.0,1,MATCHED,NORMAL
114282,91515,shipped,2020-12-09 02:33:54.000000,2020-12-11 17:52:54.000000,60.0,60.0,1,MATCHED,NORMAL
109113,87418,shipped,2023-06-08 15:19:12.000000,2023-06-09 17:53:12.000000,125.27,125.27,2,MATCHED,NORMAL
77155,61680,complete,2022-07-11 01:48:54.000000,2022-07-11 08:07:54.000000,357.29,357.29,4,MATCHED,NORMAL
7347,5875,processing,2022-11-21 08:54:02.000000,,0.0,304.99,4,MATCHED,SHIPPING_PENDING
95636,76665,shipped,2023-11-10 19:18:24.000000,2023-11-13 18:09:24.000000,63.99,63.99,1,MATCHED,NORMAL
92677,74240,complete,2026-06-14 23:52:50.000000,2026-06-15 16:31:50.000000,64.95,64.95,1,MATCHED,NORMAL
83777,67037,cancelled,2023-12-27 12:02:52.000000,,0.0,64.99,1,MATCHED,SHIPPING_PENDING
49435,39441,complete,2024-06-07 10:48:30.000000,2024-06-09 21:53:30.000000,65.0,65.0,1,MATCHED,NORMAL
38998,31157,cancelled,2026-04-24 19:28:29.000000,,0.0,68.0,1,MATCHED,SHIPPING_PENDING
35220,28117,processing,2025-07-08 06:58:18.000000,,0.0,68.69,1,MATCHED,SHIPPING_PENDING
76029,60806,shipped,2020-07-23 19:16:38.000000,2020-07-24 10:47:38.000000,223.0,223.0,2,MATCHED,NORMAL
48884,39015,returned,2025-11-21 02:00:06.000000,2025-11-21 16:56:06.000000,69.5,69.5,1,MATCHED,NORMAL
51195,40895,returned,2025-03-15 22:32:58.000000,2025-03-18 17:39:58.000000,69.5,69.5,1,MATCHED,NORMAL
36060,28764,shipped,2019-08-17 19:51:57.000000,2019-08-19 03:56:57.000000,69.5,69.5,1,MATCHED,NORMAL
99197,79545,complete,2026-05-29 13:50:13.000000,2026-06-01 00:28:13.000000,69.99,69.99,1,MATCHED,POTENTIAL CUT-OFF RISK
13529,10754,processing,2022-10-23 19:51:09.000000,,0.0,69.99,1,MATCHED,SHIPPING_PENDING
39650,31666,processing,2026-04-06 02:31:22.000000,,0.0,212.99,2,MATCHED,SHIPPING_PENDING
118512,94879,shipped,2025-09-20 16:18:38.000000,2025-09-23 02:46:38.000000,69.99,69.99,1,MATCHED,NORMAL
107998,86521,shipped,2026-06-13 22:32:31.690160,2026-06-16 09:27:31.690160,159.79,159.79,2,MATCHED,NORMAL
100967,80940,complete,2025-08-05 01:17:48.000000,2025-08-05 21:22:48.000000,78.0,78.0,1,MATCHED,NORMAL
106337,85237,shipped,2024-03-17 03:02:05.000000,2024-03-17 18:04:05.000000,78.0,78.0,1,MATCHED,NORMAL
4276,3391,complete,2025-12-09 18:47:26.000000,2025-12-11 22:18:26.000000,248.99,248.99,2,MATCHED,NORMAL
109121,87422,returned,2026-05-15 03:35:58.000000,2026-05-16 21:20:58.000000,79.5,79.5,1,MATCHED,NORMAL
55166,44075,processing,2025-01-11 06:08:01.000000,,0.0,79.99,1,MATCHED,SHIPPING_PENDING
87606,70112,shipped,2025-10-20 03:39:37.000000,2025-10-22 20:20:37.000000,169.94,169.94,2,MATCHED,NORMAL
15691,12529,complete,2026-05-12 16:21:26.000000,2026-05-14 18:21:26.000000,80.99,80.99,1,MATCHED,NORMAL
4755,3769,shipped,2022-12-08 17:47:22.000000,2022-12-09 11:05:22.000000,81.38,81.38,1,MATCHED,NORMAL
39816,31797,shipped,2025-05-25 16:48:48.000000,2025-05-26 17:30:48.000000,209.4,209.4,2,MATCHED,NORMAL
115714,92633,shipped,2026-05-16 01:16:21.000000,2026-05-16 13:50:21.000000,85.0,85.0,1,MATCHED,NORMAL
101179,81116,shipped,2022-11-18 11:37:19.000000,2022-11-18 16:08:19.000000,89.99,89.99,1,MATCHED,NORMAL
9360,7460,processing,2022-09-24 19:09:40.000000,,0.0,94.95,1,MATCHED,SHIPPING_PENDING
112826,90324,processing,2025-01-18 21:22:17.000000,,0.0,94.99,1,MATCHED,SHIPPING_PENDING
65649,52435,complete,2025-02-09 11:44:35.000000,2025-02-10 11:09:35.000000,98.0,98.0,1,MATCHED,NORMAL
74476,59562,shipped,2025-04-23 09:07:57.000000,2025-04-24 19:58:57.000000,98.0,98.0,1,MATCHED,NORMAL
70421,56318,shipped,2026-05-19 03:04:16.000000,2026-05-20 10:11:16.000000,327.5,327.5,2,MATCHED,NORMAL
62694,50099,shipped,2023-01-10 08:09:49.000000,2023-01-12 05:04:49.000000,98.75,98.75,1,MATCHED,NORMAL
40518,32349,shipped,2026-05-27 08:00:16.000000,2026-05-28 22:56:16.000000,224.0,224.0,2,MATCHED,NORMAL
90826,72688,shipped,2026-03-19 19:30:05.000000,2026-03-21 07:19:05.000000,99.99,99.99,1,MATCHED,NORMAL
107103,85833,returned,2026-05-22 15:06:47.000000,2026-05-25 06:53:47.000000,100.99,100.99,1,MATCHED,NORMAL
93848,75209,returned,2025-03-31 03:34:21.000000,2025-03-31 06:14:21.000000,103.68,103.68,1,MATCHED,NORMAL
968,777,shipped,2025-04-13 12:25:53.000000,2025-04-13 20:01:53.000000,265.33,265.33,2,MATCHED,NORMAL
122854,98374,shipped,2022-04-23 05:34:34.000000,2022-04-26 04:30:34.000000,108.0,108.0,1,MATCHED,NORMAL
112937,90417,complete,2025-03-06 01:08:46.000000,2025-03-07 01:19:46.000000,109.0,109.0,1,MATCHED,NORMAL
80210,64121,complete,2020-12-12 19:26:03.000000,2020-12-13 04:06:03.000000,110.0,110.0,1,MATCHED,NORMAL
34710,27723,complete,2026-03-23 01:12:40.000000,2026-03-23 13:14:40.000000,112.86,112.86,1,MATCHED,NORMAL
67209,53757,returned,2025-04-20 10:37:29.000000,2025-04-21 10:25:29.000000,114.75,114.75,1,MATCHED,NORMAL
3346,2659,complete,2025-11-22 23:34:08.000000,2025-11-25 02:19:08.000000,119.99,119.99,1,MATCHED,NORMAL
120707,96617,shipped,2026-03-14 08:12:23.000000,2026-03-14 13:22:23.000000,121.0,121.0,1,MATCHED,NORMAL
1679,1336,processing,2026-06-15 10:12:07.434390,,0.0,126.63,1,MATCHED,SHIPPING_PENDING
53539,42759,processing,2023-12-12 03:51:47.000000,,0.0,128.0,1,MATCHED,SHIPPING_PENDING
18798,14990,returned,2022-01-25 08:59:39.000000,2022-01-25 23:02:39.000000,132.0,132.0,1,MATCHED,NORMAL
38497,30732,returned,2024-01-28 20:52:04.000000,2024-01-30 19:52:04.000000,132.0,132.0,1,MATCHED,NORMAL
21154,16921,processing,2026-03-09 22:57:16.000000,,0.0,142.8,1,MATCHED,SHIPPING_PENDING
106029,84971,shipped,2026-05-23 23:30:58.000000,2026-05-26 17:55:58.000000,161.0,161.0,1,MATCHED,NORMAL
47053,37595,processing,2026-03-01 03:13:27.000000,,0.0,179.99,1,MATCHED,SHIPPING_PENDING
45841,36597,shipped,2025-11-25 21:46:40.000000,2025-11-26 19:18:40.000000,195.0,195.0,1,MATCHED,NORMAL
9372,7465,processing,2025-11-26 10:33:05.000000,,0.0,196.0,1,MATCHED,SHIPPING_PENDING
117585,94162,shipped,2024-12-06 19:48:43.000000,2024-12-08 14:52:43.000000,199.0,199.0,1,MATCHED,NORMAL
67246,53781,complete,2025-10-02 00:05:41.000000,2025-10-04 15:32:41.000000,239.99,239.99,1,MATCHED,NORMAL
77117,61657,complete,2019-11-02 16:04:48.000000,2019-11-03 13:31:48.000000,264.0,264.0,1,MATCHED,NORMAL
121176,97000,processing,2020-10-08 19:11:39.000000,,0.0,264.0,1,MATCHED,SHIPPING_PENDING
114048,91321,processing,2024-08-14 02:09:41.000000,,0.0,265.99,1,MATCHED,SHIPPING_PENDING
9901,7897,shipped,2024-11-20 19:41:50.000000,2024-11-21 16:06:50.000000,265.99,265.99,1,MATCHED,NORMAL
27976,22362,processing,2026-05-03 05:12:12.000000,,0.0,280.0,1,MATCHED,SHIPPING_PENDING
19746,15768,processing,2022-07-12 15:42:44.000000,,0.0,300.0,1,MATCHED,SHIPPING_PENDING
123855,99178,complete,2026-06-15 18:21:45.626561,2026-06-17 09:47:45.626561,399.0,399.0,1,MATCHED,NORMAL
114121,91386,processing,2023-06-28 02:28:52.000000,,0.0,399.0,1,MATCHED,SHIPPING_PENDING
-13,96853,returned,2026-06-16 09:15:00.000000,2026-06-17 21:15:00.000000,356.0,356.0,3,MATCHED,NORMAL
-26,92648,complete,2026-06-16 15:15:00.000000,2026-06-18 12:15:00.000000,181.0,181.0,1,MATCHED,NORMAL
-46,41810,complete,2026-06-16 13:28:00.000000,2026-06-18 06:28:00.000000,370.0,370.0,3,MATCHED,NORMAL
-51,86826,complete,2026-06-16 13:24:00.000000,2026-06-18 06:24:00.000000,33.0,33.0,1,MATCHED,NORMAL
-66,99852,complete,2026-06-16 12:53:00.000000,2026-06-18 03:53:00.000000,52.0,52.0,2,MATCHED,NORMAL
-68,55664,complete,2026-06-16 16:14:00.000000,2026-06-17 23:14:00.000000,181.0,181.0,1,MATCHED,NORMAL
-83,90484,"complete,shipped",2026-06-16 15:55:00.000000,2026-06-18 05:55:00.000000,365.0,365.0,3,MATCHED,NORMAL
-86,35260,complete,2026-06-16 11:32:00.000000,2026-06-18 06:32:00.000000,21.0,21.0,1,MATCHED,NORMAL
-106,42170,complete,2026-06-16 15:17:00.000000,2026-06-17 23:17:00.000000,270.0,270.0,2,MATCHED,NORMAL
-108,88721,complete,2026-06-16 14:57:00.000000,2026-06-17 16:57:00.000000,141.0,141.0,1,MATCHED,NORMAL
-109,34592,complete,2026-06-16 15:16:00.000000,2026-06-18 02:16:00.000000,135.0,135.0,1,MATCHED,NORMAL
-121,57640,complete,2026-06-16 17:06:00.000000,2026-06-18 06:06:00.000000,200.0,200.0,2,MATCHED,NORMAL
-171,75401,"complete,returned",2026-06-16 09:48:00.000000,2026-06-17 12:48:00.000000,197.0,197.0,3,MATCHED,NORMAL
-186,93930,complete,2026-06-16 12:46:00.000000,2026-06-17 20:46:00.000000,76.0,76.0,1,MATCHED,NORMAL
-242,23323,"complete,returned",2026-06-16 12:12:00.000000,2026-06-18 10:12:00.000000,156.0,156.0,2,MATCHED,NORMAL
-264,40445,complete,2026-06-16 13:22:00.000000,2026-06-17 20:22:00.000000,120.0,120.0,2,MATCHED,NORMAL
-290,61926,complete,2026-06-16 16:35:00.000000,2026-06-18 12:35:00.000000,375.0,375.0,3,MATCHED,NORMAL
-297,89800,"complete,returned",2026-06-16 17:58:00.000000,2026-06-18 15:58:00.000000,159.0,159.0,2,MATCHED,NORMAL
49331,39360,shipped,2026-05-19 09:24:03.000000,2026-05-20 10:03:03.000000,209.48,209.48,2,MATCHED,NORMAL
92204,73830,processing,2024-09-02 08:52:39.000000,,0.0,4.13,1,MATCHED,SHIPPING_PENDING
56047,44792,shipped,2026-04-10 12:44:50.000000,2026-04-10 18:32:50.000000,4.13,4.13,1,MATCHED,NORMAL
107938,86481,processing,2025-01-04 14:33:59.000000,,0.0,219.7,4,MATCHED,SHIPPING_PENDING
16488,13133,returned,2025-11-01 07:46:40.000000,2025-11-01 19:41:40.000000,46.99,46.99,2,MATCHED,NORMAL
41820,33354,shipped,2026-02-20 01:16:00.000000,2026-02-21 15:17:00.000000,261.33,261.33,4,MATCHED,NORMAL
91851,73547,cancelled,2024-03-14 12:09:43.000000,,0.0,6.83,1,MATCHED,SHIPPING_PENDING
27484,21977,complete,2025-12-10 02:02:17.000000,2025-12-12 05:31:17.000000,42.99,42.99,2,MATCHED,NORMAL
83032,66440,cancelled,2026-05-03 08:49:52.000000,,0.0,7.0,1,MATCHED,SHIPPING_PENDING
56908,45487,processing,2026-01-10 13:01:08.000000,,0.0,27.55,2,MATCHED,SHIPPING_PENDING
124431,99630,cancelled,2024-05-18 23:49:40.000000,,0.0,7.99,1,MATCHED,SHIPPING_PENDING
114289,91522,complete,2026-03-01 13:07:33.000000,2026-03-04 01:40:33.000000,185.48,185.48,4,MATCHED,NORMAL
47273,37772,shipped,2025-04-17 23:28:18.000000,2025-04-19 12:43:18.000000,131.67,131.67,4,MATCHED,NORMAL
90810,72672,processing,2026-01-31 16:23:06.000000,,0.0,51.44,3,MATCHED,SHIPPING_PENDING
86097,68933,complete,2026-06-13 14:52:19.000000,2026-06-15 17:27:19.000000,8.75,8.75,1,MATCHED,NORMAL
98704,79133,complete,2025-12-15 13:58:25.000000,2025-12-15 17:10:25.000000,162.74,162.74,4,MATCHED,NORMAL
68985,55186,processing,2022-09-02 08:05:09.000000,,0.0,8.75,1,MATCHED,SHIPPING_PENDING
1275,1014,complete,2025-12-07 04:03:22.000000,2025-12-08 21:39:22.000000,99.4,99.4,3,MATCHED,NORMAL
15738,12561,processing,2020-12-03 16:32:38.000000,,0.0,101.98,3,MATCHED,SHIPPING_PENDING
63396,50670,cancelled,2025-10-04 19:40:06.000000,,0.0,217.99,4,MATCHED,SHIPPING_PENDING
13352,10603,complete,2024-12-31 12:59:16.000000,2025-01-02 13:40:16.000000,8.99,8.99,1,MATCHED,POTENTIAL CUT-OFF RISK
21117,16891,complete,2022-12-26 01:49:16.000000,2022-12-26 06:27:16.000000,28.98,28.98,2,MATCHED,NORMAL
64609,51612,processing,2026-04-13 15:19:25.000000,,0.0,215.71,4,MATCHED,SHIPPING_PENDING
5563,4393,shipped,2026-06-14 06:09:42.000000,2026-06-14 21:14:42.000000,148.98,148.98,2,MATCHED,NORMAL
77061,61612,complete,2025-07-20 15:05:53.000000,2025-07-22 17:58:53.000000,9.12,9.12,1,MATCHED,NORMAL
16836,13407,processing,2025-10-28 19:10:01.000000,,0.0,96.88,4,MATCHED,SHIPPING_PENDING
107365,86034,returned,2023-09-05 11:07:46.000000,2023-09-06 09:44:46.000000,25.14,25.14,2,MATCHED,NORMAL
93069,74553,processing,2025-02-01 23:12:33.000000,,0.0,139.28,4,MATCHED,SHIPPING_PENDING
55174,44077,shipped,2023-10-10 19:00:37.000000,2023-10-13 09:07:37.000000,9.99,9.99,1,MATCHED,NORMAL
105622,84668,complete,2022-03-26 17:14:51.000000,2022-03-28 18:16:51.000000,10.0,10.0,1,MATCHED,NORMAL
96217,77129,processing,2026-06-12 23:23:29.041748,,0.0,104.78,2,MATCHED,SHIPPING_PENDING
19196,15335,returned,2026-06-13 23:21:11.000000,2026-06-16 11:20:11.000000,10.87,10.87,1,MATCHED,NORMAL
23542,18796,shipped,2023-01-04 18:07:31.000000,2023-01-07 04:24:31.000000,10.97,10.97,1,MATCHED,NORMAL
30242,24156,cancelled,2025-07-15 00:53:53.000000,,0.0,161.97,4,MATCHED,SHIPPING_PENDING
55520,44350,shipped,2023-01-08 09:41:24.000000,2023-01-09 08:29:24.000000,82.98,82.98,2,MATCHED,NORMAL
6858,5467,shipped,2025-12-26 10:12:03.000000,2025-12-28 09:30:03.000000,11.41,11.41,1,MATCHED,NORMAL
116750,93467,cancelled,2026-01-23 00:16:37.000000,,0.0,45.44,2,MATCHED,SHIPPING_PENDING
74004,59193,shipped,2026-06-14 20:40:37.172526,2026-06-16 09:53:37.172526,11.67,11.67,1,MATCHED,NORMAL
64372,51435,cancelled,2024-04-09 12:29:25.000000,,0.0,11.95,1,MATCHED,SHIPPING_PENDING
62486,49920,shipped,2022-02-13 04:32:43.000000,2022-02-16 00:47:43.000000,87.59,87.59,2,MATCHED,NORMAL
63764,50954,shipped,2025-04-09 16:26:20.000000,2025-04-09 18:44:20.000000,274.54,274.54,4,MATCHED,NORMAL
123926,99242,shipped,2022-01-23 22:15:04.000000,2022-01-25 08:26:04.000000,26.99,26.99,2,MATCHED,NORMAL
8207,6559,shipped,2024-09-29 09:41:11.000000,2024-09-29 23:21:11.000000,12.5,12.5,1,MATCHED,NORMAL
24765,19776,shipped,2026-01-20 15:53:32.000000,2026-01-23 01:41:32.000000,12.5,12.5,1,MATCHED,NORMAL
62282,49742,complete,2026-04-20 14:47:31.000000,2026-04-20 20:17:31.000000,12.51,12.51,1,MATCHED,NORMAL
69558,55630,processing,2024-10-02 15:22:55.000000,,0.0,37.95,2,MATCHED,SHIPPING_PENDING
48328,38608,complete,2023-12-15 12:41:22.000000,2023-12-15 16:00:22.000000,228.98,228.98,4,MATCHED,NORMAL
44228,35282,shipped,2026-01-28 19:04:21.000000,2026-01-31 16:20:21.000000,12.99,12.99,1,MATCHED,NORMAL
55314,44186,complete,2023-11-21 02:22:15.000000,2023-11-22 22:32:15.000000,248.37,248.37,4,MATCHED,NORMAL
30714,24523,shipped,2024-04-12 14:33:10.000000,2024-04-14 19:34:10.000000,167.19,167.19,4,MATCHED,NORMAL
57422,45915,processing,2024-11-19 07:29:48.000000,,0.0,113.95,4,MATCHED,SHIPPING_PENDING
42728,34099,shipped,2025-08-14 12:49:02.000000,2025-08-16 09:22:02.000000,97.44,97.44,3,MATCHED,NORMAL
8200,6549,returned,2025-06-04 10:21:37.000000,2025-06-07 04:36:37.000000,162.0,162.0,2,MATCHED,NORMAL
26290,21000,shipped,2023-10-11 02:47:26.000000,2023-10-12 05:52:26.000000,377.94,377.94,4,MATCHED,NORMAL
98205,78734,shipped,2025-10-13 02:05:46.000000,2025-10-14 11:35:46.000000,120.97,120.97,3,MATCHED,NORMAL
23976,19157,processing,2024-10-28 05:13:42.000000,,0.0,14.95,1,MATCHED,SHIPPING_PENDING
98292,78807,cancelled,2022-02-23 12:11:14.000000,,0.0,14.99,1,MATCHED,SHIPPING_PENDING
38780,30978,shipped,2026-02-17 14:22:13.000000,2026-02-18 03:12:13.000000,14.99,14.99,1,MATCHED,NORMAL
22210,17719,returned,2026-06-11 19:09:41.000000,2026-06-14 08:48:41.000000,41.0,41.0,2,MATCHED,NORMAL
16389,13059,shipped,2026-04-23 11:59:26.000000,2026-04-23 12:02:26.000000,15.0,15.0,1,MATCHED,NORMAL
14357,11444,returned,2025-09-14 22:54:58.000000,2025-09-16 02:30:58.000000,15.52,15.52,1,MATCHED,NORMAL
83014,66423,shipped,2024-12-09 20:33:48.000000,2024-12-10 19:31:48.000000,97.52,97.52,4,MATCHED,NORMAL
12109,9641,cancelled,2025-02-15 15:21:55.000000,,0.0,229.54,4,MATCHED,SHIPPING_PENDING
22990,18364,returned,2021-08-24 20:16:26.000000,2021-08-26 22:50:26.000000,84.3,84.3,3,MATCHED,NORMAL
102650,82302,returned,2023-12-05 07:53:25.000000,2023-12-06 02:26:25.000000,141.45,141.45,3,MATCHED,NORMAL
36533,29160,shipped,2024-09-18 11:38:11.000000,2024-09-18 16:00:11.000000,39.89,39.89,2,MATCHED,NORMAL
61626,49227,shipped,2026-05-06 16:43:30.000000,2026-05-08 20:56:30.000000,217.52,217.52,4,MATCHED,NORMAL
7215,5764,shipped,2026-04-04 05:18:22.000000,2026-04-04 05:41:22.000000,35.94,35.94,2,MATCHED,NORMAL
15033,11993,shipped,2024-06-18 22:32:17.000000,2024-06-19 00:37:17.000000,295.94,295.94,2,MATCHED,NORMAL
49630,39620,complete,2024-06-30 10:26:46.000000,2024-07-01 11:15:46.000000,132.97,132.97,4,MATCHED,POTENTIAL CUT-OFF RISK
54287,43351,complete,2026-05-25 08:52:09.000000,2026-05-26 13:46:09.000000,15.99,15.99,1,MATCHED,NORMAL
3087,2472,processing,2026-05-13 04:38:30.000000,,0.0,145.98,2,MATCHED,SHIPPING_PENDING
83242,66605,processing,2024-05-22 00:25:57.000000,,0.0,127.49,3,MATCHED,SHIPPING_PENDING
35484,28325,cancelled,2025-04-21 01:31:42.000000,,0.0,41.0,2,MATCHED,SHIPPING_PENDING
116955,93647,cancelled,2023-11-01 12:30:38.000000,,0.0,108.48,4,MATCHED,SHIPPING_PENDING
77226,61744,processing,2026-01-10 07:32:02.000000,,0.0,16.95,1,MATCHED,SHIPPING_PENDING
67460,53956,processing,2022-11-24 10:16:12.000000,,0.0,16.99,1,MATCHED,SHIPPING_PENDING
51918,41441,processing,2026-02-10 19:28:41.000000,,0.0,17.95,1,MATCHED,SHIPPING_PENDING
110874,88796,shipped,2020-10-15 01:15:13.000000,2020-10-16 01:58:13.000000,17.95,17.95,1,MATCHED,NORMAL
103711,83142,shipped,2025-06-09 05:03:29.000000,2025-06-11 23:45:29.000000,67.49,67.49,2,MATCHED,NORMAL
4594,3630,complete,2026-01-05 10:33:31.000000,2026-01-08 05:30:31.000000,131.95,131.95,3,MATCHED,NORMAL
72872,58291,complete,2023-03-01 14:46:03.000000,2023-03-04 05:05:03.000000,117.0,117.0,2,MATCHED,NORMAL
60052,47963,complete,2023-04-07 20:49:08.000000,2023-04-10 20:01:08.000000,210.54,210.54,4,MATCHED,NORMAL
98380,78880,shipped,2026-05-16 23:17:48.000000,2026-05-19 18:36:48.000000,314.68,314.68,4,MATCHED,NORMAL
2569,2049,shipped,2026-01-30 18:21:45.000000,2026-02-01 04:51:45.000000,18.97,18.97,1,MATCHED,POTENTIAL CUT-OFF RISK
62066,49589,complete,2023-07-13 19:13:25.000000,2023-07-16 09:24:25.000000,18.99,18.99,1,MATCHED,NORMAL
68423,54752,complete,2026-06-07 08:54:37.000000,2026-06-09 15:34:37.000000,189.98,189.98,3,MATCHED,NORMAL
84889,67918,returned,2026-01-08 11:44:04.000000,2026-01-11 07:52:04.000000,334.23,334.23,4,MATCHED,NORMAL
29307,23419,shipped,2025-07-09 07:20:18.000000,2025-07-10 14:32:18.000000,79.3,79.3,2,MATCHED,NORMAL
73585,58855,cancelled,2023-09-12 00:24:11.000000,,0.0,19.5,1,MATCHED,SHIPPING_PENDING
75490,60376,returned,2022-10-05 09:38:12.000000,2022-10-07 17:54:12.000000,188.87,188.87,4,MATCHED,NORMAL
20182,16123,shipped,2021-05-02 21:42:38.000000,2021-05-03 13:46:38.000000,45.94,45.94,2,MATCHED,NORMAL
36509,29132,cancelled,2025-05-22 03:34:44.000000,,0.0,132.99,3,MATCHED,SHIPPING_PENDING
10070,8036,complete,2024-12-27 20:38:16.000000,2024-12-29 15:09:16.000000,19.99,19.99,1,MATCHED,NORMAL
51695,41280,complete,2026-06-16 06:03:50.825819,2026-06-18 03:03:50.825819,19.99,19.99,1,MATCHED,NORMAL
52238,41695,complete,2025-12-29 06:03:49.000000,2026-01-01 00:52:49.000000,19.99,19.99,1,MATCHED,POTENTIAL CUT-OFF RISK
24168,19314,processing,2023-02-21 12:52:46.000000,,0.0,84.99,2,MATCHED,SHIPPING_PENDING
122057,97718,returned,2024-07-18 01:48:26.000000,2024-07-20 15:58:26.000000,19.99,19.99,1,MATCHED,NORMAL
10497,8352,shipped,2026-05-14 13:57:16.000000,2026-05-16 15:36:16.000000,128.16,128.16,4,MATCHED,NORMAL
3989,3176,complete,2025-09-08 21:12:10.000000,2025-09-10 07:11:10.000000,143.61,143.61,2,MATCHED,NORMAL
30196,24118,processing,2025-08-23 05:29:04.000000,,0.0,20.0,1,MATCHED,SHIPPING_PENDING
109391,87641,processing,2025-01-11 10:48:25.000000,,0.0,154.93,4,MATCHED,SHIPPING_PENDING
26580,21244,shipped,2026-04-23 08:20:44.000000,2026-04-26 04:56:44.000000,46.98,46.98,2,MATCHED,NORMAL
35188,28098,shipped,2025-10-18 18:23:48.000000,2025-10-21 14:45:48.000000,73.99,73.99,3,MATCHED,NORMAL
119987,96044,shipped,2025-10-31 07:16:35.000000,2025-11-01 18:23:35.000000,60.7,60.7,2,MATCHED,POTENTIAL CUT-OFF RISK
115093,92153,processing,2022-07-11 23:08:02.000000,,0.0,20.99,1,MATCHED,SHIPPING_PENDING
41449,33068,processing,2020-10-29 01:24:39.000000,,0.0,21.34,1,MATCHED,SHIPPING_PENDING
103016,82605,complete,2023-08-28 10:21:29.000000,2023-08-30 10:18:29.000000,243.84,243.84,3,MATCHED,NORMAL
99890,80127,shipped,2026-06-07 05:44:32.000000,2026-06-07 22:53:32.000000,21.9,21.9,1,MATCHED,NORMAL
30839,24617,processing,2026-02-22 14:50:52.000000,,0.0,21.95,1,MATCHED,SHIPPING_PENDING
50777,40570,processing,2026-03-01 06:56:44.000000,,0.0,184.98,4,MATCHED,SHIPPING_PENDING
70362,56272,processing,2024-05-12 19:28:43.000000,,0.0,125.93,3,MATCHED,SHIPPING_PENDING
3737,2964,cancelled,2026-02-15 07:46:10.000000,,0.0,22.0,1,MATCHED,SHIPPING_PENDING
101659,81507,cancelled,2026-01-08 12:30:39.000000,,0.0,197.29,4,MATCHED,SHIPPING_PENDING
92959,74467,shipped,2021-09-03 00:51:07.000000,2021-09-04 09:09:07.000000,22.0,22.0,1,MATCHED,NORMAL
112180,89829,shipped,2023-04-14 00:06:58.000000,2023-04-14 04:16:58.000000,218.1,218.1,4,MATCHED,NORMAL
44874,35787,cancelled,2022-09-17 15:06:13.000000,,0.0,22.97,1,MATCHED,SHIPPING_PENDING
66709,53337,complete,2024-05-06 12:06:26.000000,2024-05-07 15:23:26.000000,118.88,118.88,4,MATCHED,NORMAL
102962,82554,shipped,2025-04-26 17:51:32.000000,2025-04-27 01:28:32.000000,23.0,23.0,1,MATCHED,NORMAL
18965,15141,complete,2024-06-04 15:09:02.000000,2024-06-05 15:29:02.000000,127.42,127.42,4,MATCHED,NORMAL
3158,2518,shipped,2023-09-05 22:26:32.000000,2023-09-08 18:47:32.000000,23.5,23.5,1,MATCHED,NORMAL
116185,93019,shipped,2021-10-03 02:23:55.000000,2021-10-03 08:22:55.000000,23.7,23.7,1,MATCHED,NORMAL
44888,35800,returned,2023-10-21 03:01:14.000000,2023-10-23 03:04:14.000000,23.97,23.97,1,MATCHED,NORMAL
65964,52725,processing,2023-07-23 15:42:21.000000,,0.0,349.89,4,MATCHED,SHIPPING_PENDING
98982,79361,complete,2025-03-04 12:32:26.000000,2025-03-06 11:34:26.000000,93.98,93.98,2,MATCHED,NORMAL
123719,99074,complete,2025-06-02 21:55:09.000000,2025-06-05 00:24:09.000000,65.8,65.8,2,MATCHED,NORMAL
3520,2800,shipped,2023-10-02 04:45:43.000000,2023-10-04 02:06:43.000000,24.0,24.0,1,MATCHED,NORMAL
13579,10794,shipped,2026-05-10 12:15:22.000000,2026-05-12 21:12:22.000000,24.0,24.0,1,MATCHED,NORMAL
115081,92143,complete,2024-12-21 05:16:02.000000,2024-12-22 20:41:02.000000,103.66,103.66,3,MATCHED,NORMAL
40679,32476,processing,2019-09-28 09:52:16.000000,,0.0,24.95,1,MATCHED,SHIPPING_PENDING
76585,61232,cancelled,2024-09-10 12:21:56.000000,,0.0,24.99,1,MATCHED,SHIPPING_PENDING
79426,63488,cancelled,2020-06-10 01:33:24.000000,,0.0,24.99,1,MATCHED,SHIPPING_PENDING
114901,92010,cancelled,2024-12-01 20:01:46.000000,,0.0,82.99,2,MATCHED,SHIPPING_PENDING
46390,37055,complete,2020-06-16 01:20:47.000000,2020-06-17 02:22:47.000000,353.32,353.32,3,MATCHED,NORMAL
98901,79298,complete,2026-06-16 04:09:54.299712,2026-06-18 23:24:54.299712,24.99,24.99,1,MATCHED,NORMAL
19028,15187,returned,2025-11-01 13:00:37.000000,2025-11-04 05:22:37.000000,76.99,76.99,2,MATCHED,NORMAL
43909,35036,shipped,2022-12-26 12:49:42.000000,2022-12-29 09:39:42.000000,68.13,68.13,2,MATCHED,NORMAL
88613,70900,shipped,2026-02-17 19:25:17.000000,2026-02-18 20:53:17.000000,24.99,24.99,1,MATCHED,NORMAL
12887,10231,cancelled,2026-05-22 01:37:10.000000,,0.0,184.5,3,MATCHED,SHIPPING_PENDING
83518,66844,cancelled,2026-04-27 12:35:24.000000,,0.0,50.0,2,MATCHED,SHIPPING_PENDING
8592,6870,complete,2024-01-11 02:07:55.000000,2024-01-11 09:10:55.000000,25.0,25.0,1,MATCHED,NORMAL
12926,10261,complete,2022-02-28 02:26:42.000000,2022-03-02 00:07:42.000000,25.0,25.0,1,MATCHED,POTENTIAL CUT-OFF RISK
56668,45278,complete,2021-01-26 13:22:01.000000,2021-01-29 06:56:01.000000,95.0,95.0,2,MATCHED,NORMAL
57486,45963,complete,2024-02-09 00:27:24.000000,2024-02-10 05:18:24.000000,25.0,25.0,1,MATCHED,NORMAL
73001,58401,complete,2024-12-07 08:33:27.000000,2024-12-07 17:22:27.000000,94.99,94.99,2,MATCHED,NORMAL
102698,82350,complete,2023-04-17 09:56:17.000000,2023-04-19 05:36:17.000000,167.45,167.45,4,MATCHED,NORMAL
48875,39011,processing,2026-01-01 21:08:30.000000,,0.0,25.0,1,MATCHED,SHIPPING_PENDING
65370,52203,processing,2021-11-30 04:05:19.000000,,0.0,25.0,1,MATCHED,SHIPPING_PENDING
86521,69279,processing,2025-08-24 07:06:53.000000,,0.0,371.0,4,MATCHED,SHIPPING_PENDING
114815,91945,returned,2024-05-06 14:44:19.000000,2024-05-07 04:43:19.000000,25.0,25.0,1,MATCHED,NORMAL
50176,40074,shipped,2025-10-08 11:11:52.000000,2025-10-09 02:03:52.000000,63.95,63.95,2,MATCHED,NORMAL
50207,40104,shipped,2026-05-21 23:46:39.000000,2026-05-23 13:52:39.000000,67.0,67.0,2,MATCHED,NORMAL
61526,49146,shipped,2025-12-01 07:28:23.000000,2025-12-01 18:35:23.000000,25.2,25.2,1,MATCHED,NORMAL
91716,73431,returned,2023-05-08 16:16:11.000000,2023-05-09 09:39:11.000000,25.5,25.5,1,MATCHED,NORMAL
66985,53575,shipped,2020-01-27 22:02:00.000000,2020-01-30 08:25:00.000000,327.99,327.99,4,MATCHED,NORMAL
46874,37455,complete,2024-10-27 18:13:49.000000,2024-10-28 13:29:49.000000,26.0,26.0,1,MATCHED,NORMAL
100879,80878,complete,2021-02-28 05:04:24.000000,2021-02-28 06:21:24.000000,81.95,81.95,2,MATCHED,NORMAL
94661,75880,processing,2024-08-28 19:08:15.000000,,0.0,150.99,2,MATCHED,SHIPPING_PENDING
9041,7219,returned,2025-07-25 07:19:40.000000,2025-07-27 01:56:40.000000,284.99,284.99,4,MATCHED,NORMAL
9647,7699,cancelled,2022-08-02 07:35:24.000000,,0.0,26.23,1,MATCHED,SHIPPING_PENDING
4003,3191,returned,2024-09-28 17:45:12.000000,2024-10-01 15:47:12.000000,26.47,26.47,1,MATCHED,POTENTIAL CUT-OFF RISK
61759,49331,shipped,2023-10-30 14:28:22.000000,2023-11-01 12:30:22.000000,26.9,26.9,1,MATCHED,POTENTIAL CUT-OFF RISK
31867,25450,cancelled,2024-10-30 09:24:26.000000,,0.0,116.49,2,MATCHED,SHIPPING_PENDING
33925,27066,cancelled,2023-10-18 04:16:53.000000,,0.0,215.99,2,MATCHED,SHIPPING_PENDING
95324,76402,shipped,2026-05-12 11:00:05.000000,2026-05-14 17:20:05.000000,105.71,105.71,3,MATCHED,NORMAL
28668,22921,complete,2026-03-08 12:02:16.000000,2026-03-09 17:47:16.000000,70.95,70.95,2,MATCHED,NORMAL
102300,82014,complete,2024-09-02 04:44:58.000000,2024-09-04 14:33:58.000000,27.7,27.7,1,MATCHED,NORMAL
124060,99358,processing,2024-06-06 14:06:34.000000,,0.0,114.79,2,MATCHED,SHIPPING_PENDING
93185,74662,processing,2025-06-11 08:25:54.000000,,0.0,94.68,2,MATCHED,SHIPPING_PENDING
66833,53440,complete,2024-09-03 18:40:02.000000,2024-09-06 03:07:02.000000,28.0,28.0,1,MATCHED,NORMAL
40961,32687,processing,2025-03-09 15:48:32.000000,,0.0,192.45,4,MATCHED,SHIPPING_PENDING
95470,76514,processing,2021-06-07 23:59:25.000000,,0.0,28.0,1,MATCHED,SHIPPING_PENDING
28710,22948,shipped,2023-05-16 15:47:00.000000,2023-05-19 01:03:00.000000,775.99,775.99,3,MATCHED,NORMAL
43325,34578,shipped,2022-03-04 07:55:38.000000,2022-03-05 04:32:38.000000,197.98,197.98,3,MATCHED,NORMAL
49189,39240,shipped,2025-01-30 04:00:05.000000,2025-02-01 13:10:05.000000,126.95,126.95,2,MATCHED,POTENTIAL CUT-OFF RISK
116032,92894,shipped,2025-04-06 18:20:33.000000,2025-04-06 22:01:33.000000,28.0,28.0,1,MATCHED,NORMAL
113294,90704,returned,2026-06-15 22:26:14.004908,2026-06-16 03:16:14.004908,28.95,28.95,1,MATCHED,NORMAL
21014,16802,shipped,2023-06-06 13:05:04.000000,2023-06-09 03:47:04.000000,112.98,112.98,3,MATCHED,NORMAL
12191,9709,processing,2023-02-26 18:54:18.000000,,0.0,29.18,1,MATCHED,SHIPPING_PENDING
87059,69685,complete,2026-04-15 04:01:46.000000,2026-04-16 15:09:46.000000,84.41,84.41,2,MATCHED,NORMAL
95795,76797,processing,2022-05-16 08:56:22.000000,,0.0,29.9,1,MATCHED,SHIPPING_PENDING
75348,60260,complete,2025-11-03 19:05:35.000000,2025-11-03 21:45:35.000000,60.99,60.99,2,MATCHED,NORMAL
15873,12656,shipped,2022-11-18 00:27:06.000000,2022-11-20 04:49:06.000000,69.94,69.94,2,MATCHED,NORMAL
117685,94244,cancelled,2023-03-10 12:26:38.000000,,0.0,121.44,3,MATCHED,SHIPPING_PENDING
20228,16168,complete,2026-05-21 21:09:53.000000,2026-05-24 20:00:53.000000,325.59,325.59,4,MATCHED,NORMAL
122399,98002,processing,2026-03-06 12:23:58.000000,,0.0,71.8,2,MATCHED,SHIPPING_PENDING
60198,48073,shipped,2022-03-07 11:02:47.000000,2022-03-07 13:21:47.000000,30.2,30.2,1,MATCHED,NORMAL
31233,24958,processing,2026-05-12 00:38:17.000000,,0.0,30.4,1,MATCHED,SHIPPING_PENDING
81488,65201,cancelled,2024-07-12 14:15:47.000000,,0.0,80.5,2,MATCHED,SHIPPING_PENDING
30475,24330,complete,2025-03-07 01:42:38.000000,2025-03-07 18:37:38.000000,270.99,270.99,4,MATCHED,NORMAL
75826,60647,cancelled,2022-11-02 03:35:02.000000,,0.0,31.98,1,MATCHED,SHIPPING_PENDING
88810,71063,cancelled,2026-05-13 20:48:15.000000,,0.0,31.98,1,MATCHED,SHIPPING_PENDING
83791,67051,processing,2023-08-24 05:12:20.000000,,0.0,31.99,1,MATCHED,SHIPPING_PENDING
106424,85311,processing,2023-08-14 04:39:06.000000,,0.0,188.98,4,MATCHED,SHIPPING_PENDING
117440,94047,shipped,2023-01-16 16:42:48.000000,2023-01-19 02:32:48.000000,485.89,485.89,4,MATCHED,NORMAL
97781,78380,complete,2026-03-13 08:43:24.000000,2026-03-14 08:12:24.000000,32.99,32.99,1,MATCHED,NORMAL
110414,88431,complete,2026-04-03 09:20:26.000000,2026-04-03 14:31:26.000000,32.99,32.99,1,MATCHED,NORMAL
49183,39238,processing,2023-12-29 07:54:16.000000,,0.0,32.99,1,MATCHED,SHIPPING_PENDING
106857,85628,processing,2024-09-22 23:10:51.000000,,0.0,32.99,1,MATCHED,SHIPPING_PENDING
95962,76926,cancelled,2022-11-21 22:25:07.000000,,0.0,33.0,1,MATCHED,SHIPPING_PENDING
65542,52346,returned,2023-10-28 16:44:33.000000,2023-10-30 01:38:33.000000,33.0,33.0,1,MATCHED,NORMAL
58727,46924,shipped,2026-03-04 07:42:20.000000,2026-03-06 08:18:20.000000,188.62,188.62,3,MATCHED,NORMAL
91680,73400,processing,2026-06-14 07:20:03.063788,,0.0,34.0,1,MATCHED,SHIPPING_PENDING
94651,75869,processing,2023-03-11 08:55:29.000000,,0.0,88.0,2,MATCHED,SHIPPING_PENDING
103910,83299,processing,2026-05-22 22:27:27.000000,,0.0,34.0,1,MATCHED,SHIPPING_PENDING
16791,13371,processing,2024-06-04 14:04:48.000000,,0.0,131.23,2,MATCHED,SHIPPING_PENDING
115399,92387,complete,2025-12-02 14:37:47.000000,2025-12-04 16:24:47.000000,120.18,120.18,2,MATCHED,NORMAL
121483,97257,shipped,2024-10-21 01:45:18.000000,2024-10-21 06:45:18.000000,34.95,34.95,1,MATCHED,NORMAL
79786,63761,shipped,2026-02-03 01:52:54.000000,2026-02-05 22:45:54.000000,163.97,163.97,3,MATCHED,NORMAL
42670,34041,shipped,2024-02-26 03:52:51.000000,2024-02-27 20:05:51.000000,79.99,79.99,2,MATCHED,NORMAL
75646,60496,shipped,2022-12-21 08:38:50.000000,2022-12-22 17:51:50.000000,34.99,34.99,1,MATCHED,NORMAL
53758,42922,shipped,2023-06-30 10:28:47.000000,2023-07-02 07:43:47.000000,150.8,150.8,2,MATCHED,POTENTIAL CUT-OFF RISK
39962,31910,complete,2021-09-18 08:39:52.000000,2021-09-18 18:04:52.000000,134.08,134.08,2,MATCHED,NORMAL
69851,55859,shipped,2026-04-27 17:20:43.000000,2026-04-30 00:26:43.000000,214.09,214.09,2,MATCHED,NORMAL
10071,8038,complete,2021-07-10 21:34:11.000000,2021-07-13 20:22:11.000000,108.95,108.95,2,MATCHED,NORMAL
123886,99203,shipped,2025-08-15 21:09:12.000000,2025-08-17 08:27:12.000000,1217.94,1217.94,4,MATCHED,NORMAL
61241,48919,processing,2025-11-04 13:14:09.000000,,0.0,37.99,1,MATCHED,SHIPPING_PENDING
9753,7779,complete,2025-01-18 11:11:58.000000,2025-01-21 04:18:58.000000,38.0,38.0,1,MATCHED,NORMAL
12449,9915,returned,2019-12-26 04:24:44.000000,2019-12-29 01:27:44.000000,90.98,90.98,2,MATCHED,NORMAL
14679,11715,cancelled,2020-08-10 04:04:26.000000,,0.0,275.03,2,MATCHED,SHIPPING_PENDING
118508,94876,returned,2025-05-17 07:43:20.000000,2025-05-19 10:27:20.000000,38.19,38.19,1,MATCHED,NORMAL
108115,86615,complete,2021-08-22 16:09:05.000000,2021-08-23 12:22:05.000000,38.84,38.84,1,MATCHED,NORMAL
58006,46359,cancelled,2025-06-24 03:46:57.000000,,0.0,39.45,1,MATCHED,SHIPPING_PENDING
32151,25665,returned,2024-05-07 02:22:41.000000,2024-05-08 11:16:41.000000,139.83,139.83,3,MATCHED,NORMAL
61040,48743,complete,2023-05-11 08:21:59.000000,2023-05-14 07:30:59.000000,39.95,39.95,1,MATCHED,NORMAL
122540,98121,processing,2026-06-02 14:17:16.000000,,0.0,307.95,2,MATCHED,SHIPPING_PENDING
37849,30215,processing,2024-07-18 17:46:12.000000,,0.0,39.98,1,MATCHED,SHIPPING_PENDING
2527,2024,complete,2026-05-12 07:31:20.000000,2026-05-13 07:09:20.000000,84.89,84.89,2,MATCHED,NORMAL
8460,6760,processing,2025-11-28 06:49:31.000000,,0.0,86.49,2,MATCHED,SHIPPING_PENDING
44276,35322,processing,2025-01-07 12:57:41.000000,,0.0,39.99,1,MATCHED,SHIPPING_PENDING
101543,81411,processing,2025-11-23 06:11:22.000000,,0.0,39.99,1,MATCHED,SHIPPING_PENDING
85248,68209,shipped,2020-02-01 20:56:54.000000,2020-02-02 01:55:54.000000,144.94,144.94,2,MATCHED,NORMAL
24803,19811,cancelled,2026-01-30 04:11:13.000000,,0.0,41.45,1,MATCHED,SHIPPING_PENDING
53727,42896,returned,2026-01-29 04:41:15.000000,2026-02-01 03:28:15.000000,41.45,41.45,1,MATCHED,POTENTIAL CUT-OFF RISK
122742,98282,processing,2025-06-16 21:24:00.000000,,0.0,96.8,2,MATCHED,SHIPPING_PENDING
21791,17390,cancelled,2026-02-16 06:11:41.000000,,0.0,41.99,1,MATCHED,SHIPPING_PENDING
80039,63978,shipped,2025-03-21 21:43:58.000000,2025-03-22 12:42:58.000000,41.99,41.99,1,MATCHED,NORMAL
121085,96934,complete,2025-01-14 06:32:37.000000,2025-01-17 04:57:37.000000,592.0,592.0,3,MATCHED,NORMAL
17873,14233,cancelled,2026-05-17 21:24:19.000000,,0.0,172.42,2,MATCHED,SHIPPING_PENDING
114898,92009,processing,2024-09-18 05:39:13.000000,,0.0,44.93,1,MATCHED,SHIPPING_PENDING
93954,75310,cancelled,2025-11-23 23:42:12.000000,,0.0,330.99,2,MATCHED,SHIPPING_PENDING
83661,66949,complete,2025-01-23 11:42:42.000000,2025-01-25 08:38:42.000000,44.99,44.99,1,MATCHED,NORMAL
13760,10948,returned,2026-03-17 10:27:32.000000,2026-03-18 21:05:32.000000,150.55,150.55,2,MATCHED,NORMAL
55446,44286,cancelled,2021-01-04 00:02:34.000000,,0.0,45.0,1,MATCHED,SHIPPING_PENDING
54469,43494,complete,2025-10-22 10:27:13.000000,2025-10-22 13:00:13.000000,46.0,46.0,1,MATCHED,NORMAL
110175,88252,returned,2026-04-29 11:17:01.000000,2026-05-02 09:32:01.000000,46.0,46.0,1,MATCHED,POTENTIAL CUT-OFF RISK
28268,22597,cancelled,2025-12-16 11:47:09.000000,,0.0,46.99,1,MATCHED,SHIPPING_PENDING
26502,21178,shipped,2024-06-26 05:48:46.000000,2024-06-26 11:41:46.000000,141.94,141.94,2,MATCHED,NORMAL
121834,97546,shipped,2025-12-02 06:03:50.000000,2025-12-02 16:28:50.000000,48.98,48.98,1,MATCHED,NORMAL
117919,94411,returned,2024-09-05 10:38:30.000000,2024-09-07 10:31:30.000000,48.99,48.99,1,MATCHED,NORMAL
90362,72315,shipped,2026-03-28 18:36:52.000000,2026-03-30 15:57:52.000000,49.0,49.0,1,MATCHED,NORMAL
110386,88412,returned,2025-06-08 01:49:06.000000,2025-06-10 03:04:06.000000,49.45,49.45,1,MATCHED,NORMAL
104638,83866,cancelled,2023-10-02 20:53:07.000000,,0.0,181.44,2,MATCHED,SHIPPING_PENDING
3049,2435,complete,2024-11-20 19:31:56.000000,2024-11-21 17:34:56.000000,49.5,49.5,1,MATCHED,NORMAL
12634,10052,shipped,2025-10-27 09:49:26.000000,2025-10-28 11:50:26.000000,953.27,953.27,3,MATCHED,NORMAL
100744,80777,shipped,2026-01-04 00:16:44.000000,2026-01-04 10:33:44.000000,179.38,179.38,2,MATCHED,NORMAL
57582,46029,cancelled,2022-10-17 18:05:32.000000,,0.0,764.8,4,MATCHED,SHIPPING_PENDING
117979,94452,shipped,2021-05-05 19:36:00.000000,2021-05-05 21:33:00.000000,416.12,416.12,4,MATCHED,NORMAL
120389,96367,cancelled,2025-07-11 15:42:36.000000,,0.0,49.99,1,MATCHED,SHIPPING_PENDING
39693,31698,complete,2023-06-09 09:32:45.000000,2023-06-11 04:26:45.000000,104.98,104.98,2,MATCHED,NORMAL
104553,83781,complete,2022-07-06 00:44:04.000000,2022-07-06 22:49:04.000000,49.99,49.99,1,MATCHED,NORMAL
103803,83221,returned,2021-11-06 01:59:49.000000,2021-11-08 10:38:49.000000,109.99,109.99,2,MATCHED,NORMAL
31146,24877,shipped,2021-08-28 12:49:25.000000,2021-08-29 03:15:25.000000,49.99,49.99,1,MATCHED,NORMAL
77734,62149,shipped,2025-02-12 20:01:29.000000,2025-02-15 19:31:29.000000,50.99,50.99,1,MATCHED,NORMAL
58019,46369,processing,2026-06-12 06:36:21.072899,,0.0,52.0,1,MATCHED,SHIPPING_PENDING
13456,10688,returned,2026-05-24 22:29:07.000000,2026-05-25 19:54:07.000000,52.0,52.0,1,MATCHED,NORMAL
89723,71791,returned,2025-07-19 05:26:12.000000,2025-07-20 05:40:12.000000,52.0,52.0,1,MATCHED,NORMAL
112282,89912,shipped,2026-03-15 12:58:02.000000,2026-03-16 03:09:02.000000,122.0,122.0,2,MATCHED,NORMAL
116642,93378,processing,2025-10-11 06:54:02.000000,,0.0,108.08,2,MATCHED,SHIPPING_PENDING
80436,64326,shipped,2023-01-30 19:43:10.000000,2023-02-02 09:34:10.000000,52.5,52.5,1,MATCHED,POTENTIAL CUT-OFF RISK
111230,89083,cancelled,2022-09-25 08:11:25.000000,,0.0,53.0,1,MATCHED,SHIPPING_PENDING
11520,9155,shipped,2024-11-28 15:37:10.000000,2024-11-30 04:12:10.000000,53.0,53.0,1,MATCHED,NORMAL
69004,55206,complete,2022-06-06 08:02:17.000000,2022-06-07 04:46:17.000000,53.02,53.02,1,MATCHED,NORMAL
95544,76587,processing,2025-08-31 07:21:17.000000,,0.0,53.95,1,MATCHED,SHIPPING_PENDING
38657,30868,complete,2021-07-14 05:44:19.000000,2021-07-15 13:18:19.000000,194.0,194.0,2,MATCHED,NORMAL
93842,75205,complete,2026-02-10 18:59:41.000000,2026-02-12 02:29:41.000000,108.99,108.99,2,MATCHED,NORMAL
102704,82353,complete,2020-02-23 01:37:03.000000,2020-02-24 02:03:03.000000,232.0,232.0,2,MATCHED,NORMAL
43841,34979,returned,2020-12-28 07:13:32.000000,2020-12-29 08:02:32.000000,54.98,54.98,1,MATCHED,NORMAL
22028,17577,shipped,2023-06-26 05:02:06.000000,2023-06-28 00:24:06.000000,252.99,252.99,2,MATCHED,NORMAL
57141,45689,processing,2024-11-15 02:50:23.000000,,0.0,55.0,1,MATCHED,SHIPPING_PENDING
84020,67242,processing,2026-06-12 05:15:31.101026,,0.0,117.36,2,MATCHED,SHIPPING_PENDING
86529,69285,shipped,2025-08-26 13:11:10.000000,2025-08-26 22:38:10.000000,289.85,289.85,4,MATCHED,NORMAL
61456,49097,complete,2025-09-03 04:00:07.000000,2025-09-04 09:01:07.000000,57.19,57.19,1,MATCHED,NORMAL
58978,47117,shipped,2026-06-15 05:00:53.268676,2026-06-17 09:17:53.268676,57.5,57.5,1,MATCHED,NORMAL
43127,34420,shipped,2025-02-23 08:24:48.000000,2025-02-26 04:00:48.000000,192.95,192.95,2,MATCHED,NORMAL
112840,90337,cancelled,2024-06-17 01:59:16.000000,,0.0,57.99,1,MATCHED,SHIPPING_PENDING
18490,14724,returned,2022-05-13 11:37:13.000000,2022-05-16 04:46:13.000000,58.0,58.0,1,MATCHED,NORMAL
66900,53498,processing,2026-01-05 22:10:13.000000,,0.0,58.5,1,MATCHED,SHIPPING_PENDING
76706,61333,returned,2025-03-26 21:10:28.000000,2025-03-29 16:26:28.000000,58.5,58.5,1,MATCHED,NORMAL
4986,3937,processing,2020-03-09 14:23:34.000000,,0.0,58.97,1,MATCHED,SHIPPING_PENDING
75965,60747,complete,2023-05-07 19:43:41.000000,2023-05-08 04:14:41.000000,59.0,59.0,1,MATCHED,NORMAL
10262,8180,shipped,2025-09-05 06:18:58.000000,2025-09-07 14:04:58.000000,59.5,59.5,1,MATCHED,NORMAL
62599,50022,cancelled,2025-01-06 05:54:15.000000,,0.0,60.0,1,MATCHED,SHIPPING_PENDING
114405,91628,shipped,2025-05-28 06:03:54.000000,2025-05-28 22:43:54.000000,63.95,63.95,1,MATCHED,NORMAL
57115,45665,processing,2026-06-12 01:57:46.000000,,0.0,1000.5,3,MATCHED,SHIPPING_PENDING
28234,22574,complete,2026-06-06 06:12:13.000000,2026-06-09 05:12:13.000000,64.95,64.95,1,MATCHED,NORMAL
82339,65890,cancelled,2022-11-05 11:26:02.000000,,0.0,65.0,1,MATCHED,SHIPPING_PENDING
96280,77189,processing,2023-05-06 19:04:31.000000,,0.0,155.45,2,MATCHED,SHIPPING_PENDING
12835,10189,shipped,2025-01-19 14:59:13.000000,2025-01-21 11:36:13.000000,65.0,65.0,1,MATCHED,NORMAL
11138,8867,complete,2025-04-01 00:00:23.000000,2025-04-03 17:40:23.000000,148.95,148.95,2,MATCHED,NORMAL
94670,75885,complete,2023-09-13 19:50:00.000000,2023-09-16 07:10:00.000000,135.2,135.2,2,MATCHED,NORMAL
24109,19269,shipped,2025-12-16 12:14:13.000000,2025-12-18 14:07:13.000000,152.97,152.97,2,MATCHED,NORMAL
123461,98861,processing,2022-11-12 14:12:24.000000,,0.0,69.5,1,MATCHED,SHIPPING_PENDING
107689,86293,shipped,2026-06-15 14:14:45.000000,2026-06-17 06:37:45.000000,69.5,69.5,1,MATCHED,NORMAL
39684,31693,complete,2021-11-14 00:30:59.000000,2021-11-14 22:41:59.000000,69.99,69.99,1,MATCHED,NORMAL
60854,48591,shipped,2021-08-17 04:14:28.000000,2021-08-19 02:13:28.000000,69.99,69.99,1,MATCHED,NORMAL
61141,48824,complete,2024-05-30 02:09:18.000000,2024-05-30 16:27:18.000000,72.0,72.0,1,MATCHED,NORMAL
119170,95362,returned,2026-05-25 23:09:08.000000,2026-05-26 14:21:08.000000,72.0,72.0,1,MATCHED,NORMAL
113279,90687,processing,2022-07-02 03:06:57.000000,,0.0,74.0,1,MATCHED,SHIPPING_PENDING
24741,19756,shipped,2024-10-15 11:24:24.000000,2024-10-18 09:49:24.000000,74.0,74.0,1,MATCHED,NORMAL
34018,27146,processing,2023-09-11 15:09:20.000000,,0.0,78.0,1,MATCHED,SHIPPING_PENDING
86110,68940,shipped,2024-05-15 10:34:18.000000,2024-05-16 00:23:18.000000,189.48,189.48,2,MATCHED,NORMAL
10665,8487,returned,2023-12-23 23:11:11.000000,2023-12-25 13:28:11.000000,79.99,79.99,1,MATCHED,NORMAL
67321,53838,complete,2025-10-30 13:14:43.000000,2025-10-31 13:02:43.000000,367.0,367.0,3,MATCHED,NORMAL
88177,70538,cancelled,2025-03-05 02:42:42.000000,,0.0,80.99,1,MATCHED,SHIPPING_PENDING
107210,85926,returned,2024-11-24 07:10:25.000000,2024-11-25 17:29:25.000000,83.3,83.3,1,MATCHED,NORMAL
12066,9607,shipped,2024-09-11 02:45:34.000000,2024-09-13 01:51:34.000000,85.0,85.0,1,MATCHED,NORMAL
111807,89531,returned,2023-06-05 16:39:50.000000,2023-06-06 20:40:50.000000,85.9,85.9,1,MATCHED,NORMAL
863,697,shipped,2024-10-03 06:06:33.000000,2024-10-05 02:25:33.000000,233.5,233.5,2,MATCHED,NORMAL
40754,32524,shipped,2025-11-09 22:25:44.000000,2025-11-10 04:42:44.000000,86.25,86.25,1,MATCHED,NORMAL
112936,90416,processing,2026-03-17 23:07:30.000000,,0.0,89.0,1,MATCHED,SHIPPING_PENDING
3775,2997,returned,2024-09-08 18:53:43.000000,2024-09-10 09:14:43.000000,89.5,89.5,1,MATCHED,NORMAL
96633,77485,processing,2025-07-20 10:25:58.000000,,0.0,518.94,3,MATCHED,SHIPPING_PENDING
5752,4552,shipped,2023-08-03 23:42:14.000000,2023-08-04 19:00:14.000000,91.77,91.77,1,MATCHED,NORMAL
25886,20677,shipped,2026-01-01 12:17:02.000000,2026-01-03 11:48:02.000000,94.95,94.95,1,MATCHED,NORMAL
112092,89761,cancelled,2025-02-05 00:56:38.000000,,0.0,99.99,1,MATCHED,SHIPPING_PENDING
23698,18936,shipped,2025-06-20 05:57:46.000000,2025-06-21 06:13:46.000000,100.99,100.99,1,MATCHED,NORMAL
2986,2372,shipped,2022-07-19 03:29:33.000000,2022-07-19 13:54:33.000000,101.0,101.0,1,MATCHED,NORMAL
114003,91285,shipped,2024-06-04 10:33:04.000000,2024-06-06 02:05:04.000000,105.26,105.26,1,MATCHED,NORMAL
55015,43948,processing,2026-03-21 03:10:00.000000,,0.0,105.56,1,MATCHED,SHIPPING_PENDING
16697,13292,shipped,2026-03-12 07:15:04.000000,2026-03-14 20:07:04.000000,275.99,275.99,2,MATCHED,NORMAL
113502,90864,shipped,2026-06-10 07:02:19.000000,2026-06-12 11:04:19.000000,110.0,110.0,1,MATCHED,NORMAL
18184,14494,processing,2026-06-09 06:28:38.000000,,0.0,129.88,1,MATCHED,SHIPPING_PENDING
62746,50141,complete,2026-05-25 11:49:56.000000,2026-05-26 21:09:56.000000,129.99,129.99,1,MATCHED,NORMAL
56501,45137,complete,2026-04-05 05:43:40.000000,2026-04-07 11:50:40.000000,338.0,338.0,2,MATCHED,NORMAL
110141,88220,returned,2026-05-07 20:02:04.000000,2026-05-10 12:07:04.000000,142.78,142.78,1,MATCHED,NORMAL
2911,2306,processing,2026-06-13 10:11:22.259014,,0.0,149.99,1,MATCHED,SHIPPING_PENDING
120614,96543,shipped,2025-09-26 16:10:09.000000,2025-09-29 04:11:09.000000,156.87,156.87,1,MATCHED,NORMAL
79145,63263,shipped,2025-11-23 02:57:00.000000,2025-11-25 13:55:00.000000,158.33,158.33,1,MATCHED,NORMAL
4391,3479,cancelled,2025-09-07 01:47:14.000000,,0.0,160.0,1,MATCHED,SHIPPING_PENDING
60221,48091,shipped,2026-03-17 14:42:30.000000,2026-03-19 13:07:30.000000,160.0,160.0,1,MATCHED,NORMAL
33189,26483,shipped,2021-03-22 14:40:16.000000,2021-03-23 22:20:16.000000,162.0,162.0,1,MATCHED,NORMAL
28018,22399,cancelled,2022-08-09 08:56:22.000000,,0.0,169.0,1,MATCHED,SHIPPING_PENDING
52915,42232,shipped,2025-09-09 02:44:21.000000,2025-09-09 11:48:21.000000,169.0,169.0,1,MATCHED,NORMAL
38478,30714,processing,2026-05-13 02:44:18.000000,,0.0,169.99,1,MATCHED,SHIPPING_PENDING
75657,60505,shipped,2024-04-22 22:20:11.000000,2024-04-23 13:55:11.000000,169.99,169.99,1,MATCHED,NORMAL
105059,84207,returned,2021-04-01 14:17:32.000000,2021-04-02 17:54:32.000000,170.0,170.0,1,MATCHED,NORMAL
89200,71369,processing,2022-08-03 13:19:09.000000,,0.0,178.0,1,MATCHED,SHIPPING_PENDING
2899,2297,processing,2024-02-24 05:03:41.000000,,0.0,189.5,1,MATCHED,SHIPPING_PENDING
122267,97896,complete,2022-04-28 10:28:49.000000,2022-04-28 11:10:49.000000,194.0,194.0,1,MATCHED,NORMAL
42788,34147,complete,2025-07-07 19:58:14.000000,2025-07-10 18:59:14.000000,218.0,218.0,1,MATCHED,NORMAL
40872,32613,cancelled,2025-08-21 23:10:54.000000,,0.0,220.0,1,MATCHED,SHIPPING_PENDING
11212,8917,complete,2025-02-25 12:21:53.000000,2025-02-28 01:06:53.000000,220.0,220.0,1,MATCHED,NORMAL
120214,96231,shipped,2026-01-23 13:56:56.000000,2026-01-25 17:23:56.000000,239.99,239.99,1,MATCHED,NORMAL
52749,42092,complete,2025-09-19 12:25:11.000000,2025-09-22 07:44:11.000000,264.0,264.0,1,MATCHED,NORMAL
90484,72410,shipped,2025-08-09 15:46:59.000000,2025-08-12 06:45:59.000000,279.99,279.99,1,MATCHED,NORMAL
77480,61940,cancelled,2025-08-13 07:56:24.000000,,0.0,399.0,1,MATCHED,SHIPPING_PENDING
-8,54388,returned,2026-06-16 13:38:00.000000,2026-06-17 16:38:00.000000,230.0,230.0,2,MATCHED,NORMAL
-21,71139,"complete,returned",2026-06-16 14:23:00.000000,2026-06-18 09:23:00.000000,268.0,268.0,2,MATCHED,NORMAL
-44,82236,"complete,returned",2026-06-16 14:18:00.000000,2026-06-18 09:18:00.000000,209.0,209.0,2,MATCHED,NORMAL
-50,90775,shipped,2026-06-16 14:42:00.000000,2026-06-18 13:42:00.000000,130.0,130.0,1,MATCHED,NORMAL
-78,95654,complete,2026-06-16 12:18:00.000000,2026-06-17 16:18:00.000000,330.0,330.0,2,MATCHED,NORMAL
-85,41374,shipped,2026-06-16 17:34:00.000000,2026-06-18 00:34:00.000000,263.0,263.0,2,MATCHED,NORMAL
-91,11189,complete,2026-06-16 15:35:00.000000,2026-06-17 20:35:00.000000,167.0,167.0,1,MATCHED,NORMAL
-115,29132,"complete,returned",2026-06-16 10:12:00.000000,2026-06-17 13:12:00.000000,315.0,315.0,2,MATCHED,NORMAL
-125,79311,"complete,returned",2026-06-16 16:57:00.000000,2026-06-18 11:57:00.000000,323.0,323.0,2,MATCHED,NORMAL
-131,67842,complete,2026-06-16 15:01:00.000000,2026-06-18 04:01:00.000000,154.0,154.0,2,MATCHED,NORMAL
-137,23546,complete,2026-06-16 15:10:00.000000,2026-06-18 05:10:00.000000,345.0,345.0,3,MATCHED,NORMAL
-174,28409,complete,2026-06-16 09:29:00.000000,2026-06-17 11:29:00.000000,322.0,322.0,3,MATCHED,NORMAL
-179,74466,returned,2026-06-16 17:10:00.000000,2026-06-18 01:10:00.000000,224.0,224.0,2,MATCHED,NORMAL
-198,58842,"complete,returned",2026-06-16 12:54:00.000000,2026-06-18 09:54:00.000000,115.0,115.0,2,MATCHED,NORMAL
-206,45207,complete,2026-06-16 15:08:00.000000,2026-06-18 13:08:00.000000,129.0,129.0,1,MATCHED,NORMAL
-216,65201,complete,2026-06-16 15:15:00.000000,2026-06-18 05:15:00.000000,508.0,508.0,3,MATCHED,NORMAL
-230,33190,complete,2026-06-16 17:03:00.000000,2026-06-17 22:03:00.000000,359.0,359.0,2,MATCHED,NORMAL
-247,77157,returned,2026-06-16 11:12:00.000000,2026-06-18 08:12:00.000000,459.0,459.0,3,MATCHED,NORMAL
-248,59502,"complete,shipped",2026-06-16 12:22:00.000000,2026-06-18 08:22:00.000000,272.0,272.0,2,MATCHED,NORMAL
-283,85826,complete,2026-06-16 15:34:00.000000,2026-06-17 18:34:00.000000,196.0,196.0,3,MATCHED,NORMAL
-287,54440,complete,2026-06-16 12:37:00.000000,2026-06-18 01:37:00.000000,257.0,257.0,3,MATCHED,NORMAL
2861,2266,cancelled,2022-06-24 17:09:51.000000,,0.0,3.8,1,MATCHED,SHIPPING_PENDING
32279,25766,returned,2023-09-24 12:11:53.000000,2023-09-27 11:21:53.000000,158.8,158.8,2,MATCHED,NORMAL
51601,41212,complete,2023-10-31 03:51:00.000000,2023-11-01 18:10:00.000000,112.45,112.45,3,MATCHED,POTENTIAL CUT-OFF RISK
94089,75431,shipped,2026-04-08 16:20:49.000000,2026-04-09 22:58:49.000000,4.04,4.04,1,MATCHED,NORMAL
14574,11634,processing,2026-06-13 10:46:54.113681,,0.0,717.27,4,MATCHED,SHIPPING_PENDING
70629,56482,processing,2021-01-11 02:23:46.000000,,0.0,66.24,4,MATCHED,SHIPPING_PENDING
1599,1260,complete,2024-04-08 10:45:18.000000,2024-04-10 14:47:18.000000,53.4,53.4,2,MATCHED,NORMAL
11529,9161,cancelled,2026-06-14 21:41:15.912824,,0.0,6.94,1,MATCHED,SHIPPING_PENDING
10358,8250,cancelled,2019-12-07 16:41:38.000000,,0.0,6.99,1,MATCHED,SHIPPING_PENDING
93529,74951,complete,2024-07-01 11:34:32.000000,2024-07-01 18:39:32.000000,159.5,159.5,4,MATCHED,NORMAL
86998,69638,shipped,2022-11-10 05:15:15.000000,2022-11-11 15:26:15.000000,7.9,7.9,1,MATCHED,NORMAL
60273,48137,shipped,2020-12-10 18:48:04.000000,2020-12-13 18:03:04.000000,43.6,43.6,2,MATCHED,NORMAL
18930,15106,shipped,2026-02-15 23:36:41.000000,2026-02-16 18:07:41.000000,128.75,128.75,2,MATCHED,NORMAL
90818,72682,complete,2025-01-07 18:02:30.000000,2025-01-09 00:27:30.000000,8.95,8.95,1,MATCHED,NORMAL
66733,53355,cancelled,2025-03-03 20:22:02.000000,,0.0,33.98,2,MATCHED,SHIPPING_PENDING
22714,18136,complete,2025-06-23 15:22:12.000000,2025-06-26 01:26:12.000000,116.67,116.67,4,MATCHED,NORMAL
4612,3646,shipped,2024-01-14 10:33:18.000000,2024-01-16 06:16:18.000000,302.9,302.9,4,MATCHED,NORMAL
54797,43777,complete,2024-04-02 16:02:26.000000,2024-04-03 16:28:26.000000,112.85,112.85,2,MATCHED,NORMAL
89030,71251,returned,2025-09-22 14:26:55.000000,2025-09-24 23:15:55.000000,89.05,89.05,2,MATCHED,NORMAL
7118,5682,shipped,2026-02-24 22:05:59.000000,2026-02-25 13:19:59.000000,45.95,45.95,2,MATCHED,NORMAL
95707,76725,processing,2024-04-29 13:53:53.000000,,0.0,99.93,4,MATCHED,SHIPPING_PENDING
48827,38978,complete,2025-04-14 18:27:40.000000,2025-04-15 00:44:40.000000,125.92,125.92,4,MATCHED,NORMAL
43404,34638,cancelled,2025-04-25 16:05:29.000000,,0.0,251.36,4,MATCHED,SHIPPING_PENDING
48357,38629,returned,2024-08-28 23:04:24.000000,2024-08-29 17:18:24.000000,9.99,9.99,1,MATCHED,NORMAL
78513,62755,returned,2026-05-17 01:13:36.000000,2026-05-18 16:44:36.000000,157.99,157.99,2,MATCHED,NORMAL
56720,45331,cancelled,2022-07-16 04:52:36.000000,,0.0,305.94,4,MATCHED,SHIPPING_PENDING
11610,9225,complete,2026-01-28 10:13:55.000000,2026-01-29 05:47:55.000000,10.79,10.79,1,MATCHED,NORMAL
52721,42068,cancelled,2025-12-12 08:21:02.000000,,0.0,10.99,1,MATCHED,SHIPPING_PENDING
49131,39181,complete,2026-05-29 23:44:44.000000,2026-06-01 14:18:44.000000,175.98,175.98,4,MATCHED,POTENTIAL CUT-OFF RISK
29203,23341,processing,2026-04-16 11:05:41.000000,,0.0,115.19,4,MATCHED,SHIPPING_PENDING
79632,63646,returned,2022-04-01 23:27:42.000000,2022-04-04 20:42:42.000000,224.92,224.92,4,MATCHED,NORMAL
5805,4595,processing,2025-12-22 02:22:42.000000,,0.0,11.25,1,MATCHED,SHIPPING_PENDING
69627,55685,complete,2024-08-08 15:48:29.000000,2024-08-09 11:15:29.000000,23.41,23.41,2,MATCHED,NORMAL
66135,52861,complete,2022-07-17 16:08:03.000000,2022-07-18 06:25:03.000000,11.49,11.49,1,MATCHED,NORMAL
75349,60260,complete,2025-07-18 02:31:39.000000,2025-07-19 22:06:39.000000,56.65,56.65,2,MATCHED,NORMAL
14232,11346,shipped,2020-07-11 15:47:36.000000,2020-07-12 03:11:36.000000,35.33,35.33,2,MATCHED,NORMAL
14963,11936,processing,2026-05-16 12:57:48.000000,,0.0,153.87,4,MATCHED,SHIPPING_PENDING
115114,92173,processing,2025-09-21 22:28:42.000000,,0.0,111.95,2,MATCHED,SHIPPING_PENDING
14943,11920,shipped,2024-01-18 17:31:09.000000,2024-01-20 00:23:09.000000,205.95,205.95,4,MATCHED,NORMAL
56351,45026,shipped,2026-06-14 07:40:10.466472,2026-06-16 07:31:10.466472,11.99,11.99,1,MATCHED,NORMAL
66033,52781,processing,2024-06-28 09:13:54.000000,,0.0,230.99,3,MATCHED,SHIPPING_PENDING
80556,64424,shipped,2025-11-05 19:37:52.000000,2025-11-05 20:52:52.000000,54.0,54.0,2,MATCHED,NORMAL
94087,75429,shipped,2025-08-15 13:53:59.000000,2025-08-15 14:04:59.000000,30.42,30.42,2,MATCHED,NORMAL
34780,27782,processing,2026-01-03 23:06:14.000000,,0.0,71.14,2,MATCHED,SHIPPING_PENDING
90461,72395,shipped,2026-01-08 15:04:51.000000,2026-01-10 16:40:51.000000,12.14,12.14,1,MATCHED,NORMAL
34320,27382,shipped,2025-08-09 03:40:46.000000,2025-08-10 11:54:46.000000,357.22,357.22,2,MATCHED,NORMAL
73078,58455,returned,2025-12-07 15:12:53.000000,2025-12-09 20:21:53.000000,92.24,92.24,3,MATCHED,NORMAL
4522,3575,processing,2024-12-29 18:15:04.000000,,0.0,12.64,1,MATCHED,SHIPPING_PENDING
115337,92332,processing,2020-12-28 00:41:16.000000,,0.0,12.64,1,MATCHED,SHIPPING_PENDING
86829,69517,returned,2023-12-18 03:17:10.000000,2023-12-18 18:20:10.000000,162.61,162.61,3,MATCHED,NORMAL
69615,55671,shipped,2025-08-04 11:17:00.000000,2025-08-06 08:45:00.000000,32.77,32.77,2,MATCHED,NORMAL
77495,61955,cancelled,2024-09-15 19:29:56.000000,,0.0,102.74,3,MATCHED,SHIPPING_PENDING
110743,88692,complete,2025-11-12 03:04:19.000000,2025-11-13 19:14:19.000000,12.99,12.99,1,MATCHED,NORMAL
17291,13754,processing,2025-04-05 05:19:42.000000,,0.0,171.99,2,MATCHED,SHIPPING_PENDING
21260,16999,complete,2019-08-11 11:48:17.000000,2019-08-14 02:25:17.000000,13.31,13.31,1,MATCHED,NORMAL
6719,5354,shipped,2025-08-03 22:45:39.000000,2025-08-05 10:54:39.000000,89.36,89.36,3,MATCHED,NORMAL
5371,4247,cancelled,2024-06-10 06:04:34.000000,,0.0,59.66,2,MATCHED,SHIPPING_PENDING
57681,46101,cancelled,2025-09-02 09:37:19.000000,,0.0,13.71,1,MATCHED,SHIPPING_PENDING
57608,46047,complete,2025-06-25 02:13:38.000000,2025-06-27 14:15:38.000000,13.79,13.79,1,MATCHED,NORMAL
85064,68070,processing,2026-03-28 19:21:51.000000,,0.0,49.79,2,MATCHED,SHIPPING_PENDING
90455,72390,returned,2026-04-24 09:43:12.000000,2026-04-26 17:29:12.000000,78.09,78.09,3,MATCHED,NORMAL
69989,55982,processing,2024-06-14 06:39:36.000000,,0.0,383.25,4,MATCHED,SHIPPING_PENDING
60558,48366,shipped,2024-08-30 15:22:04.000000,2024-09-01 18:35:04.000000,145.9,145.9,4,MATCHED,POTENTIAL CUT-OFF RISK
23828,19039,shipped,2021-09-01 02:40:22.000000,2021-09-03 01:17:22.000000,83.92,83.92,2,MATCHED,NORMAL
45966,36706,cancelled,2026-04-24 03:17:06.000000,,0.0,14.0,1,MATCHED,SHIPPING_PENDING
10018,7988,processing,2021-11-27 11:51:06.000000,,0.0,14.0,1,MATCHED,SHIPPING_PENDING
113731,91048,shipped,2026-05-24 14:29:54.000000,2026-05-25 18:42:54.000000,14.67,14.67,1,MATCHED,NORMAL
114338,91567,complete,2025-07-14 01:06:34.000000,2025-07-14 10:10:34.000000,250.75,250.75,4,MATCHED,NORMAL
43216,34487,processing,2023-01-26 06:02:59.000000,,0.0,14.9,1,MATCHED,SHIPPING_PENDING
52443,41870,processing,2024-06-25 21:43:05.000000,,0.0,121.3,2,MATCHED,SHIPPING_PENDING
33800,26964,complete,2025-03-21 06:42:29.000000,2025-03-22 22:29:29.000000,14.99,14.99,1,MATCHED,NORMAL
48434,38686,complete,2026-02-28 06:50:06.000000,2026-03-02 20:09:06.000000,71.43,71.43,2,MATCHED,POTENTIAL CUT-OFF RISK
69242,55385,complete,2024-02-13 04:41:13.000000,2024-02-15 15:29:13.000000,247.99,247.99,4,MATCHED,NORMAL
15273,12177,processing,2024-08-14 07:56:47.000000,,0.0,174.99,2,MATCHED,SHIPPING_PENDING
23853,19059,shipped,2024-06-19 08:02:06.000000,2024-06-20 00:59:06.000000,96.99,96.99,2,MATCHED,NORMAL
41547,33140,shipped,2026-01-31 13:53:09.000000,2026-02-02 12:32:09.000000,14.99,14.99,1,MATCHED,POTENTIAL CUT-OFF RISK
15362,12252,complete,2026-02-27 03:44:41.000000,2026-03-01 02:57:41.000000,45.2,45.2,2,MATCHED,POTENTIAL CUT-OFF RISK
5272,4171,processing,2025-03-01 16:12:17.000000,,0.0,15.0,1,MATCHED,SHIPPING_PENDING
97648,78280,returned,2022-04-22 20:48:40.000000,2022-04-22 22:25:40.000000,15.0,15.0,1,MATCHED,NORMAL
32984,26313,shipped,2025-03-31 01:41:31.000000,2025-03-31 19:52:31.000000,15.0,15.0,1,MATCHED,NORMAL
42149,33619,shipped,2024-03-24 14:53:16.000000,2024-03-25 11:06:16.000000,15.0,15.0,1,MATCHED,NORMAL
51715,41307,cancelled,2025-12-02 15:48:59.000000,,0.0,15.9,1,MATCHED,SHIPPING_PENDING
23878,19078,processing,2023-01-21 06:42:41.000000,,0.0,15.9,1,MATCHED,SHIPPING_PENDING
68894,55111,cancelled,2026-03-14 16:59:35.000000,,0.0,15.98,1,MATCHED,SHIPPING_PENDING
55412,44264,returned,2021-04-06 07:20:48.000000,2021-04-09 06:13:48.000000,16.0,16.0,1,MATCHED,NORMAL
23464,18730,shipped,2024-05-06 05:23:38.000000,2024-05-07 16:42:38.000000,16.0,16.0,1,MATCHED,NORMAL
43578,34775,processing,2023-11-26 15:35:07.000000,,0.0,16.22,1,MATCHED,SHIPPING_PENDING
38124,30429,complete,2023-04-26 03:47:28.000000,2023-04-27 14:46:28.000000,1005.37,1005.37,4,MATCHED,NORMAL
10750,8571,processing,2026-03-25 05:03:21.000000,,0.0,291.98,2,MATCHED,SHIPPING_PENDING
64392,51449,returned,2023-09-20 12:42:52.000000,2023-09-21 14:14:52.000000,16.99,16.99,1,MATCHED,NORMAL
30596,24426,shipped,2025-01-08 08:48:50.000000,2025-01-10 11:00:50.000000,41.99,41.99,2,MATCHED,NORMAL
57641,46066,complete,2022-11-09 18:06:56.000000,2022-11-10 23:26:56.000000,38.34,38.34,2,MATCHED,NORMAL
82506,66010,shipped,2026-05-18 10:22:21.000000,2026-05-19 10:24:21.000000,17.0,17.0,1,MATCHED,NORMAL
4022,3204,processing,2022-06-06 01:05:48.000000,,0.0,17.05,1,MATCHED,SHIPPING_PENDING
115498,92467,shipped,2024-11-28 00:19:23.000000,2024-11-29 00:51:23.000000,17.24,17.24,1,MATCHED,NORMAL
112045,89725,complete,2024-08-28 15:27:47.000000,2024-08-30 01:29:47.000000,36.98,36.98,2,MATCHED,NORMAL
43270,34530,complete,2026-04-16 05:40:31.000000,2026-04-18 12:18:31.000000,165.98,165.98,4,MATCHED,NORMAL
37544,29974,processing,2025-03-11 13:13:40.000000,,0.0,43.0,2,MATCHED,SHIPPING_PENDING
106551,85400,cancelled,2025-02-10 07:22:30.000000,,0.0,68.95,2,MATCHED,SHIPPING_PENDING
107093,85825,cancelled,2026-06-10 23:24:07.000000,,0.0,177.45,3,MATCHED,SHIPPING_PENDING
52767,42109,processing,2026-03-20 04:12:55.000000,,0.0,76.14,2,MATCHED,SHIPPING_PENDING
47786,38183,cancelled,2024-05-31 08:20:52.000000,,0.0,68.49,2,MATCHED,SHIPPING_PENDING
112303,89921,cancelled,2021-03-02 01:07:39.000000,,0.0,345.99,3,MATCHED,SHIPPING_PENDING
52269,41723,complete,2026-05-24 02:06:09.000000,2026-05-25 01:17:09.000000,210.54,210.54,4,MATCHED,NORMAL
81923,65560,processing,2025-06-21 02:53:59.000000,,0.0,19.5,1,MATCHED,SHIPPING_PENDING
42391,33821,processing,2022-05-31 09:28:26.000000,,0.0,199.4,3,MATCHED,SHIPPING_PENDING
33449,26673,returned,2024-10-02 11:32:07.000000,2024-10-04 19:04:07.000000,196.95,196.95,4,MATCHED,NORMAL
27818,22239,cancelled,2024-05-08 03:46:11.000000,,0.0,175.36,3,MATCHED,SHIPPING_PENDING
71524,57207,cancelled,2025-11-25 23:37:09.000000,,0.0,19.99,1,MATCHED,SHIPPING_PENDING
120041,96089,complete,2025-02-21 00:33:25.000000,2025-02-21 07:16:25.000000,51.98,51.98,2,MATCHED,NORMAL
85259,68214,processing,2022-02-05 17:25:06.000000,,0.0,19.99,1,MATCHED,SHIPPING_PENDING
53213,42483,returned,2025-07-06 14:50:36.000000,2025-07-07 16:36:36.000000,226.96,226.96,4,MATCHED,NORMAL
59775,47746,shipped,2025-07-11 12:24:56.000000,2025-07-11 19:59:56.000000,19.99,19.99,1,MATCHED,NORMAL
106104,85025,shipped,2025-03-20 22:17:43.000000,2025-03-21 05:46:43.000000,19.99,19.99,1,MATCHED,NORMAL
13202,10479,complete,2024-01-10 17:15:45.000000,2024-01-12 10:40:45.000000,20.0,20.0,1,MATCHED,NORMAL
104942,84107,complete,2026-06-08 01:51:01.000000,2026-06-08 11:33:01.000000,69.95,69.95,2,MATCHED,NORMAL
108328,86775,complete,2024-07-23 09:10:29.000000,2024-07-23 13:24:29.000000,206.0,206.0,4,MATCHED,NORMAL
109775,87943,complete,2026-06-16 08:05:12.446769,2026-06-17 19:59:12.446769,20.0,20.0,1,MATCHED,NORMAL
51286,40957,processing,2024-05-31 14:09:15.000000,,0.0,59.5,2,MATCHED,SHIPPING_PENDING
98355,78864,shipped,2026-03-05 22:18:23.000000,2026-03-07 17:09:23.000000,20.0,20.0,1,MATCHED,NORMAL
39290,31385,cancelled,2024-10-31 15:16:02.000000,,0.0,20.99,1,MATCHED,SHIPPING_PENDING
71919,57518,returned,2022-09-20 12:43:45.000000,2022-09-20 19:00:45.000000,169.62,169.62,3,MATCHED,NORMAL
101430,81325,complete,2026-06-02 20:01:01.000000,2026-06-04 16:22:01.000000,61.0,61.0,2,MATCHED,NORMAL
80927,64733,complete,2022-01-23 02:26:25.000000,2022-01-24 21:42:25.000000,106.9,106.9,3,MATCHED,NORMAL
118949,95202,shipped,2025-09-26 07:48:40.000000,2025-09-26 08:33:40.000000,21.9,21.9,1,MATCHED,NORMAL
116027,92892,shipped,2026-01-24 17:18:20.000000,2026-01-25 23:06:20.000000,21.95,21.95,1,MATCHED,NORMAL
38738,30945,complete,2023-05-10 10:58:41.000000,2023-05-13 05:50:41.000000,58.17,58.17,2,MATCHED,NORMAL
122804,98340,complete,2025-07-23 00:20:48.000000,2025-07-25 22:57:48.000000,71.99,71.99,2,MATCHED,NORMAL
5837,4621,returned,2022-03-17 11:20:15.000000,2022-03-19 08:28:15.000000,51.98,51.98,2,MATCHED,NORMAL
24071,19240,returned,2025-04-30 22:30:10.000000,2025-05-03 02:24:10.000000,46.99,46.99,2,MATCHED,POTENTIAL CUT-OFF RISK
101644,81494,shipped,2025-10-09 02:24:27.000000,2025-10-09 19:44:27.000000,159.99,159.99,2,MATCHED,NORMAL
4328,3431,processing,2024-11-11 02:15:22.000000,,0.0,205.94,4,MATCHED,SHIPPING_PENDING
36698,29285,shipped,2024-12-03 20:37:04.000000,2024-12-06 08:15:04.000000,80.0,80.0,2,MATCHED,NORMAL
86630,69365,cancelled,2021-03-21 09:42:54.000000,,0.0,100.5,2,MATCHED,SHIPPING_PENDING
91006,72850,cancelled,2023-07-27 21:09:18.000000,,0.0,204.37,4,MATCHED,SHIPPING_PENDING
36734,29319,shipped,2026-04-27 12:42:48.000000,2026-04-28 17:52:48.000000,262.49,262.49,4,MATCHED,NORMAL
116016,92884,cancelled,2021-01-23 22:28:08.000000,,0.0,23.0,1,MATCHED,SHIPPING_PENDING
43386,34626,complete,2023-11-11 07:51:25.000000,2023-11-11 10:39:25.000000,97.98,97.98,2,MATCHED,NORMAL
96377,77276,cancelled,2025-10-07 13:04:11.000000,,0.0,87.55,2,MATCHED,SHIPPING_PENDING
63199,50498,shipped,2026-05-18 08:55:24.000000,2026-05-18 20:19:24.000000,186.51,186.51,4,MATCHED,NORMAL
53801,42954,complete,2024-08-17 18:52:42.000000,2024-08-18 08:02:42.000000,23.97,23.97,1,MATCHED,NORMAL
5123,4058,shipped,2025-02-26 13:53:51.000000,2025-02-28 04:05:51.000000,157.56,157.56,4,MATCHED,NORMAL
121903,97608,processing,2026-06-16 00:01:55.062214,,0.0,188.99,2,MATCHED,SHIPPING_PENDING
20022,15990,cancelled,2022-03-05 08:04:28.000000,,0.0,24.0,1,MATCHED,SHIPPING_PENDING
113295,90705,cancelled,2026-03-20 02:07:30.000000,,0.0,205.99,4,MATCHED,SHIPPING_PENDING
11373,9041,complete,2021-04-26 19:13:27.000000,2021-04-29 10:46:27.000000,97.99,97.99,3,MATCHED,NORMAL
83302,66658,complete,2022-11-24 12:58:07.000000,2022-11-27 06:14:07.000000,141.99,141.99,3,MATCHED,NORMAL
107083,85814,complete,2026-01-17 06:47:52.000000,2026-01-17 17:52:52.000000,89.0,89.0,2,MATCHED,NORMAL
70434,56327,processing,2025-11-12 11:10:16.000000,,0.0,63.99,2,MATCHED,SHIPPING_PENDING
108898,87232,processing,2021-10-31 00:44:18.000000,,0.0,194.0,3,MATCHED,SHIPPING_PENDING
49290,39325,returned,2025-03-09 13:27:23.000000,2025-03-10 18:52:23.000000,160.0,160.0,2,MATCHED,NORMAL
77357,61831,shipped,2025-06-26 16:14:46.000000,2025-06-27 11:42:46.000000,299.55,299.55,4,MATCHED,NORMAL
37142,29653,cancelled,2026-02-27 17:36:41.000000,,0.0,24.74,1,MATCHED,SHIPPING_PENDING
21814,17404,shipped,2025-07-23 17:19:56.000000,2025-07-25 02:19:56.000000,289.79,289.79,4,MATCHED,NORMAL
107234,85943,shipped,2024-11-11 04:46:27.000000,2024-11-11 18:46:27.000000,24.91,24.91,1,MATCHED,NORMAL
59567,47601,processing,2025-12-07 01:48:45.000000,,0.0,83.45,2,MATCHED,SHIPPING_PENDING
39494,31545,shipped,2026-05-12 23:27:54.000000,2026-05-15 03:17:54.000000,24.95,24.95,1,MATCHED,NORMAL
43451,34675,cancelled,2024-12-23 23:14:25.000000,,0.0,24.99,1,MATCHED,SHIPPING_PENDING
116447,93230,cancelled,2026-04-29 22:31:53.000000,,0.0,209.99,3,MATCHED,SHIPPING_PENDING
113580,90921,complete,2022-11-03 18:53:04.000000,2022-11-04 14:51:04.000000,262.99,262.99,2,MATCHED,NORMAL
100440,80542,processing,2025-06-13 02:51:43.000000,,0.0,24.99,1,MATCHED,SHIPPING_PENDING
47600,38026,returned,2024-10-29 01:10:18.000000,2024-10-29 02:15:18.000000,24.99,24.99,1,MATCHED,NORMAL
69294,55425,shipped,2023-06-13 13:52:13.000000,2023-06-14 21:31:13.000000,24.99,24.99,1,MATCHED,NORMAL
88144,70519,shipped,2025-04-07 02:43:10.000000,2025-04-09 12:44:10.000000,24.99,24.99,1,MATCHED,NORMAL
4146,3290,cancelled,2020-05-01 13:01:31.000000,,0.0,71.0,2,MATCHED,SHIPPING_PENDING
28183,22535,cancelled,2026-03-08 15:20:11.000000,,0.0,175.0,2,MATCHED,SHIPPING_PENDING
73795,59017,cancelled,2026-05-06 10:20:55.000000,,0.0,25.0,1,MATCHED,SHIPPING_PENDING
123614,98990,cancelled,2023-09-09 22:34:01.000000,,0.0,25.0,1,MATCHED,SHIPPING_PENDING
83106,66504,complete,2025-08-30 19:43:01.000000,2025-09-02 16:55:01.000000,25.0,25.0,1,MATCHED,POTENTIAL CUT-OFF RISK
85425,68365,complete,2024-10-21 18:11:54.000000,2024-10-22 08:32:54.000000,25.0,25.0,1,MATCHED,NORMAL
1009,807,processing,2026-03-12 08:33:28.000000,,0.0,25.0,1,MATCHED,SHIPPING_PENDING
7015,5588,processing,2026-06-15 16:52:13.000000,,0.0,25.0,1,MATCHED,SHIPPING_PENDING
31489,25162,processing,2024-08-23 22:17:19.000000,,0.0,25.0,1,MATCHED,SHIPPING_PENDING
37835,30205,processing,2023-12-21 04:26:00.000000,,0.0,192.0,2,MATCHED,SHIPPING_PENDING
121328,97115,processing,2026-04-26 19:29:14.000000,,0.0,108.84,2,MATCHED,SHIPPING_PENDING
123071,98545,processing,2024-11-11 03:25:18.000000,,0.0,25.0,1,MATCHED,SHIPPING_PENDING
5649,4468,returned,2022-05-10 09:57:14.000000,2022-05-10 11:13:14.000000,99.93,99.93,2,MATCHED,NORMAL
22724,18142,returned,2022-12-21 20:36:16.000000,2022-12-24 14:40:16.000000,25.0,25.0,1,MATCHED,NORMAL
54586,43597,returned,2024-08-15 13:08:04.000000,2024-08-16 20:41:04.000000,25.0,25.0,1,MATCHED,NORMAL
117318,93957,returned,2024-01-09 18:05:13.000000,2024-01-10 05:28:13.000000,25.0,25.0,1,MATCHED,NORMAL
26038,20804,shipped,2024-06-08 15:37:22.000000,2024-06-09 20:41:22.000000,294.4,294.4,4,MATCHED,NORMAL
43924,35050,shipped,2023-02-14 07:48:43.000000,2023-02-16 04:09:43.000000,106.38,106.38,2,MATCHED,NORMAL
44882,35794,shipped,2026-01-06 13:25:40.000000,2026-01-07 17:03:40.000000,25.0,25.0,1,MATCHED,NORMAL
52255,41711,shipped,2025-04-19 22:24:33.000000,2025-04-22 20:25:33.000000,66.99,66.99,2,MATCHED,NORMAL
69573,55643,shipped,2025-02-10 15:40:04.000000,2025-02-11 11:38:04.000000,25.0,25.0,1,MATCHED,NORMAL
72435,57911,shipped,2025-11-11 15:19:58.000000,2025-11-12 09:43:58.000000,79.5,79.5,2,MATCHED,NORMAL
121326,97114,shipped,2025-04-04 03:26:32.000000,2025-04-04 16:39:32.000000,190.0,190.0,2,MATCHED,NORMAL
75677,60519,returned,2024-05-31 15:47:07.000000,2024-06-03 03:33:07.000000,144.99,144.99,2,MATCHED,POTENTIAL CUT-OFF RISK
116491,93266,complete,2026-06-16 01:56:20.000000,2026-06-18 07:26:20.000000,26.0,26.0,1,MATCHED,NORMAL
103127,82687,shipped,2025-03-28 15:49:24.000000,2025-03-30 12:26:24.000000,124.0,124.0,2,MATCHED,NORMAL
33560,26776,processing,2025-11-22 07:32:18.000000,,0.0,26.47,1,MATCHED,SHIPPING_PENDING
116482,93260,complete,2023-04-28 14:56:58.000000,2023-04-28 15:40:58.000000,26.9,26.9,1,MATCHED,NORMAL
16928,13478,complete,2026-02-17 17:53:58.000000,2026-02-20 05:32:58.000000,26.95,26.95,1,MATCHED,NORMAL
14345,11430,shipped,2023-01-27 08:55:45.000000,2023-01-29 00:07:45.000000,113.67,113.67,3,MATCHED,NORMAL
60479,48301,processing,2025-08-14 15:23:43.000000,,0.0,90.98,2,MATCHED,SHIPPING_PENDING
117545,94120,processing,2021-07-15 06:23:08.000000,,0.0,76.5,2,MATCHED,SHIPPING_PENDING
23668,18910,shipped,2023-12-23 12:07:44.000000,2023-12-24 19:09:44.000000,27.0,27.0,1,MATCHED,NORMAL
66914,53513,complete,2022-08-14 00:09:42.000000,2022-08-16 16:35:42.000000,27.16,27.16,1,MATCHED,NORMAL
68095,54497,complete,2022-12-21 03:13:59.000000,2022-12-22 19:15:59.000000,27.8,27.8,1,MATCHED,NORMAL
56414,45078,processing,2024-08-05 00:48:08.000000,,0.0,66.93,2,MATCHED,SHIPPING_PENDING
8803,7038,returned,2023-06-04 21:56:02.000000,2023-06-07 11:10:02.000000,27.98,27.98,1,MATCHED,NORMAL
23907,19109,shipped,2024-04-20 18:57:31.000000,2024-04-23 15:38:31.000000,27.98,27.98,1,MATCHED,NORMAL
123749,99097,complete,2022-11-08 17:14:31.000000,2022-11-11 01:42:31.000000,28.0,28.0,1,MATCHED,NORMAL
46020,36753,shipped,2021-06-06 15:57:06.000000,2021-06-08 09:05:06.000000,28.0,28.0,1,MATCHED,NORMAL
3747,2974,complete,2021-10-12 01:05:43.000000,2021-10-15 00:10:43.000000,64.0,64.0,2,MATCHED,NORMAL
92174,73801,complete,2025-12-03 11:41:04.000000,2025-12-05 09:07:04.000000,29.0,29.0,1,MATCHED,NORMAL
22104,17629,shipped,2023-02-14 12:12:08.000000,2023-02-16 05:21:08.000000,71.88,71.88,2,MATCHED,NORMAL
35023,27972,cancelled,2023-07-06 23:00:40.000000,,0.0,177.98,4,MATCHED,SHIPPING_PENDING
102323,82033,cancelled,2026-01-07 04:07:13.000000,,0.0,108.08,3,MATCHED,SHIPPING_PENDING
106043,84982,returned,2019-11-05 12:54:34.000000,2019-11-07 20:34:34.000000,69.49,69.49,2,MATCHED,NORMAL
33528,26743,shipped,2026-02-22 12:18:18.000000,2026-02-25 00:33:18.000000,29.99,29.99,1,MATCHED,NORMAL
98316,78826,processing,2026-02-26 04:37:38.000000,,0.0,30.0,1,MATCHED,SHIPPING_PENDING
19580,15632,complete,2021-01-14 05:34:37.000000,2021-01-15 07:00:37.000000,30.89,30.89,1,MATCHED,NORMAL
41250,32909,returned,2022-12-08 11:19:25.000000,2022-12-09 04:52:25.000000,119.07,119.07,2,MATCHED,NORMAL
6916,5509,cancelled,2025-06-01 09:05:20.000000,,0.0,276.47,4,MATCHED,SHIPPING_PENDING
112140,89800,shipped,2026-06-15 10:53:22.000000,2026-06-16 03:59:22.000000,31.95,31.95,1,MATCHED,NORMAL
115214,92240,shipped,2025-05-13 19:56:20.000000,2025-05-14 21:41:20.000000,31.95,31.95,1,MATCHED,NORMAL
65998,52751,complete,2022-03-01 20:49:37.000000,2022-03-02 16:59:37.000000,31.97,31.97,1,MATCHED,NORMAL
23125,18471,cancelled,2026-05-10 23:54:35.000000,,0.0,32.0,1,MATCHED,SHIPPING_PENDING
59964,47896,complete,2025-02-02 05:15:07.000000,2025-02-03 09:58:07.000000,110.0,110.0,2,MATCHED,NORMAL
14014,11156,processing,2025-11-03 08:05:32.000000,,0.0,313.95,4,MATCHED,SHIPPING_PENDING
38113,30423,shipped,2024-08-18 07:27:03.000000,2024-08-19 13:30:03.000000,32.0,32.0,1,MATCHED,NORMAL
111942,89638,shipped,2026-06-13 21:48:41.800376,2026-06-16 17:29:41.800376,270.99,270.99,4,MATCHED,NORMAL
77299,61791,complete,2021-10-18 11:42:15.000000,2021-10-21 08:26:15.000000,32.5,32.5,1,MATCHED,NORMAL
22239,17740,processing,2023-02-07 19:33:20.000000,,0.0,120.98,2,MATCHED,SHIPPING_PENDING
117396,94018,cancelled,2024-02-06 02:09:16.000000,,0.0,97.98,2,MATCHED,SHIPPING_PENDING
112114,89782,complete,2024-08-31 08:57:34.000000,2024-09-01 11:52:34.000000,297.49,297.49,3,MATCHED,POTENTIAL CUT-OFF RISK
41272,32923,shipped,2025-07-28 05:56:05.000000,2025-07-28 09:36:05.000000,70.98,70.98,2,MATCHED,NORMAL
89116,71314,complete,2026-01-16 10:11:49.000000,2026-01-16 22:46:49.000000,221.99,221.99,3,MATCHED,NORMAL
65685,52459,processing,2025-11-02 19:41:37.000000,,0.0,138.4,2,MATCHED,SHIPPING_PENDING
5412,4283,shipped,2019-08-01 18:44:39.000000,2019-08-03 01:54:39.000000,33.95,33.95,1,MATCHED,NORMAL
105884,84869,processing,2024-12-10 07:05:43.000000,,0.0,68.97,2,MATCHED,SHIPPING_PENDING
44864,35782,complete,2023-10-21 21:04:53.000000,2023-10-24 11:22:53.000000,83.45,83.45,2,MATCHED,NORMAL
69195,55350,complete,2024-07-08 21:16:46.000000,2024-07-10 20:17:46.000000,34.0,34.0,1,MATCHED,NORMAL
76315,61016,complete,2025-10-03 02:33:34.000000,2025-10-05 01:36:34.000000,34.31,34.31,1,MATCHED,NORMAL
107311,85997,shipped,2022-12-11 11:16:05.000000,2022-12-12 18:24:05.000000,192.45,192.45,2,MATCHED,NORMAL
72178,57718,cancelled,2019-11-03 08:55:55.000000,,0.0,243.85,3,MATCHED,SHIPPING_PENDING
109944,88074,shipped,2026-05-30 02:33:04.000000,2026-05-30 04:08:04.000000,73.07,73.07,2,MATCHED,NORMAL
83233,66599,processing,2026-06-13 05:46:45.000000,,0.0,34.99,1,MATCHED,SHIPPING_PENDING
14255,11361,shipped,2023-04-27 09:45:14.000000,2023-04-29 04:53:14.000000,34.99,34.99,1,MATCHED,NORMAL
64084,51204,complete,2025-07-17 09:02:43.000000,2025-07-19 06:26:43.000000,35.0,35.0,1,MATCHED,NORMAL
92802,74344,processing,2025-07-08 18:46:54.000000,,0.0,35.0,1,MATCHED,SHIPPING_PENDING
106010,84953,processing,2025-12-25 06:20:21.000000,,0.0,104.99,2,MATCHED,SHIPPING_PENDING
44832,35760,returned,2026-06-13 00:13:21.000000,2026-06-15 10:59:21.000000,35.0,35.0,1,MATCHED,NORMAL
4455,3521,shipped,2025-10-02 15:13:56.000000,2025-10-04 14:18:56.000000,35.67,35.67,1,MATCHED,NORMAL
124142,99418,complete,2025-05-07 09:07:17.000000,2025-05-08 19:31:17.000000,35.68,35.68,1,MATCHED,NORMAL
82295,65861,shipped,2025-10-27 10:37:45.000000,2025-10-27 17:01:45.000000,35.68,35.68,1,MATCHED,NORMAL
69388,55496,complete,2019-07-26 08:27:57.000000,2019-07-27 19:48:57.000000,248.7,248.7,4,MATCHED,NORMAL
19489,15561,processing,2021-11-15 02:46:44.000000,,0.0,36.0,1,MATCHED,SHIPPING_PENDING
71112,56873,processing,2023-11-25 08:22:05.000000,,0.0,222.0,4,MATCHED,SHIPPING_PENDING
12615,10033,complete,2026-02-11 07:57:34.000000,2026-02-14 05:56:34.000000,36.98,36.98,1,MATCHED,NORMAL
15202,12124,cancelled,2021-11-09 12:17:04.000000,,0.0,77.02,2,MATCHED,SHIPPING_PENDING
44091,35183,cancelled,2026-01-28 17:46:09.000000,,0.0,331.99,3,MATCHED,SHIPPING_PENDING
119291,95471,complete,2025-10-23 23:10:21.000000,2025-10-25 00:09:21.000000,37.99,37.99,1,MATCHED,NORMAL
53899,43044,cancelled,2025-10-21 19:24:38.000000,,0.0,347.95,3,MATCHED,SHIPPING_PENDING
60752,48511,processing,2022-09-09 14:08:24.000000,,0.0,38.0,1,MATCHED,SHIPPING_PENDING
49006,39100,shipped,2024-12-10 19:09:00.000000,2024-12-12 15:15:00.000000,88.9,88.9,2,MATCHED,NORMAL
60475,48300,shipped,2026-06-12 03:17:15.000000,2026-06-13 01:45:15.000000,171.99,171.99,2,MATCHED,NORMAL
29191,23333,processing,2022-12-18 20:25:53.000000,,0.0,39.6,1,MATCHED,SHIPPING_PENDING
34769,27775,shipped,2021-09-06 05:47:56.000000,2021-09-07 07:51:56.000000,39.88,39.88,1,MATCHED,NORMAL
41733,33285,complete,2026-01-06 16:44:30.000000,2026-01-07 19:29:30.000000,39.9,39.9,1,MATCHED,NORMAL
3722,2957,returned,2024-10-12 11:29:57.000000,2024-10-13 19:09:57.000000,39.95,39.95,1,MATCHED,NORMAL
84106,67316,cancelled,2023-07-11 15:02:34.000000,,0.0,39.99,1,MATCHED,SHIPPING_PENDING
115523,92486,cancelled,2020-06-13 06:59:09.000000,,0.0,187.99,2,MATCHED,SHIPPING_PENDING
38016,30344,complete,2025-07-25 09:41:36.000000,2025-07-26 04:19:36.000000,83.99,83.99,2,MATCHED,NORMAL
100423,80533,complete,2026-03-07 17:01:00.000000,2026-03-09 21:18:00.000000,94.98,94.98,2,MATCHED,NORMAL
106189,85101,returned,2025-05-24 23:36:10.000000,2025-05-25 21:57:10.000000,130.98,130.98,3,MATCHED,NORMAL
29264,23388,shipped,2021-08-08 14:36:46.000000,2021-08-09 01:46:46.000000,39.99,39.99,1,MATCHED,NORMAL
42390,33821,shipped,2023-08-10 09:52:09.000000,2023-08-12 11:52:09.000000,39.99,39.99,1,MATCHED,NORMAL
41179,32860,shipped,2024-01-22 16:38:26.000000,2024-01-25 11:18:26.000000,40.28,40.28,1,MATCHED,NORMAL
114864,91983,shipped,2025-04-04 11:41:26.000000,2025-04-04 12:07:26.000000,41.99,41.99,1,MATCHED,NORMAL
92123,73765,shipped,2026-05-15 21:54:57.000000,2026-05-16 18:05:57.000000,42.0,42.0,1,MATCHED,NORMAL
95486,76532,processing,2024-06-21 10:06:44.000000,,0.0,42.99,1,MATCHED,SHIPPING_PENDING
92498,74070,cancelled,2025-07-21 10:23:14.000000,,0.0,346.63,4,MATCHED,SHIPPING_PENDING
38733,30942,shipped,2021-02-10 13:50:02.000000,2021-02-12 09:38:02.000000,43.14,43.14,1,MATCHED,NORMAL
48709,38884,complete,2024-07-26 11:42:24.000000,2024-07-29 04:24:24.000000,193.0,193.0,2,MATCHED,NORMAL
75740,60569,complete,2025-06-29 14:35:07.000000,2025-06-30 07:56:07.000000,196.01,196.01,4,MATCHED,NORMAL
97576,78208,complete,2026-06-14 01:08:32.000000,2026-06-15 02:14:32.000000,44.0,44.0,1,MATCHED,NORMAL
66013,52762,processing,2024-02-06 01:40:42.000000,,0.0,93.99,2,MATCHED,SHIPPING_PENDING
61276,48951,shipped,2020-12-04 15:29:22.000000,2020-12-05 00:58:22.000000,370.82,370.82,4,MATCHED,NORMAL
39560,31592,shipped,2021-06-02 23:51:28.000000,2021-06-03 21:53:28.000000,44.51,44.51,1,MATCHED,NORMAL
30845,24621,complete,2021-04-07 03:02:44.000000,2021-04-09 11:56:44.000000,44.93,44.93,1,MATCHED,NORMAL
44005,35111,processing,2025-11-22 22:22:24.000000,,0.0,178.95,3,MATCHED,SHIPPING_PENDING
19687,15722,cancelled,2025-05-13 20:47:55.000000,,0.0,44.99,1,MATCHED,SHIPPING_PENDING
5951,4719,returned,2026-02-23 02:27:21.000000,2026-02-23 04:51:21.000000,44.99,44.99,1,MATCHED,NORMAL
79947,63902,shipped,2023-05-10 15:07:21.000000,2023-05-10 17:03:21.000000,44.99,44.99,1,MATCHED,NORMAL
35378,28244,complete,2019-06-07 14:15:45.000000,2019-06-08 21:20:45.000000,45.0,45.0,1,MATCHED,NORMAL
106591,85430,complete,2026-05-30 13:53:04.000000,2026-06-01 01:05:04.000000,45.0,45.0,1,MATCHED,POTENTIAL CUT-OFF RISK
32141,25658,shipped,2026-01-05 08:34:54.000000,2026-01-07 02:49:54.000000,45.0,45.0,1,MATCHED,NORMAL
65341,52188,cancelled,2025-12-19 19:45:03.000000,,0.0,45.95,1,MATCHED,SHIPPING_PENDING
110228,88294,cancelled,2026-05-24 06:18:44.000000,,0.0,45.95,1,MATCHED,SHIPPING_PENDING
106046,84984,complete,2025-11-10 08:54:44.000000,2025-11-10 19:32:44.000000,46.5,46.5,1,MATCHED,NORMAL
56674,45282,processing,2022-05-18 04:36:31.000000,,0.0,46.5,1,MATCHED,SHIPPING_PENDING
40546,32369,returned,2022-09-21 01:17:57.000000,2022-09-22 00:36:57.000000,46.5,46.5,1,MATCHED,NORMAL
62660,50065,processing,2025-12-10 04:34:42.000000,,0.0,46.95,1,MATCHED,SHIPPING_PENDING
21503,17185,processing,2023-03-27 03:11:12.000000,,0.0,47.07,1,MATCHED,SHIPPING_PENDING
59128,47255,complete,2022-12-09 04:26:00.000000,2022-12-10 15:33:00.000000,48.0,48.0,1,MATCHED,NORMAL
91725,73438,shipped,2025-08-20 05:04:54.000000,2025-08-20 09:08:54.000000,48.0,48.0,1,MATCHED,NORMAL
20423,16329,shipped,2026-02-17 20:43:04.000000,2026-02-17 21:14:04.000000,48.98,48.98,1,MATCHED,NORMAL
53693,42872,shipped,2025-08-22 01:24:43.000000,2025-08-22 08:45:43.000000,49.5,49.5,1,MATCHED,NORMAL
99287,79606,shipped,2023-01-25 10:37:09.000000,2023-01-26 02:40:09.000000,206.99,206.99,3,MATCHED,NORMAL
12712,10102,shipped,2025-11-20 18:57:36.000000,2025-11-22 14:31:36.000000,227.94,227.94,2,MATCHED,NORMAL
80123,64049,shipped,2024-04-28 13:05:02.000000,2024-04-30 11:05:02.000000,49.95,49.95,1,MATCHED,NORMAL
23826,19037,cancelled,2020-05-21 16:01:13.000000,,0.0,49.99,1,MATCHED,SHIPPING_PENDING
38456,30699,cancelled,2025-11-10 23:08:18.000000,,0.0,49.99,1,MATCHED,SHIPPING_PENDING
111606,89388,cancelled,2025-05-15 09:26:06.000000,,0.0,49.99,1,MATCHED,SHIPPING_PENDING
110912,88826,processing,2022-01-31 20:22:44.000000,,0.0,125.99,2,MATCHED,SHIPPING_PENDING
15414,12293,shipped,2019-12-28 06:37:23.000000,2019-12-29 16:44:23.000000,49.99,49.99,1,MATCHED,NORMAL
102619,82273,shipped,2023-12-31 23:45:21.000000,2024-01-01 08:53:21.000000,49.99,49.99,1,MATCHED,POTENTIAL CUT-OFF RISK
80544,64417,returned,2025-09-12 04:22:50.000000,2025-09-14 09:54:50.000000,50.0,50.0,1,MATCHED,NORMAL
64605,51607,complete,2026-06-16 07:05:01.000000,2026-06-17 20:32:01.000000,50.99,50.99,1,MATCHED,NORMAL
106963,85711,processing,2025-12-17 17:37:28.000000,,0.0,178.51,2,MATCHED,SHIPPING_PENDING
61776,49344,shipped,2026-01-21 18:52:03.000000,2026-01-23 18:53:03.000000,53.97,53.97,1,MATCHED,NORMAL
61393,49048,complete,2025-08-23 12:38:39.000000,2025-08-25 22:44:39.000000,206.0,206.0,2,MATCHED,NORMAL
116109,92963,complete,2024-07-18 12:20:47.000000,2024-07-20 11:37:47.000000,54.0,54.0,1,MATCHED,NORMAL
19482,15554,processing,2022-12-15 02:13:43.000000,,0.0,54.0,1,MATCHED,SHIPPING_PENDING
82968,66382,processing,2021-06-09 05:22:20.000000,,0.0,54.5,1,MATCHED,SHIPPING_PENDING
76245,60966,shipped,2025-02-15 20:47:49.000000,2025-02-16 14:19:49.000000,54.5,54.5,1,MATCHED,NORMAL
7625,6106,complete,2024-08-30 05:50:42.000000,2024-09-01 12:07:42.000000,115.0,115.0,2,MATCHED,POTENTIAL CUT-OFF RISK
114637,91809,complete,2024-11-27 14:41:01.000000,2024-11-30 07:13:01.000000,55.0,55.0,1,MATCHED,NORMAL
34724,27733,processing,2025-12-17 15:13:04.000000,,0.0,119.99,2,MATCHED,SHIPPING_PENDING
105774,84779,processing,2024-04-27 09:30:49.000000,,0.0,55.0,1,MATCHED,SHIPPING_PENDING
50736,40541,returned,2024-03-19 01:37:26.000000,2024-03-20 07:14:26.000000,55.0,55.0,1,MATCHED,NORMAL
21887,17469,shipped,2020-11-18 02:22:16.000000,2020-11-19 03:49:16.000000,55.0,55.0,1,MATCHED,NORMAL
101713,81550,processing,2025-06-03 10:56:38.000000,,0.0,55.5,1,MATCHED,SHIPPING_PENDING
18624,14840,cancelled,2026-03-06 04:55:43.000000,,0.0,57.0,1,MATCHED,SHIPPING_PENDING
108902,87234,shipped,2021-10-20 10:58:11.000000,2021-10-20 12:31:11.000000,335.93,335.93,4,MATCHED,NORMAL
59415,47475,returned,2026-01-03 06:48:27.000000,2026-01-04 22:24:27.000000,57.99,57.99,1,MATCHED,NORMAL
37163,29670,shipped,2025-08-09 21:55:12.000000,2025-08-11 03:26:12.000000,57.99,57.99,1,MATCHED,NORMAL
106694,85507,returned,2025-12-22 07:20:35.000000,2025-12-22 17:19:35.000000,147.95,147.95,2,MATCHED,NORMAL
59772,47743,complete,2023-04-08 04:11:48.000000,2023-04-10 18:28:48.000000,122.5,122.5,2,MATCHED,NORMAL
88371,70699,returned,2024-09-29 14:56:12.000000,2024-10-02 04:33:12.000000,58.99,58.99,1,MATCHED,POTENTIAL CUT-OFF RISK
90606,72505,cancelled,2026-05-30 20:04:34.000000,,0.0,59.0,1,MATCHED,SHIPPING_PENDING
22997,18368,complete,2025-12-24 03:16:24.000000,2025-12-26 19:22:24.000000,59.0,59.0,1,MATCHED,NORMAL
103875,83277,processing,2026-02-21 06:24:41.000000,,0.0,60.0,1,MATCHED,SHIPPING_PENDING
74696,59731,shipped,2023-03-07 09:01:50.000000,2023-03-08 09:36:50.000000,60.99,60.99,1,MATCHED,NORMAL
90078,72079,processing,2021-12-02 14:47:00.000000,,0.0,63.65,1,MATCHED,SHIPPING_PENDING
90752,72632,shipped,2026-01-14 00:26:15.000000,2026-01-15 21:16:15.000000,64.5,64.5,1,MATCHED,NORMAL
42303,33748,processing,2025-09-17 12:00:30.000000,,0.0,64.95,1,MATCHED,SHIPPING_PENDING
65805,52579,processing,2024-08-21 09:13:40.000000,,0.0,162.94,2,MATCHED,SHIPPING_PENDING
4962,3914,complete,2026-03-03 12:49:55.000000,2026-03-05 19:00:55.000000,65.0,65.0,1,MATCHED,NORMAL
10507,8360,processing,2024-11-22 11:47:21.000000,,0.0,66.0,1,MATCHED,SHIPPING_PENDING
53446,42675,shipped,2023-09-01 02:11:29.000000,2023-09-01 17:26:29.000000,68.0,68.0,1,MATCHED,NORMAL
86331,69119,shipped,2025-03-25 16:09:46.000000,2025-03-28 06:59:46.000000,68.0,68.0,1,MATCHED,NORMAL
116991,93678,shipped,2026-04-30 05:54:59.000000,2026-05-01 12:34:59.000000,68.0,68.0,1,MATCHED,POTENTIAL CUT-OFF RISK
92424,73999,cancelled,2025-07-17 16:09:04.000000,,0.0,68.69,1,MATCHED,SHIPPING_PENDING
47611,38033,complete,2025-09-01 04:15:56.000000,2025-09-01 20:53:56.000000,332.62,332.62,4,MATCHED,NORMAL
111180,89047,processing,2026-06-13 08:10:00.260428,,0.0,69.5,1,MATCHED,SHIPPING_PENDING
121684,97419,shipped,2024-05-20 17:29:56.000000,2024-05-22 22:19:56.000000,69.5,69.5,1,MATCHED,NORMAL
38432,30681,cancelled,2021-12-10 03:18:53.000000,,0.0,187.69,2,MATCHED,SHIPPING_PENDING
20833,16649,shipped,2025-12-30 20:20:59.000000,2026-01-02 00:17:59.000000,145.55,145.55,2,MATCHED,POTENTIAL CUT-OFF RISK
13056,10368,returned,2026-02-06 14:17:23.000000,2026-02-06 17:02:23.000000,70.0,70.0,1,MATCHED,NORMAL
101241,81169,shipped,2021-12-11 12:40:25.000000,2021-12-11 22:49:25.000000,461.6,461.6,2,MATCHED,NORMAL
96209,77124,cancelled,2025-05-24 17:33:24.000000,,0.0,70.4,1,MATCHED,SHIPPING_PENDING
115755,92667,complete,2026-04-29 19:40:16.000000,2026-05-02 14:25:16.000000,70.74,70.74,1,MATCHED,POTENTIAL CUT-OFF RISK
22832,18238,shipped,2026-06-04 20:04:40.000000,2026-06-05 00:14:40.000000,70.74,70.74,1,MATCHED,NORMAL
22575,18025,returned,2024-09-06 16:39:17.000000,2024-09-08 11:38:17.000000,72.0,72.0,1,MATCHED,NORMAL
85430,68368,processing,2025-06-01 09:59:18.000000,,0.0,75.0,1,MATCHED,SHIPPING_PENDING
77927,62302,cancelled,2020-01-28 20:08:30.000000,,0.0,157.5,2,MATCHED,SHIPPING_PENDING
64189,51294,processing,2025-10-10 16:21:32.000000,,0.0,157.0,2,MATCHED,SHIPPING_PENDING
103581,83053,processing,2026-06-16 09:15:13.824213,,0.0,78.0,1,MATCHED,SHIPPING_PENDING
44287,35328,processing,2024-11-14 10:52:41.000000,,0.0,79.0,1,MATCHED,SHIPPING_PENDING
27856,22267,shipped,2026-06-02 10:29:44.000000,2026-06-04 16:57:44.000000,79.0,79.0,1,MATCHED,NORMAL
58533,46772,processing,2026-02-27 21:04:39.000000,,0.0,79.5,1,MATCHED,SHIPPING_PENDING
88224,70576,returned,2022-10-19 16:21:06.000000,2022-10-20 07:06:06.000000,79.5,79.5,1,MATCHED,NORMAL
25256,20160,complete,2023-01-22 14:18:16.000000,2023-01-25 13:20:16.000000,189.94,189.94,2,MATCHED,NORMAL
59469,47532,complete,2025-10-26 06:07:39.000000,2025-10-29 00:46:39.000000,80.99,80.99,1,MATCHED,NORMAL
87121,69729,shipped,2023-05-17 23:20:50.000000,2023-05-19 21:23:50.000000,81.38,81.38,1,MATCHED,NORMAL
33393,26628,processing,2025-06-23 15:19:14.000000,,0.0,206.88,2,MATCHED,SHIPPING_PENDING
105557,84616,processing,2024-10-02 15:12:25.000000,,0.0,85.0,1,MATCHED,SHIPPING_PENDING
47619,38038,returned,2025-06-30 22:39:53.000000,2025-07-02 07:24:53.000000,88.0,88.0,1,MATCHED,POTENTIAL CUT-OFF RISK
72169,57709,returned,2025-12-31 12:48:58.000000,2025-12-31 20:46:58.000000,88.0,88.0,1,MATCHED,NORMAL
109092,87405,complete,2026-01-01 17:14:16.000000,2026-01-02 22:50:16.000000,89.0,89.0,1,MATCHED,NORMAL
49452,39460,shipped,2024-09-29 23:28:58.000000,2024-10-01 11:13:58.000000,89.5,89.5,1,MATCHED,POTENTIAL CUT-OFF RISK
84473,67589,processing,2024-01-03 17:11:37.000000,,0.0,90.0,1,MATCHED,SHIPPING_PENDING
68429,54754,processing,2025-09-02 14:32:35.000000,,0.0,90.45,1,MATCHED,SHIPPING_PENDING
6801,5421,complete,2023-11-10 15:50:22.000000,2023-11-12 00:57:22.000000,98.0,98.0,1,MATCHED,NORMAL
75703,60538,processing,2023-09-12 10:20:59.000000,,0.0,98.0,1,MATCHED,SHIPPING_PENDING
93584,74997,returned,2020-01-29 15:56:15.000000,2020-01-30 02:03:15.000000,98.0,98.0,1,MATCHED,NORMAL
60590,48387,shipped,2021-03-09 20:07:34.000000,2021-03-11 03:56:34.000000,98.0,98.0,1,MATCHED,NORMAL
26727,21359,returned,2025-03-23 02:13:20.000000,2025-03-25 08:21:20.000000,98.95,98.95,1,MATCHED,NORMAL
8964,7160,shipped,2022-06-13 18:26:21.000000,2022-06-16 14:37:21.000000,99.0,99.0,1,MATCHED,NORMAL
122117,97759,shipped,2022-08-06 07:21:55.000000,2022-08-06 16:03:55.000000,99.0,99.0,1,MATCHED,NORMAL
66458,53136,shipped,2026-06-16 01:24:06.000000,2026-06-18 05:11:06.000000,99.99,99.99,1,MATCHED,NORMAL
76337,61032,shipped,2026-05-15 22:56:59.000000,2026-05-16 15:16:59.000000,103.13,103.13,1,MATCHED,NORMAL
27763,22200,cancelled,2022-12-05 16:16:35.000000,,0.0,108.5,1,MATCHED,SHIPPING_PENDING
30237,24152,returned,2026-05-14 04:54:55.000000,2026-05-15 01:07:55.000000,117.7,117.7,1,MATCHED,NORMAL
25342,20245,shipped,2026-02-18 09:07:15.000000,2026-02-20 07:47:15.000000,119.0,119.0,1,MATCHED,NORMAL
9820,7829,complete,2020-05-03 18:59:52.000000,2020-05-05 07:25:52.000000,125.0,125.0,1,MATCHED,NORMAL
776,618,processing,2025-08-18 10:35:52.000000,,0.0,127.51,1,MATCHED,SHIPPING_PENDING
1365,1085,complete,2023-10-03 01:14:45.000000,2023-10-04 03:39:45.000000,132.0,132.0,1,MATCHED,NORMAL
75204,60146,processing,2019-10-06 06:02:40.000000,,0.0,132.0,1,MATCHED,SHIPPING_PENDING
84590,67673,complete,2021-11-23 23:00:07.000000,2021-11-24 04:30:07.000000,142.78,142.78,1,MATCHED,NORMAL
41203,32880,shipped,2026-05-11 16:40:48.000000,2026-05-12 09:31:48.000000,148.0,148.0,1,MATCHED,NORMAL
11201,8911,shipped,2026-06-11 07:04:08.070456,2026-06-12 08:37:08.070456,149.0,149.0,1,MATCHED,NORMAL
67781,54242,processing,2024-04-28 21:52:26.000000,,0.0,149.99,1,MATCHED,SHIPPING_PENDING
35952,28679,complete,2025-09-20 08:06:04.000000,2025-09-21 23:45:04.000000,150.0,150.0,1,MATCHED,NORMAL
50740,40544,complete,2024-09-23 19:36:11.000000,2024-09-24 05:02:11.000000,159.95,159.95,1,MATCHED,NORMAL
115655,92585,processing,2026-03-11 11:36:50.000000,,0.0,161.0,1,MATCHED,SHIPPING_PENDING
68612,54901,cancelled,2025-10-15 03:07:13.000000,,0.0,169.0,1,MATCHED,SHIPPING_PENDING
73865,59080,cancelled,2023-11-29 15:17:55.000000,,0.0,169.0,1,MATCHED,SHIPPING_PENDING
42737,34104,processing,2026-04-29 02:16:19.000000,,0.0,178.0,1,MATCHED,SHIPPING_PENDING
49092,39154,processing,2025-09-06 11:18:40.000000,,0.0,178.0,1,MATCHED,SHIPPING_PENDING
9169,7309,returned,2021-06-07 22:26:04.000000,2021-06-09 05:49:04.000000,178.0,178.0,1,MATCHED,NORMAL
59963,47895,complete,2025-02-04 09:59:47.000000,2025-02-06 02:39:47.000000,179.99,179.99,1,MATCHED,NORMAL
118663,94992,shipped,2026-01-23 10:25:18.000000,2026-01-24 08:20:18.000000,199.0,199.0,1,MATCHED,NORMAL
86541,69293,cancelled,2023-11-11 19:50:54.000000,,0.0,220.0,1,MATCHED,SHIPPING_PENDING
23844,19053,complete,2022-06-27 02:50:57.000000,2022-06-28 04:30:57.000000,279.99,279.99,1,MATCHED,NORMAL
86447,69218,processing,2023-11-24 20:44:34.000000,,0.0,286.0,1,MATCHED,SHIPPING_PENDING
36764,29346,cancelled,2023-12-18 12:55:44.000000,,0.0,299.0,1,MATCHED,SHIPPING_PENDING
20657,16511,processing,2025-12-05 00:43:36.000000,,0.0,319.99,1,MATCHED,SHIPPING_PENDING
91714,73431,shipped,2025-11-01 09:01:10.000000,2025-11-04 02:27:10.000000,319.99,319.99,1,MATCHED,NORMAL
-5,47573,complete,2026-06-16 15:34:00.000000,2026-06-17 18:34:00.000000,70.0,70.0,1,MATCHED,NORMAL
-18,86111,complete,2026-06-16 11:28:00.000000,2026-06-18 07:28:00.000000,161.0,161.0,2,MATCHED,NORMAL
-20,21954,complete,2026-06-16 14:52:00.000000,2026-06-18 05:52:00.000000,192.0,192.0,1,MATCHED,NORMAL
-43,45564,"complete,returned",2026-06-16 16:53:00.000000,2026-06-18 03:53:00.000000,273.0,273.0,3,MATCHED,NORMAL
-56,71369,complete,2026-06-16 14:01:00.000000,2026-06-18 08:01:00.000000,251.0,251.0,2,MATCHED,NORMAL
-58,43782,returned,2026-06-16 13:15:00.000000,2026-06-18 03:15:00.000000,63.0,63.0,1,MATCHED,NORMAL
-60,17598,returned,2026-06-16 14:01:00.000000,2026-06-18 02:01:00.000000,105.0,105.0,1,MATCHED,NORMAL
-81,67015,complete,2026-06-16 09:12:00.000000,2026-06-17 11:12:00.000000,341.0,341.0,3,MATCHED,NORMAL
-94,32558,returned,2026-06-16 16:32:00.000000,2026-06-18 06:32:00.000000,249.0,249.0,2,MATCHED,NORMAL
-98,88137,complete,2026-06-16 14:19:00.000000,2026-06-17 16:19:00.000000,165.0,165.0,1,MATCHED,NORMAL
-101,80040,complete,2026-06-16 09:37:00.000000,2026-06-18 06:37:00.000000,120.0,120.0,1,MATCHED,NORMAL
-102,16103,complete,2026-06-16 12:31:00.000000,2026-06-18 06:31:00.000000,88.0,88.0,1,MATCHED,NORMAL
-160,18561,"complete,returned",2026-06-16 15:20:00.000000,2026-06-18 05:20:00.000000,364.0,364.0,3,MATCHED,NORMAL
-162,94811,complete,2026-06-16 15:40:00.000000,2026-06-18 05:40:00.000000,158.0,158.0,2,MATCHED,NORMAL
-165,30714,complete,2026-06-16 09:16:00.000000,2026-06-18 09:16:00.000000,245.0,245.0,2,MATCHED,NORMAL
-169,12564,"complete,returned",2026-06-16 13:54:00.000000,2026-06-17 23:54:00.000000,254.0,254.0,3,MATCHED,NORMAL
-192,59872,returned,2026-06-16 15:51:00.000000,2026-06-18 04:51:00.000000,112.0,112.0,2,MATCHED,NORMAL
-194,18191,complete,2026-06-16 13:44:00.000000,2026-06-18 10:44:00.000000,89.0,89.0,1,MATCHED,NORMAL
-203,14633,complete,2026-06-16 09:14:00.000000,2026-06-18 09:14:00.000000,135.0,135.0,2,MATCHED,NORMAL
-233,22387,"complete,returned",2026-06-16 16:58:00.000000,2026-06-17 17:58:00.000000,125.0,125.0,2,MATCHED,NORMAL
-263,43118,"complete,returned",2026-06-16 14:02:00.000000,2026-06-18 06:02:00.000000,432.0,432.0,3,MATCHED,NORMAL
-270,87232,"complete,shipped",2026-06-16 12:15:00.000000,2026-06-18 08:15:00.000000,386.0,386.0,3,MATCHED,NORMAL
-417,49938,shipped,2026-06-18 09:44:00.000000,2026-06-19 13:44:00.000000,148.0,148.0,1,MATCHED,NORMAL
-489,47573,complete,2026-06-18 15:00:00.000000,2026-06-20 04:00:00.000000,315.0,315.0,3,MATCHED,NORMAL
-330,11398,"complete,returned",2026-06-17 10:52:00.000000,2026-06-19 06:52:00.000000,128.0,128.0,2,MATCHED,NORMAL
-491,93057,complete,2026-06-18 12:27:00.000000,2026-06-20 10:27:00.000000,221.0,221.0,2,MATCHED,NORMAL
-430,41358,complete,2026-06-18 16:32:00.000000,2026-06-20 00:32:00.000000,251.0,251.0,3,MATCHED,NORMAL
-335,98785,returned,2026-06-17 12:23:00.000000,2026-06-19 12:23:00.000000,115.0,115.0,2,MATCHED,NORMAL
-317,51224,"complete,returned",2026-06-17 17:53:00.000000,2026-06-19 04:53:00.000000,379.0,379.0,3,MATCHED,NORMAL
-421,10794,complete,2026-06-18 13:07:00.000000,2026-06-19 16:07:00.000000,422.0,422.0,3,MATCHED,NORMAL
-496,24523,complete,2026-06-18 10:27:00.000000,2026-06-19 18:27:00.000000,46.0,46.0,1,MATCHED,NORMAL
-363,94561,"complete,returned",2026-06-17 09:04:00.000000,2026-06-19 05:04:00.000000,169.0,169.0,2,MATCHED,NORMAL
-485,61507,complete,2026-06-18 11:34:00.000000,2026-06-20 08:34:00.000000,215.0,215.0,2,MATCHED,NORMAL
-474,13684,complete,2026-06-18 09:02:00.000000,2026-06-19 17:02:00.000000,395.0,395.0,3,MATCHED,NORMAL
-320,52687,"complete,returned",2026-06-17 16:44:00.000000,2026-06-19 11:44:00.000000,297.0,297.0,2,MATCHED,NORMAL
-481,51707,complete,2026-06-18 14:07:00.000000,2026-06-20 02:07:00.000000,200.0,200.0,1,MATCHED,NORMAL
-411,45185,"complete,returned",2026-06-18 14:19:00.000000,2026-06-20 02:19:00.000000,222.0,222.0,2,MATCHED,NORMAL
-445,43470,complete,2026-06-18 10:03:00.000000,2026-06-19 13:03:00.000000,392.0,392.0,3,MATCHED,NORMAL
-468,22832,complete,2026-06-18 15:20:00.000000,2026-06-19 19:20:00.000000,345.0,345.0,2,MATCHED,NORMAL
-394,84533,returned,2026-06-17 12:17:00.000000,2026-06-18 15:17:00.000000,104.0,104.0,1,MATCHED,NORMAL
-478,51183,complete,2026-06-18 16:54:00.000000,2026-06-20 02:54:00.000000,252.0,252.0,3,MATCHED,NORMAL
-467,43835,complete,2026-06-18 11:49:00.000000,2026-06-20 03:49:00.000000,213.0,213.0,2,MATCHED,NORMAL
-425,87418,complete,2026-06-18 10:50:00.000000,2026-06-19 13:50:00.000000,167.0,167.0,2,MATCHED,NORMAL
-492,77086,returned,2026-06-18 16:43:00.000000,2026-06-20 14:43:00.000000,321.0,321.0,3,MATCHED,NORMAL
-356,56339,"complete,returned",2026-06-17 17:00:00.000000,2026-06-18 18:00:00.000000,129.0,129.0,2,MATCHED,NORMAL
-470,97333,complete,2026-06-18 17:37:00.000000,2026-06-19 17:37:00.000000,214.0,214.0,2,MATCHED,NORMAL
-443,3055,returned,2026-06-18 16:22:00.000000,2026-06-20 06:22:00.000000,321.0,321.0,3,MATCHED,NORMAL
-437,72232,complete,2026-06-18 10:07:00.000000,2026-06-20 05:07:00.000000,400.0,400.0,3,MATCHED,NORMAL
-484,91211,shipped,2026-06-18 14:29:00.000000,2026-06-20 07:29:00.000000,137.0,137.0,2,MATCHED,NORMAL
-428,773,complete,2026-06-18 17:27:00.000000,2026-06-20 11:27:00.000000,184.0,184.0,1,MATCHED,NORMAL
-456,83154,"complete,shipped",2026-06-18 16:40:00.000000,2026-06-19 23:40:00.000000,229.0,229.0,3,MATCHED,NORMAL
-451,83204,complete,2026-06-18 15:57:00.000000,2026-06-19 23:57:00.000000,393.0,393.0,3,MATCHED,NORMAL
-475,97510,"complete,returned",2026-06-18 11:35:00.000000,2026-06-20 03:35:00.000000,354.0,354.0,2,MATCHED,NORMAL
-473,30637,complete,2026-06-18 10:56:00.000000,2026-06-20 03:56:00.000000,380.0,380.0,3,MATCHED,NORMAL
-432,89013,returned,2026-06-18 09:55:00.000000,2026-06-19 21:55:00.000000,94.0,94.0,2,MATCHED,NORMAL
-341,87999,"complete,returned",2026-06-17 13:36:00.000000,2026-06-18 13:36:00.000000,119.0,119.0,2,MATCHED,NORMAL
-434,83244,shipped,2026-06-18 12:48:00.000000,2026-06-19 12:48:00.000000,156.0,156.0,1,MATCHED,NORMAL
-392,6579,"complete,returned",2026-06-17 13:33:00.000000,2026-06-19 07:33:00.000000,394.0,394.0,3,MATCHED,NORMAL
-469,75902,complete,2026-06-18 11:41:00.000000,2026-06-19 15:41:00.000000,173.0,173.0,3,MATCHED,NORMAL
-458,80533,complete,2026-06-18 10:09:00.000000,2026-06-19 15:09:00.000000,433.0,433.0,3,MATCHED,NORMAL
-459,89268,returned,2026-06-18 16:56:00.000000,2026-06-20 10:56:00.000000,189.0,189.0,1,MATCHED,NORMAL
-342,51435,"complete,returned",2026-06-17 09:58:00.000000,2026-06-18 13:58:00.000000,312.0,312.0,2,MATCHED,NORMAL
-488,40900,"complete,shipped",2026-06-18 09:05:00.000000,2026-06-20 05:05:00.000000,339.0,339.0,3,MATCHED,NORMAL
-413,85926,returned,2026-06-18 09:03:00.000000,2026-06-19 19:03:00.000000,74.0,74.0,2,MATCHED,NORMAL
-418,31966,"complete,returned",2026-06-18 10:09:00.000000,2026-06-20 05:09:00.000000,338.0,338.0,2,MATCHED,NORMAL
-439,70890,complete,2026-06-18 13:35:00.000000,2026-06-20 02:35:00.000000,25.0,25.0,1,MATCHED,NORMAL
-403,93584,returned,2026-06-18 17:10:00.000000,2026-06-19 18:10:00.000000,144.0,144.0,1,MATCHED,NORMAL
-490,35825,complete,2026-06-18 17:39:00.000000,2026-06-19 22:39:00.000000,482.0,482.0,3,MATCHED,NORMAL
-431,91404,complete,2026-06-18 09:17:00.000000,2026-06-19 14:17:00.000000,74.0,74.0,1,MATCHED,NORMAL
-472,70061,complete,2026-06-18 12:52:00.000000,2026-06-20 00:52:00.000000,307.0,307.0,3,MATCHED,NORMAL
-447,10603,"complete,returned",2026-06-18 17:57:00.000000,2026-06-20 01:57:00.000000,173.0,173.0,2,MATCHED,NORMAL
-480,5361,"complete,shipped",2026-06-18 15:31:00.000000,2026-06-19 15:31:00.000000,377.0,377.0,3,MATCHED,NORMAL
-449,76307,complete,2026-06-18 16:44:00.000000,2026-06-19 19:44:00.000000,56.0,56.0,1,MATCHED,NORMAL
-477,69729,complete,2026-06-18 14:25:00.000000,2026-06-20 10:25:00.000000,170.0,170.0,2,MATCHED,NORMAL
-460,71808,"complete,shipped",2026-06-18 11:41:00.000000,2026-06-19 18:41:00.000000,273.0,273.0,2,MATCHED,NORMAL
-500,14260,"complete,returned",2026-06-18 12:25:00.000000,2026-06-19 13:25:00.000000,270.0,270.0,2,MATCHED,NORMAL
-438,92585,"complete,returned",2026-06-18 17:30:00.000000,2026-06-20 15:30:00.000000,243.0,243.0,2,MATCHED,NORMAL
-419,70357,"complete,returned",2026-06-18 13:22:00.000000,2026-06-20 11:22:00.000000,272.0,272.0,2,MATCHED,NORMAL
-466,46029,complete,2026-06-18 16:40:00.000000,2026-06-19 16:40:00.000000,121.0,121.0,1,MATCHED,NORMAL
-482,13281,complete,2026-06-18 09:28:00.000000,2026-06-20 09:28:00.000000,229.0,229.0,2,MATCHED,NORMAL
-409,22387,returned,2026-06-18 17:00:00.000000,2026-06-20 06:00:00.000000,96.0,96.0,1,MATCHED,NORMAL
-397,52474,"complete,returned",2026-06-17 11:02:00.000000,2026-06-19 00:02:00.000000,437.0,437.0,3,MATCHED,NORMAL
-333,74112,"complete,returned",2026-06-17 13:51:00.000000,2026-06-18 17:51:00.000000,282.0,282.0,2,MATCHED,NORMAL
-389,19060,returned,2026-06-17 14:35:00.000000,2026-06-18 16:35:00.000000,194.0,194.0,1,MATCHED,NORMAL
-429,586,complete,2026-06-18 13:58:00.000000,2026-06-20 00:58:00.000000,177.0,177.0,2,MATCHED,NORMAL
-463,97608,"complete,returned",2026-06-18 13:39:00.000000,2026-06-19 16:39:00.000000,346.0,346.0,3,MATCHED,NORMAL
-486,87293,"complete,shipped",2026-06-18 12:06:00.000000,2026-06-20 09:06:00.000000,129.0,129.0,2,MATCHED,NORMAL
-415,4561,"complete,shipped",2026-06-18 12:57:00.000000,2026-06-20 04:57:00.000000,167.0,167.0,3,MATCHED,NORMAL
-453,92876,"complete,shipped",2026-06-18 10:45:00.000000,2026-06-20 08:45:00.000000,204.0,204.0,2,MATCHED,NORMAL
-412,388,complete,2026-06-18 09:47:00.000000,2026-06-19 23:47:00.000000,267.0,267.0,2,MATCHED,NORMAL
-457,11550,complete,2026-06-18 16:46:00.000000,2026-06-19 18:46:00.000000,164.0,164.0,1,MATCHED,NORMAL
-464,13197,complete,2026-06-18 10:04:00.000000,2026-06-19 11:04:00.000000,392.0,392.0,3,MATCHED,NORMAL
-440,8960,complete,2026-06-18 10:40:00.000000,2026-06-20 04:40:00.000000,327.0,327.0,3,MATCHED,NORMAL
-495,30965,"complete,returned",2026-06-18 15:21:00.000000,2026-06-20 09:21:00.000000,241.0,241.0,2,MATCHED,NORMAL
-406,53274,complete,2026-06-18 16:46:00.000000,2026-06-20 09:46:00.000000,295.0,295.0,3,MATCHED,NORMAL
-423,11437,complete,2026-06-18 15:49:00.000000,2026-06-20 01:49:00.000000,69.0,69.0,1,MATCHED,NORMAL
-427,84207,"complete,returned",2026-06-18 14:03:00.000000,2026-06-20 00:03:00.000000,343.0,343.0,2,MATCHED,NORMAL
-426,85428,complete,2026-06-18 16:10:00.000000,2026-06-19 22:10:00.000000,240.0,240.0,2,MATCHED,NORMAL
-441,80432,complete,2026-06-18 11:30:00.000000,2026-06-20 08:30:00.000000,109.0,109.0,1,MATCHED,NORMAL
-444,65366,complete,2026-06-18 15:12:00.000000,2026-06-20 02:12:00.000000,256.0,256.0,3,MATCHED,NORMAL
-471,50954,"complete,returned",2026-06-18 16:54:00.000000,2026-06-19 16:54:00.000000,328.0,328.0,2,MATCHED,NORMAL
-420,17958,complete,2026-06-18 12:01:00.000000,2026-06-20 05:01:00.000000,195.0,195.0,3,MATCHED,NORMAL
-493,29921,complete,2026-06-18 16:41:00.000000,2026-06-19 23:41:00.000000,383.0,383.0,3,MATCHED,NORMAL
-378,51747,"complete,returned",2026-06-17 17:28:00.000000,2026-06-19 10:28:00.000000,307.0,307.0,2,MATCHED,NORMAL
-494,51014,complete,2026-06-18 14:21:00.000000,2026-06-19 18:21:00.000000,279.0,279.0,2,MATCHED,NORMAL
-483,39181,complete,2026-06-18 11:00:00.000000,2026-06-20 07:00:00.000000,34.0,34.0,1,MATCHED,NORMAL
-461,54538,returned,2026-06-18 12:28:00.000000,2026-06-19 19:28:00.000000,160.0,160.0,2,MATCHED,NORMAL
-303,29908,returned,2026-06-17 12:01:00.000000,2026-06-19 01:01:00.000000,67.0,67.0,1,MATCHED,NORMAL
-404,35800,complete,2026-06-18 11:18:00.000000,2026-06-19 20:18:00.000000,178.0,178.0,2,MATCHED,NORMAL
-346,13201,"complete,returned",2026-06-17 09:32:00.000000,2026-06-18 12:32:00.000000,161.0,161.0,2,MATCHED,NORMAL
-416,23455,"complete,returned",2026-06-18 15:54:00.000000,2026-06-20 11:54:00.000000,369.0,369.0,3,MATCHED,NORMAL
-388,56087,"complete,returned",2026-06-17 15:56:00.000000,2026-06-19 01:56:00.000000,431.0,431.0,3,MATCHED,NORMAL
-365,9161,"complete,returned",2026-06-17 16:25:00.000000,2026-06-19 07:25:00.000000,294.0,294.0,2,MATCHED,NORMAL
-407,46746,complete,2026-06-18 16:07:00.000000,2026-06-20 00:07:00.000000,38.0,38.0,1,MATCHED,NORMAL
-452,51612,"complete,shipped",2026-06-18 11:31:00.000000,2026-06-19 18:31:00.000000,486.0,486.0,3,MATCHED,NORMAL
-497,5875,"complete,returned",2026-06-18 15:02:00.000000,2026-06-20 14:02:00.000000,169.0,169.0,2,MATCHED,NORMAL
-339,96367,"complete,returned",2026-06-17 09:08:00.000000,2026-06-18 13:08:00.000000,96.0,96.0,2,MATCHED,NORMAL
-462,8478,"complete,returned",2026-06-18 15:34:00.000000,2026-06-20 05:34:00.000000,314.0,314.0,3,MATCHED,NORMAL
-402,13169,complete,2026-06-18 09:42:00.000000,2026-06-19 12:42:00.000000,37.0,37.0,1,MATCHED,NORMAL
-465,3388,complete,2026-06-18 17:44:00.000000,2026-06-19 19:44:00.000000,216.0,216.0,2,MATCHED,NORMAL
-435,92825,complete,2026-06-18 15:14:00.000000,2026-06-20 13:14:00.000000,158.0,158.0,2,MATCHED,NORMAL
-442,78807,"complete,returned",2026-06-18 14:05:00.000000,2026-06-19 18:05:00.000000,161.0,161.0,2,MATCHED,NORMAL
-450,46232,complete,2026-06-18 15:36:00.000000,2026-06-20 01:36:00.000000,419.0,419.0,3,MATCHED,NORMAL
-455,4522,returned,2026-06-18 17:47:00.000000,2026-06-20 15:47:00.000000,98.0,98.0,1,MATCHED,NORMAL
-401,31138,complete,2026-06-18 17:31:00.000000,2026-06-19 20:31:00.000000,289.0,289.0,2,MATCHED,NORMAL
-414,40024,shipped,2026-06-18 13:56:00.000000,2026-06-20 12:56:00.000000,111.0,111.0,1,MATCHED,NORMAL
-311,21222,"complete,returned",2026-06-17 14:45:00.000000,2026-06-18 15:45:00.000000,274.0,274.0,3,MATCHED,NORMAL
-328,63488,returned,2026-06-17 10:04:00.000000,2026-06-18 11:04:00.000000,144.0,144.0,1,MATCHED,NORMAL
-476,82872,"complete,shipped",2026-06-18 09:55:00.000000,2026-06-20 04:55:00.000000,137.0,137.0,2,MATCHED,NORMAL
-408,98198,complete,2026-06-18 12:25:00.000000,2026-06-19 18:25:00.000000,444.0,444.0,3,MATCHED,NORMAL
-479,84947,returned,2026-06-18 13:04:00.000000,2026-06-19 14:04:00.000000,129.0,129.0,2,MATCHED,NORMAL
-422,18561,"complete,returned",2026-06-18 11:35:00.000000,2026-06-19 11:35:00.000000,260.0,260.0,3,MATCHED,NORMAL
-498,25459,returned,2026-06-18 09:22:00.000000,2026-06-19 18:22:00.000000,273.0,273.0,2,MATCHED,NORMAL
-405,37626,shipped,2026-06-18 11:02:00.000000,2026-06-20 07:02:00.000000,33.0,33.0,1,MATCHED,NORMAL
-454,97114,"complete,returned",2026-06-18 16:16:00.000000,2026-06-20 13:16:00.000000,223.0,223.0,2,MATCHED,NORMAL
-374,53287,returned,2026-06-17 11:40:00.000000,2026-06-18 14:40:00.000000,476.0,476.0,3,MATCHED,NORMAL
-433,44235,complete,2026-06-18 14:59:00.000000,2026-06-19 16:59:00.000000,152.0,152.0,1,MATCHED,NORMAL
-410,39938,complete,2026-06-18 17:18:00.000000,2026-06-20 17:18:00.000000,156.0,156.0,1,MATCHED,NORMAL
-499,75025,complete,2026-06-18 16:35:00.000000,2026-06-20 01:35:00.000000,191.0,191.0,1,MATCHED,NORMAL
-424,63237,"complete,returned",2026-06-18 15:30:00.000000,2026-06-19 17:30:00.000000,181.0,181.0,3,MATCHED,NORMAL
-436,78497,complete,2026-06-18 09:03:00.000000,2026-06-20 03:03:00.000000,39.0,39.0,1,MATCHED,NORMAL
-446,63290,"complete,returned",2026-06-18 15:35:00.000000,2026-06-20 04:35:00.000000,210.0,210.0,3,MATCHED,NORMAL
-487,84071,"complete,shipped",2026-06-18 10:03:00.000000,2026-06-19 16:03:00.000000,221.0,221.0,2,MATCHED,NORMAL
-448,32438,"complete,shipped",2026-06-18 14:52:00.000000,2026-06-19 16:52:00.000000,141.0,141.0,2,MATCHED,NORMAL
-324,44960,returned,2026-06-17 14:20:00.000000,2026-06-19 10:20:00.000000,167.0,167.0,1,MATCHED,NORMAL
